0,1,2,3
0.5002240356492303,0.5002240356492303,0.5002240356492303,0.5002240356492303
0.5000979381393185,0.5004695091817473,0.5000845938533575,0.5000516535442049
0.4999763352184373,0.5007270359508614,0.4999658392350267,0.49989271863697815
0.4998428850850948,0.5009953556176592,0.4998658790217443,0.4997472173708763
0.4996702124608018,0.5012733748866117,0.49978188821146086,0.4995880990677774
0.4995006223749467,0.5015600615496933,0.49971091228220815,0.4994197665880376
0.4993340954609505,0.5018545207470757,0.4996463043773226,0.4992694925238399
0.4991704283380189,0.5021559380878627,0.4995769966624119,0.4991376618130319
0.49900889045821084,0.5024635289715702,0.49951578496911675,0.4990219165514717
0.4988494198135187,0.5027764257661106,0.4994617139720134,0.4989192993989806
0.4986921154547816,0.5030704082772803,0.4994139077095819,0.4988276852621796
0.49853721927296024,0.5033650028602112,0.49937188508681346,0.49874528458701095
0.49838521073480513,0.5036636253898019,0.49933539702198787,0.498670869555887
0.4982272202617203,0.5039660621768148,0.4993040938205975,0.49860363476622355
0.49805604746156634,0.5042722142523292,0.4992777168076972,0.49854296667647574
0.49788761506172996,0.5045816156553403,0.4992561379488086,0.4984883031690497
0.4977136199776367,0.5048935687743432,0.4992392549261897,0.4984395940051201
0.49752032473094765,0.505204056279961,0.49922697168317554,0.498382634300637
0.49731663159654693,0.5054816410602112,0.49920972857675205,0.4982891957460771
0.49711964427242705,0.5057606374339767,0.49917801400547773,0.4982014127395733
0.49692939316959917,0.5060007032936551,0.49912916567202614,0.49809107834010874
0.49674590295107346,0.5062164528162999,0.49907774890161927,0.49794444794601156
0.4965691925308972,0.5064328382261944,0.49903122908107633,0.4978040108978105
0.49639926325280065,0.5066252962578429,0.4989895745863658,0.4976626254932001
0.4962360314826013,0.5068165242104377,0.49895275818030593,0.49752313133237924
0.496073209110677,0.5069890989095093,0.4989207574612802,0.49738920882734006
0.49590495848899097,0.5071608620079187,0.4988935658876688,0.49726001911304885
0.49574350270168116,0.507330635252196,0.49887122007914086,0.4971228625769096
0.49558879980316106,0.5075004233778109,0.498853668780157,0.4969665318801077
0.4954397367917185,0.5076704696301103,0.49884077838160823,0.49681412525228374
0.4952570941351043,0.5078407526489799,0.498832600867117,0.49666548507695635
0.4950804796942766,0.5080113118996288,0.49882914315312354,0.4965204558882504
0.494909975106427,0.5081640671297002,0.4988304150554869,0.49637888519628404
0.4947457174639825,0.5083090929903749,0.4988364286581377,0.4962406242505144
0.4945880287414862,0.508454016336128,0.4988474753334649,0.4961055287277065
0.4944132106418388,0.5085988679416065,0.4988588075549697,0.49597352498855085
0.4942152318299557,0.5087400795089697,0.49886407337605976,0.49582239305667386
0.49401699354939654,0.5088580409150077,0.49887497212736753,0.49566314284585317
0.49382480438768156,0.5089648234813746,0.49889153399967656,0.49550704608388
0.4936385996306896,0.5090346102592036,0.49891375440561647,0.4953539843008492
0.49344033797039416,0.5090837099278324,0.49894160647849334,0.49519948765503913
0.4932371807142919,0.509099737823438,0.4989750832384803,0.4950343175251497
0.49303982229235815,0.509114558462785,0.49901419057070945,0.4948711038879925
0.4928482459317337,0.5091281483936961,0.499046162044052,0.4947098242839234
0.49262921538804333,0.5091404855495117,0.4990765925071854,0.49455011168666957
0.4923780802631084,0.5091515772571357,0.49909703182595544,0.49439185333108904
0.49212787138430486,0.5091616926099638,0.49911296573426595,0.4941947495242151
0.4918841594392569,0.5091560231277217,0.49913424258754097,0.4939982242932635
0.4916466918037495,0.5091272357874099,0.49914185958725277,0.4938041618261223
0.49141507454552075,0.5090968740303652,0.49914264261171326,0.4936006941342451
0.4911892733616072,0.5090649407371559,0.49914900726425443,0.49339995816782
0.4909577292655576,0.5090313626884199,0.4991493146453317,0.49318936424566595
0.4907248142816217,0.5089947519168642,0.4991217266098078,0.4929526733386581
0.49048605841219306,0.5089558851525121,0.49909344442357323,0.49271967745052186
0.49025307243042243,0.508915362601222,0.499032037480254,0.49249038898012787
0.49000120232658334,0.5088717320235099,0.4989447600309525,0.4922646319253872
0.48974943439198704,0.5088242788671754,0.49885130574447983,0.4920423825036515
0.4895030934015194,0.508775077036554,0.49876413131680714,0.4918237098338774
0.48926242872093917,0.5087242446790481,0.4986820664636232,0.49160874426547807
0.4890274292380552,0.5086726953787313,0.4986048481266099,0.4913976698718286
0.48879812776666137,0.5086206142146013,0.4985324099750806,0.49119057211406414
0.4885747968294661,0.5085679778112961,0.4984646383205278,0.490982678876389
0.4883543771812139,0.5085144991394479,0.4984014381941255,0.4907653261905637
0.48813355819689086,0.5084601880763455,0.49834279452291547,0.4905532368384886
0.48791803407723594,0.508383835551664,0.4982821177330517,0.4903468623852236
0.48770746135851284,0.5082946936070638,0.49821710230428884,0.4901464460339268
0.4875015773814236,0.5082058179676074,0.49815570697041733,0.4899522292124605
0.48728124881391566,0.5080868038536148,0.49809776911258113,0.48976448596668987
0.4870565516658249,0.5079675229021027,0.4979974742761186,0.4895833361502925
0.4868366461526162,0.5078488030730136,0.4978892398468857,0.4894086861218064
0.486621647299056,0.5077306716378858,0.4977843494172274,0.4892155271916526
0.4864116489282429,0.507613111639855,0.49768276872075157,0.4889883395825558
0.4861988600198918,0.5074961643540655,0.4975841901297337,0.48876901174055176
0.4859857856702762,0.5073799766760232,0.4974884965608342,0.48854730912562316
0.4857773067767758,0.5072645754648497,0.49739561351295747,0.4883220381163872
0.4855513947483328,0.5071397007293741,0.4972975218516509,0.4881057501650986
0.4853125491492959,0.5069870151190549,0.49717876116400966,0.48789852548323154
0.48507883391901535,0.5068338168780174,0.4970621234167386,0.48770035052325994
0.4848508770006594,0.5066760353500084,0.4969475711471599,0.4874602894792226
0.4846287343930716,0.5065190961638071,0.496835089547301,0.48722577730953304
0.48439605637981964,0.5063630131502758,0.4967255799646055,0.4869997143577354
0.48415878325171385,0.5061965708976996,0.49661933114919443,0.48675612801641527
0.48389239085603747,0.5059676442890982,0.4964959854962961,0.4865082944835663
0.48363181204888955,0.5057350797010491,0.4963563338158379,0.48624936926655815
0.48337859419238427,0.505504049353645,0.49622084448731324,0.4859741575480253
0.48313281582997897,0.5052746979218121,0.496089419848123,0.4857036504209834
0.4828942663283772,0.5050034264517607,0.4959620164854613,0.4854371285172779
0.48266294757009,0.5046698279996698,0.49583843372693914,0.48515303986941355
0.48243886039865197,0.5043385299081345,0.49571814917421814,0.48487281951378336
0.4822214746822386,0.5040095624380786,0.4956009843022144,0.48459661288554995
0.4820104408104612,0.5036829240131786,0.4954868237841695,0.48432425470141266
0.48180562283771505,0.5033302361845469,0.49537534531560484,0.4840555460005395
0.4816070519415149,0.5029561238724766,0.495266365547454,0.48379017288707277
0.4814054414553865,0.5025844904889926,0.4951597626984614,0.4835279469097054
0.4811885652137418,0.5022153462603342,0.4950174052438053,0.4832687213256219
0.4809782283049458,0.5018484240791231,0.49484912788519997,0.4830122977963377
0.4807740271394212,0.5014634021652099,0.4946831961946018,0.4827583381390459
0.48057599295861997,0.5010658246804475,0.494519536699668,0.48250480059388506
0.48038414661503537,0.5006597839815514,0.49435855013673946,0.48223348343393824
0.4801984907755367,0.5002549803722826,0.4941888192371095,0.48196410332308504
0.4800190012126491,0.49984798876114234,0.4940031793799624,0.4816962199089014
0.4798453628501175,0.4994446631936982,0.49382090764374065,0.48142913139475924
0.4796775565136435,0.49904507333031,0.49364186011121747,0.4811517728610577
0.4795156370835155,0.4986493032815701,0.493462544505964,0.48087637881924894
0.479359554039352,0.4982539786044682,0.4932673122965703,0.4805920211363795
0.47920893450254554,0.4978339328651208,0.4930342426918579,0.48029791839476216
0.4790419886969549,0.49741791714156164,0.49280388854933643,0.4799998940453259
0.47886873752180004,0.4970016444516823,0.4925483286678294,0.479686020120251
0.47870179330894946,0.4965818291491628,0.49229104822830894,0.4793748351348557
0.47854116838024574,0.4961627980537341,0.49203604971721004,0.4790594817274906
0.47838644031585126,0.49570396434818953,0.4917832150685992,0.4787402380853291
0.47823733504560834,0.4952512921354398,0.4915324647227368,0.4784222266677092
0.47809377375915707,0.4948043286363308,0.49128375631664534,0.47810548278574866
0.4779556647751951,0.49431918053429497,0.4910372421356147,0.477790006998207
0.47782291037017516,0.4938060145448507,0.490792886405226,0.47747582862066856
0.4776886165872989,0.493282493588114,0.49055077464741104,0.47716296303793754
0.4775596760529921,0.4927620050423951,0.49031122198860966,0.4768290200648186
0.47741494106632115,0.4922477597784687,0.4900743963323102,0.4764966423553881
0.4772767352595181,0.491739777324542,0.4898271456738541,0.47616586878347333
0.4771451986904865,0.49123814812637084,0.4895618780651235,0.4758289539683507
0.4770202917157293,0.49073072968721404,0.48929962283171585,0.4754738350104533
0.47687134836384165,0.4901911461978888,0.48904043081217874,0.4750811815517369
0.4767261723286025,0.4896526100442985,0.4887589933828223,0.4746794860939751
0.4765860476284858,0.4891205820291158,0.48843747056261533,0.4742805267220509
0.4764530372057617,0.4885951474077415,0.48806856345578675,0.47387973037551284
0.4763270113172643,0.48807624436669106,0.4876776493026207,0.4734807665758062
0.4762079265857797,0.48756374169644057,0.48728836642602064,0.4730718621352403
0.4760957761562004,0.4870577107330745,0.486902307923981,0.47265195400394305
0.4759905741820891,0.486558621837668,0.4865198116321391,0.4722220875566574
0.4758720865720859,0.48606726850193566,0.4861410083914732,0.4717960479123354
0.4757469361494833,0.48558332875026766,0.48576584251155647,0.47137361492046487
0.4756293488044592,0.48510681448823706,0.4853943343894888,0.47093772659552596
0.4755189977595007,0.4846323000701722,0.4850265042090266,0.47048035747154077
0.4754074996881371,0.48415935186577036,0.48466234841946515,0.4700091264855177
0.47526832698194904,0.483692984149252,0.48430212633960723,0.46947702526727786
0.47509592559486796,0.48323324861785827,0.483946266886452,0.468913654879771
0.4748898756609023,0.4827800310041792,0.48357819959607506,0.4683539829247712
0.47468500395089636,0.48233314549192324,0.48320772971824416,0.4677979489621251
0.47448534588469743,0.4818925051129245,0.4828271144059217,0.4672454352625091
0.47428848588276684,0.48145733857250655,0.48242926522128987,0.46669624382724206
0.474090384664975,0.48102748848724003,0.4820372466392001,0.4661462872195274
0.4738976992448016,0.48060293805541604,0.4816465468461963,0.4655648096908625
0.4737103694848079,0.4801680704341008,0.48124512249549944,0.4649864786828044
0.4735278641488593,0.47973711121415474,0.48084941292883676,0.464411279858118
0.47334995828944015,0.4793110103333582,0.48044750092632155,0.4638392024574853
0.47317590854887015,0.4788897220471636,0.47997770149496105,0.46326755365891453
0.47300553683266405,0.4784731738889565,0.4795050635391347,0.46267267611837815
0.47283620571104357,0.47806128893965627,0.47903841667076713,0.4620807391628259
0.47264469615311294,0.47765406179355696,0.4785779515667103,0.46149146514337375
0.47244758527125347,0.47725145323424895,0.4781231963761777,0.4609046716887375
0.4722538444163929,0.4768534112623619,0.47767412637914963,0.46032031584981126
0.4720634932444356,0.4764598809968586,0.4772307716818951,0.45973835201141516
0.4718596125434488,0.47607104550966844,0.47677034114464695,0.45915851450758843
0.47163270235586124,0.47566956255258824,0.4762706228439324,0.4585568478128393
0.4714088869346002,0.4752573794034445,0.4757760273904658,0.4579580048651339
0.4711882920164776,0.4748485836488925,0.47528650481548035,0.45735062254172304
0.47097071006325875,0.47444364217346874,0.474801980435755,0.4567447852082243
0.470756150129065,0.4740342422640999,0.4743224949398202,0.45614112394852463
0.47054461992830127,0.4736078707365026,0.47384811133585153,0.45553945500920084
0.4703362069589189,0.47318594653376694,0.4733787656270127,0.45491471108083187
0.47013102017979386,0.47276807757328565,0.4729143845804184,0.45428450793152614
0.46992903979019846,0.4723542510570477,0.4724548942009713,0.45365680535853736
0.4697302443881991,0.4719429092896376,0.4719855819457781,0.4530319274948703
0.46953462495087983,0.47152802104945946,0.47151217141480095,0.4524099174439473
0.4693422688966064,0.47111745593792276,0.4710276308534769,0.4517907618454668
0.4691531709033418,0.47069022441322267,0.47050059496408947,0.45117444444172283
0.4689673047232093,0.4702653765347444,0.46997782103550834,0.45056083893064724
0.4687846476675189,0.469844785985391,0.469459395254039,0.4499501353182034
0.46860497476450563,0.46942846969082697,0.46894555775624,0.4493237680001073
0.46842793880941086,0.46898758254371403,0.4684323743608914,0.44868931634762516
0.4682535308636519,0.4685491195821004,0.4679159419272218,0.44805728462733485
0.4680762480049117,0.4681150287208266,0.4674043966925703,0.44740648717127834
0.4678980491801945,0.4676606810972168,0.4668976839395835,0.44674486762015925
0.4676974957683804,0.4672090793451559,0.4663957240357879,0.4460879013724673
0.467494787881283,0.4667297756021591,0.4658879562239454,0.4454245230858931
0.4672757642931913,0.46625656816853256,0.46536613902149154,0.4447659546048716
0.46704864244275823,0.4657890748344662,0.46482960247762145,0.44411227364007905
0.466825623039545,0.4653268187426991,0.46429484245008196,0.44346362581555104
0.4666067493522438,0.46486961770419916,0.46376462953088327,0.44282003941528514
0.4663920373237806,0.4644173527266629,0.4632389349276736,0.4421814866298772
0.46615615082604955,0.46396990721229686,0.4627171295687926,0.4415479038826786
0.4658847188608899,0.4635271677031541,0.462199108805304,0.4409191714564152
0.46561596244104203,0.46307353173675486,0.4616804468835163,0.44029527197697166
0.4653256205453355,0.46261966934403687,0.46115316470583956,0.43967633338775564
0.46503870652112794,0.46217074170721295,0.46063030336879024,0.4390626818474405
0.46475697464364496,0.4617270199181498,0.46011197436162077,0.43845427978552853
0.4644804765933765,0.4612887179352581,0.45959819013925846,0.4378511144537486
0.46420920001888194,0.4608555067915965,0.45908900747672904,0.437253170347564
0.4639427721745586,0.4604189820160841,0.458584483938483,0.43665461245428644
0.4636633635380555,0.45997907333892796,0.4580846463613603,0.4360265377063556
0.4633853545949242,0.4595441319254253,0.4575895307176333,0.4353705169397817
0.4631121834104806,0.4591141373010659,0.4570992608910609,0.43470877697412713
0.462841929233363,0.4586890829771796,0.4566138811693942,0.43405403222269995
0.46254692583836715,0.4582689476209294,0.45613342114548955,0.4333870837527919
0.4622557786671509,0.45785337143734933,0.4556430156413924,0.43272649303549265
0.4619683439582017,0.457442596134727,0.4551223768671948,0.4320730141881414
0.4616842780086278,0.4570368087649295,0.45460679658730435,0.43142657417200986
0.4614027376446661,0.45663734798388417,0.454096620323619,0.430787193298036
0.4611236055576993,0.4562449996360653,0.45359194145464843,0.43014151658173616
0.4608468950562595,0.45585981583345897,0.45309283938176903,0.42948797420329826
0.46057261732894267,0.45548181169348845,0.45259967325937994,0.42884082879029073
0.46028002432298004,0.4551110408127446,0.4521124720934207,0.4281994670112706
0.45996933010701757,0.4547474819549456,0.45162255523376144,0.4275637300997887
0.45966138986817545,0.45439089257188214,0.45109939049943987,0.4269335505565683
0.45935621611612343,0.4540409207711448,0.4505810430049762,0.4263093337016544
0.45905373101404573,0.4536974174092558,0.45006964379489006,0.42569045876229245
0.4587535344265224,0.453360749555211,0.44954121295919264,0.42506421592611937
0.45845524668582605,0.4530311282206973,0.44901890719504167,0.42443596035636616
0.4581583543621637,0.45270841140668955,0.44850435219655926,0.423812766557141
0.45785785693624603,0.4523904529598309,0.4479978281898994,0.42319480995016656
0.4574606683278459,0.45206755959764117,0.44749980821687724,0.4225821892974786
0.4570462483517372,0.451751619549211,0.4470107534443574,0.42197490933322657
0.4566333072225978,0.45144295098214093,0.446530705476621,0.4213730026206807
0.45622186585117425,0.451141270827622,0.4460597025939423,0.4207696253690634
0.4557867096127376,0.45083515498521715,0.4455977885099738,0.4201518134943651
0.45534090160618007,0.45052924774122083,0.4451450077736868,0.4195372894565443
0.45489701773491065,0.4502236373231031,0.4447014874480649,0.41892695325677537
0.45445528824494746,0.44990482238941043,0.4442670295683007,0.41832105654943136
0.4540156271707331,0.4495920766600052,0.44384160565891995,0.4177196398528663
0.45354504792696787,0.44928565363965284,0.44342522247947275,0.41710790578790174
0.4530736182850746,0.4489767770403732,0.44301787849312324,0.416491341737966
0.4526043719137304,0.4486560425200718,0.44261956641658473,0.41586059630660116
0.4521375398094549,0.44834260348142574,0.4422302319156273,0.415233307253149
0.45167317447455013,0.4480370051820411,0.4418497475454508,0.41460966818805645
0.4512028279733629,0.44773488831101976,0.44147803144986014,0.413989679694157
0.4507107254968979,0.4474261533218404,0.4411150341495676,0.4133733553855736
0.45022037175113555,0.4471120457361141,0.440760717504533,0.41276075148195596
0.4497323455319201,0.4467826062351158,0.4404154634266394,0.41215194238493924
0.4492466854361027,0.446461390468529,0.44007952754448015,0.411546937602493
0.44875572126499585,0.44614864057798753,0.43975250559170115,0.4109457588441461
0.44825664166001816,0.44584451476092357,0.4394340380645056,0.4103485264786648
0.4477570073233816,0.44554115756452356,0.43912400145910174,0.4097550160261131
0.4472453692777523,0.4452379679884876,0.4388224971285101,0.40916528033205846
0.4467116001856738,0.4449435601471316,0.4385294295212082,0.40857976885901925
0.44617584261999044,0.4446573179090534,0.4382446560435035,0.40799865742935565
0.44560591063188454,0.4443782652335136,0.43796802691694753,0.4074130659763624
0.44503954468020024,0.44410606779991546,0.4376993863904612,0.4068209110806125
0.4444768295996736,0.4438402180570447,0.4374385739899544,0.40623329604937647
0.44391784178239874,0.4435541921300557,0.4371854257694801,0.4056502186162678
0.44336273923088326,0.44327169052320314,0.4369091572578492,0.4050712690757618
0.4428116388946858,0.44299472527833766,0.43661569330575817,0.4044963730271099
0.44226460418713226,0.44270292624750035,0.4362938914429305,0.40392552881752836
0.4417216854485837,0.44234386729173153,0.4359544832758528,0.4033587342749094
0.44118296964544285,0.44194504091164255,0.4356161640841723,0.40279598685052037
0.4406489036987927,0.44155131466780695,0.43527935451274247,0.40223728375535794
0.44011982890252355,0.4411625804130155,0.4349410410945244,0.40168253873884974
0.43959658279120023,0.44077469642121175,0.4346067780117643,0.40113170796447273
0.4390793217253301,0.4403737359427254,0.43427711335852903,0.40058320603163033
0.4385681047773561,0.4399771759668751,0.4339292129484875,0.4000132021804152
0.4380579487020482,0.4395848700943424,0.43357494808552716,0.39944792963689335
0.4375382649076901,0.4391766603527485,0.4332090161648604,0.39888700396711285
0.43701549460432987,0.43876692591023014,0.43283578745567497,0.3983298839640918
0.4364803268263684,0.43836081287590756,0.43246301518299574,0.39777655953463026
0.43594770832141555,0.4379581687655453,0.4320943465299408,0.39722705011480713
0.43541963863110295,0.43755885202375244,0.43172968356199903,0.3966814890091549
0.4348968949187189,0.437162650585757,0.43135942195760074,0.3961399005176046
0.434372012965117,0.4367694498558917,0.43096773990754605,0.395602271777261
0.4338479208621056,0.43637917254109104,0.43057891773415213,0.39506906415123516
0.4333090411514914,0.4359917913644648,0.4301926722569221,0.39454047953852867
0.4327514520420454,0.4356070959077536,0.4298089423458061,0.3940167049747297
0.432200233704715,0.4352250026465149,0.4294276485670487,0.3934978486367839
0.4316556610385394,0.4348435636775202,0.4290486884783525,0.39298386073304853
0.4311177475770404,0.43446008389090907,0.42864303001528237,0.3924743720689521
0.430586557208273,0.43407961964416103,0.4282164016826869,0.3919692866655231
0.4300555373055849,0.433702354518827,0.42778783427741046,0.3914686127896273
0.42950162102430073,0.4333279465467122,0.42735780633196646,0.3909723661791368
0.42895415716408325,0.4329564271630815,0.4269293768182309,0.39048056296117295
0.4284129217437281,0.4325878081954037,0.4265024314108727,0.3899932196631805
0.42787783623137626,0.43222225969874073,0.42607641279918373,0.38951035322660926
0.42734887526616494,0.4318596882340327,0.42565124875992505,0.38903198102093917
0.4268261045035505,0.431500034879307,0.4252263548742403,0.38855812085512975
0.4263037871274616,0.43114332665731697,0.42477721667373686,0.3880857057383065
0.4257389577827665,0.43078695750637247,0.4243258831677811,0.3875950768973805
0.4251700916768428,0.43041204404057715,0.4238747813405739,0.38710063948730633
0.4245821752931498,0.4300407606785743,0.42342393978377635,0.3866116714760742
0.42399920744837305,0.42967129658379677,0.42297339067432643,0.3861282854367527
0.4234211167669685,0.4292987034680995,0.4225231657115455,0.38565057441735645
0.4228478043613824,0.4289297802627894,0.42203856489699904,0.38517675277385066
0.4222596698096604,0.428539990690297,0.421520568290612,0.38467931166312835
0.4216711973430757,0.42812813241407327,0.4210028582872086,0.3841864344089171
0.42108681207098264,0.4277135378074454,0.4204854055737764,0.38369806993672967
0.42050674971365176,0.4273027582852501,0.4199681862211287,0.38320204763010346
0.4199314127286684,0.42689478421458815,0.4194466367471025,0.3826936514987231
0.4193605912735945,0.4264019353317538,0.4189239827310579,0.3821900866849687
0.4187780698864426,0.4258784807932633,0.4184016643226942,0.3816913781698263
0.4181915965903066,0.4253511797952343,0.4178798306406962,0.38118041677285314
0.41760642350290894,0.42482722851613064,0.41735805775272006,0.3806576013804934
0.41702417834929795,0.4242952007635914,0.4168319334479886,0.38013933687468887
0.41644716223366024,0.4237484267192811,0.41625296291650066,0.379625682301338
0.4158754869586868,0.42319828681916877,0.4156739811747643,0.3790853869787
0.4153086898095818,0.42263393396543414,0.4150950888406175,0.37854480745080077
0.41474012200682414,0.4220721165100441,0.41451685744798994,0.37800897279625983
0.4141726661741243,0.4215128299001072,0.41393941760608605,0.37747716252364655
0.4136095442453499,0.4209561123781262,0.4133613586460315,0.3769426373809273
0.4130511126770833,0.42040147242457004,0.41277529627634996,0.3764118217493827
0.4124828230690647,0.41984885506782854,0.41218787233681586,0.3758847387200195
0.41190955942351243,0.4192983050468705,0.4116012935030859,0.3753614431146357
0.41134140545392006,0.41874985290809724,0.4110160242750973,0.37484202890779394
0.41077805591851224,0.41819393261924176,0.41042376101825867,0.3743267337497108
0.4102194518955895,0.417626826785687,0.409815410553903,0.37381585929154015
0.4096658793261063,0.4170620412206337,0.40920903006417975,0.37330999821908195
0.4091170213219298,0.4164996127996827,0.4086047734023402,0.3728094795408869
0.40857355595156775,0.4159394335324686,0.4080027464551725,0.3723143539359527
0.4080330778436862,0.41538180483576115,0.4074031135984586,0.3718247729727738
0.4074719397901164,0.41482688929495565,0.4067989328548707,0.3713408197689693
0.4068816678750998,0.4142747422852001,0.40619271570214754,0.3708625431565696
0.40627449569713797,0.41372542202827384,0.4055893066456511,0.3703681016416667
0.4056710454806408,0.4131789852937796,0.4049043710183497,0.3698696313541832
0.40507109258996626,0.41262959116613984,0.4042141925628222,0.3693768518021362
0.4044691087573903,0.4120570545324847,0.4035045305927585,0.3688896589660615
0.4038588478692388,0.41148767017597215,0.4027943537790648,0.36840798176580647
0.40325306259837307,0.4109213658726605,0.4020883325755211,0.3679203687034685
0.40262705799845827,0.4103583857411411,0.40136892966224536,0.3674162457252587
0.4020058731348307,0.40979893059428707,0.4006523126683609,0.3669173521265784
0.40138957974128364,0.4092430772494468,0.3999400290070898,0.3664237253344904
0.4007781488626624,0.4086909092872892,0.3992319785882299,0.36593530354644827
0.4001716016265819,0.4081425718779944,0.3985204167166234,0.3654520312832271
0.3995699098008811,0.4075981533384482,0.39781054375887803,0.36497386884067246
0.3989586616547477,0.4070577160581508,0.397105088863421,0.36448092293217366
0.39832371965160035,0.4065212624549222,0.39640413958551496,0.3639843456517191
0.3976938710635906,0.40598891404903414,0.3957077681415949,0.36349285442458573
0.39706919428740733,0.4054584280506051,0.3950109459161821,0.3630064792455963
0.39644964403772304,0.4049249879466196,0.3943097259013748,0.3625192773286301
0.3958354844219041,0.40439198512681446,0.3936136930506721,0.36202832490605813
0.39522690100708835,0.4038509909163153,0.392922964697162,0.36153360883085206
0.39462394905201026,0.40329465279596044,0.39223764348995865,0.3610443554632831
0.39402667374844286,0.40274253104319885,0.3915578615172496,0.3605605956079081
0.393435080507854,0.4021946859645162,0.3908710130289837,0.3600822040678701
0.39284884608708226,0.40165130647507574,0.3901640903625384,0.3596092182716564
0.3922495701619643,0.40111261779817864,0.38944695617264036,0.3591417023836584
0.39164847157856086,0.40057877740881054,0.3887376458305688,0.3586793340324049
0.3910523927916199,0.4000261482951037,0.3880362915662022,0.35822243929173103
0.39046122743935313,0.39944682676253884,0.3873430136490777,0.357771115373493
0.3898753190963155,0.39886862763103376,0.38665791932140636,0.35732523815500017
0.3892863746973487,0.3982859037955089,0.3859811277979045,0.35688495941384735
0.3886980581148341,0.39770722442892603,0.38531288961312676,0.3564503502012837
0.3881150233732111,0.3971179994827358,0.3846532943115682,0.35602131342837756
0.3875372510186272,0.39652765202194495,0.3840027815332084,0.35559133054447856
0.38696472158156353,0.3959237716457759,0.38334558110399686,0.355156939367853
0.38639141528663606,0.3952925608577027,0.3826898264236052,0.35472760240801976
0.3858182048578588,0.3946533512921723,0.38204216575372074,0.3542999958409493
0.38524974023192743,0.3940199025013402,0.3813941947411728,0.3538417689278476
0.38468629507440455,0.3933840041955573,0.38075628574062514,0.3533890646395195
0.3841282399144129,0.3927459499893504,0.38011510973490287,0.35292900497536317
0.3835758523874286,0.3920964925976238,0.37946773496178793,0.3524653205999643
0.3830297422294884,0.3914417605327681,0.3788161979603041,0.3520045245691918
0.3824900173799627,0.3907937673117761,0.37816842410173385,0.35154915410082543
0.3819566762678779,0.3901526394279092,0.37751917314657457,0.35109890200732075
0.381429037030887,0.3895184877968041,0.37686049278035005,0.350653750276394
0.38090701525283743,0.388860543041695,0.3762113177723198,0.35021415610404893
0.3803906385893928,0.3882063709614758,0.37557256739415606,0.34978076205101283
0.37986740263000934,0.3875421095121028,0.3749442172211449,0.349353567469992
0.37934319331918986,0.3868843223384232,0.37432625581907486,0.3489326291994547
0.3788049214282448,0.3862339738946228,0.37371850285286456,0.34851809487154806
0.37827144019967984,0.385591094869573,0.37312074024495906,0.3481102832932486
0.3777326770102374,0.38495531972691255,0.37252090238265795,0.34770891395262254
0.37717570110605014,0.38432655911380115,0.37192248106781733,0.3473144885800268
0.3766203739989721,0.383697064275632,0.37132651819905715,0.34691333916963724
0.3760700351672133,0.38305715640675575,0.3707383126347862,0.34651885751588657
0.3755247329802045,0.38242378294428236,0.3701321124624311,0.3461317667473767
0.37498473546590916,0.38177769792272653,0.3694958872164045,0.34572311731143834
0.37445075578106746,0.3811021204803818,0.3688598774178309,0.34532002405430895
0.3739234938025715,0.38042261979927383,0.36820804080554403,0.3449237031121284
0.3733907510310994,0.379750353354511,0.3675666240489877,0.34453411578100024
0.3728553674324801,0.37908524717176006,0.3669355723549754,0.34415132640960366
0.37232673788299486,0.3784253807444736,0.36631491094233887,0.34377552270538375
0.3718045061452313,0.37775459431014335,0.3657046639543609,0.3434070118638776
0.3712886979187093,0.3770902936089541,0.3651050719740487,0.3430459418453896
0.3707794355945402,0.376432351139457,0.36451634199334815,0.34269239567464477
0.37027746667122385,0.37576662054936627,0.3639142033436584,0.34234619214661594
0.3697830005287489,0.3750998423581811,0.3633212930516831,0.3420073204802298
0.3692959592214345,0.3744397670914092,0.36273937161382114,0.3416629147457465
0.3687825790702574,0.3737560868431775,0.36213536305784627,0.3413025649765252
0.36825365191755116,0.3730693847943817,0.3615398866686171,0.34094991833679716
0.3677309991619294,0.37238957356575425,0.3609551181988168,0.34060505532976976
0.36720269877403994,0.37171665628586503,0.36038091928237315,0.3402680621144098
0.3666806184787162,0.37105076944672993,0.3598169451335212,0.3399390820320017
0.3661643895752447,0.37039203079913774,0.3592581103474663,0.33961815908013837
0.36564779811208076,0.3697403249318139,0.3587095565652524,0.33930568254454485
0.3651109303072934,0.36904826658292117,0.3581711496026932,0.339002276915464
0.3645786725367111,0.3683585424063113,0.357643012622132,0.3387078523308081
0.3640452982450047,0.3676750752267742,0.3571251405803122,0.3384158886717492
0.3635038401834848,0.3669780370194718,0.3566174206259393,0.33809794652075614
0.36295196447586087,0.36627590933383414,0.35611979366526436,0.33778303881496796
0.3623951666710278,0.3655796257042104,0.35562160913931007,0.3374763256566361
0.3618426499485008,0.3648892909209138,0.35512814147821553,0.33715265388356114
0.3612940477043457,0.36420481791693865,0.3546449043233709,0.3368133275458124
0.3607493150541803,0.36351611689884417,0.354171868875884,0.33647984636136696
0.36018471040925637,0.3628321566864406,0.3537085659468122,0.3361540020398731
0.3596233366434705,0.36215413250567224,0.3532538099058995,0.33583572447256493
0.359065938143436,0.36146971379969933,0.352807523407937,0.33552492079322654
0.35850637566118204,0.360757780189649,0.35236964960828454,0.33518990768486107
0.35791708292056507,0.36004251087052636,0.3519401811909821,0.3348625633465065
0.35733336983873665,0.35929714988351596,0.3515191617701655,0.3345429386578467
0.3567549702011917,0.3585408839185538,0.3511065653722801,0.33422683565727096
0.35618240113491717,0.35779294608151807,0.3506863609433479,0.33388683963453153
0.355615377126407,0.35705348208469573,0.35026616645111625,0.33355332777231383
0.35504957089192646,0.35632126719794427,0.3498444161295356,0.33322639153943456
0.3544828462399397,0.35557780794052085,0.3494245295041201,0.33290595443233717
0.3539206723117939,0.3548442523217998,0.3490122248473158,0.33257517664612174
0.3533630635921572,0.3541161771304826,0.3486081339786111,0.33223324998166315
0.3528101122399051,0.3533857247906089,0.34821246434403996,0.33189628939918536
0.35226229684681565,0.35266639959364127,0.3478039011501143,0.3315643552372599
0.3517197011448403,0.3519586973518644,0.34739628264217,0.33123768376604074
0.3511826965710925,0.35126296590484674,0.3469966595204649,0.3309162388699901
0.35065153615380373,0.35057093990118576,0.34660523936634846,0.3305999885754558
0.3501258861726971,0.3498782884102395,0.3462225074019496,0.3302889044524511
0.3496055239340482,0.34919889774361673,0.34584847840637517,0.3299829616012627
0.34909042243074057,0.34853284153106256,0.3454832043819952,0.3296821386192461
0.34858056624631933,0.347852767438434,0.34512677429185856,0.32938641754658304
0.34807633393835113,0.3471870442093257,0.34477926350033117,0.3290670630651071
0.34757853388469373,0.346535940953658,0.3444407094490154,0.3287070594275489
0.34708831896261644,0.3458722191275568,0.3441110816766205,0.3282996057484715
0.34660562862796795,0.3451919897110784,0.34377616116900606,0.32786268689830705
0.34613049464278284,0.34452515998228816,0.34342486018213525,0.3274327185648032
0.34566226129506766,0.3438616667815319,0.3430628449571808,0.32700939352897335
0.34520084281341873,0.34321145112276175,0.3427097062471288,0.326586484509632
0.3447464803255709,0.34257444616926397,0.3423595749726057,0.326156038093526
0.3442987660255941,0.3419506526131657,0.34201566419617074,0.3257325152425123
0.3438573456002522,0.3413400517378895,0.3416796127817468,0.32531594429127564
0.3434222120576554,0.340742554519697,0.34134853043580804,0.3249062516099407
0.34299349474504415,0.340152010968087,0.34102195941151403,0.3245027410210565
0.3425626673779484,0.3395456937834752,0.3407024267194221,0.3240983427816358
0.3421351259065986,0.3389521703247773,0.34036665851116077,0.3236849753121186
0.34170532995813363,0.33837156262777457,0.3400387218113156,0.3232726486784307
0.34128319130977564,0.3378040591560245,0.3397035948194241,0.32283526077988545
0.34086820358812436,0.337250018636568,0.33937011643246606,0.32237756275635193
0.340459796252459,0.3366814729711071,0.33904477121389237,0.3219018002068082
0.3400195348008127,0.3361147770180676,0.3387267583835978,0.3213962467011149
0.33956308557018183,0.33556064112422285,0.3384143997664056,0.320869180095373
0.33911400861137786,0.33501002933174084,0.3381094563736998,0.3203486973658894
0.3386711465983907,0.3344389184510706,0.3378011134258097,0.31980846083295034
0.338236497892853,0.33385390257110226,0.3374814354842053,0.3192731731335966
0.3378103519611657,0.3332642469427482,0.33716787833779366,0.3187450076927761
0.3373923994591259,0.33268462444495894,0.33686262830204866,0.3182235712093594
0.33698312425532,0.33209732999401054,0.3365357525966787,0.31767994760115525
0.3365825504834347,0.3315062100956841,0.33621335582090706,0.3170820837053394
0.33619027591046213,0.3309141051698684,0.3359001872087791,0.31649146593013516
0.3358068469795375,0.3303229166910034,0.3355963483643087,0.3159079982187744
0.3354324121950507,0.3297405101801385,0.3353018518819719,0.31532116717115616
0.33506590768499506,0.3291273957340393,0.33501626148194047,0.3147351978898823
0.3347011657924661,0.32852514770680163,0.3347391142628411,0.3141570471139222
0.33431556279005226,0.3279340534017889,0.3344704574052785,0.3135868978919108
0.3339239131315002,0.32734437574289443,0.33420045441455654,0.31302546040989393
0.3335431159461568,0.32675606242989585,0.3339305548125459,0.3124730823028112
0.3331680788774265,0.32617867482691215,0.3336692934028093,0.31189566683605563
0.3327883141388576,0.3256121839583659,0.33341680895067943,0.31130157985009993
0.33241365506837384,0.3250566711060857,0.3331664232492517,0.31070611891708816
0.332050901167565,0.324511975623038,0.3329062688938806,0.3101185206550854
0.3317004031012623,0.3239780388516125,0.3326541873110129,0.3095393164630037
0.3313633111125304,0.3234549076540864,0.33238792403411255,0.30896856474340056
0.3310397746862302,0.32294124384433837,0.3321028105842994,0.3084063860424684
0.33072893183086277,0.32243699321992586,0.3318256005558961,0.3078527707215303
0.33043052844753296,0.3219440099314727,0.33155617648916746,0.3072868249320938
0.3301445859626508,0.32146251350353444,0.33129264289948135,0.3067221801523512
0.32987101746469577,0.3209923374834748,0.3310110007942573,0.3061663588319511
0.3296097370949657,0.32053299942220476,0.3307370527353928,0.3056194665011562
0.32934067741356243,0.3200843919351148,0.3304255385569364,0.30508198226313005
0.32907157105824275,0.3196463688666858,0.3300931502367077,0.30455478508766065
0.32880237383670585,0.31921855470831123,0.3297631341682796,0.3040380729744295
0.32851263581565154,0.3187768093896213,0.3294344362133824,0.30353251602513714
0.3282072459150148,0.3183130300071371,0.3291100174256287,0.30299719310198103
0.3279129108290732,0.3178387210946021,0.32878813833886483,0.30246967665798197
0.32763016133832146,0.3173514373532536,0.3284631991925731,0.3019533793954755
0.32735893571321695,0.3168359571931923,0.32813762305430044,0.3014491877842181
0.32707905931269493,0.316325687029603,0.3278061541294795,0.30095718456448334
0.32677712827448113,0.31582510850433626,0.32746517128864583,0.30045073705233777
0.3264868400965499,0.3153343823678602,0.3271218714998234,0.29995562837878426
0.3262083008256107,0.3148536616849723,0.3267651807336193,0.2994725431896552
0.3259417876630926,0.31437095173771434,0.3264018070126735,0.2990014468276372
0.3256871863782076,0.3138876660161398,0.32604569756925345,0.2985425324850275
0.3254437674619622,0.3133936829509795,0.3256861224984341,0.2980910931177267
0.32521140674887533,0.3129108721563432,0.3252858400797654,0.2976164805337454
0.3249682350895967,0.3124394300430178,0.32488706217891405,0.2971529246072914
0.32473224698121933,0.3119796417756919,0.32448305427170054,0.2967019657412672
0.32450836314775083,0.31153188641018603,0.32408627455942196,0.2962635505486387
0.3242962295526343,0.31109624447229445,0.3236968958738664,0.29583776567861625
0.3240953616791622,0.31067265253356374,0.32327282443608996,0.29541619352785803
0.32390580743473857,0.3102609021024023,0.3228542295610854,0.29498347308740036
0.3237162190190467,0.30986094419304466,0.32244498391945897,0.29454145238129176
0.3235196870100272,0.3094695111385101,0.32204311204515607,0.2941114202657697
0.32333433817611285,0.3090742802679761,0.3216194168732137,0.2936934289333642
0.323160615192316,0.30869053499770976,0.32120613882275256,0.29328698621337546
0.32299839966034893,0.30831846873686386,0.32080335300645224,0.2928921739532935
0.322814914119387,0.30795779115117544,0.32041153597980065,0.2925089289121263
0.32264233222843336,0.3076056904787812,0.32003102441127645,0.2921372936821335
0.32248117307664925,0.3072546000123928,0.3196518959429686,0.2917774802596817
0.3223314412845407,0.30691509260960714,0.3192603119415478,0.29142959814100866
0.32219303117619924,0.3065872409030015,0.31884631521039103,0.29109364481191163
0.3220508765681711,0.3062472432281731,0.31844452403349477,0.2907696388627259
0.321896706733661,0.3059163986683309,0.3180343241041196,0.2904574463723787
0.3217239688653756,0.30556914062952073,0.31761296065853517,0.29014670296770334
0.32156194248731085,0.3052120718031677,0.3172045894886227,0.28983102814225276
0.3214000040907653,0.3048591125290196,0.3168093405870332,0.28952624852583625
0.32122880241172197,0.3044987937311291,0.31642731146557534,0.289227297283208
0.3210680938266394,0.3041453473400147,0.31605853093931047,0.2889388563896582
0.3209178832961551,0.3037798061282015,0.31568505981504386,0.28866071157804324
0.32077779800814793,0.30342317700764804,0.3153176185837598,0.28839272983661846
0.3206475781327998,0.303071130404456,0.3149610208342892,0.28813512266508323
0.3205266332954552,0.3027208515544749,0.3145869820415418,0.28788760399190083
0.3204145096605785,0.3023829377098382,0.31422621747379476,0.28762110869517227
0.32030373527850853,0.3020577708784553,0.3138785438280898,0.2873480253262696
0.32019648268119366,0.3017453640165238,0.3135438571273349,0.2870524591351721
0.320069863577048,0.3014455677516618,0.3132220403515591,0.28676437122935494
0.3199477099232877,0.3011578184647595,0.3129130141319358,0.28648456797181665
0.3198298991514967,0.3008820456952885,0.31261199293284514,0.286198780612253
0.3196866136169751,0.3006041753111886,0.3123224699640279,0.2859147671011418
0.31952743863362465,0.3002948969966559,0.312033786554217,0.28563776908912236
0.31933635288644957,0.2999987075310946,0.31173696912990245,0.2853573259538893
0.3191149586562591,0.2997160091229223,0.311452507953418,0.2850828603956899
0.3188997225301935,0.29944727162008866,0.31117971080677426,0.28481440199758745
0.31869008976082436,0.29915642744184456,0.3109070893948908,0.28453376243016776
0.318485047126614,0.29886642339369063,0.3106148827109123,0.28424345626102276
0.3182843839251064,0.2985925244693221,0.31032544393936323,0.2839592477526519
0.31808851299879864,0.29833553940304525,0.3099876804356744,0.2836808969327779
0.31787633418261435,0.29807570319692284,0.3096355804945846,0.28340777885770807
0.3176696397883311,0.2978160322166078,0.3092875087000373,0.2831390898949298
0.3174561347801046,0.2975387138690464,0.308923425996314,0.2828479860605925
0.317207221124854,0.29724299703669066,0.3085654595362647,0.2825065268339435
0.31691109933888467,0.2969351925192683,0.3082188065513668,0.2821433927659156
0.3166141716748875,0.2966437745312927,0.3078786209977094,0.28177747156247007
0.31628710986806785,0.296368190281434,0.3075325372924363,0.28141528345496597
0.31596133332919657,0.29610726098623696,0.30718567538626923,0.2810568305737399
0.31563892841432906,0.29586058004239296,0.3068165577385331,0.280669807531607
0.3153199894829296,0.29560441628410566,0.30644737293440033,0.2802682322612752
0.315004669505488,0.2953571647066327,0.30608972201230117,0.27986422999627303
0.3146826714474342,0.2950832581804741,0.3057436003619534,0.2794646721200561
0.31432434242023294,0.29477570712579226,0.3054089893834293,0.2790692281452692
0.31395317135757395,0.2944806084344023,0.3050854462041788,0.27867768648051894
0.31354085858894204,0.2941705675051807,0.30477267212482245,0.27829040055914256
0.3131289721577589,0.29386192885777224,0.3044471229607879,0.27790765099871106
0.3127109081997339,0.2935652137008391,0.3041041402571937,0.27751194290747877
0.3122952653453765,0.29328030498731206,0.30377200520270337,0.27710267637439523
0.3118685862302677,0.2930069658324802,0.30345074986529336,0.27669851490682923
0.3114274747038355,0.29274502816825554,0.30314031288298054,0.27629914744778555
0.310991507015242,0.2924943256512286,0.30284022414958445,0.2759050305452076
0.31054698627993704,0.2922547558622771,0.30255037465693385,0.2755151807405219
0.31009715747824207,0.29202614907135777,0.3022464547889096,0.27511033952847425
0.30965294048902303,0.29180823108426795,0.3019506683754014,0.274711296044732
0.30921383768702826,0.29160095335336544,0.30166556613850437,0.27431637763022154
0.3087761843654366,0.29140429955623065,0.30138672339810957,0.2739223117503172
0.308345258974238,0.29121820855259406,0.3010944019639774,0.27353438542909075
0.30792127060251695,0.2910152172317579,0.3008026057476982,0.2731530075772561
0.3075034466458162,0.29081091612214055,0.30052031986016753,0.27277845364506276
0.3070916859992822,0.2905906965582899,0.300246800726513,0.2724109394326634
0.3066867041694546,0.2903781373568266,0.2999643281280261,0.2720486677245075
0.3062822740594686,0.29017457387220386,0.29967574259679336,0.2716913605898851
0.3058720534123369,0.2899564347290136,0.2993960628367256,0.2713419615961851
0.30544454016555184,0.28974037842208666,0.2991251239635905,0.27100031148464215
0.30500677118358044,0.28953283477532876,0.2988628878601558,0.2706664573448625
0.30453348207838465,0.2893327677638419,0.29860952064402363,0.27034043084274023
0.30403380789608425,0.28910210692497607,0.29836501280342853,0.27001445097506643
0.3035054599303378,0.28887959630310056,0.29812896531296856,0.2696950347060961
0.302983541297228,0.28865328633360116,0.29789038037769816,0.269376354085002
0.30246914133699093,0.28841630482118086,0.29764207096326983,0.26904647356664985
0.30196446206134836,0.28814752402718463,0.2974013566079718,0.2687262214353839
0.30146963390992965,0.28785645326707315,0.29716824178327733,0.2684150325566304
0.3009848460841376,0.2875652717813548,0.29694240322359117,0.26811259929268433
0.3005048098838213,0.28723620467338284,0.296723867261323,0.2677903738541618
0.3000328867576058,0.28691466033205676,0.29651278506494894,0.26747140957425364
0.29957206318863483,0.28660186750213873,0.2962960301023564,0.2671393325768361
0.29912261317630334,0.2862981382952435,0.29605067246624556,0.2668117457430023
0.29868543428067434,0.28600424719836803,0.29577927801218157,0.2664797344772533
0.29826148815136144,0.285721292801828,0.29551534644537925,0.2661562293177451
0.29785246172172763,0.285431850741146,0.29525884414309,0.26584157789421925
0.297458498448199,0.28515406808153854,0.2950096791138254,0.2655355852352797
0.29708030721016265,0.28488828152501466,0.29476805048840327,0.26523766271929833
0.2966923996856557,0.2846334921501884,0.2945342505441084,0.26494776468163844
0.2963174622897111,0.2842977484527015,0.2943079335761971,0.26466595847756197
0.2959600277406715,0.2839698871865707,0.2940460399728199,0.26439231626105736
0.2956004426146661,0.28362226132256046,0.293791849151444,0.26412749106273237
0.29523291099396337,0.28323041618445927,0.2935457133853578,0.263871379032357
0.29486553930976284,0.28283756282751193,0.29330770161914754,0.2636161411175158
0.29451348193178095,0.28244648783704074,0.2930777646579476,0.26337119903299594
0.2941757643409565,0.2820606675305121,0.2928557040758573,0.2631177849530458
0.2938473598412924,0.2816895051854398,0.29264185124013814,0.2628361463033334
0.2935251664829935,0.2813329756160677,0.292437193405632,0.2625649439595393
0.2932156838881585,0.2809918201725289,0.2922419392691188,0.26228055846744774
0.2929183242921852,0.28066573760245334,0.29205366976791164,0.26200485084102826
0.29261140621435566,0.2803549336200814,0.29187388467581304,0.2617303834974582
0.29231659499912044,0.2800591569828802,0.29170276235056536,0.2614392808908614
0.2920214012677456,0.2797779364848064,0.29154007446896635,0.26115936850008203
0.2917262753003042,0.27950343102609426,0.2913618228539908,0.2608908875720526
0.2914435451504202,0.27921101314189034,0.29117911131516844,0.26062007606134274
0.2911719320848898,0.2788947660543267,0.2910039274249155,0.26033390417241
0.2909112305875759,0.27852924361576203,0.2908373855357398,0.2600540429173604
0.29066150413316494,0.2781636485566551,0.29067958885193124,0.2597764253480721
0.2904230114789794,0.27778883496746654,0.2905305026839919,0.2595023904426471
0.2901958047476012,0.27742704455408673,0.2903681016329167,0.2592399873025132
0.2899800062830642,0.2770592345403325,0.29020508440984,0.25897840418294477
0.28977582034221155,0.27668699630818216,0.29002862831290455,0.2587035899370936
0.28958350321229687,0.27632849273898774,0.2898617785543165,0.258428744336904
0.2894033606927453,0.2759834077665847,0.2897047136767656,0.25816417715660905
0.28922763765219417,0.2756510710133187,0.2895392282534022,0.2579131486426128
0.2890223671346918,0.275331112774871,0.28937393598898614,0.25767546370424915
0.2887870268277995,0.27500124404219056,0.2892089612276489,0.25745091848698215
0.2885492543792843,0.27463364783221167,0.2890545027314586,0.2572399372279544
0.2883263406659686,0.27427397160010475,0.288910755792831,0.2569956105924527
0.28811843737632226,0.27390772136536135,0.28877774902502223,0.25672092729080376
0.28792550829986246,0.27354925788847073,0.2886281962047487,0.25642578119592985
0.2877473894005641,0.2732014124504717,0.28848894007081727,0.2561193347481594
0.28755778524522524,0.2728640527316759,0.2883615435900418,0.2558207438564595
0.2873758348347636,0.2725367863953696,0.28824644764193535,0.2555164354231929
0.28720590575926014,0.2722179560817255,0.2881254333807316,0.2552262789540141
0.28704653632634414,0.2719092601703116,0.2879939226677355,0.2549323639568406
0.2868484060130055,0.2716084272930949,0.2878709288458001,0.2546281783808985
0.28663080758154513,0.2712980623625698,0.2877593160065848,0.25430063290438826
0.28635215836320277,0.2709855105988152,0.2876591415540314,0.2539874494707978
0.28602890284500887,0.27068017255940174,0.2875704410953445,0.25368882369233847
0.28568923141348884,0.27038503424377736,0.2874904390026145,0.25340498834922154
0.2853104013825063,0.27009984793984676,0.28741622334986155,0.2531350537269345
0.28492398349692927,0.26982455091975205,0.28735290993119045,0.2528379459744912
0.2845330372610623,0.26955903387282254,0.28730098162170814,0.2525372848789378
0.28415117954736524,0.26930317264784637,0.28726033955666574,0.2522407826719865
0.2837779334400279,0.2690230568160962,0.28723070462662414,0.25195775837877527
0.28341315512105253,0.26874164490040486,0.28721223843020893,0.2516883367197932
0.28305651691844036,0.2684399201479971,0.2871835224617552,0.25141023259520895
0.2827082466364295,0.2681023698109607,0.28716152361002667,0.25111991683023205
0.28236907015112217,0.26776703848477246,0.28715012546450547,0.25084486604631606
0.28203825542604416,0.2674410990514374,0.28708341027600687,0.2505851967738064
0.28167454749619425,0.2671242753827871,0.2870043055695509,0.25032090907587384
0.28131660389599594,0.2668172177086803,0.28693430070426595,0.2500489576859202
0.28096582978042345,0.26649750950090867,0.2868585258311365,0.24979219278680392
0.2806229336372846,0.26614535351059215,0.28678758141148003,0.24953223327773608
0.28025136806023293,0.2657856761311526,0.2867199090558857,0.24928742114740415
0.2798744247834688,0.2654352160911392,0.28665504332572683,0.24905643658600024
0.2795101478743525,0.26508847644903794,0.28659809657424523,0.24883828517505344
0.27920032010166784,0.2647373715279583,0.28654901138816996,0.24861701562968566
0.2789022486511913,0.26438716997712153,0.28647988782274997,0.24838118659530972
0.27861073466842773,0.2639982304217122,0.28641378983790566,0.24809508206384986
0.27832688793370247,0.26360527046767923,0.28633967434162994,0.24782104952208772
0.2780500838876588,0.26320089518907414,0.2862714187153783,0.24755239215094688
0.2777797591594553,0.2628062524302085,0.286192247505724,0.24728986489955784
0.2775156903452146,0.2624217960072823,0.2860972814249814,0.24704127931400893
0.2772577610506162,0.2620472392962239,0.2860087208239118,0.2468006191192875
0.2770059144482914,0.26168026518430976,0.28588818179368386,0.2465678483394932
0.2767482818825522,0.2613191398275041,0.28575856370396807,0.24635038752693222
0.2764775642632442,0.2609644176394808,0.285632683334141,0.24614834926891793
0.2761825339432342,0.26061272615339226,0.28551262118530135,0.24592983695601384
0.2758807184088002,0.26027320466997905,0.2853985763333862,0.24567833860757665
0.27558563156822,0.25994658310109575,0.28529105669435767,0.24542699364531323
0.27529084694048594,0.25963315112505614,0.28518061562276764,0.24514683335879822
0.27495611599256814,0.2593331080882468,0.2850714433665586,0.24488121277154232
0.2746282290995585,0.25904653069469896,0.28495617177817434,0.24463380383307373
0.27430706237550206,0.25877332512799767,0.2848435744644619,0.24437078386852412
0.27399275903859105,0.2584903642052467,0.28473654509168894,0.24409063783713372
0.27368589640671903,0.2582111489959613,0.2846349561874337,0.2438173242331888
0.2733820711539599,0.257938908723244,0.28453672540882285,0.2435421020535189
0.2730436360149643,0.257676021371046,0.284418559903905,0.2432887527439178
0.27266715261056573,0.25739868194013665,0.2842910414042148,0.24303462183347688
0.27226559973993697,0.2571228103458466,0.28416544507277397,0.2427891674657258
0.2718338571205335,0.256860093816987,0.28404484639682215,0.24256567613830493
0.271389638468991,0.25661067161253587,0.2839293633375538,0.24235662682272885
0.27095560749895414,0.2563656667661081,0.28381893491902743,0.2421485190481506
0.2705321344005746,0.2561185656341706,0.28371357693069044,0.2419369531150577
0.2701196363931909,0.25581585163693105,0.2836128638911359,0.24173330581512736
0.2697184986904396,0.25551702412247973,0.28351650080875995,0.24155301931305762
0.26932920777610564,0.25523084870025503,0.28342441615369757,0.2413956081640632
0.268952099522255,0.2549568564761965,0.2833365772048715,0.24126047513495802
0.26856987562993934,0.2546948192277813,0.2832532011717761,0.2411339744387742
0.2681964542071905,0.2544444361041822,0.28317427580562704,0.24101462786281144
0.2678219505975568,0.2542056876208136,0.2830997575230329,0.240903382378832
0.26745162816724427,0.253978128411644,0.28302975316210705,0.24077245999060984
0.26709749009383427,0.2537610483499428,0.2829644600006549,0.24059037296877314
0.2667592804493231,0.2535503414293492,0.2828980058478406,0.24039626593014035
0.2664335661456354,0.2533428233868294,0.28282781468114604,0.2401942339647119
0.26610507859464316,0.25313523652274034,0.2827508267523771,0.24001003825459416
0.2657934542836326,0.25293644830571244,0.28267510420839803,0.23983999596326883
0.2654776723033855,0.2527470447272872,0.2826042662576202,0.23968277080654585
0.26516714466089686,0.2525667611127391,0.28253843375906196,0.23953408495500952
0.264871199074617,0.2523737546032535,0.28247743855555285,0.23937922012686969
0.26458598674117695,0.25218225412868706,0.28241394220956606,0.2392367728874174
0.26431557694702607,0.2519724404260724,0.28235014551081133,0.23910423033135814
0.2640594339104209,0.251771206115491,0.2822374858943169,0.23896192492091348
0.26381563155271925,0.25157887174007176,0.2821185953818157,0.23883490185413955
0.26358023363816285,0.2513952213759499,0.2820041633072482,0.23872421533263485
0.26335705165586754,0.2512202404679445,0.2818941171877698,0.23857737657148956
0.2631461181656565,0.2510440788362485,0.2817848282309254,0.23843338430012195
0.26294756948346637,0.25086412600400576,0.28167210309882074,0.23830892639077286
0.26276129403944204,0.25067434418044804,0.28153464407936,0.2382042257391136
0.26258716086657274,0.2504536742188304,0.28139170721293616,0.2381122385149266
0.26242466509967616,0.2502223899005497,0.28123883633673363,0.23803496785183217
0.26227347603481344,0.24998789787128875,0.2810723238596534,0.23797892908607704
0.26213353018526975,0.24976253913298774,0.28090934564395587,0.23793121716334803
0.26200486323726646,0.24954690268736485,0.2807336774732422,0.23790043270610703
0.2618867094714498,0.24934186188289809,0.2805353308446603,0.237870252105367
0.2617724689717693,0.24914787085223117,0.2803401685666332,0.2378441250491186
0.2616713107815389,0.24896520101109051,0.28014808613044717,0.23784007437806462
0.26157128908001215,0.24879411449444,0.27994809200742343,0.23785839905531295
0.2614681081555937,0.24863395285076367,0.2797460046237328,0.2378990372348079
0.26132738297725244,0.2484793602490296,0.27954695184097206,0.23794190787299452
0.2611591950029152,0.24832015211823205,0.27935181955807137,0.2379653888902331
0.26097744494448166,0.248137944097106,0.2791502870387503,0.23800800446982096
0.26078619154186056,0.24793230753455056,0.2789374191344287,0.23806884701311604
0.2605968346388751,0.2477326610817764,0.27872099520417337,0.23814721247167536
0.26042108190556557,0.24754229167120523,0.2785093253885062,0.23824314403986374
0.26024874985425206,0.24735881789534658,0.27830208612216184,0.23831972638545992
0.260069926459127,0.24718553041950578,0.27804435966224134,0.2383950217503485
0.2598811237762563,0.2470232984312617,0.2777827867607517,0.23848710756005928
0.25970595378111755,0.2468718588933805,0.27751911090673337,0.23859467084187969
0.2595436253976519,0.24670535169181915,0.27725255727253695,0.23871688446937497
0.2593935707654169,0.24652775867767696,0.27698925749143405,0.238834137304062
0.2592556838413444,0.24636018847942298,0.27672934384936926,0.23895693896778522
0.2591303648919182,0.24620239661694338,0.27647294075547,0.23906978643830462
0.25901785048508214,0.2460504716956905,0.27622000683068826,0.2391714603837057
0.25891806184780825,0.24590120018315298,0.27597045659548053,0.2392825780613277
0.25883092443420813,0.24576112502623396,0.2757240176003062,0.23940357541097795
0.2587321640891966,0.2456299106867467,0.27545559078291576,0.23952353665416407
0.258618950544782,0.24550728864753477,0.2751734399609844,0.23960721014857136
0.2585189321492337,0.24535273763923363,0.2748941961439581,0.23965790203187595
0.2584323175388094,0.24517959754137014,0.2746178216344135,0.23970183446127366
0.2583372412242975,0.24499292680954518,0.2743442983407085,0.23973342106344692
0.2582477803867486,0.24481512047713128,0.2740737321396518,0.23977423482413063
0.25817213427547825,0.24464610276021317,0.27378012289096854,0.23982429420892235
0.258110259592484,0.24446596951587662,0.273467438567977,0.23988383944093772
0.2580623104246178,0.2442909406302899,0.27315507066678163,0.23995263180176982
0.2580288273899983,0.24412327881907797,0.2728463396255321,0.24003049125715792
0.25800881205952436,0.24396154801093797,0.2725260255359662,0.24010808104184392
0.2579513293681718,0.24380526254494483,0.2721770980983212,0.24016475242231444
0.25787792287655986,0.24363569066618174,0.27183318146477825,0.24020686516978365
0.25779787578508,0.24347551620193555,0.27149180407202766,0.24024838248840757
0.25773360408557094,0.24329750420414276,0.27113633117207553,0.2402889318204561
0.2576853801969441,0.24311240476335602,0.27077695665729345,0.2403179307834016
0.2576533914289021,0.2429364344381078,0.27040390457210256,0.24032462438348062
0.25763249996914284,0.24276496909853912,0.2700376701699754,0.240305401304809
0.2576103188862191,0.24255524117321164,0.269677627609721,0.2402951353401858
0.2576060550679547,0.24234429554285242,0.26930064668691434,0.24026560325485896
0.2575969842339997,0.24213660501398035,0.2689293244083333,0.24016804865138852
0.2575927548829247,0.24188189098254384,0.2685469800956357,0.24007028018119775
0.2575903530254835,0.24160840951701595,0.2681492580874596,0.23998431772251572
0.25759705525249676,0.2412925443166771,0.26775897863261067,0.23988657112651637
0.2576209799527957,0.24095780793452767,0.2673675252745987,0.23980472054540364
0.2576294665019792,0.24062837440582757,0.26697085553532274,0.23972347403491334
0.257644136054921,0.2403112464605721,0.2665384513159647,0.2396506160848596
0.2576653184763272,0.2400065763342889,0.2660923210929237,0.23959378821095179
0.25770584095012955,0.23971454409235313,0.2656547229830471,0.23955246178421544
0.2577657068645522,0.23943517015189764,0.2652187146637098,0.23948660423790533
0.2578172023479306,0.2391687557692065,0.2647638409477883,0.2394256540233551
0.2578657834374009,0.2388730271580766,0.26430800444512437,0.2393625940697006
0.25793198491506625,0.23857360432195815,0.2638506048858625,0.23929167858299255
0.25800810276211733,0.23828778225005012,0.26340280162266205,0.23923196429352328
0.2580787118736996,0.23801548049088775,0.26296524475008737,0.23915660052106363
0.25814073570373575,0.23775505847349707,0.2625384825425059,0.2390741585944887
0.2582023629654989,0.2374914318458333,0.262106536238471,0.23899524270541592
0.25827939089449303,0.23723806162452166,0.2616521211716054,0.23892444420098585
0.25837134844592297,0.23698298304014653,0.26120509833382777,0.2388303037259042
0.25847793789176604,0.23670953795417005,0.26077096541021383,0.23874537682513128
0.2585746834244217,0.2364211901690987,0.2603498715690393,0.23867066642726553
0.25865443426935625,0.23614304350974727,0.2599383729835931,0.2386063423005772
0.25874770135050396,0.23587967718301556,0.25952725437171775,0.2385184627936915
0.2588538041675049,0.23563119255317455,0.2591281506357718,0.23843358094123598
0.2589713972142123,0.23539791391267767,0.2587226024485524,0.23835865455111999
0.25909981692265754,0.23518067193748077,0.25829587282046235,0.2382934761918088
0.25923166026008315,0.23497973451280388,0.2578691596730905,0.2382323252692749
0.2593737046011736,0.23479505469745476,0.2574556416167769,0.23816109889782155
0.25952584036406057,0.2346272192923502,0.25703020953537686,0.23809896316852072
0.2596706298736721,0.23447704920741072,0.2566049368639832,0.23801751192269882
0.25981181929289543,0.23434475562961313,0.25619346964674167,0.2379101562172349
0.2599622731680993,0.23420876731572002,0.25579561869851364,0.23780301585164196
0.26011371149464835,0.23407561462502907,0.25539030008515556,0.23770459583209758
0.2602571746539429,0.23396055507716174,0.2549877437848084,0.23760362351373382
0.26040932301231406,0.23386578316912882,0.2545795712255017,0.23749571264375455
0.26056999966963973,0.23379157188012478,0.2541823748541267,0.2373702199207925
0.26072718706131914,0.23373819078247063,0.25378680078005317,0.23721402118253868
0.2608756084054448,0.23370573109248569,0.253407940917315,0.23706711446101925
0.26100742283744405,0.2336942172644504,0.25303029945288186,0.23692955167327526
0.2611391369750167,0.23369869348782996,0.25264964736211004,0.2367743559279979
0.26117366204630565,0.233694670081521,0.25226434463587344,0.23660857928745585
0.26117050039261636,0.2336985189033748,0.25189947621222597,0.23644745908374454
0.2611636466439971,0.23369704916703932,0.25155534444750005,0.23625239295373596
0.26116007356737736,0.23371635520498052,0.25123208752908516,0.2360554896056359
0.26114857085473614,0.23375629529731687,0.2509323606735307,0.2358696885703847
0.26106386204094617,0.23381695783964573,0.25061988561981147,0.23569506722929615
0.26093883647196736,0.2338983644953313,0.25032603782852697,0.23553148585789546
0.26080572793536166,0.23400041367579835,0.2500382397251391,0.23533004500282506
0.2606792377742999,0.2341083703378801,0.24976876001065837,0.2350804977187104
0.2605594228521709,0.23422061279455708,0.24951826418474307,0.2348231943026984
0.26044208443879613,0.2343245009723787,0.24926600347992053,0.23455625014222434
0.2603076498710586,0.23441044951719767,0.24902735326748948,0.23430226582993896
0.26018032161007854,0.23449087617736172,0.2488042897191946,0.23405524207772813
0.26006023320845545,0.23459220372036976,0.24856412655299745,0.2337987044353346
0.2599433492468705,0.23471360388078902,0.24833126235563513,0.23353189304450364
0.2598148076954099,0.23480266130572058,0.24811420545046625,0.23325557350533332
0.2596903848262708,0.23489402634430587,0.24791265965077927,0.2329647412104972
0.2595734165295894,0.23499183904870208,0.24772638037428596,0.23268720451267094
0.2594638832270703,0.23510393374165306,0.24755514266371884,0.23239334015594035
0.2593617085686116,0.23521198785291697,0.24738509572502984,0.23209426723036888
0.259251461919073,0.2353361848143043,0.2472214350156883,0.2318093744003826
0.2591311720763315,0.2354420989081486,0.24707319634056674,0.23153816244767145
0.2589951953102699,0.23556126165159066,0.24694027839184926,0.23127814781983871
0.2588310114239745,0.23567943900943328,0.24680111748178205,0.23103103457208893
0.25866745253578566,0.23579371656056192,0.2466314463511438,0.2307963763215297
0.258508362687105,0.23591845469514167,0.24645789736270104,0.23056392403383724
0.2583567104238888,0.23604461188466783,0.2462659142176638,0.23034507322584047
0.25821248338857766,0.2361828250322742,0.24608615481289306,0.230139855058541
0.25807576780810065,0.23629637730817735,0.24592126563130667,0.22994826544403366
0.25794660661599655,0.23642034433768305,0.245771025535705,0.22977060723466639
0.25782491696986176,0.23652474585958527,0.2456033805965979,0.22958949392015238
0.2577016442955248,0.2366079218682909,0.24542474087457478,0.22938816391887154
0.2575794314713473,0.23664874300224745,0.24523919713142134,0.22918318950012856
0.25745729370066056,0.2366670069098274,0.24505890559608381,0.2289867230220104
0.25734251435235683,0.2366714768610224,0.2448922751450289,0.22877682349536518
0.25723535736762226,0.23667553004332753,0.24473896263535952,0.22858100226270048
0.25713583106190707,0.2366880801890617,0.24459879761665168,0.22839197452774582
0.25703036061836143,0.2367069022747682,0.24446598528682703,0.22820011565194162
0.25692527046559444,0.23671967589818496,0.24431494613544358,0.22801246482470486
0.2568278215714335,0.23673545852079778,0.2441774187482395,0.22782827296549063
0.25673787849276747,0.2367123085919087,0.2440187259957605,0.22761964218138053
0.2566348543897395,0.23665810998139786,0.24385959080629052,0.22738623451947138
0.25653296952733273,0.23660973272055544,0.24369443753862619,0.22716870011084442
0.2564270628902687,0.236567175165394,0.24353749369517072,0.22696699203317827
0.25631478312955547,0.23650807920689704,0.24336502529391232,0.2267534340286291
0.25621076978306867,0.23644918585357888,0.24319443158524703,0.22654946887941185
0.25611507917087006,0.23636886178004918,0.242985399052929,0.22635235720559221
0.2560120037546889,0.2362738778731304,0.24278818956578643,0.22614303412807274
0.25590597640850027,0.2361832706564403,0.24258614961038044,0.22590899275755913
0.25580863579120133,0.23610045287674342,0.2423930952986482,0.22565828065148683
0.2557163475949363,0.2360261428090561,0.2421929917045755,0.22541093356845274
0.255618192606171,0.23593335617944353,0.2420037637105189,0.22512834833078837
0.2555245111301443,0.23579085125754504,0.24182888236278594,0.2248576951128719
0.25539900981704566,0.23562058669239033,0.24166826665840052,0.22458988335103178
0.2552787810473558,0.23540687883972697,0.24151016137594694,0.22432379167963254
0.2551683780543209,0.23515069931213095,0.24134083552986196,0.2240731088393353
0.2550679376123701,0.23489914180008634,0.24116807171669102,0.22383797909663258
0.254965707828343,0.23465702295273214,0.24099878243719006,0.22361864009734092
0.2548656683451799,0.23442458156282964,0.24081813153177162,0.22339047657185493
0.25477604197803944,0.2341648006267576,0.24063510124703943,0.22316944391791502
0.25469685968487554,0.23381423350361075,0.24046448475319226,0.2229657829644826
0.25461840960947085,0.2334676514240716,0.24030292039418508,0.22278000789586394
0.2545382000234066,0.23313383340620952,0.24012477050153783,0.22261246794135206
0.25442828152593927,0.23281396795705792,0.23995710566101267,0.2224631369161719
0.2543225216255678,0.23251011975344188,0.2398013719203058,0.22232801338294889
0.2542297423150552,0.23222368766839976,0.23965048978047385,0.22219933533197295
0.2541374617843296,0.23191542399000384,0.23947377935827135,0.2220885500346733
0.254041556718347,0.23162465517835534,0.23929808914859277,0.2219952453168171
0.2539579527023209,0.2313542332039745,0.23912381571258337,0.22191896168452696
0.25387627958478837,0.23104137875417596,0.23894405747176026,0.22185131078886575
0.2537990919878451,0.2307222444482372,0.2387741025061943,0.2217730141551334
0.2537290162993148,0.23041682204399716,0.23860467409531175,0.22168965116358397
0.2536441767734279,0.2301295635918353,0.23844181227474642,0.22160124043087287
0.2535557369224281,0.22985983282164796,0.2382920878555632,0.22152596019241283
0.25345601040238586,0.22960687968222954,0.23814804265205847,0.22144263240439094
0.2533672503462449,0.22937036635118388,0.2380098051598494,0.2213238066904439
0.25328961792061544,0.2291497785365976,0.237868272827212,0.22121821611541606
0.25322312206565034,0.22894517862478342,0.23774025202785018,0.22111575320665997
0.253167668485835,0.2287570176175724,0.23762743204823614,0.22099197523207706
0.25311204593503883,0.2285856136758896,0.23750939350883965,0.22086605639244344
0.2530376296038148,0.22843051669505435,0.23735997435207865,0.2207416147879047
0.25297203984307093,0.22827518866005092,0.23718898116900394,0.22060341568420533
0.25291714158036527,0.22813307325945323,0.237009729927445,0.2204783529007592
0.25285433936364893,0.2279801492199211,0.23681548689641257,0.22036642714097796
0.25279441279300047,0.22784362543574008,0.23662559241900044,0.2202678736628905
0.2527410374876531,0.2277243992975445,0.23640919307293057,0.22018254999896525
0.2526255935353651,0.2276227098493523,0.2361759726059114,0.22011034569221397
0.25248760877514725,0.2275387540902046,0.23591764414823793,0.22005123268250693
0.2523585535805506,0.22746296099198995,0.23565958483623922,0.220005240600594
0.25222725046723904,0.22740184696204122,0.2354143439408061,0.21997242387256968
0.25209138956180227,0.22734338175152527,0.2351815186580779,0.21995289856292924
0.25193297192898284,0.22724810727866163,0.23496066105431893,0.21994681051698614
0.25175354069730294,0.22716508724076268,0.23475138167050236,0.21995438988804147
0.2515843081313908,0.22710147479070592,0.23455250549176057,0.21997593098346005
0.2514260165896718,0.22703590711930585,0.23436249591114902,0.2199902675380886
0.2512790836926261,0.22693308016198865,0.23415721043237056,0.21998894429179278
0.2511357564155219,0.22681142864543297,0.23392980049211842,0.21999906016774584
0.2509806074056093,0.22670023734409928,0.2336810256521494,0.22002470993625167
0.2508316734120899,0.22661303277478712,0.23341804034402946,0.22006673765223167
0.25069286058726115,0.22654840760298053,0.2331663579759241,0.22010723554562334
0.2505640683085318,0.22648408189881042,0.2329266531844754,0.22014750517445777
0.250439481448195,0.22643638711266179,0.23264919164471468,0.22019591837543892
0.2503096649581179,0.22640419962776082,0.23235182591748685,0.22026203175334363
0.25018955642034707,0.22637066215749865,0.23206824574020515,0.2203319252771342
0.25007906459965257,0.2263115112215613,0.23179986329236804,0.22041877326334197
0.2499780725366371,0.2262344082306765,0.23154813217045192,0.22052311242030304
0.2498741969368714,0.22616813294617594,0.23131415879900313,0.22063149159625284
0.24976246070610902,0.22609050101581737,0.23107056860696848,0.22073640092818483
0.2496586594566324,0.22596250812990346,0.2307850728987281,0.2208261834548956
0.24955128897988035,0.22581755858160132,0.2304931587612358,0.22092947154702786
0.24945303263854232,0.22567772132305527,0.23019421866289108,0.22098328243122722
0.24931652389905776,0.22554369514087153,0.2299136871739258,0.22100842442896212
0.24916762608199,0.22542073613351032,0.22965176751364821,0.2210295177660202
0.24901946626681354,0.2253101673069273,0.22940836097389228,0.2210604192137337
0.24885893747394042,0.22519630901393267,0.22917572135720232,0.22110073145218373
0.24870747976872107,0.225089157956592,0.22893831607347717,0.2211501436909206
0.24856482451500483,0.22498548270456287,0.22871578520161617,0.22120816613550734
0.24840581171858933,0.22485333793546633,0.22848943127317478,0.22127343890983905
0.2482179803371974,0.22471928466786945,0.2282541494881894,0.22134729265755926
0.248024265047308,0.2246018695517455,0.22801095812688554,0.22142944452812732
0.24783836001563533,0.2245017061249088,0.22775993535702493,0.221519603282577
0.247660106409867,0.22439556766749788,0.22749534673423327,0.22160436460830046
0.24748934120657448,0.22427798350440079,0.22724163479907275,0.22167573089323309
0.24730984393115796,0.2241157793769451,0.22700485743324747,0.22175059689394616
0.2471358263873531,0.2239661684537558,0.22678215018036402,0.2218171178716676
0.24697003828961073,0.22382210074363543,0.2265716637073102,0.22185273070533856
0.2467910161730039,0.22369486220648305,0.22637848711522873,0.22189622522313923
0.24659119479226058,0.2235899289569002,0.22614804750356765,0.2219357983515314
0.2463925436914211,0.22350799215557487,0.22591781736030253,0.22197881299872219
0.24617126831341443,0.22344951771734192,0.22567681596258138,0.2220284008939479
0.24595806270566112,0.22339354490486948,0.22541044679190006,0.22208462197426665
0.24575294273702775,0.2233395803707628,0.225156182174517,0.22214754272157453
0.24555592548386884,0.22326439314776297,0.22490125976568576,0.2221717221393518
0.24536691445278577,0.2232046107007502,0.22465192717757415,0.22219904118823802
0.24517369201755218,0.22316752025793044,0.22441303829836595,0.22223388969381636
0.24494616878788666,0.2231524072229825,0.2241682867286592,0.22227665252605178
0.2447162684985845,0.22315857568037953,0.2239402431146218,0.22231281761770916
0.2444891949801637,0.2231678073170849,0.22371015530027197,0.22234984760001592
0.24424017523559352,0.2231852512592021,0.22349211860662202,0.22239464360337316
0.24399564961027348,0.2232189682837812,0.22328963627911752,0.22243488328328095
0.24375886543069158,0.22323667740730557,0.22306736528078872,0.22247566155166446
0.2434979885682518,0.22327280687766002,0.2228354207130649,0.22249200546409134
0.24324072811356715,0.2233122396640633,0.2226038152884139,0.2225054022071574
0.2429803561072625,0.22335100354607487,0.22237433957932087,0.2225162286824308
0.2427246179670956,0.22340677821764512,0.22215232740140575,0.22248981043124083
0.24246923072990978,0.22347918761423283,0.22193914150632396,0.2223959696970811
0.24218522193286304,0.22354312831988574,0.22174020530042626,0.22228024076778477
0.24188593527261265,0.22362312865248285,0.2215552875637681,0.22215270407740195
0.2415800130038846,0.22371705425511149,0.22138430166562556,0.2220102176749695
0.2412586937123018,0.22382504081546095,0.2212270768429481,0.22187678569558572
0.2409432431850561,0.2239494211395202,0.22106399018583542,0.2217524622167468
0.24060543700639933,0.22407544326553108,0.22087667638380049,0.22163723822755815
0.2402710177287617,0.22421481193475504,0.2207036903109433,0.22152700813844667
0.23994815734136435,0.22436896855673505,0.2205075816251692,0.2214078361645138
0.23962896807517203,0.22453853956059455,0.22031734189060612,0.22129689356016954
0.23930954206012905,0.22472330631544982,0.22011861374654143,0.2211837714344049
0.23900264467765336,0.22491052150665006,0.21991756083015113,0.2210344065848
0.23870847630683914,0.2250999302625364,0.219729818572847,0.22089238892516513
0.23842737801476663,0.22527110465541023,0.21954841053004678,0.22075781765484517
0.23815975635735803,0.22544175652467363,0.2193434825155377,0.22063067755259108
0.2379056316973493,0.2256241802773708,0.2191311275081245,0.2205114720928476
0.23766364971755624,0.22580239103942595,0.2189103066438503,0.2204005009771522
0.23743122393866278,0.2259767623062745,0.21870220892338005,0.22029822678998856
0.23720977557129408,0.226163299689412,0.21850695819007016,0.22019374313030643
0.23700244374823065,0.22635860635202174,0.21832486316881736,0.2200973897202868
0.23680939318779715,0.22653834748328383,0.21815630312044373,0.22000982516175602
0.23662922710731749,0.22669466106226693,0.21800168392878003,0.21993090412614566
0.23646210833688844,0.2268565950677376,0.21785008780354154,0.21982784266122185
0.23630882806376113,0.2270283802033072,0.2177138725304064,0.21973356890965692
0.23616896231387183,0.22720936415332452,0.21756224135939228,0.21964826333737317
0.23603053516429792,0.22739885834062118,0.21740245359289065,0.21957192222587418
0.2358427493997127,0.22759631829211804,0.2172844581800339,0.21950454141672385
0.23566087269643382,0.2278012838423323,0.2172020045777012,0.21943695524070073
0.2354916779091264,0.2280134075424739,0.2171452771321199,0.21934733815067234
0.23531922868256608,0.22822536966980633,0.2171091118002448,0.21926682407970013
0.23512725894144698,0.2284239576783608,0.2170723400564755,0.21917999222399215
0.23493275474097788,0.22862021195077045,0.2170377361037885,0.21908695771708797
0.23470514240526838,0.2288204813359752,0.2170030215392791,0.21899171300775083
0.2344615704853252,0.2290244717175929,0.2169499688106356,0.21890569027614842
0.23423243207187117,0.2292299731034022,0.216902521991007,0.21881597278336312
0.23401852151312938,0.22942878609103157,0.2168706711846059,0.21873582584495463
0.23380933592803202,0.2295761796893193,0.21685435993974797,0.21866068497159236
0.233579724889772,0.22967436483748652,0.21685330655045032,0.2185701015987274
0.23333730858076343,0.22975909202785438,0.21686722854945764,0.21847409605034923
0.23310874741149398,0.22982822179028722,0.21682801013114275,0.21838820210671808
0.23288295840039946,0.229862223950395,0.21677167180834558,0.21829732483529274
0.2326482805372949,0.22989940579943116,0.21673006975516565,0.21820229098520705
0.23242166970339612,0.2299397260734114,0.21670327578898793,0.2181181607504697
0.23219852727288096,0.22994772497201393,0.2166594697188658,0.21804328172532256
0.2319598595285313,0.22991482118220985,0.21662926960343384,0.2179742739761416
0.23172194184609038,0.22987837229843944,0.21658007863182538,0.21791698782287136
0.2314983545199967,0.22982316562916538,0.21654332940643495,0.21787129507076664
0.2312887370329567,0.22977187093466864,0.21652061385101717,0.21781943319267458
0.231087491841966,0.2297173192385642,0.21651177749871095,0.21777621450970763
0.23086488492414783,0.22966440219811868,0.21651664832835518,0.2177330774910264
0.23064935785811597,0.22960882457336004,0.2165350417721559,0.21766363341383563
0.2304494229161821,0.2295578647904783,0.2165668812484231,0.21758970590229004
0.23024878207907118,0.22951164821290815,0.21661255513404512,0.21750000864317595
0.23001451143990206,0.22945373715111772,0.216672401004605,0.21741665676069888
0.22979023856150468,0.22937510540199374,0.21674678182156334,0.2173449240915334
0.22957952345477323,0.22928272835123814,0.21682610278085662,0.21728464197088695
0.22937706729193486,0.2291942435289374,0.21690971872756515,0.21722888327942083
0.22919018960822723,0.229104604169684,0.216977691706823,0.21716915194109124
0.22901825754309116,0.22901998049893085,0.21705894335757855,0.2170568282391113
0.22886129173547037,0.22893954676996206,0.21715364103446488,0.21693944986091748
0.22871946504313456,0.22886302061902658,0.21725474959093613,0.2168194855700917
0.22859288682170895,0.22876451952523358,0.21736255593645576,0.21667116454372756
0.22845909830754926,0.22866826690530653,0.21743570662363174,0.21650119589483274
0.22833663210539878,0.22857828268721112,0.21751541086952156,0.21631525751046685
0.22820394811149647,0.22849437628038644,0.2175984083682115,0.2161287648353284
0.22807077938517437,0.22841605642623364,0.21766227484781034,0.2159443615002776
0.22794905217463776,0.22832058705417604,0.2177391665401852,0.21576955265731615
0.22784519309777945,0.22823102918476948,0.21781804881121064,0.21560429633681827
0.22775055376418085,0.22814774145055103,0.21788832738577932,0.21544396968359003
0.22765913868866414,0.2280525310797765,0.2179706422590835,0.21524483783502135
0.22755801347806132,0.22793473584697954,0.2180473878067356,0.21505416013745987
0.22744807181902232,0.22782410658406055,0.21812040594588225,0.2148717990033653
0.22730668904467838,0.22772064814257484,0.21816119496836728,0.21469760295394597
0.22717662604559608,0.22761541103697688,0.21820634601633618,0.2145314038875653
0.22705743895288966,0.2275183493407675,0.21825662661518777,0.21432156052041507
0.22693569245683126,0.22742438133112525,0.2183185842008864,0.21409979598273232
0.22683332636080722,0.22731117650897523,0.21839208891491368,0.21387979597940565
0.2267501879077077,0.22720449244920218,0.21847697620855291,0.21366703614596394
0.22667941907045805,0.22710148930775292,0.21855274906342306,0.2134621440982677
0.22660149778240815,0.22700301816416174,0.2186217661243469,0.2132652243519238
0.22652069522508358,0.22691337439781784,0.21869433948664369,0.2130550684673673
0.22641348971834138,0.22682533841605207,0.2187571209921637,0.2128502603873708
0.22630917684109245,0.2267466066436767,0.21883106325667628,0.21265288691882006
0.22620337478044938,0.22667717034270843,0.21891590896625104,0.21241177910335907
0.22608665792494764,0.2266167350229584,0.2190114860142655,0.21216261018797908
0.2259898536427028,0.22655671367377803,0.2191176279349478,0.2119017156029026
0.22590634153222658,0.2265047374867787,0.21923454939753992,0.21162354254270993
0.2258067804934063,0.22644510244321503,0.2193523897256265,0.21134845837293142
0.22570177323668233,0.22638192292826928,0.21947855216402298,0.21107354046224533
0.22556718020715233,0.22632592815927463,0.21961570711715483,0.21079502193224622
0.22539301722804234,0.22627684010785246,0.21973691138776139,0.21052229529482067
0.2252191995597121,0.22623438535714238,0.2198667870462383,0.21025748382861914
0.22505702605099157,0.22619870104376957,0.22000711646385987,0.20998187377721828
0.2248869651658486,0.22615324885399515,0.22015763625938178,0.2096787763238136
0.22473351375344872,0.2260821081187244,0.22027385132787106,0.20938032481093452
0.22458679996425823,0.22601080732155548,0.22035918127586449,0.20907334449639406
0.22445207844745485,0.22593886764085988,0.22042392859010132,0.20876794034403848
0.2243183494242991,0.22586780528813702,0.22049848359961183,0.20847223371210127
0.22417339340430967,0.2257931516619455,0.22057321945486863,0.2081868317683425
0.2240364286048375,0.22572468822007874,0.22063209991270458,0.2079124977963548
0.22389337842253912,0.22566240967512624,0.22066410329363187,0.20765057232613288
0.2237602118137493,0.22560642336600645,0.2206881479892257,0.20739976900642076
0.22363044771295035,0.22555236466266115,0.22070734219503454,0.20715879810910537
0.22350021468493542,0.22548226087297585,0.22070977678026693,0.2069383130191268
0.22337605431921306,0.22541902044470827,0.22068511463684728,0.20671906231612522
0.22326368763779725,0.2253530138654755,0.22062923148583796,0.20651248214032247
0.22316378601306572,0.22529100164563207,0.22056563262357823,0.20632413681063508
0.22305025184947716,0.2252370535533408,0.22046669938865102,0.2061523522997492
0.2229346499443319,0.22518386041835065,0.2203743615207568,0.20598121396395072
0.22283372709564697,0.225116917189951,0.22029082840469097,0.20582083139104485
0.22274905116691593,0.2250336891581046,0.22021604083988822,0.20566498696028634
0.22268084614154202,0.22495019484043183,0.22015028210068255,0.20551265427107457
0.2226289722240367,0.224872641177639,0.2200912243735034,0.20536084741001773
0.222593125576401,0.22476451186514937,0.21999887985869251,0.20521836394427434
0.22257328972070212,0.22465632352728143,0.21989662764487072,0.20507189188188424
0.22256305076792304,0.22455411918919213,0.21980278532753686,0.2049235590832895
0.2225393723337859,0.22445735532032585,0.2197049925905824,0.2047795992670126
0.22251333454532815,0.22436098885252967,0.2196098291228417,0.2046282212008783
0.2225022888799627,0.22427100564932204,0.2195224147981888,0.2044643477777276
0.22250689711770888,0.22416744450772783,0.21940915371133868,0.20431133652883446
0.22252735822799086,0.22407217072641888,0.2193048654570048,0.2041700319332137
0.22256375668978154,0.22398799830038363,0.2192095779311939,0.20404078464493963
0.22261569423097707,0.22391145839476245,0.21912349209528104,0.2039187364710049
0.22268117924648498,0.22382074771332502,0.21904679456293955,0.20378419806538794
0.22276073036728358,0.22373892764134573,0.21897960644199435,0.20365961853191558
0.22285471482918046,0.2236656846628955,0.21892200400380088,0.2035525419129084
0.2229422110742243,0.22359294963803827,0.21887408861966973,0.20346559328346916
0.22301268239833064,0.22351925862499922,0.21883597070481298,0.2034020603117504
0.2230934786222171,0.2234176528015353,0.21880767069953666,0.20336522501745263
0.22315862519576946,0.22331881898243872,0.2187889436638281,0.20335741380041977
0.22323877359553052,0.22319700565579026,0.21876087136858272,0.20336750496429776
0.22332387803730655,0.2230757731643986,0.21873227553228344,0.20340935501677992
0.22338149547053632,0.2229469524508159,0.21870294766986864,0.20348549042644862
0.22343475628740173,0.22282729008001645,0.21866337097359767,0.20357766784996797
0.22349188078992868,0.22272239835169194,0.2186128421014293,0.2036766542442325
0.2235553853011451,0.22261449829593916,0.21857312159513076,0.20377349278886733
0.22360723932908358,0.2224796832455983,0.21854402079077528,0.20387367732848194
0.223672153864707,0.22235535951477106,0.21851243754026942,0.20398544679066458
0.22374571571776994,0.22223057124447268,0.21847535596234346,0.20409476627446047
0.22382906194577018,0.22209789400478347,0.21841618370098279,0.2042045075514741
0.2238872273141407,0.22197796212573362,0.21832578053027704,0.20432312696103763
0.22395574220359404,0.22187109727209084,0.21822510958698974,0.20445043718170802
0.22401862866826355,0.22177751346325877,0.21812255548268805,0.20458637383293302
0.22407077315054086,0.22167099506442253,0.21798172585536923,0.2047073908270914
0.22413322223588122,0.2215761066012505,0.21783398866214734,0.20480137398890988
0.2242053848158667,0.2214945253652588,0.2176766087234654,0.20490374730775862
0.22428712450546656,0.22139947546651015,0.2175063852711503,0.20498742214478877
0.22437840138476087,0.22131327553879157,0.21734468915280336,0.20504070641916794
0.22447892627550206,0.22123981006767782,0.21719213703002438,0.2050992719990357
0.22458313930804835,0.22117151938109458,0.2170487376650608,0.20515736225895886
0.22468329281484326,0.22111364632284394,0.21691466645138519,0.20521677076429015
0.22479297272911275,0.22106871300136122,0.21678996113965432,0.205280498482323
0.2249115801544686,0.2210365379602532,0.21664041035069675,0.20531924811709115
0.22503825854941614,0.22101698245957974,0.2164558004832768,0.20531916425123317
0.22515024989697896,0.2210096512784032,0.21626431765131846,0.20532018214505057
0.22525830344372558,0.2210123240963895,0.2160648266912818,0.20529454034727856
0.22537093374432055,0.22097855085670987,0.21587454792633806,0.20527454540057413
0.22548778683695525,0.22094811315286797,0.21569355862462639,0.20524811548284727
0.22561309330365986,0.22092977882226197,0.215522086706606,0.20523247599102434
0.2257321695086173,0.22092439677948902,0.21533770634784166,0.20521141183590852
0.2258205048655303,0.22093165851048177,0.21514438411856399,0.2051822619544311
0.22591108398149584,0.22094943703430672,0.21496063320510006,0.2051539406616434
0.22601141402096625,0.22097575025172891,0.2147826637348149,0.20512330890929154
0.22611325475752359,0.22100864798452538,0.2146038367564534,0.20509316715300127
0.22619111830967573,0.22104070243482757,0.21441114017071122,0.20505714768971983
0.22623086570994955,0.2210765522256859,0.2142303984098477,0.20502526306535404
0.2262513550599757,0.22112120621031747,0.2140559920339308,0.20498911493305702
0.22622935990496282,0.2211743532606285,0.21388773821205703,0.20493664600744763
0.22617655445863588,0.22122839948296893,0.21372960288164428,0.20487965347030582
0.22611746229279323,0.22125790237096488,0.2135774482682222,0.20483122224072822
0.226042745750547,0.22129670392725878,0.21342424427238688,0.20477972587847704
0.22594994175473154,0.22134472023160945,0.2132756137796122,0.2047246069134676
0.22586274289462085,0.2214018178314141,0.21310675374861066,0.2046659903494906
0.22578837411634187,0.22146769779261039,0.21295326858890284,0.20458800554680281
0.2257171179187064,0.2215421193125463,0.21282166499514374,0.20452159095280148
0.22565942987420812,0.22160473572437894,0.21271482125519547,0.204467073523493
0.22561521403334572,0.2216523396295097,0.2126366127612592,0.2044094091605082
0.22558438990537785,0.22170740455168148,0.21259180992949467,0.20435912436601864
0.22556735075994797,0.22176976532455117,0.21255398415951782,0.20429851702141963
0.22553684592277853,0.2218362556785639,0.2125352679654169,0.20424117385291204
0.22551173234101707,0.22189347909807652,0.2125461680786877,0.20418712931207306
0.2254989565705391,0.2219423536743668,0.2125817986412116,0.2041384743964365
0.2254919029716051,0.2219932877740372,0.2126392558212487,0.20408703907671039
0.22548700471191116,0.22202291912824318,0.21269835540789273,0.20400170550280536
0.22549345924631783,0.22205490533611577,0.21277190525377324,0.20390567726466158
0.2255010276284485,0.22208931764391235,0.21286192959206557,0.20380937122630688
0.22551741563985866,0.22213000402694694,0.21296746661081747,0.20372873012536855
0.22551816313057782,0.2221766106083677,0.21308591504583516,0.203665751569107
0.22551838481051326,0.2222052434030105,0.2132125368093006,0.20359046986524718
0.2255299556877669,0.22223796529017442,0.21335249408875331,0.20349132392753122
0.22555325329127066,0.2222778952502227,0.21350576855252532,0.20339514988957422
0.225584310938428,0.22231421360906037,0.2136689155960167,0.20328136669646646
0.22557226834195682,0.22233695376057397,0.21383163596553348,0.20317447254500873
0.22555012299064076,0.2223614440908395,0.2140068142719297,0.20307471150047426
0.22547836291177853,0.22239172276376049,0.21419461496524975,0.20292415048972492
0.22541181316426087,0.2224297676004317,0.21439434383819708,0.20276126106444636
0.22535506904308295,0.22247555163382615,0.21460514717605023,0.20258257981597325
0.2253080622818789,0.22252901984646686,0.21482692394212313,0.20238881281942647
0.22527098399577553,0.22258637314678278,0.21505776581943947,0.20215573807435988
0.22523973113673484,0.2226302963643917,0.21526924623016477,0.20192938804665134
0.22521862874392742,0.2226798313425002,0.21547813523577616,0.2017101695247395
0.2251642618428892,0.22272485830233685,0.21569733692115137,0.2014995107708868
0.22509685949763117,0.22273549081753996,0.2159149817687652,0.20130106485411503
0.2250337835017474,0.22274226441812892,0.21612541593251727,0.20110738983778828
0.2249796574896692,0.2227279967869635,0.21633340378333796,0.20090489603013748
0.22493152014982254,0.2226725612501951,0.2165494937087261,0.20070991313919412
0.2248919139987025,0.22262441491278748,0.21677356734279696,0.2005015165904784
0.22482787324085687,0.22254941055322178,0.21697822822800858,0.20030180207201423
0.22474932498654895,0.22244757635450477,0.21711674025686709,0.2000974337929573
0.2246846587795254,0.22234592208646928,0.2171990898973237,0.19987009672937397
0.22463734341720848,0.2222531446900063,0.21724368158049326,0.19962698387166583
0.224605063914146,0.22216948978259732,0.21727525136423698,0.1993975517406791
0.22458569397636974,0.22209533041457907,0.21726399616643643,0.1991705141293588
0.22457733044758563,0.22201938619694414,0.21725980354600502,0.198955377527121
0.22456837012705907,0.22194945849159528,0.21726269204569632,0.1987536150578053
0.22456052766656684,0.22185770272542052,0.21726144815585513,0.19856537006944047
0.2245534941294579,0.22177214134805237,0.21726020894205256,0.19837885419340587
0.224541979742976,0.22168001475385166,0.21726222118188004,0.19820483471061917
0.22452070351261383,0.221587727585949,0.21725095304419187,0.19804478491740224
0.22449274120145482,0.2215087565874712,0.21724384643653954,0.19789893685732218
0.2244682649021216,0.22144341288728814,0.217241978753899,0.19775035970730787
0.2244493784414853,0.2213922257367873,0.21724100174850602,0.19760729496802842
0.22443612158627246,0.22135591678655797,0.21720799046953712,0.19747794668591315
0.22442884825008444,0.2213147439064508,0.2171209095635803,0.19734664106288474
0.22439915840165053,0.221275688018585,0.21701897927234082,0.19722837819801886
0.22436515955768155,0.22122470813653913,0.2169163814303048,0.19711380920863208
0.22431714075399076,0.2211854913554393,0.21682100746084798,0.19694634335709324
0.22427562033823922,0.2211579351692555,0.21670991604647213,0.1967822372099032
0.22423645831605094,0.22109587740036207,0.21657748447064212,0.19660495085650137
0.2241974235138312,0.2210284310902559,0.2164044125388848,0.19643650980928176
0.2241576362582224,0.2209520923934909,0.21622880530468638,0.19627366012700115
0.22412128146915897,0.2208888643083508,0.21606409812468783,0.1961247146301308
0.22408365878342448,0.22083933846827702,0.2159106796694146,0.19598990639741562
0.22401555906040344,0.22075138551077633,0.21575751954281855,0.19584656796547917
0.2239423466979294,0.22066678243165655,0.21557747045443992,0.19571606972211253
0.22383691469331338,0.2205563720573762,0.2154015675172145,0.19559986549766872
0.22371597697219706,0.22045483300184315,0.21523250396069207,0.19547397446025708
0.22359965953121017,0.22036985769076664,0.21507640912930032,0.1953108584521992
0.22348653035315494,0.22029415937366909,0.21493362944392172,0.19516068729773678
0.22337238415790808,0.2202135834217383,0.21480453984041728,0.19502475449132334
0.22326331394669022,0.22013216754520468,0.2146784846223293,0.19490332045456604
0.22315011699111958,0.22005867048414302,0.21456243585420634,0.19479650954415006
0.22302187483289837,0.21999396814886382,0.21446081906907088,0.194703517956658
0.22289825239168742,0.21993828094895396,0.21436928662688032,0.19460741087928266
0.22277678092551462,0.21988562092051722,0.21426899234404168,0.19452400982944376
0.22263826743147383,0.2198461946536054,0.21416095223586826,0.19445365841544887
0.22249378405256223,0.21981363295644069,0.21404694416063466,0.19437262984843326
0.22231221376631422,0.21978334499552749,0.21394717239737165,0.19429589628780153
0.22213703575502272,0.21976546784771345,0.21386278688934915,0.19422277112088357
0.22196734951950428,0.21975674458892613,0.21379360436751627,0.1941582471100836
0.22178903983820425,0.21971862578184878,0.21373958772513826,0.194066904291609
0.22160057440057707,0.21964965899236982,0.21370106922258283,0.19398410462622612
0.22141343972405242,0.2195702773550802,0.2136781181607564,0.19391445936852222
0.22121472537036607,0.21947287060120582,0.21363474677706787,0.19385879212544338
0.22102423594097215,0.21936267287183817,0.21359679394517617,0.19381694442591202
0.22082387282533994,0.21925373562073147,0.21357500172455268,0.19378895459928647
0.2205871419369405,0.21914845712548306,0.2135596302315362,0.19377485671045322
0.22035277596466007,0.2190549491135243,0.21352965166752355,0.19375817736237352
0.22011740650117376,0.21897168601129408,0.2134958379021895,0.19374291029389532
0.21988947016358992,0.21890061494068316,0.21347244981419405,0.19370353837277318
0.2196700184921011,0.2188386948243493,0.21346400588704278,0.19365641971996453
0.21944141790428973,0.21876665545491375,0.21344465551346709,0.1935900880084409
0.2192198464598303,0.2187075630639132,0.2134229223670879,0.1935276196614422
0.21900906226364825,0.2186612340159868,0.21338611666781776,0.19347767340432964
0.21879834762140843,0.21861866719002537,0.21332810532215526,0.1934219566878065
0.21859520152334258,0.21856034784185205,0.21328008905824053,0.19329147166472702
0.21840371044937196,0.2184850692066268,0.2132442846558594,0.19316476569215843
0.2182235726273253,0.21841630696114042,0.21314593712938915,0.19305043134015876
0.2180552266970423,0.21835813247631713,0.2130173083264062,0.1929382300702355
0.2178964359523915,0.21831255131021288,0.21287094511586702,0.19280710046510927
0.21765964265510168,0.2182798324336122,0.21273245331806948,0.19268083639723335
0.21743114287973486,0.218259888815513,0.21260725127424035,0.1925644730201641
0.21721382008957335,0.2182524667560712,0.212482312919975,0.1924168147407633
0.2170081445577765,0.21825490831311486,0.21231305727306263,0.19224048267738617
0.21679938046157599,0.21824558031142607,0.21215498526470333,0.1920618006193451
0.2165824924075071,0.21824814862437783,0.21201098963204357,0.1918953939843086
0.21630596576648004,0.21826236768148735,0.21188057782071723,0.19174146075735846
0.2160394908595156,0.21827416865869204,0.21176345471671099,0.1916004956559537
0.21575191955307538,0.218280678582414,0.21165715346905686,0.19146128632823786
0.21546914737481337,0.21829804885579968,0.21155113322221283,0.19132325669339575
0.21519739133009655,0.21831957713515066,0.2114186684598793,0.19119885751425886
0.2149222628336917,0.21834521144117136,0.2112992703575507,0.19108823031171032
0.21463431911435107,0.2183422664452507,0.21119243710614743,0.19097305238494752
0.21435412846636592,0.21834517020898445,0.21109757231675855,0.1908549045566215
0.2140856577040682,0.21835942721097862,0.21100027338626454,0.19070028062705816
0.21382567039021008,0.21836056863427403,0.21089337972707997,0.1905134474219886
0.2135688386828752,0.21835878019576282,0.2107855649826728,0.19033986135199057
0.21331335628727438,0.21836795514947213,0.2106658440571234,0.19018148079182728
0.2130638639164593,0.21838783972100398,0.21055669217243989,0.19003353856520275
0.2128017398083143,0.2183914965398105,0.21045806118518645,0.18987873603055697
0.2125073956198411,0.21833340809247198,0.2103699585114752,0.1896958492196938
0.21219296441695007,0.21822965674385775,0.21029239862087093,0.18951320756931925
0.21188072797481233,0.21812671575352702,0.2102250463075891,0.18933065520276163
0.21157914064528058,0.21801638986592445,0.21016765879115734,0.18912288497489105
0.21128244046694902,0.21790863442875633,0.2100603816299794,0.18888785323739532
0.21098841027561238,0.2177617008458712,0.20993687831714553,0.1886723315695803
0.21070364871928404,0.21762839638819448,0.20982251078217173,0.18847713049286413
0.21042799537521495,0.21745666193840957,0.20971718552891935,0.1883034053060511
0.21015115626638967,0.21727553718452794,0.20961343302051347,0.18812360535469597
0.20986339191612133,0.21711253165689645,0.20947531274565442,0.18796620495539648
0.209582878277843,0.21694967560011627,0.20934196980448558,0.18782670346318134
0.209310695828441,0.21679004138871807,0.20921910047608733,0.1876723777751016
0.2090348619896962,0.21664563889617758,0.20910680256343966,0.1875407872275529
0.20875604920612725,0.21649714103543544,0.2089999689412955,0.1874308451461064
0.20846324417551798,0.21634664078241653,0.20889713054806777,0.18733822424314167
0.20816046181790335,0.21619312373742341,0.2088049439776115,0.18724460687824646
0.2078590176860548,0.21604174543988475,0.20869341669359923,0.18716925993556718
0.20756573776863907,0.21589596203967576,0.2085718644650691,0.18709946151254864
0.20727996701010634,0.21572966231192695,0.20844639358733066,0.18704571628757047
0.20700140369935,0.21553117225380852,0.20830521497469326,0.18700777420069478
0.206729857777806,0.21529871236457943,0.20815344470985342,0.18698526977938026
0.20645077607604778,0.21504321834603674,0.20800980090431065,0.18697781801394522
0.2061675116057089,0.21479615120665216,0.2078831870537026,0.18698339246311632
0.20587386777127709,0.21455777469096876,0.20777415371832197,0.1870039192918435
0.20557620644327954,0.21431941972110238,0.20768250627961887,0.1870392443099988
0.2052812334288463,0.21408824833038337,0.20759278391589253,0.18708846805330853
0.20499220019337913,0.21386431930729835,0.2075204071086265,0.1871473655162415
0.20470889000061246,0.2136299995396606,0.20745257755184413,0.18722080363121857
0.2044310298815562,0.2133859113743561,0.2073291631223138,0.18730803398718682
0.20415902232036187,0.21312953367916207,0.20721159717313,0.18738782698673753
0.2038928486872235,0.2128719578541719,0.2070886099599469,0.18747028348506947
0.2036323962256044,0.2126001343473789,0.2069435044171931,0.1875652857754685
0.20336957679764542,0.21233946462371756,0.20674741968962732,0.18767195362291772
0.20311045086584179,0.21208985618617163,0.20655911313241163,0.18778955429534844
0.20283544509657642,0.21185107218269095,0.20635991887871086,0.18791745001558383
0.20253741091736135,0.2116228526747982,0.20613999091022223,0.18805496769996347
0.20222072195038354,0.21139900258238828,0.20590372320653397,0.18820166547732328
0.20190407991987627,0.21115774438441545,0.20568191567306793,0.18835710444488005
0.20157063921229199,0.21090004407871749,0.2054756201909069,0.18852054628060622
0.201239378447906,0.21061612009446345,0.20525878019399657,0.18868124662521019
0.20088177285505845,0.21033951623292485,0.20504965368836717,0.18883078114154933
0.2004935880128438,0.2100728113831721,0.20483749309651927,0.18896367474683584
0.2000975036059727,0.20978340171017773,0.20463871519396132,0.189087366254129
0.19970729355668732,0.20949015546292826,0.20442916251972965,0.1892092497502356
0.19932302230016907,0.20920808610006808,0.20422709044610599,0.18931858844858876
0.19894475414754048,0.20893709542587818,0.2040181059930721,0.1894350973637211
0.1985729442122796,0.20867706070635836,0.20379349872405034,0.18952782502245757
0.19819972358262447,0.20841786451014616,0.20358976952229452,0.18962570220059302
0.19780671114960036,0.2081541349549173,0.20340833621256046,0.18971562889759194
0.19741683872682939,0.2078873822987294,0.20323060535125292,0.18979122580555416
0.19705977895725618,0.20760841022226792,0.20305270841988435,0.18987368167741972
0.19677842537947757,0.20734054419632694,0.20289370166270373,0.18996183503624983
0.19650695149477174,0.20705630168609113,0.20273361156002317,0.19004751454983926
0.19624546220269404,0.20677777768830252,0.20259064663349824,0.1901201036807501
0.19599338448825254,0.20650972409061297,0.2024435403783717,0.19019734982436187
0.19574802577223946,0.20623810172267837,0.20229366084895464,0.19028386013787774
0.19550168156896267,0.20593925287534087,0.20214782333054335,0.19037997432683754
0.1952707443794652,0.20564974277756945,0.2020050675849756,0.1904685007799743
0.19508529667374197,0.20534935821609904,0.20182626102445986,0.19054083834727475
0.19492606008900687,0.2050298042111281,0.2016100372655556,0.1906100717634767
0.19477436485206837,0.20469853555099415,0.2013978860174018,0.1906761239394423
0.1946167486967822,0.204360991587483,0.2011261638599273,0.19073950049469524
0.19444946654789635,0.20403241387905655,0.2008406905830949,0.19080019917234087
0.19429217367789856,0.203697500148387,0.2005285548956073,0.19087201589312627
0.19411573554591577,0.20337716499908332,0.20020014867437497,0.1909547814230384
0.1939228278352628,0.20306573070494338,0.199814825083836,0.19104854660931303
0.19370794600472813,0.20276743675622783,0.19943876109537814,0.1911502980123677
0.1934654347260395,0.20249260987632117,0.1990630633353606,0.19125314989712783
0.19322533660589486,0.20224926004669935,0.1986882430261711,0.1913660880750404
0.19297758153452907,0.20204334810738023,0.19830207076896997,0.19147235040407692
0.19273242103626234,0.20185507847163564,0.19789795533435725,0.19156978748688214
0.1924986630749358,0.20165021882913872,0.19747006146547072,0.19167877998628502
0.19227688504136317,0.2014344450344267,0.19700980036209437,0.1917998802598975
0.1920671543902872,0.20124267323239922,0.1965597875806726,0.1919049357211654
0.1918696571169518,0.20107466917577527,0.196091076778421,0.19201159629109094
0.19168403825770353,0.20092937664191812,0.1956349961076761,0.19211366443371486
0.19149835820443467,0.20080529486243864,0.19519196934672592,0.19221654048473324
0.1912998413684037,0.20069759581387758,0.19470702975914306,0.19231763329794496
0.19109976750350807,0.20060486538414557,0.19417863466618793,0.19239559195716383
0.19091513971669427,0.2005300949619253,0.19361225365640056,0.1924738131368071
0.1907209928487558,0.20048260969080722,0.19306068661990625,0.19254283002913372
0.19052512197220017,0.20053514153592403,0.19252495752375065,0.1925829454023567
0.19032330043868895,0.2006122716783402,0.19200597084863372,0.19262150542035258
0.1901202607892419,0.20067451489505153,0.1915044150791173,0.1926692910581192
0.18992997819972524,0.20073191306467383,0.1910206964932828,0.19272634564805227
0.1897433954114433,0.20079581067952645,0.19055529106397784,0.19276771704322226
0.1895493160350593,0.20084501459750498,0.19010856131882833,0.1928145651735749
0.18936080206205838,0.20088761028443936,0.1896814521918212,0.19287096550655514
0.18918116776324403,0.20094067159140608,0.18927516791206137,0.1929255098679831
0.18901704898659313,0.20100185266619203,0.18889066045051844,0.19296190287134848
0.1888644845424622,0.2010218428175409,0.1885293304001943,0.19298650311814666
0.1887247309896742,0.20105663695700798,0.18819272179240276,0.19302090443725212
0.18859915195768115,0.20110626827985967,0.18787783149141724,0.19306561876169376
0.18848789754981154,0.20117060382793536,0.1875861363797798,0.19310652998836494
0.18836368238299028,0.20124965974775522,0.18732431663631113,0.19314257640469498
0.18824359251437564,0.20134338019952713,0.1870800186419293,0.19316363262831504
0.18813264628799722,0.20145030418267368,0.18685253042914104,0.19315939669530308
0.18795725682872608,0.20155886245217935,0.18662757791167728,0.1931539037005465
0.18779663447436676,0.20167687265641304,0.18642694042945923,0.19314706480791732
0.18765164494761816,0.20180008985514264,0.18625540625451198,0.19311193950885014
0.18752294551130327,0.20191864155638017,0.18610042659544832,0.19306817931223222
0.18740938036584828,0.20198465849486522,0.18594160312606775,0.1930349091215615
0.1873071009334284,0.20202409391383636,0.1857848294895221,0.19299975976228737
0.18721386425291164,0.20206937950610132,0.18557590526206633,0.19296737267720565
0.18711478331487957,0.20211834818464275,0.18532108646407155,0.19293882079958635
0.18702003241118884,0.2021285932795505,0.18506124880249625,0.19291830831385826
0.1869398323052093,0.20210436035292442,0.18479599607678998,0.1928835488183525
0.1868775709188205,0.2020913771736334,0.1845494067647726,0.19285219307569007
0.18683348868689545,0.2020548306313992,0.184321129614976,0.19283117595584323
0.18680786975237315,0.20199686112059678,0.1841104499438826,0.1928208192438803
0.18680110035039324,0.20194186876542994,0.18390934449364163,0.19282123315842845
0.18681351594716428,0.20185408720118914,0.18367322166045774,0.1928180946571771
0.1868444999545866,0.20173966412172992,0.18345497243690534,0.1927852475771422
0.18686943739351114,0.20161519818194243,0.18324187390409447,0.19274407603779634
0.1869105742429064,0.20150234772405928,0.18300350387358613,0.19270481260336098
0.18697319644149996,0.20140128087105658,0.18275922112050097,0.19267592525481053
0.18705672073628143,0.20128628839303886,0.1825084638997158,0.1926572968643141
0.1871602473952957,0.20115736777446597,0.1822641059677603,0.19264883287414392
0.18728363848316612,0.20103278578165434,0.1819961774847925,0.19263750108497046
0.18741177157155142,0.20088928299936,0.1817275522275159,0.19262569719221126
0.18749582044471158,0.20075136053218667,0.18144844558253026,0.19262213120210744
0.18758553825443636,0.20061746975023909,0.18117281377789543,0.19262720057988417
0.1876925106044979,0.20047941336916952,0.1809103714211343,0.19264178028128204
0.18781594681308864,0.20032018274809604,0.1806452879119498,0.19266047337617082
0.1879508878440403,0.20017019805260095,0.18038258772595156,0.19268589096333918
0.18808997177488798,0.20003920707589135,0.18010759244325072,0.1927177465469495
0.18821834753936809,0.19992176494428285,0.17980994767043001,0.19274679195541058
0.1883603246195289,0.1998174234974087,0.17951332998329153,0.1927666701263889
0.18847208226180942,0.19963803661442625,0.1791938564787743,0.19279532451022038
0.188596314329433,0.19943630307929575,0.17884203635251603,0.1928323188659816
0.188732318044932,0.19923971184772177,0.17848442123622732,0.19287709775806278
0.18887433431846104,0.1990406149534669,0.17814137435687566,0.19293002333482134
0.18900741073145866,0.19882092005384558,0.17778303227124245,0.19298816200011637
0.18914341208718485,0.19860804236052096,0.17738378470209376,0.19304070331036718
0.18928909483150655,0.19839110520343073,0.17699774608602098,0.19307920820255295
0.18944489095602848,0.1981506998642647,0.17662729570953192,0.19305683849721514
0.18961011215168347,0.19792882914620294,0.17625882167472035,0.19304074934796644
0.18978461228829727,0.19772545574288525,0.17589676667078463,0.1930310504121584
0.18993687619814295,0.19752824807753513,0.17553765970917032,0.19302780476318773
0.1900675714587287,0.19730194971647136,0.17519343318225783,0.19303144710872605
0.19019996419064764,0.19708381623548976,0.17485675121249808,0.19304199261007884
0.19032936518533375,0.19687644511971542,0.17451511284970547,0.19305627185283505
0.19046674277221926,0.19665273101948308,0.17415265020743387,0.1930756764005402
0.1906122285568692,0.19642551964099778,0.1737616317422896,0.19310314119568647
0.1907664649173867,0.1962151713652486,0.17332949992577235,0.1931385397720726
0.19090625394630062,0.19601493347468188,0.17285769202032295,0.19317398945805
0.1910243688224442,0.19580785757265326,0.17235413029827037,0.19320369932590523
0.19115004316056614,0.1956174122003427,0.17187151791787905,0.19323530529861987
0.1912601293644519,0.1954381586338914,0.17141051396899623,0.19327436533491393
0.19135551259458702,0.1952629697513662,0.17097187344554157,0.1932960384200558
0.19145672309022355,0.19507534941899585,0.17054383404873757,0.1933225170258701
0.19155940490183437,0.1948868398386555,0.1701179988957264,0.19335615274633214
0.19166092145598948,0.19468283651112184,0.169701622490985,0.19339645228818822
0.19177535723676875,0.19448731688815157,0.1693003243408656,0.1934430367155134
0.1918817870854803,0.19429340474223816,0.1689246058843098,0.19349572318909167
0.19199408412276114,0.19411544943754971,0.16857485275151798,0.19354566142295634
0.1921034085837554,0.19395430159260635,0.1682511086909598,0.19358477656312062
0.1922061418832107,0.19380980317561966,0.16795336320577614,0.1936313809612641
0.19228258626856712,0.19368093226168206,0.1676815246022075,0.19368522430408108
0.19227601683288295,0.1935598007814378,0.16739641994609256,0.19373862038976963
0.1922121416240055,0.19343407814891297,0.16710571966495028,0.1937968093065514
0.19213706100887226,0.19331216734595177,0.16681694239644362,0.19386143638971795
0.19205364326734942,0.19320585135268453,0.16654336052926402,0.19390353078336314
0.19194945135125818,0.19311485786247,0.16629048687506245,0.1939382424322955
0.1918261828635529,0.19303900714729175,0.1660620904591032,0.19398002113504606
0.19170445061635732,0.19297747560274808,0.16585805751828786,0.19400822539436835
0.19156166159272417,0.19292981519237679,0.1656785826403922,0.1939984395195494
0.1914152009281202,0.19288096935030943,0.16552356438917004,0.1939731545627797
0.19128336246072286,0.19284454974008572,0.16538807197538807,0.19395242919306377
0.19115811927128526,0.19280696848877452,0.16526894451756566,0.19392507257870106
0.19102183161142075,0.19276160149268878,0.16517500788932332,0.19389607314978666
0.19087669931402856,0.19269383318048303,0.16510210703558928,0.19387399880981174
0.1907343557382268,0.1926347699537317,0.1650507105812663,0.19385888340218152
0.1906047405022388,0.19259094088050016,0.16500579503554735,0.19383763870468015
0.19046345688393862,0.19255207693882498,0.16499115164014808,0.19377822116242382
0.1902874157721942,0.19247319252349626,0.16500662978826702,0.19370447752417774
0.19010434869594106,0.19240928018550105,0.16504794688048588,0.1935991786549601
0.18992528109433982,0.19236070073958897,0.16509621710771674,0.193468433978882
0.18973673927299206,0.19231869167554824,0.16518091802365195,0.19334354347318913
0.18955725230182233,0.19228037056211592,0.16528588626734161,0.1932251525843272
0.18938598813007676,0.1921865251927403,0.16541079552393645,0.19309820504601052
0.189221167181763,0.19210928767215132,0.16554061804564071,0.19294970292635816
0.18907051820424975,0.19204932419256526,0.16568912286343315,0.19280560236932773
0.18893700742492797,0.19200172077283414,0.1658527721676386,0.19266555340720423
0.18883807443738385,0.1919675830818798,0.16603620838068042,0.19251442467316637
0.1887839551902669,0.1919474943595647,0.16624056478224358,0.19235378164302738
0.18873341565069893,0.19194136595059902,0.16645328422898525,0.19219675077800788
0.18869857897034312,0.19192880151108,0.16668494538080192,0.19204781849383817
0.18866345327998638,0.19192304214077197,0.1669379348272625,0.1919074519653102
0.18863277200208525,0.19193177075542553,0.16719848175403473,0.191776343591321
0.1886085720704638,0.19195981712339424,0.16744303003904,0.1916555356101336
0.18858341179628166,0.19200603070804298,0.1677097000556617,0.19154563719324816
0.18851729077243032,0.1920656146182651,0.16798697002132432,0.1914470043508992
0.18842901417933183,0.1921186476110858,0.16825505706998772,0.191350255497178
0.18833783820841532,0.19218867817273386,0.1685415137510156,0.19125948765747033
0.1882575173436743,0.19227551651940658,0.16884207509662807,0.19118199093614016
0.18815517794618436,0.19236767669722477,0.16916075685575155,0.19109316706184973
0.18805777479546557,0.1924540803224322,0.16949671950955217,0.19101112578464485
0.18795887734140623,0.19254103100046197,0.16984426788837806,0.19094098088963474
0.18785622127143128,0.19263422103902747,0.17018961699094637,0.1908809366335004
0.1877623941973177,0.19274272800080974,0.17050757722002755,0.19082319913550372
0.1876762620216667,0.1928661548888197,0.1708393955227692,0.1907830413906213
0.18759935935394645,0.19300399399211174,0.1711829888237343,0.19075261189415624
0.18753197079722067,0.1931559670027672,0.1715295200207533,0.19073058559886472
0.187474574038062,0.19332182064129008,0.17187324477598628,0.1907269017251202
0.1874280401586023,0.19349372974421936,0.17223103564253212,0.19074183661091212
0.18739278832437897,0.19366008597848183,0.17257801797875483,0.19077545462420745
0.18736853119701785,0.19383912675486947,0.17291721380878433,0.19082763268273195
0.18735483486779564,0.1940299812187576,0.1732630073601901,0.19088770971136743
0.1873516924851945,0.19421233547646466,0.17361372542074208,0.19096175088060963
0.1873596736362842,0.19440531118278584,0.17397770880183067,0.1910352310519009
0.18736584178242702,0.19458903215396656,0.17434025433062508,0.1910993672357738
0.18736957203260293,0.1947843961192541,0.17468225493217052,0.19118109108065717
0.187387960851399,0.19498787467757783,0.17499272683623954,0.19127965983657938
0.18742368270411106,0.19520604647595863,0.1752933238847688,0.19139461074198155
0.18747862586594782,0.19543952413569307,0.1755782459853864,0.19149804345257224
0.18755492416989164,0.1956672910676547,0.17583040551633944,0.19160684902375766
0.18765408434312025,0.1958673235467167,0.17608619656956287,0.19173116952957805
0.18776919232049427,0.19607993520817107,0.17635232414741497,0.19187051132537858
0.1878887812807837,0.19630428111403553,0.17662856952584946,0.1920179697375856
0.188024996604473,0.19653742696308246,0.17689286629847373,0.19215519242815673
0.18817580281344784,0.19673971095881065,0.17716701280010347,0.1922952421268283
0.18833083924025654,0.19693661968866458,0.17745061107584484,0.1924462716233168
0.18849294910099249,0.19713101945918043,0.17773956335065624,0.1925647424665885
0.18866521637093162,0.19733144274659645,0.1780375554633508,0.19268530316321603
0.1888414927784435,0.19754187969053047,0.1782918652713016,0.19281812093401812
0.18901650284014174,0.19776237483755552,0.17852831632530353,0.19296268702834238
0.18919728318731532,0.197983683575345,0.1787586530623165,0.19311292585576775
0.18937554584113123,0.1981646905072382,0.17897635142871762,0.19325245347565911
0.1895233883696881,0.19831534154185784,0.17916119992908158,0.19338386258828802
0.1896804166503694,0.19847049455217153,0.17932660333230693,0.19352241167149986
0.1898459483066623,0.19862485981505823,0.17950506983981465,0.1936390181389896
0.19000386529792632,0.19878591769915033,0.1796800718785952,0.19376546462748132
0.19016736417389254,0.19890292801229215,0.17985745224295976,0.19388845060117244
0.19032912173265296,0.19898188747263973,0.1800284462182997,0.1939846336750442
0.19049928884666628,0.19905860164629133,0.1801723210336374,0.1940928746333577
0.19066634392349152,0.1991419872736924,0.1803119248122112,0.19418488424971922
0.19079975798470464,0.19923204751190535,0.18040362242666969,0.19423538324260203
0.19091773877211327,0.19926583658447847,0.1804667119461692,0.19427694227498876
0.19100926901857698,0.19929996811469003,0.18050957434557977,0.19429410039859252
0.1911104445059523,0.19933054784318271,0.18055081299977715,0.19425520840103977
0.1912209123225212,0.1993280343811039,0.1805975102410134,0.19412447069322533
0.19133978388039463,0.1993323143712032,0.18065862229236151,0.19395226102840174
0.19143654381831507,0.1993268078653555,0.18071377122681145,0.193792412287041
0.19153914865346602,0.19931491897457923,0.18075500425327842,0.19362078836674562
0.19164153432108666,0.1993045461169488,0.18078328627692852,0.19342825079768364
0.19173631744100642,0.19929006054848933,0.18082715997043658,0.1932478864936478
0.19183740010733236,0.19923317569891605,0.18088554813655658,0.1930798722589453
0.19194407103878144,0.19916834833944796,0.18095460759770382,0.19292493708745614
0.19205676035335706,0.19908289598098747,0.1810360518771601,0.1927803909384475
0.19217749403195705,0.19897898846813356,0.18109704685405933,0.19264049710928188
0.1922876050046727,0.19886095436367793,0.1811412204571046,0.19251294415255607
0.19238446073824642,0.19874999976002988,0.18119822066481397,0.19236026645851603
0.1924531615125588,0.198650132929484,0.18126702387608534,0.19219549514427403
0.19252799740354473,0.1985610358581849,0.1813026611430422,0.19204093662323668
0.19261052930290135,0.19848284696960058,0.18134100896376318,0.1918900597056266
0.1926971379137224,0.19841198939587895,0.18138369626061254,0.19174101933420323
0.19275189845124782,0.19833795059527845,0.1814365860399672,0.19159174568301052
0.19278863736783663,0.19825950414955543,0.1815036111731336,0.19143324218248697
0.19279265950357938,0.19819256641783414,0.1815646304306312,0.19125754339172013
0.1928064692622253,0.19813734977741715,0.18163057455552753,0.19105352800474268
0.19282504750748855,0.19809414681512777,0.1816766591989972,0.1908413748569019
0.19283972141576577,0.19804420655426389,0.18171762988930584,0.1905698017903266
0.19286390684612378,0.19799768879218,0.18176795936393425,0.1903095714884447
0.19289903518121776,0.19791559462802483,0.18182494159799956,0.19005972997891024
0.19294660407251144,0.19781062305943642,0.1818528645427677,0.1897766835366287
0.19300713998349436,0.1976926499421831,0.18187942462764903,0.1894936066893758
0.19308094725785613,0.19755773584958838,0.1818871896738958,0.1892235620119308
0.193160425342851,0.19742520294632881,0.18190911853148406,0.18896676716365174
0.19319772085652712,0.1973025549534181,0.1819452815933394,0.1887234115385819
0.19323461389152802,0.19719682995084267,0.1819960442679782,0.18849431248713436
0.19327584511544466,0.19710067042782994,0.18205352217087747,0.1882812996990764
0.19332865292430002,0.19700088738021207,0.18211992513186215,0.1880890256027193
0.1933929637356577,0.19690952365868203,0.1822011334087697,0.18792684080141392
0.19346684646032566,0.19681493407406575,0.18228826202880483,0.1878194160544123
0.19351342666017948,0.1967006679675009,0.18236418405437949,0.1877520189966601
0.19352838945776368,0.19659507555938427,0.1824535196541937,0.18771416656077988
0.19355141431927808,0.19650393923513476,0.18254747509332014,0.1876991403139403
0.19358318367600166,0.19642713330061554,0.18256186084720638,0.18767905535878918
0.19361484689123132,0.196367667682758,0.18257618051711538,0.18761156252374483
0.19364867133534297,0.19632910938966983,0.18259219422091838,0.1875499918615567
0.1936577701977358,0.19630282664349116,0.18262179218306887,0.18749135637138484
0.1936729835566204,0.19628730604460387,0.18266571000658807,0.1873998753167851
0.19367886271948717,0.19628347557230405,0.18272439374899097,0.18731883657256546
0.19369715332461898,0.19627622000708242,0.18276907012716442,0.18725481271507338
0.1937113614967569,0.19625738046757626,0.182820206642647,0.18721015221261542
0.19373104183351653,0.19623906867297589,0.1828787868930205,0.1871774968672871
0.19376503086343264,0.1961980407070363,0.18295234977051403,0.18716024246891153
0.19377043604695526,0.1961751712520741,0.1830410045267227,0.18716172962437036
0.19374479581697696,0.19615008539413367,0.18314470181095754,0.18718150931261474
0.19370852466187757,0.196044688952522,0.18326170730578578,0.18721911580994938
0.1936687733790511,0.19594696744584872,0.1833877704261128,0.18724603690717503
0.19362032571826204,0.19584458118152356,0.18348862484375242,0.18728395885104404
0.19358481266883612,0.19574447456127522,0.18358469688268586,0.18732679469936592
0.19355467545211866,0.19562498759877311,0.18367988942345068,0.18738606289019422
0.19352182939220197,0.1955256515415952,0.1837808088192631,0.1874615040478826
0.19348635653445034,0.1954421652638396,0.18389501208043996,0.18755302825266207
0.19346517723899997,0.19535242326620847,0.18400829647444428,0.18764154599435026
0.19339650064140798,0.19524732351482524,0.18412239135925307,0.1877316978076864
0.19329722673274627,0.19513610851638064,0.18424393788682358,0.18783709514207034
0.1931990933437332,0.19503452258173198,0.1843771345576646,0.18794178725876987
0.19311089303371975,0.19493394556624108,0.18451347948954624,0.1879968496650657
0.19302942480423838,0.1948443243770963,0.18463746071202156,0.1880520582592039
0.19295309029067048,0.19475421738244997,0.1847708505735066,0.18810064509620905
0.19288592636150872,0.19466794103981475,0.18491498458217032,0.188144284999762
0.19282776451059847,0.1945994441492732,0.1850510759801414,0.18818390881491975
0.19277848836909228,0.1945543074213697,0.18516080342515287,0.18823093747473935
0.19273117519921645,0.19452985908574738,0.18525388396670003,0.18828707060476632
0.19267475953685562,0.1944957296966021,0.18534493530011253,0.18832477046392776
0.1926283801946268,0.1944832806616008,0.1854439504300262,0.18834216392857506
0.19259254721442204,0.19446728272399377,0.1855394131104472,0.1883346168446858
0.19256765140219906,0.19445216863691978,0.18562005179844832,0.18834474791828726
0.19255425343606955,0.19445738024016967,0.18568175781267168,0.1883682347975407
0.1925530937593549,0.19448264241820584,0.18575260619593725,0.18837820366967076
0.19256286984966384,0.19452713219617757,0.18583472383193467,0.1882899681119645
0.1925494868069212,0.19457319050218796,0.18592826586271968,0.18816025234375722
0.19254150553773758,0.19456678911749048,0.18603343337478168,0.18802179335202865
0.19253798738952843,0.194535095900377,0.1861504761916849,0.18785378730571484
0.19255226202219483,0.19444030487596772,0.18627966145455363,0.1876789501959348
0.1925695606522018,0.19435389724793914,0.18640747810198122,0.18751340373679642
0.19256978220311044,0.19426409104890957,0.18652622379302014,0.18734312631462793
0.19257475646991473,0.19419048865976204,0.1866229838481037,0.18717002217419298
0.19260131715111942,0.19413031759932176,0.1867333249240255,0.18696424719453855
0.19265058092375045,0.19406681945234006,0.18685721718242385,0.18674290592700993
0.1927068646524926,0.19400954198216477,0.18699472378551793,0.1864983759083219
0.19270825489795163,0.19394822526634076,0.1871458975324297,0.18626504618546577
0.1927303850434092,0.1939016497973715,0.18728329760765944,0.18602125482285328
0.19275925646710299,0.1938538459752128,0.18742067391935652,0.18575333057962273
0.19276277646305698,0.19380777344773367,0.18755424148173166,0.18548921545020666
0.1927616680197627,0.19375326900232748,0.1876864366032547,0.1852196622938387
0.19274404609160276,0.19369840492305335,0.18781441300713592,0.1849657206111252
0.19271528368872148,0.19363810756827401,0.1878747356884439,0.18472588258598702
0.19270038179541552,0.1935764491191286,0.1879387940278534,0.18448922043684363
0.19269879791477507,0.19350559464105838,0.1880109130990007,0.1842579749455794
0.1927088632495112,0.1934477540976415,0.1880575080048761,0.18401126962622844
0.19273006844623364,0.19340611650774092,0.18807574992411694,0.18377094697853308
0.1927456988996573,0.19332856898783998,0.1881049343124356,0.18354955644751006
0.19274180437306665,0.19326526395395416,0.18813199033157119,0.1833410413022989
0.1927510447676681,0.19319874762593464,0.18815025034848623,0.1831434363591568
0.19277390607514255,0.193126091175531,0.18811385193104804,0.18296838805930055
0.19281056646688774,0.19305204119346675,0.18807470284240171,0.18277593145444443
0.19286131405850526,0.1929782009511661,0.18802961750516003,0.18259817884650315
0.19290841913006906,0.19292201077181023,0.18799968908741985,0.18244653418752843
0.19294619002361194,0.1928819198990962,0.18795185203817122,0.18232223131123354
0.19296702704211138,0.1928606770219497,0.18788655844442026,0.18221366685358928
0.19294815828158784,0.19285462338867224,0.18783451458529235,0.1820913867467179
0.1929459952474474,0.19286655180712536,0.18779563545308542,0.18199841006798434
0.19296001328838028,0.1928959702507211,0.18776825878835735,0.18187903183265508
0.1929888361007994,0.19294244298812951,0.18773175738638592,0.1817559025396612
0.1930318474320796,0.19300532455842873,0.18767103656317297,0.18165996801470655
0.19306385339419013,0.19308384698146433,0.18757935182652272,0.18158477912760596
0.1931008750869002,0.19315534700629236,0.1874706200143536,0.18150693100079923
0.1931496183068048,0.193233029083826,0.1873663180063541,0.18144245331339842
0.19320958170432753,0.19332310786740006,0.18726457896989757,0.18139062156480917
0.19326530296846453,0.1934228936492647,0.1871608894016697,0.1813604319208309
0.1933075878691199,0.19350327603491363,0.18705898018544406,0.18134095262122696
0.19334492287731464,0.1935809929548526,0.18695358336946943,0.18131245746671468
0.19334732173870608,0.19364742081673408,0.18684435798736737,0.18125800746271412
0.1933259426653316,0.19368972774430354,0.1866803548080939,0.18119797627840525
0.1933112756963659,0.193724581733562,0.18649016432262386,0.18113158941183943
0.1932886204315854,0.19376134961645647,0.18630214989079552,0.1810497265312092
0.19323907989688788,0.19372442159862766,0.18612838615702854,0.18098004540873852
0.1931956810175133,0.1936500920550928,0.18596928332108212,0.1809221444496665
0.19315799364818553,0.19354581940830415,0.18581528862392394,0.18086193943866843
0.19309020514852362,0.19344949833244462,0.18563558442900102,0.18078245319753147
0.19300582762537005,0.1933303449542976,0.18547144110175864,0.18071323287997743
0.19292266131993402,0.19321777879063887,0.1853162479376601,0.18065451367622976
0.1928460269841931,0.19311274394350447,0.18516283505593256,0.18059983961069492
0.19277331453402943,0.19301514229780778,0.18502459557334835,0.18054949935992634
0.1926024426241014,0.19292497982540557,0.18490146411194175,0.1804718425428423
0.19240375688370953,0.1928423582105464,0.1847918584118683,0.18032339165393282
0.19220831172749975,0.1927674206787614,0.18468310493318352,0.18018502220922167
0.19202172851976562,0.19267546460176027,0.18456761701233573,0.18004460350140422
0.19184361550192355,0.19248251836769625,0.18446730490640462,0.17991535576859297
0.19167397887924514,0.1922785742462397,0.18438094441437541,0.17979327402321268
0.19150785885296626,0.1920567926466324,0.18428284016865315,0.17963325034488853
0.19133002207370184,0.191807986808068,0.18419464877949257,0.17945134047497116
0.19109794725012974,0.19155177317286504,0.18411499662600114,0.17927971292386657
0.19086218222220835,0.19130503110263675,0.18404886813135815,0.17912298183737616
0.19063605520071356,0.19106799480568298,0.18399615245195938,0.1789600744731213
0.19032214240510986,0.19084088021360351,0.1839567359325054,0.17876951210315636
0.19000895135239065,0.19062390193514683,0.183928897396075,0.1785909976995893
0.18971636611333406,0.1904172719502709,0.18388283397937882,0.17843291125716645
0.18942996608668658,0.19020744205399404,0.1838034003638703,0.1782997875187052
0.1891253509812787,0.1899679561796601,0.1837007277420066,0.1781646391581809
0.18883735979034236,0.18970877202505168,0.18360245151357707,0.17802224876904837
0.18856989013405434,0.18945062189700057,0.1835024322667314,0.17791193251653087
0.18830546708702706,0.1892000319026245,0.18337933633593764,0.1778290109964929
0.18804868073766326,0.18892149432723193,0.18326617687436106,0.17778555790465106
0.1877963839858279,0.18862648183905925,0.18316809625220037,0.17777594296546673
0.18753564590814129,0.1883241281477196,0.1830858574165556,0.17780715605708813
0.1872850954541124,0.1879971580773354,0.18301212978107184,0.17787669599334405
0.187025087882905,0.18763387781899682,0.18294588909723192,0.17797993251587882
0.1867619037415815,0.18727868821007387,0.18287249321757493,0.17807210348590097
0.18649753394103225,0.1869397542284369,0.18281556921765993,0.17817873826558736
0.1861459124263467,0.18661953275878523,0.18277647598720287,0.17824261079504566
0.18575645331176116,0.18632241501015506,0.18275508603024274,0.1783096511175116
0.18537799105043284,0.18602589598678698,0.18273337259765243,0.17839949796887022
0.184994829269857,0.18572183933721834,0.18272456028652478,0.17851048260175456
0.1845767250673999,0.18544247556723495,0.18269810936901792,0.1786339910443657
0.1841636989442362,0.18518220007658553,0.18268376974288902,0.17872668163859695
0.18374754215584194,0.18492828413841877,0.1826819959568649,0.17882759772074494
0.18332393394930802,0.18469190387863757,0.1826868344204982,0.17894059679398044
0.1828801135816545,0.18447745728537165,0.18269865043332698,0.17902809909439374
0.18244816684470525,0.18428490983609042,0.18272178959258098,0.17909242590090085
0.18202671851056626,0.18411458854593196,0.18275643779099787,0.17910607223031424
0.18160584723426837,0.18390869375926983,0.18280207081687386,0.17910858171697716
0.18119757008511775,0.183666682242954,0.182858763496845,0.17911468614092738
0.1808023445096882,0.18344782881953262,0.18292619514988798,0.17909824148543355
0.18042039687299688,0.1832526170839766,0.18300393331718912,0.17907790010688435
0.18004960766555167,0.18304803895385402,0.1830919044303544,0.17905707795627465
0.1796437993856091,0.18286768725968838,0.1831836313827388,0.17904785828246073
0.17924533339306478,0.18270236086582436,0.18325520727299505,0.17904698239294461
0.17885987710625012,0.18255006924091643,0.18333519481505675,0.17900061898876846
0.17848663118054986,0.1824176269657261,0.18342347354846578,0.17892774581639223
0.17812558035483952,0.18230385282335132,0.18347906377168377,0.17886590456985513
0.1777767747916016,0.1822077920293739,0.18348151974403357,0.1788151609459503
0.17744021093580264,0.18212859495514103,0.18345436924030392,0.17877556732632618
0.17711590171069347,0.1820657916817706,0.18343259911572704,0.17874727112624142
0.17680389287325443,0.18201684783302985,0.18340745271710482,0.17873039292613566
0.17650459069949423,0.1819676376138123,0.1833826465612395,0.178725107916833
0.17619083158688822,0.18191683830927755,0.18337119845434668,0.17873183871160417
0.1758427416294239,0.18187444955815532,0.18337046845701221,0.17875104604677675
0.17550719229297343,0.1818461520986102,0.18335894845657996,0.1787830057248305
0.17516328482857463,0.1818178644158295,0.18336168793120727,0.1788284366053407
0.17482254312786943,0.18179237817121804,0.1833506904361597,0.17886518321185307
0.1744661685105456,0.18173250243981048,0.18334904740454228,0.1788773660731158
0.174086224506754,0.18167381391437495,0.18336157701263056,0.17891283797983146
0.17370422380252226,0.1816278887057031,0.18338694211953718,0.1789821921518146
0.1733209608862984,0.18159393172754776,0.18339880103460893,0.17907498569684438
0.17293839340719763,0.18154582991768994,0.1834071165836041,0.17919254870209833
0.17257423486622883,0.18150663415175086,0.18342966898823246,0.17933712671852406
0.17222938393481776,0.1814575603298791,0.18345784923124078,0.17948435029194068
0.17190459006861886,0.1814068784556424,0.18346596257319145,0.17963650743286994
0.17160100402222248,0.18136485486600024,0.18345927127510694,0.17980503627992434
0.17131095155723058,0.181311029402515,0.18346814010841553,0.179989403418704
0.1710245802646667,0.1812611186602685,0.18348776758927893,0.18014501507577538
0.17075411831964488,0.1811678550002123,0.18350638492618032,0.1802950830336919
0.17047368518751216,0.18101341840002075,0.18354151327894994,0.18045636403818338
0.17022082449308631,0.1808209096525772,0.18359317187307952,0.18060664116406225
0.16999578065269308,0.18063609766520813,0.18364107584404224,0.1807610143775339
0.16979801991517512,0.18046526092467766,0.18369143635926186,0.18093166524031934
0.1696268666526699,0.18029952867046858,0.18373275472293338,0.1811178984178829
0.16946090694447274,0.18013157090848567,0.1837542057558217,0.18128983451153688
0.16929993475001962,0.1799705858951595,0.1837686092564925,0.18144576151097344
0.16914493508637338,0.17982411252213584,0.18375662112757649,0.1816180433889891
0.16901403775344095,0.17968197851943757,0.1837385734837256,0.18180648526345816
0.16890711599209973,0.17949564967314116,0.1837357717594562,0.18195912079512094
0.16882482498604306,0.17922645284919003,0.18374847314712528,0.18212174654258098
0.16876661223534878,0.17896523724164376,0.18374101505738513,0.182286409215407
0.16873113053931685,0.17872052416404877,0.18374231066465677,0.18243824521068158
0.16871869837812065,0.178492540243758,0.18374892237152435,0.18258470123172582
0.16872618380453222,0.17826467763231146,0.1837580805395302,0.18274531062920157
0.16875416620529138,0.17798523696116506,0.1836994257697611,0.18290678466119673
0.16880438878065335,0.17772374024567011,0.18364346122637204,0.18303369753549606
0.1688759833393472,0.17748050106806829,0.18360190609897187,0.18317509398194595
0.1689679013779131,0.17723415803428225,0.1835497775971,0.1833312646660966
0.16907940314522862,0.17699424383464826,0.18347717877491468,0.18348707664484312
0.1692099479098944,0.17677316233789156,0.1833848504948659,0.18365464104375706
0.16935864503713632,0.17657116602592957,0.18321015711656113,0.18382167533412141
0.1695246949825886,0.17634591591446783,0.18303067818596133,0.18398727275097268
0.16968975299509206,0.1760394197847023,0.1828644574443518,0.18416071455411334
0.16986735220517157,0.1757217600624038,0.18270808112694123,0.18434734505287384
0.17006201858834566,0.17542282575007764,0.18251884262620247,0.18453982154994283
0.1702727961620149,0.17513751613300266,0.18231707440356767,0.1847438440884238
0.1704901009870577,0.17484072318243096,0.1820689942602047,0.18492435855131245
0.1707029426375223,0.17455591067449255,0.18183391057930906,0.18511540455205253
0.17089750068069418,0.17426105428491684,0.1816102649809566,0.18530807689996137
0.17110397125212823,0.1739771926662659,0.18134116700934577,0.18550934739143135
0.1713215546562255,0.1737110959009015,0.18108796588805295,0.18572931848108015
0.17155004966641565,0.1734639801233696,0.18085103770908792,0.18596830345159573
0.17178902362252496,0.17323936017862987,0.18061561236358162,0.18621744756423625
0.1720091748449533,0.17303077702890046,0.18039470457205273,0.18648042011794216
0.17218383298038054,0.17284306262495605,0.18016101695860479,0.18676307102814993
0.1723505484338049,0.1726988953819258,0.17993538195571518,0.1870657330298164
0.17251458550893775,0.17258984992663412,0.17972262523743995,0.18736755752499262
0.17268691314197998,0.1724955610115407,0.17951019437272442,0.18763989746501009
0.1728688918965025,0.17238316255349556,0.1792777158725468,0.18791108307313942
0.17306069244773656,0.17227777584064832,0.1789983258162378,0.18820535226622348
0.17326255032461288,0.1721536065099141,0.1787184761600785,0.18848181016173463
0.17347037221935427,0.17203270406428497,0.1784207504794001,0.18876335420674942
0.1736712247586681,0.1719078786700624,0.17814275618013603,0.1890552805684651
0.17386667949309959,0.17174716266429862,0.17787769891856253,0.18930854003384592
0.17406084005008107,0.17153475543598734,0.17758363187333792,0.18957930049519534
0.17424543665375627,0.17131309390720573,0.17728072833852987,0.1898320587250989
0.17441459908652837,0.17109559491437568,0.17699746940734074,0.19004554983907235
0.1745642779694771,0.17088993788253176,0.17670808767797197,0.19025075800186006
0.1747033941991591,0.1706961801528799,0.17642781742943117,0.1904468872564189
0.17485279714516505,0.17051434472576013,0.17615421546916107,0.1905856183280943
0.1750169820485922,0.17034331511526613,0.17583733276421465,0.19072720493818845
0.17516680528430684,0.17012007689183062,0.175512813219072,0.1908664990389402
0.17532821307590007,0.16982651945981708,0.17520650050598716,0.19099867073714585
0.17540771949461262,0.16953310456200452,0.17491804743108103,0.19112627892928594
0.17550292932883735,0.16923543260071683,0.17461539747465715,0.1912535241192099
0.17561315721503512,0.16892012882281274,0.17432297127490756,0.1913435156571883
0.1757362476853836,0.1686195667202394,0.17404865433251832,0.19139012106851813
0.175870881429265,0.16832984541315837,0.17377176649845452,0.1914421141458638
0.17601616215618712,0.16805193084526657,0.1735091666689863,0.19150198890029965
0.1761710597400147,0.1677895343497515,0.17326426908034465,0.19152742291895009
0.1763349344788615,0.16754280393469087,0.1730370583473228,0.19151437175186425
0.1764918738542272,0.1673125838862519,0.1728276479016429,0.19150686226790256
0.17659772096062948,0.16708512349931653,0.17263619332116054,0.1915115799675566
0.17669571545273338,0.16685530486878475,0.1724524130150218,0.1915285276563932
0.17678512716776956,0.16661846535586947,0.1722193457665858,0.19155778016011968
0.1768719601091452,0.16641458831267017,0.1719786591463662,0.1915959361367802
0.1769712760191118,0.16618185188065862,0.17174695257497802,0.19156676079173107
0.17708313461681333,0.16596972935218748,0.17153296789195285,0.19149322050168668
0.17720753611206186,0.16576159548079356,0.1713192428743975,0.1913637272901563
0.17734411704569172,0.16555808708932584,0.17109400911787728,0.19121983151427258
0.17749298579382644,0.1653685872469855,0.17088507548336196,0.19108837488485378
0.1776550904519193,0.16517161630243782,0.17067757583492407,0.19093995506554254
0.17783132145604402,0.164991279293712,0.17048802028561538,0.19079866253918928
0.1780108342761963,0.16476863753179713,0.1703162526631498,0.19065224346942894
0.17819945383612854,0.16450575539152915,0.17015389486666588,0.1904954872014131
0.1784014651501961,0.16424766077493408,0.16998811701821245,0.19033029246010028
0.17861739489545836,0.16400776436595826,0.16984057627820306,0.1901540342067078
0.17883825368891973,0.16377564370893247,0.1696931813398736,0.18995715365660237
0.1790633637759149,0.16353092102161593,0.16952777287547938,0.18972727223143124
0.17925549225355059,0.16328871231437475,0.16935562075990374,0.1894827117811303
0.17941906083052891,0.16306519293451863,0.1692023586967421,0.18924350810213805
0.1795781512117839,0.16286052377241717,0.169068119110939,0.18899620620976407
0.1797484389734218,0.1626744531526337,0.16894229485614545,0.18871746465065717
0.17992227775473282,0.16250474384561422,0.16882603272130656,0.1884436532406793
0.1800785391468942,0.16234007514440024,0.1686853864529511,0.18818466290653033
0.18024557319988202,0.16219560101246844,0.16855606234309936,0.1879106666013005
0.18042207609423486,0.16206344300985268,0.16843772662786777,0.1876468064174938
0.1806066738091827,0.16192792101373205,0.16831482565615016,0.18740008222483023
0.18078237265905472,0.1618152835666606,0.1681912793340961,0.18714275480150533
0.18096546927280804,0.1617003077428051,0.16806614925494467,0.18686341067587467
0.18115860814938592,0.16161308670056054,0.16795575043818464,0.18658030838171072
0.18132397123409139,0.16155541050171776,0.1678293033256082,0.18627926915705598
0.1814835573849251,0.16152893073137084,0.1677040030701679,0.18599091423572275
0.18165466221255003,0.1615232019582114,0.1675882033137966,0.1857124773709794
0.1818373546026079,0.16154475539563667,0.1674442124506047,0.1854463430261296
0.1820234423768414,0.16156960872269188,0.16731073301967617,0.18520506683239127
0.18218771093648545,0.16158538040370352,0.16719284046591507,0.1849703899612107
0.18236307470296695,0.16160250387918654,0.16707991391090957,0.18475072433860684
0.1825496542029025,0.16159742692024764,0.16698632204522057,0.18454309317940656
0.18274725694751429,0.16160136805449743,0.1669078587812258,0.1843565213714461
0.18294513341365676,0.1616221835544473,0.16675332643731866,0.18419299681074178
0.1831177475010847,0.1616630993836003,0.16656369160060744,0.18405253248571868
0.18329182636105576,0.1617123735797459,0.1663591951364488,0.18391760345575772
0.18346476319751642,0.16176371153230495,0.16614612420370392,0.18375926036284176
0.18363838671437732,0.16183490697553377,0.16595008358208704,0.1836004722706
0.18380350268869655,0.16190993455006025,0.16576453410684316,0.18338276012812038
0.18398073097842896,0.16199231814320988,0.16558134173815264,0.18316094285158563
0.1841670073200218,0.16207214753963833,0.1653916274186206,0.18295668016480854
0.18435715524898644,0.16215446423811816,0.16521757505935572,0.1827823469471173
0.18452498868874095,0.1622396808097265,0.16505004173750426,0.18259225540478785
0.18469928870544736,0.1623175913594006,0.1648473998007284,0.18238946406400483
0.18488067203831238,0.16241379082062274,0.16464992646647464,0.18220410319441308
0.18505670002651112,0.16252820597650314,0.1644352331676157,0.18203442709595546
0.1852349094028084,0.16266100850430631,0.1642294138900941,0.1818791959579857
0.18539304307564028,0.16281245999395563,0.16403657502822536,0.181730800911889
0.18555752849083038,0.16297692190298987,0.1638655598831472,0.1815939906127327
0.1857344338214003,0.16312431565939597,0.16371202416670727,0.18144853073106776
0.18589968272427956,0.16324080187247478,0.16356908861035444,0.18126759683984883
0.1860334808311391,0.16334297304686948,0.1634414303208136,0.181086683189954
0.18614149091279514,0.16343494753755258,0.16329594400078823,0.18091856401285877
0.18621026400688545,0.16351460539155696,0.16315444947165303,0.1807636541374419
0.18621747958015952,0.16357153086300372,0.16302459019003607,0.18062191042507864
0.18622874652872176,0.16360132989710674,0.1629135509184398,0.1804934299921308
0.18623952261120863,0.163637224253437,0.16282239031221557,0.18037891134937215
0.18624721664126484,0.16365131037353525,0.16271210049939697,0.18025043367629157
0.18625809602228546,0.16365364117899453,0.16261157523833994,0.18013355917547172
0.18624970036692512,0.16366572868599394,0.1625051030195077,0.17999123238548567
0.1862278760530274,0.16369543454725988,0.1623745752927325,0.1798290487205751
0.1862103697641784,0.16372873617177416,0.1622526052259365,0.17967092148012356
0.18619732222152469,0.16374329797096732,0.16215644212847416,0.1795044849205622
0.18612246040262417,0.16371080461259,0.16207959867128852,0.17935345194105345
0.185996636363093,0.16368000678575545,0.1619964793945557,0.17919563641543398
0.18587681655646296,0.16366908871549765,0.16194110121529115,0.1790284635088149
0.1857567661896124,0.16367173157019568,0.16191427368403616,0.17883474204967612
0.18564909176026975,0.16368525987081228,0.16191681949910092,0.17865748055979083
0.1855547522595706,0.16371351809592852,0.16194976046208606,0.17847714393840552
0.1854737642462162,0.16376161076082824,0.16199284640225314,0.17830501618337888
0.18540570666682232,0.16382881319577158,0.16203935183659365,0.17814665328685464
0.18535056456288437,0.16391447915078586,0.16211138972143438,0.1779969842949252
0.18530267255296642,0.16401822972579924,0.16219334463319357,0.17786434280031613
0.18523763847772465,0.16413956835752525,0.1622989200769945,0.17775175753067465
0.18516141280802048,0.1642633442385144,0.1624462423122273,0.1776597411219373
0.18509817516564175,0.16440082376449167,0.16258206954091448,0.1775954950813096
0.18503181565682086,0.1645549169320858,0.1627510911425108,0.17755949345668642
0.18492275846923037,0.16472535873458324,0.16294505329222211,0.17755199591680562
0.18481742108107968,0.16490636141273857,0.16316321048001453,0.17754345589081194
0.18472374029219044,0.16504174788255419,0.16338076377268823,0.17755981302574037
0.18463005177351377,0.1651773499748706,0.16360601864012472,0.17760536099186652
0.18453226659043145,0.16530900201555807,0.16383683408456748,0.17767951497247542
0.18443324440381959,0.16543148329566335,0.16408325931978088,0.17774891498245687
0.1843123572755696,0.1655720994323659,0.16434951496760128,0.17782109063242035
0.1841697265555967,0.16569136552014682,0.16463505229105327,0.177833315939321
0.184041821158795,0.1658007391746349,0.1649348067024759,0.1778118969076938
0.1839237783220015,0.16590245106509666,0.16522956868843802,0.17774591778312618
0.18381825558797346,0.16602263233496356,0.1655310860297844,0.17765652857045708
0.18372776993814466,0.1661179463960768,0.16583490809233964,0.1775679964261226
0.1836515471698214,0.1662156985050095,0.16615479258488125,0.17749878384068604
0.18358557978339385,0.166307769116483,0.16645357972270045,0.1774479114026951
0.18353544486462256,0.1664036533703395,0.16675551829193558,0.17741256450389922
0.18350121610902742,0.16651931057804226,0.16706684511662823,0.1773943216656125
0.18345550628147353,0.1666545889219879,0.16733525097513705,0.1773620489781714
0.1833796214510897,0.1668064461556782,0.16756952868765485,0.17730134668736594
0.18326936886470635,0.16694777217782086,0.16778079119067893,0.17719306238464255
0.18316968398955022,0.16710393265995832,0.16799701165447825,0.17710057061195628
0.18306881400842706,0.16725513131754738,0.1681886381090798,0.17702388354333845
0.18293445140353337,0.16740597280713337,0.16832034859603373,0.17693858809859336
0.18281356196099857,0.16757505754945293,0.16846661427726442,0.17684288576755638
0.18271102459489405,0.16776168056765595,0.168583650209591,0.1767539922676059
0.1825915803472709,0.16794434036030395,0.16869700618689332,0.17665169584301707
0.1824899285790172,0.16811377518235873,0.1687901683259419,0.1765379630600247
0.18240593230836585,0.1682770765659532,0.16887280317253947,0.17642406680385123
0.1823035632920289,0.16836464344495167,0.16894816623369738,0.17631845418917585
0.18220782036480102,0.1684024448370948,0.16903393348576998,0.17621839783968127
0.18212787702668223,0.1684186015005798,0.16908666886696966,0.17613084055584527
0.18206362198589587,0.16840180202477353,0.16912449984719916,0.1760498614512079
0.18201302887751272,0.16839089360657525,0.16916590832941236,0.17597108500587003
0.18194649013525296,0.16838839897654848,0.1691726297691685,0.17590371223498924
0.18189440857747127,0.16842568173529993,0.16918155424935002,0.17585602940974426
0.18185690030735366,0.16849130895271197,0.16917974605722713,0.1758243368799788
0.18183409124792738,0.16855538524673502,0.1691489399563295,0.1757348810882278
0.18182626036740465,0.1686210957494173,0.16913392129292834,0.17562987213788198
0.18183385306837924,0.16868830915655142,0.16912438436522742,0.17553902819129694
0.18185722443018956,0.1687411431030516,0.1690840359888831,0.17545097204224053
0.1818968401760819,0.16879687144030403,0.16901455244522406,0.17535503116432746
0.1819529355626067,0.16887039624977213,0.16891338441454637,0.17527225877240282
0.18200196164779278,0.16896234482783512,0.16883242412579424,0.175191943547935
0.1820317760958734,0.16906992264015666,0.1687543048331282,0.17511494726128585
0.18205290172620908,0.16915884989601981,0.16867157067664285,0.17500960004255783
0.1820439203502835,0.16925458353485479,0.1685646169205166,0.17491686822232963
0.18204323111609688,0.16934895379797038,0.16847289061478427,0.17484557741247853
0.18206267426023826,0.1694618043099547,0.16840419592547362,0.17475614378599405
0.18206181002742028,0.16958179077928093,0.1683201423953675,0.17462910807396095
0.18208412297947174,0.1696940856891773,0.16825598657923024,0.17446887287160184
0.18212646983319408,0.16977049742653574,0.16821315104180695,0.17432062003557303
0.18217668859441563,0.16986386417337396,0.1681886196722556,0.1741515378626483
0.1822249603419501,0.1699739006236385,0.16818520498571915,0.17398636470417606
0.18228190822292512,0.1701003838115166,0.16818130190287872,0.1738461591086962
0.18234971386290347,0.1702429731130432,0.16817320362589416,0.17373052167330008
0.18241007658661798,0.17034901103792183,0.16816693627397675,0.17360640635190425
0.18247346526865393,0.1704618619594824,0.1681445075651155,0.17345537062630992
0.182529233401291,0.17059075129643853,0.1681373062683292,0.17331190839155533
0.18257066040937103,0.17072963100074873,0.1681208312551373,0.17318563808005424
0.1826162702492679,0.17085268792564323,0.16810273721266852,0.17303972726169928
0.18267022717611936,0.17099091112844123,0.16809572051407248,0.17289294765224342
0.182723020588475,0.17114412680200797,0.16807209943311718,0.17276139614639552
0.18277883071590362,0.17131233214195835,0.16803831947535522,0.17263765618888705
0.18283364114355613,0.17146867086839965,0.16800858895968074,0.1725179474155148
0.18288030867049834,0.17161597220096703,0.16797070255016222,0.1724010043543062
0.1829030059965963,0.17174635715750378,0.1679512123303712,0.172299606787412
0.1829292911244848,0.171888285280079,0.16795607228838502,0.17221745350132914
0.18296219927957025,0.17202410755885122,0.1679858473608259,0.17215885351935384
0.18299111395311005,0.1721302703801494,0.16804131629334104,0.17212355325026849
0.1830060506685137,0.17220719690736158,0.16812335491704264,0.17208154479144222
0.1830146271226524,0.1722776976902315,0.16821160751514178,0.17200566023665784
0.1830242721822794,0.17235871991606921,0.16828477510473638,0.1719520004745344
0.18303961349190256,0.1724318191869738,0.1683856333984437,0.17192006391348064
0.18303726364613837,0.17251990303649212,0.1685142763575644,0.17190124841791934
0.183020957199492,0.17260315401093873,0.1686697063640353,0.17189149452796326
0.18301025460757192,0.17270143031296695,0.16884834694007417,0.17189086335547654
0.1830074564729187,0.1728146463081239,0.16901327592015108,0.17186029107236286
0.1830129381816991,0.17291060553413334,0.16919657977249625,0.17181087669342815
0.1830270348007194,0.17300205020195286,0.16937710105577947,0.17175686013001215
0.18303696105846737,0.17310844145501625,0.1695190827932686,0.1717060289469265
0.1830235902963147,0.1731937023402697,0.16966495684777277,0.17167282421028937
0.18299239329594116,0.17327323307973408,0.16982447076899246,0.1716390043042556
0.18297028858159856,0.17335886017543192,0.16997729099531264,0.1716159562160098
0.18295743984862903,0.17344222462488218,0.17014275674541668,0.1715832110710187
0.18295397202141786,0.17351523085324239,0.17032728072143566,0.17150249419028188
0.18295995595615216,0.17360004438866342,0.1705624173533128,0.1714127220256233
0.18296974711940464,0.17370044985243335,0.17076900209474108,0.1713303344997402
0.18298283610639487,0.17381689988682308,0.17093477894128117,0.1712655784568807
0.1829938486144345,0.1739348801922999,0.17109364585406706,0.17118795857441454
0.1829961588601576,0.17404074420707474,0.17123782393434905,0.17108148984951158
0.18300829100696311,0.17416426856290637,0.17139421888783266,0.17097984970356261
0.1830098760900013,0.1742952484297079,0.17152869753473288,0.17085425678431865
0.18301161536324606,0.17438610304476698,0.17164896527912468,0.17069368244542307
0.18298439801561822,0.1744022241364868,0.17177747486040112,0.17053619558985186
0.1829628070895715,0.17443388562088355,0.17190288976884038,0.1703378658753549
0.18294144182861627,0.1744829906713782,0.17202836547940437,0.1701568513357612
0.18291707986796696,0.1745345753036605,0.17212541711292037,0.16997352226573806
0.1828985871892029,0.1745958691379991,0.17222467240756326,0.16975696137556912
0.18288084911053734,0.17463361279809678,0.17231418993413666,0.16953834248183702
0.1828665928439271,0.17462044863657764,0.17241389788313766,0.16929865901519922
0.18282640536757103,0.17457614488628984,0.17252003208057404,0.1690615583957625
0.18279399438801947,0.17454863989667158,0.17260960487634747,0.16882719807145455
0.18275970902206684,0.1745181207510452,0.17269430082195472,0.16855797695244093
0.18273160164891533,0.1744732864794675,0.17274572536757787,0.16826699363488118
0.18269690643760172,0.1743988773173771,0.17276228937248392,0.16795423095512862
0.18265409233520788,0.17433536369140376,0.17277702725007835,0.16762198233793207
0.18262241888206263,0.1742823731486161,0.17274612335642545,0.16728809090411126
0.18260234978463286,0.1742465257065401,0.1726593307662644,0.16697989633479995
0.18257577711588055,0.17422598002907208,0.1726105261219005,0.1666962140937692
0.18255150658983219,0.17422486967524686,0.17258658795007162,0.16644057651416397
0.18253976386600113,0.1742104878350637,0.1725600730268769,0.1662121367962553
0.18253009983727786,0.17421207417154855,0.17254684863702266,0.16597707179929852
0.18250721187430177,0.17423440447722313,0.1725565826904724,0.16576141854956605
0.18247631895219402,0.17423957435936793,0.17257311430754949,0.16549322593729596
0.1824558340214036,0.17423592232457863,0.1725678454117225,0.165206321911458
0.1824475450502473,0.1742522095976748,0.17253552643082976,0.1648962388864243
0.18244289321456492,0.17428423992876177,0.1725133763301424,0.16456943072944077
0.18243483203113534,0.17431535722970884,0.17248729829747397,0.16422930505010844
0.18243923423610423,0.17436540052732613,0.17245837282321452,0.1638952533423524
0.1824220537774113,0.17443421132896017,0.1724459948246788,0.1635820437254457
0.18239483140500223,0.17449341248217323,0.1724489655848794,0.16328899723251808
0.18237932185236708,0.1745340994455133,0.17239631000308195,0.16303097321953913
0.18237522775825987,0.17459403466359724,0.17226502871339736,0.1628045885405458
0.18237169872991632,0.17465347561536945,0.1721064855671393,0.16254089940390723
0.18233656790554156,0.17471989464881277,0.17190726827983346,0.16230457206495497
0.18230752718143065,0.17477085293086542,0.1717123748912905,0.16202666339991242
0.18227920850826249,0.1748281172674394,0.17151653026513905,0.1617598411217359
0.18223525169822744,0.17490312447401832,0.17129308437751398,0.16152787171356212
0.18219310477308837,0.17498726320855035,0.17105908311648338,0.16132894553134008
0.18216205199161772,0.1750242785213857,0.1708326441619777,0.16115428553912006
0.18214232260917793,0.17507511454195324,0.17055706787816574,0.16096403614229632
0.1821341785717028,0.17514325551795248,0.1702523657632377,0.16072705374977153
0.18212008387701153,0.1752362400459273,0.16994658643904045,0.16051446857259177
0.18206529790876264,0.1753130310346713,0.16963792773865,0.16032757682607268
0.18200616427561983,0.17536738759116752,0.1693166787283765,0.16016585611934894
0.181930745732099,0.17543497240881586,0.16898300943673508,0.16003233407720516
0.18185300664663534,0.17549785687795752,0.16863815945533198,0.15992674522339595
0.18176591465231592,0.1755533312471124,0.16831133944224305,0.15984116792564643
0.18162409509132146,0.17561360191159797,0.1679869883500378,0.15976168049739548
0.18147191556278572,0.17568217245205545,0.16763682594130208,0.1596567327144085
0.1813318425311129,0.17576623906505026,0.1673086130383203,0.15957802807130148
0.18120412140375283,0.17586588727191452,0.16699648285489288,0.15945113530075128
0.1810876055621159,0.1759471303255114,0.16664814957480067,0.1593364282477584
0.18095689339647197,0.17601641640887664,0.16626795122829496,0.15920994994729296
0.18081495657686136,0.17610130344329175,0.16586872082045914,0.15907325907647543
0.1806778091000196,0.17618926529932563,0.16546960116860154,0.15894107778096248
0.1805537579029745,0.1762595976306078,0.1650497620827479,0.15883294219194571
0.1804427763584666,0.17631550590645492,0.16461359415689666,0.1587340035804921
0.1803452334178606,0.17636411127768892,0.164195353465347,0.15863130949924067
0.18026144344164396,0.17642757359262182,0.1637949313611139,0.15852579178885517
0.18019154060125586,0.1764712950114912,0.16338166061762366,0.1583962374963092
0.1801354323727696,0.17649719685520524,0.1629700782614891,0.15827950960464313
0.18008024173189618,0.17647015974648605,0.16253973750251022,0.15817655297676855
0.18002868694183813,0.17644055285522525,0.16210623504143598,0.15805899809254684
0.1799884568122034,0.17640654279975704,0.1616837171936001,0.15793986727658335
0.17996051009711736,0.1763203598529394,0.16127946966948536,0.15783061231642356
0.1799349431777281,0.17622195221095402,0.1608942284660316,0.1577362773588516
0.17991072352400717,0.17614246747623985,0.16052894813326193,0.15762658212920935
0.1798793506258138,0.17608241495228974,0.1601659006878147,0.1575136801897544
0.1798623896779546,0.17604236087478167,0.1597887923744497,0.15742829610927028
0.17985997827017988,0.1760229333094491,0.15938188649453391,0.157379077797075
0.17987186869358085,0.17602511506227375,0.15898252853591202,0.15736782226067422
0.1798528453724647,0.17604959255213815,0.15858384632497105,0.15741537743013617
0.17982732969513893,0.17609695084422333,0.158198949909363,0.15748076793089513
0.17979969393456063,0.17616753696894827,0.15783572758832748,0.15754288687271628
0.17975931477087065,0.17621379069662202,0.15749758409637665,0.15767923148981808
0.17973232876029244,0.17623104898913322,0.1571772048532205,0.1578425321528452
0.1797133013355217,0.17626541042762756,0.15686247487896357,0.15802427657998686
0.17969849703503324,0.17632474942524673,0.156557804267193,0.15815701776477314
0.17969618813293795,0.1764085084352088,0.1562842083398436,0.15822885467864123
0.17970469596557506,0.17649840634490688,0.15600584424768882,0.15831345318188084
0.17969700144877732,0.1765879947010094,0.15572346056795505,0.15841406400812386
0.17969485789252798,0.17670017660643325,0.15543173953297074,0.15849688870207299
0.17968416355657912,0.1768346262453006,0.15514933536577197,0.15856182437278876
0.17965919044609271,0.17699118415453732,0.15488684140686798,0.1586370460042428
0.17964513579543126,0.17716941089771532,0.15462989806772506,0.15873298685985093
0.17964150877930965,0.17736879290335972,0.15438124057167457,0.15883514995854559
0.1796450396462398,0.17758881709874644,0.15414173339354714,0.15891195933010502
0.1796587353100879,0.1778257907711363,0.1539110749730458,0.1589571338950759
0.17964962328583564,0.1780677467134653,0.15370154180402096,0.15901007544969398
0.1796482197445504,0.17832845395930863,0.1535127211310364,0.15905742609777407
0.1796568146544913,0.17858170391735698,0.15333254722941073,0.15909991870187215
0.1796682584947882,0.17881674884647836,0.15314395764933617,0.1591130651656575
0.17967347546238163,0.17906798720803913,0.1529637386496116,0.1590962808296457
0.17968618187101953,0.17931411476309975,0.1528047874118026,0.15908988435194146
0.17970181552620218,0.17952221292494003,0.152668807611105,0.15906949932942996
0.1797170569370712,0.17974796815505362,0.15250035729089884,0.15904852493194213
0.1797289198075575,0.17998143754785573,0.1523517572153312,0.15905041700690903
0.1797324547297584,0.18020230620335567,0.152216158540322,0.15905705397925854
0.17967059020423903,0.1804071781405606,0.15208777073159366,0.15902967970758755
0.1795885069918613,0.18062397891152768,0.1519883522902079,0.15900764548406354
0.17951847732796863,0.18084933212408,0.15191284248594672,0.15901261628066077
0.1794383114121887,0.1810916968412614,0.15185100821212602,0.1590206208985249
0.17933862075765375,0.1813381830754504,0.1517996854198783,0.15900506233056586
0.17920204845579848,0.18157619293098914,0.15173537106260132,0.15900607703695044
0.17906573415402324,0.18182664327944906,0.1516505447849556,0.15899686851778225
0.17894054233131773,0.18207744526959016,0.1515633838872431,0.1589583636619745
0.178826392189055,0.18233969332755065,0.15147308072079407,0.15891023044166053
0.17872316744526415,0.1826165885336057,0.1513708147229813,0.1588868386881496
0.17861979670454078,0.1829066935091207,0.15128406383969592,0.15888697342055347
0.17850176003028465,0.1831788529069173,0.15115022480750062,0.15888055618733513
0.17839434430885104,0.1834623781342005,0.1509838568129668,0.15884854826918357
0.17829330346604644,0.18374716195003019,0.1507953212183804,0.15883176656338446
0.17818583795776022,0.18400005903383795,0.15059700024963982,0.15883864198187747
0.1780805498220122,0.18424898418653132,0.15040914255295534,0.15884735916104106
0.17798496147795478,0.18448194632561724,0.15023729234914163,0.15886643200994743
0.17789959308016468,0.18470918494093336,0.1500814800149971,0.15890884615484663
0.17782464768875067,0.18494962735695586,0.14991027185651773,0.15896828050399078
0.17776013269052576,0.18520263169597245,0.14966490493940446,0.15902814095012058
0.17770618877698646,0.1854678054505283,0.14940809043766834,0.1590853644025132
0.17766307762083705,0.18574450955763996,0.1491680336031415,0.1591254733443097
0.17760725981187453,0.18599628820909447,0.14894493794993466,0.159128649116795
0.1775490899462193,0.18623923865543282,0.14873868965445625,0.15914102847810446
0.17745929060980448,0.1864532791808439,0.1485460408677218,0.1591343962011437
0.17735158330109027,0.18667757263971752,0.1483585477607543,0.15914019841763008
0.17721933368715168,0.18691160920032615,0.148168120833489,0.1591478151357966
0.17706110735728475,0.18705973991179722,0.14798805956217215,0.15909710730169904
0.17686637485144455,0.1872031159702751,0.1478072716968555,0.1590218724585985
0.17668178261239537,0.1873526698837647,0.14764162367546185,0.15891630378112223
0.17650800834293315,0.1875104965744536,0.14746897837702597,0.1588073054256212
0.17633553505318578,0.18767633191460625,0.14728302504676952,0.15866685561614158
0.17615817202403222,0.18784968389950987,0.14707189872916002,0.15853417825319288
0.175990285400117,0.18800674785044802,0.1468996057135548,0.15842239397430846
0.17581471052851882,0.18814430789626546,0.14674928878805946,0.15829372776568756
0.17563033212784465,0.18827516233662067,0.14659074149125384,0.15814426044953434
0.17543592869798766,0.1884072055579227,0.1464633144432395,0.15800268987329988
0.17523809651463837,0.18850555808421082,0.14635966335953934,0.15784745069439998
0.17505212848643545,0.18854365743339263,0.14624765691194005,0.15770279085850256
0.17487726387084845,0.18853962870916546,0.1461490164017484,0.15757062229460655
0.1747059646746739,0.1885011489073665,0.14605614804890482,0.15744138794987017
0.1745054273330303,0.1884700108317708,0.14598272893199948,0.1572975780249556
0.17431727909043557,0.18842792634933056,0.14593450405349542,0.1571423350529573
0.17414583881005746,0.18837820449990175,0.14591138512334217,0.15697982547176145
0.17399113503744057,0.18832007369243162,0.14591318315049603,0.156827648129313
0.17385324736437166,0.18826828119764688,0.1459242168106303,0.15667374192885022
0.1737321392822486,0.18822000233720498,0.1458952426263644,0.15653209005948687
0.17362768289711017,0.18817756680651204,0.14587300157937905,0.1563961199273433
0.17353803903317744,0.1881410470744341,0.14587347275454446,0.15623690675035712
0.17345065082107222,0.1880959935126193,0.14589702222259818,0.1560446286176796
0.17337883219263045,0.18803164130619388,0.14594258771650123,0.15582222270569274
0.17332171150341277,0.18797133685413164,0.14595881495608223,0.15558691895062066
0.17327753219529904,0.1879108495224808,0.14589417212990047,0.155357305599276
0.17324671643216086,0.1878392340560639,0.1458093517996245,0.1551401469049277
0.17321269826587737,0.18777379009886283,0.14573716626801467,0.15489548579633028
0.173197142082234,0.18764098211207156,0.1456886183131998,0.15462396258252517
0.17320107370575338,0.18748184632841375,0.14563936704402988,0.15438259441329216
0.17324211103148074,0.1873286767595805,0.1455944087115776,0.15416609874587583
0.1733200335338916,0.1871541688241562,0.14556760170471578,0.15396811422460208
0.17342357316298454,0.18697563884833868,0.14559182691589456,0.1538022844445656
0.17354671265634725,0.18679521501807578,0.14565845210744577,0.1536373503118931
0.17367846954768157,0.18660481278962382,0.14568079733655925,0.153499948837849
0.17380401184209127,0.18641195020691015,0.14567175481897662,0.15338989832505623
0.17394446334350724,0.18622723936139798,0.14568822796279574,0.15328113004941968
0.1740754219216531,0.1860145208113166,0.14572172216823934,0.15319889262334174
0.17421770939067246,0.18574631598903796,0.14574562516401615,0.1531430910617427
0.17436517584596,0.18548605326186515,0.14578263191980284,0.15306167645074184
0.17449579686915304,0.18523631673891827,0.1458059470650139,0.15295798154216958
0.1745980724563406,0.18498602948269632,0.14581927959170168,0.15281205300400164
0.17469560033987774,0.18469964663094401,0.14585089197163542,0.15268059209308474
0.17480460397077963,0.1844202158469218,0.1458837493698443,0.1525787587460949
0.17492487136745052,0.18414252817362203,0.14592224403828513,0.1524970761995083
0.175056209857009,0.18384358325314268,0.14590276161517385,0.15244598199377138
0.17519847264580882,0.183534699727483,0.14589216037232985,0.15239878763861733
0.17535148776645262,0.18322695726493216,0.14590185342919454,0.15238299574944197
0.17547361554459903,0.18290841966635252,0.1458998759055948,0.15236809471980592
0.1755897540477901,0.18258457491683547,0.14587987895959742,0.1523598426106104
0.1756874580802728,0.18227271504051984,0.14587976187603613,0.15238238273030882
0.17579602106767075,0.18197346220560007,0.14589939755647596,0.15241468351110174
0.17591551427509092,0.18168731889341194,0.1458967312351011,0.15246343320407912
0.17604594529371645,0.1814151664665486,0.14583537833809782,0.15254184893992837
0.17618739552560522,0.18115496841051384,0.14578400583846712,0.1526320158361817
0.17633246734970942,0.1809048325308588,0.14571787659056412,0.152714738995604
0.17644248563376777,0.18067073428329627,0.14566940341140247,0.15280081778375304
0.17652718089742378,0.1804530822627921,0.1456408745292992,0.15289298940646387
0.17660463285989753,0.18025276858438732,0.14561938137116803,0.15300895296714853
0.17666572325863553,0.18007070788612378,0.14560831389506781,0.1531462768326446
0.17670481018565043,0.17989257184670668,0.14561781340400168,0.15328589779174642
0.1767350861692036,0.17968930282392812,0.1456481368238995,0.1534371504455051
0.17675981202449662,0.17950800896970306,0.14569973402194145,0.15358067520576724
0.17678216732208488,0.17934915495448686,0.14577287154403126,0.15374879638091665
0.176817464287158,0.179194780911833,0.1458597924825934,0.15389108158505574
0.1768657405930573,0.17905946102227321,0.14592022003077287,0.15399451718362497
0.17692697576888833,0.17892896508506953,0.145996596741393,0.15411272098335888
0.177001124692763,0.1787980583719358,0.146095808744894,0.15426024472584363
0.17708820651170648,0.17866947867858507,0.1462137564458471,0.15443810733001528
0.17718827834128306,0.17853871483789308,0.1463437742142034,0.1546464612233905
0.177301231241916,0.1784260869274595,0.14645684547092494,0.15487584839222762
0.17742034937487275,0.1783307502648778,0.146530424260554,0.1550967012704346
0.17750928736400784,0.17824604816154635,0.14661557245086343,0.15527765304761426
0.1775816783025089,0.1781673415110353,0.14672609902412026,0.15546983892497868
0.17763122638041254,0.17809742227719474,0.14683833160241064,0.1556783731694028
0.1776840889781155,0.17802691182929528,0.1469633483524615,0.15591463613035772
0.17774112690698615,0.17796739423018385,0.14704649503303116,0.15617834504750083
0.17780723964263076,0.17791705841347297,0.14715420360186354,0.15646670284811165
0.17788206753019842,0.177842526130222,0.14725229172676993,0.15677195516997006
0.1779639149832106,0.17777076128537186,0.1473617989199208,0.15707731658339166
0.17803382884366273,0.17771156129833085,0.1475000782491824,0.15737661076462225
0.17811658389518908,0.1776645016297832,0.147670313647309,0.1577046439942312
0.17819601301688956,0.17762753189915345,0.1478622350422181,0.15806076969633373
0.17828464667655125,0.17758206008344488,0.1479957214048493,0.15843382002878723
0.17838611076490524,0.17754900071897903,0.1481029578056264,0.15881761955259674
0.17849644805774292,0.17752868009743283,0.14820204426907965,0.15922718525632673
0.17861903874766039,0.17749111932002534,0.14830457642523323,0.1596608725988004
0.17875317128165957,0.1774578883335586,0.1484197457106992,0.16009986276519877
0.17888043935497192,0.1774386469164389,0.14852797964030182,0.1605290137847083
0.17901889762365958,0.177433943892496,0.14865380057236466,0.16095075105358025
0.17912506146076448,0.17744171472947773,0.1487743447729123,0.16138541815778443
0.17921847693632256,0.1774481007945324,0.1488885861394247,0.16181567309816322
0.1793128502344685,0.1774692646610559,0.14896895310606678,0.16224389928870583
0.17941197930869074,0.17750552223761626,0.14903009646118126,0.16267446483649955
0.1794910897872187,0.177557345192196,0.1490912407979997,0.16310698945649718
0.17957786038943302,0.1776109941539573,0.14913765457058584,0.16355635670281213
0.1796573108572561,0.1776388173542735,0.14919991102714206,0.16401428261059525
0.1796722063452502,0.1776771581062644,0.14924936653247767,0.16446920051563896
0.17969048515400343,0.17771562088651238,0.1492608835279791,0.16489223646012924
0.17972084689650106,0.1777684053682426,0.14928551711735083,0.16530964583168412
0.17976394321272882,0.1778252095150706,0.1493022633222517,0.16574246536676285
0.1798201277893958,0.17787494029871534,0.1493048443730504,0.16613609638436536
0.17987794011186076,0.17793342836502732,0.14932073898098136,0.16653378736221655
0.17993784683951283,0.17795604711057766,0.14934982097257746,0.1669077590609608
0.1800024359773613,0.1779746629729295,0.14936802871046267,0.16728228568449144
0.18008111039075803,0.17797590344634157,0.1492918431554893,0.1676196068369193
0.18014729324525602,0.17795359666226915,0.14917567656484215,0.1679231290631414
0.1802237742049537,0.17792074387871995,0.14907323591623142,0.16822522699075038
0.18031530014796432,0.17789516854786702,0.14896595327857995,0.16853886001588728
0.18039020026836655,0.1778767561219976,0.14885190445729618,0.168858234297509
0.18046841255363824,0.17782560356649996,0.14875069458198184,0.16914288829086296
0.18052550702490358,0.1777444888507668,0.14866846601180927,0.1694019630498146
0.18059585734386632,0.17767014117645538,0.14860680362408993,0.1696495301385277
0.18066400777160532,0.17760459651919014,0.14856744530591803,0.16989289168007615
0.1807436644056859,0.17753116242879524,0.14854242041194315,0.17009610340889667
0.18083758539499364,0.17746072239508962,0.14852381057731343,0.17029543094283517
0.18094510886944806,0.17736876056127296,0.14853235670770829,0.17049276494211937
0.18106614722120715,0.1772659959965863,0.14855477528174144,0.17070351621900964
0.18117402976553248,0.1771462616578287,0.1485666389110084,0.17089496389292658
0.18128677165773102,0.17703558503831576,0.14860464675499965,0.1710700658748485
0.18141154379941163,0.1769358463131614,0.14866458051843026,0.171258378404018
0.1815395438053194,0.17683929143884758,0.1487378172187654,0.1714611617753639
0.18167523141465197,0.1767429584908154,0.14883421839947447,0.17167869052534357
0.1818233031931101,0.17663975977016425,0.14890722101781792,0.17191088315207861
0.18197630999585912,0.17651158828868777,0.14895899769971888,0.172144939726968
0.18213314176438755,0.17636590427911913,0.1489604787909882,0.172386926009269
0.18227698345410956,0.17622514872135656,0.1489360298011633,0.17262811136414083
0.18240537068132634,0.17606149583494424,0.1489186441649971,0.1728843511361924
0.1825460184112622,0.17585815152841253,0.14892133219615153,0.1731557843651424
0.18267721139438145,0.17562278655790847,0.14894150084493923,0.1734182011806605
0.18280535778116286,0.1753968718513623,0.1489423643326544,0.1736873977100155
0.18293546659123364,0.1751691184915418,0.14896188530219392,0.17394131511427177
0.18306876822837925,0.1749114245585788,0.14900101772779303,0.17417815127797964
0.18320328283362763,0.17463930343887543,0.1490590123837306,0.17441971661839026
0.18334968263843435,0.17437715731988188,0.14913549431672005,0.17465476265477972
0.1835078923282347,0.17411970462695248,0.1492129909320815,0.17490600380104515
0.18363112520026845,0.17385202013091075,0.14925453098647617,0.17514245378149812
0.1837504302263417,0.173537819250271,0.14926874111128222,0.17537309126331718
0.18383410021352117,0.17321456288317275,0.1492777896166508,0.17554731848729943
0.1839109967988097,0.17291376381980178,0.1492685666872617,0.17570917870447425
0.1839943721318731,0.1726323096200406,0.14927534795185293,0.1758767705083018
0.1840918597107225,0.17234878186979433,0.14929836227102367,0.17606108345977659
0.18419979779913473,0.17208599435411553,0.14930008473607553,0.17623907585286908
0.18431660531425578,0.17184072708570441,0.14926042084547633,0.17636871917063135
0.184448061432463,0.17160619434778987,0.14922280352229148,0.17648679267208153
0.18459432880604673,0.17135610634363943,0.14917207685175407,0.17658697022125927
0.18474653570637772,0.17110869514029184,0.14911923608569247,0.1766724530395566
0.18489078524480904,0.17086298855716628,0.14904521022475462,0.17676217954166998
0.18504638992071815,0.17062166392942169,0.14896363535173512,0.1768690887338212
0.18519891856119008,0.1703858621859067,0.14885194154110482,0.17696487008358816
0.18536571478190195,0.17014783211357268,0.14868610574481164,0.17706021890419826
0.18554867317818072,0.1698790898593985,0.14853726521291358,0.17714514580990792
0.185747467688248,0.16959028471101661,0.14840157289279474,0.1772373950706191
0.18594123832358758,0.16929883139615792,0.14824631758489862,0.1773500193855141
0.18612139401640074,0.16902037959046026,0.14810577725828003,0.17747800242153208
0.18629949413011304,0.16875182253720195,0.14798590623356242,0.17759392035867877
0.18646681157158276,0.16849138378667783,0.14788071554724588,0.177717258305544
0.1866463745353315,0.16822842136085955,0.14775844331312402,0.17785151291188697
0.18683835814463493,0.1679685471136674,0.14764465788287506,0.1779713985813942
0.18702021584680126,0.16770348660669213,0.1475488163064974,0.17811217585925632
0.1871989774054243,0.16744402678654416,0.14747095529267132,0.17826370794037025
0.1873874526033375,0.16718168802627578,0.147375312953663,0.17842134787406994
0.18757949000264418,0.16693118319909658,0.1472828010420866,0.17853908591283182
0.18778006175300466,0.16669522415298932,0.14717945539354457,0.17865642373029028
0.18797057529821315,0.16640862478819152,0.1470889347744558,0.17879350496343402
0.18798100345315905,0.16604961831848594,0.14704081473173986,0.1789501480238415
0.18795839201518094,0.16565992695394743,0.1470379702337562,0.17912648627448344
0.18794407424158138,0.16525624262733296,0.14705377569174188,0.17931823419865828
0.18793951426743205,0.1648782826729754,0.14705831681416004,0.17952479029363144
0.18790137749429092,0.16452683981954724,0.1470826101739047,0.1797215449147324
0.18785461427589836,0.16420267432801275,0.14712904846556024,0.17993718629011773
0.18781816519591588,0.16390523913033758,0.1471948914314954,0.18017198068633536
0.18778598348928313,0.1636311587990702,0.14726695638443535,0.18041074279464162
0.18776316967841267,0.16336197478059933,0.1473668584789908,0.18064587135926366
0.1877511540835407,0.16311180862543526,0.14749022111342647,0.18088386424066655
0.18772479064363223,0.1628856501157928,0.14760734912497375,0.18112647283033673
0.18770798899479754,0.16264541929301227,0.14769573282503176,0.181385419078415
0.18765659315582883,0.16240781512189584,0.14781141686987026,0.1816605345119584
0.18756495894143818,0.1621881151091201,0.14793034506955027,0.18195173390233463
0.18746102743018317,0.16198992074455945,0.14800941269055398,0.18225391983810513
0.18736844216532517,0.16177899971351475,0.14808032845897412,0.18257147131970458
0.18725012557329987,0.16153562748107567,0.14812845765703803,0.18289625600442355
0.18710486338923993,0.16129493348319052,0.14816695042060044,0.18320810969645762
0.18696185721085207,0.16107560225582013,0.1481948369108544,0.1834241206050989
0.18682892377309104,0.16087783888711102,0.14823998002399158,0.18361763015825325
0.18670486548062873,0.1607018205033893,0.14830706065045182,0.18382543373303611
0.18657507276654672,0.1605473945304762,0.1483930254435883,0.18404719621975535
0.18639250179514083,0.16041246639959933,0.14848114684442407,0.18428140765392048
0.18620143260385075,0.1602994747287767,0.14859438461120145,0.18451883302402897
0.1860226585995153,0.1602084478325001,0.14869949121103276,0.18476045447969752
0.1858528594843384,0.16013941822381728,0.14880639667426515,0.18495474529751804
0.18569331684108037,0.16009231287261197,0.14892798030662863,0.18512826033191632
0.18554619604605505,0.16006696384815805,0.14906872366332563,0.18531366438486946
0.18540720697200885,0.16006289742249766,0.14921723929331587,0.18551164360680691
0.18527724543377036,0.16000963289093606,0.14937636509536606,0.18571332007704172
0.18511863521040758,0.15995443948493987,0.14950979696531022,0.18589557867851841
0.184960464675914,0.1599201220660126,0.14965878684059905,0.18604876303339998
0.184814362034548,0.15989955129685018,0.14981042977882436,0.18612159293322453
0.18467997965495034,0.15989275158267852,0.14993850235729445,0.18620568435166315
0.18455676094749862,0.15989468623578104,0.15005885928224308,0.18628693252386772
0.1844442749755183,0.15987879536518768,0.15016241335442312,0.18637906975163815
0.18434271913698916,0.15987887638711626,0.15027264543672236,0.18646599555720308
0.18424714240525597,0.15982904449408863,0.15039794130146616,0.18655803304657642
0.18412099639183985,0.1597617434283603,0.15052681613865243,0.18663050474860107
0.18389731080587057,0.1596952009648846,0.15063832981965639,0.1867100717761348
0.18365631587018338,0.1596301644746029,0.15069531009587825,0.18678604348569067
0.1834272783776383,0.1595431439156864,0.1507508173697809,0.1868531243781292
0.183208862207571,0.15946709509881646,0.15081780764802194,0.18692311704761522
0.18299953130868352,0.15939508297229021,0.15086858543786227,0.18701006402964623
0.18280383795646693,0.15932221021508658,0.1508939011895637,0.18711330534016268
0.1826197658443116,0.1591927884199239,0.15090693192681356,0.18724031479827283
0.18239744453369863,0.15904318197629194,0.1509263226860893,0.18735901006898792
0.18217825234863647,0.1589061788228973,0.15095510632153628,0.1874698571486756
0.18197465544888858,0.158745298379441,0.15098538556581426,0.18759138593218996
0.18178675745537792,0.1586039603457075,0.1509964541757413,0.18771356959702865
0.18161518113022093,0.15847822902761954,0.15099838184475275,0.18774889821502153
0.1814606585881463,0.15835616070741373,0.15100762777973464,0.18776547638542948
0.18129740936514677,0.15820764861102826,0.15102788953058088,0.18775414500478838
0.1811411353652087,0.15805674781781234,0.15105955847239258,0.18774287656120536
0.18099336475256578,0.15791268052355636,0.15110237362823933,0.18774603988756364
0.18085149503241027,0.1577697924228505,0.15115097443517006,0.18773844268886958
0.18072009640035847,0.15764744539939235,0.15121063181081437,0.18769389943830242
0.18059872421592055,0.15753460850784012,0.1512813254318769,0.18765939866016068
0.18049612767984036,0.15743968683934115,0.15136305598849073,0.18761775839836212
0.1804123816337005,0.15733440111515493,0.15144956833879916,0.1875917400171342
0.18033431751234225,0.15722944915030393,0.15151599127692333,0.1875804912188018
0.18025725036442586,0.1570974179815805,0.1515814400400184,0.18752614857113223
0.18018113143062792,0.1569514784952861,0.15165884496849524,0.18741188089334831
0.18011580116875234,0.1567958351427562,0.15173606347581578,0.18727732089097227
0.1800674034737128,0.1566550685316861,0.1517909400811445,0.18712335335332303
0.18002201400329162,0.1565356710037616,0.15185033902886227,0.18696139390979405
0.1799744458479589,0.15643392067024883,0.15191951351905517,0.18678469630053868
0.179926772691172,0.15633774823376895,0.15199856494975608,0.18660784626837054
0.1798873262366356,0.15626341013227862,0.15208738032426555,0.1864411676126546
0.17986275123420142,0.15620939859072022,0.15218600525799267,0.18629268946274788
0.1798524169925078,0.15617542716353264,0.15229434498645508,0.1861499199513934
0.1798559791568815,0.1561642062636873,0.15241251519227247,0.1860186553749277
0.17987285595503572,0.15617294304882448,0.15254071811228173,0.18588460218187436
0.1798794443812677,0.156151908552106,0.1526681018931429,0.1857649376783201
0.17986665636257881,0.1561494573098057,0.15279742787982387,0.1856385966374665
0.1798103186829049,0.15616852964341085,0.15293835013643994,0.18550317087837517
0.1797182080274359,0.15620455534460492,0.15309158276404516,0.18536223267162005
0.17958481586878045,0.1562610377448562,0.1532457606685237,0.18522951715048555
0.17945985121269814,0.15633872904550036,0.15340900789461467,0.18509700828762096
0.1793382113770423,0.15640441131290644,0.15355454025702542,0.18497029819606772
0.17921248996209843,0.15648929431554512,0.153653390995196,0.18484941243064335
0.1790864450818752,0.15659465915261409,0.15375204258608197,0.1847153298500338
0.1789399398829838,0.1567208364775787,0.15386273774871184,0.1845952787491016
0.17879702599938901,0.1568284525225348,0.15398734539774217,0.18448997188994853
0.17863712632884318,0.15694258816177642,0.15408984715727927,0.18436733133313912
0.17847517476209293,0.15706396974564146,0.15417549296870375,0.18423698568419625
0.17831934129868318,0.15720187651419287,0.1542441129352943,0.18411999182557626
0.17816936065739689,0.15731773682808822,0.15432845951960783,0.1839982026390858
0.17801854961786862,0.15742125195829978,0.15441419399199746,0.18386512214646686
0.1778584112795931,0.15753172338605326,0.1545031525839403,0.18371691760448758
0.177686129153942,0.15763883395207942,0.15456732041316645,0.1835377062685752
0.17751290594560387,0.15774325210443385,0.1545934716655734,0.18336376492278778
0.1773444024502454,0.15786825444769578,0.15463386346392335,0.18319463279926299
0.17718110719152072,0.1579747821104458,0.15468850506606005,0.18303064553700904
0.17701544681177203,0.15807780531639704,0.15475728302549688,0.1828618347671642
0.1768243265095074,0.15817132588241653,0.1548396948227824,0.18270636442210006
0.17662177844741286,0.15827836689552252,0.1549099546685275,0.1825440905459111
0.1764057249537823,0.1583648775996457,0.15496585443813868,0.1823860296796439
0.17615938180847276,0.15844675109531414,0.15499930375062282,0.18224647349824225
0.17589850194915815,0.15850818692940508,0.15501090825420932,0.18215624028143992
0.17563341677662175,0.15853058491966093,0.1549967307354526,0.18208708831868745
0.1753739360860627,0.15854545375918158,0.15496248997069953,0.1820123686906962
0.1751201414536294,0.15856455563671884,0.1549137698045895,0.1819490614763946
0.17487211125249313,0.15860164841676125,0.15487774631670712,0.18190402869716896
0.1746298686606624,0.15865599142161757,0.15485249640975896,0.1818220548767469
0.17439103124882815,0.15869939322128496,0.15484076507164934,0.1817395506920694
0.17415332420751775,0.15873802833592981,0.15484087028398397,0.18160255367067804
0.17392231446198983,0.15876708840060172,0.15483263988647208,0.18148629270013208
0.17369840239891737,0.15878174779595514,0.15481419323946913,0.18139071774316282
0.1734605592341504,0.15875729457722934,0.15478174580920007,0.18126486051586518
0.17322227218779873,0.15867015868302484,0.15473161777988337,0.18114979716480606
0.17299147365842363,0.15849613193065965,0.15468542921216652,0.18101491172869863
0.1727615030256866,0.15831445898174157,0.1546434957117559,0.18080216436938884
0.17254190543172157,0.15812168362955173,0.15459781482410204,0.18059002728432003
0.17233412686887445,0.15793570054448927,0.15455280824292789,0.18039563458271649
0.17213886192317562,0.1577638076366422,0.15451953259684437,0.18021840765766262
0.1719571417665047,0.1576064825895159,0.1545005559399431,0.1800289542368937
0.1717809022108923,0.15746395945034813,0.15449577255163954,0.17985148098006534
0.17160427911946427,0.15732918611214552,0.154504959929673,0.17968944222743471
0.17144413862943364,0.15720077781156713,0.15452771203165766,0.179539984452182
0.17127940543674364,0.15707435251429558,0.1545611133131867,0.17937958567165158
0.17111195449298022,0.15693041192128526,0.15459260667764768,0.17919689300220454
0.17096159994193194,0.15677587431720422,0.1546239429550892,0.17901330466819426
0.17082696604777378,0.15663961562264997,0.1546161684867803,0.17880226234994173
0.1707018916480204,0.15647248030921732,0.15461908801984958,0.17857219726455031
0.17059332548260492,0.15632290755175393,0.1546342053620897,0.17835696118873204
0.1704929660780188,0.15619478475926235,0.15465200851483016,0.1781535915114665
0.17037926413666707,0.15608887318736395,0.15457888941514802,0.17785309993618537
0.17028048078645777,0.15600352208859683,0.15445824784697065,0.17755071449349683
0.17019801135530332,0.1559370126396109,0.15434761927351015,0.1772460790443089
0.17013215683130103,0.15586149992445397,0.15424701110507918,0.1768817262165741
0.17007787772560237,0.15580435536204867,0.15415607622730873,0.17652054621978042
0.1699924127993289,0.15575937286050054,0.15406444535330216,0.17617750542357144
0.16992399530076102,0.15571661203872234,0.15393764414071254,0.1758534131584615
0.16986276872153913,0.15564870993419708,0.15379515232155816,0.17554724652910736
0.16980772435886363,0.1555475663104637,0.15365582526558297,0.17526357354549751
0.1697702520987397,0.1554614659283719,0.1535262629824915,0.17497407349311073
0.1697505404057668,0.15535748188489237,0.15340745327298333,0.17468333472322134
0.16974847692118358,0.15526860395381598,0.153297050620642,0.17441644363216469
0.1697643774689211,0.15520294724896236,0.15317618559322618,0.1741778078978977
0.16979857544155294,0.15515821946917513,0.1530623056105062,0.1739698864753494
0.16985139140497021,0.15508811662506874,0.15294799161971323,0.1737827602163247
0.16992283099959543,0.15501566662060454,0.1528348496629679,0.17361288835100497
0.17001253823194604,0.15496401153926745,0.15271927274907407,0.17345958014078502
0.17012032606235633,0.15493322263763623,0.15260294593303467,0.1732587007710891
0.17024637617420452,0.15491683413494525,0.1524811439850849,0.17305275400822523
0.17039062956138054,0.15491796113509104,0.15237182056077092,0.1728646429289061
0.17054908126072998,0.15494034503835485,0.15226833144750215,0.17270393042844578
0.17071722221467434,0.15496847836813377,0.15216776745463137,0.17257308770373075
0.17090262387535893,0.1549647035642463,0.15206982379735876,0.17246202212403552
0.1711052154546991,0.15497691635748084,0.15198466957970472,0.17237716794459876
0.17130033812251136,0.155000141614053,0.15188820665759864,0.17227194601266313
0.17151041841788142,0.15504020982024894,0.15180360752421904,0.17218008415139288
0.17171269172485404,0.1550635310808367,0.15171129825868426,0.17209490729615326
0.17188631981069874,0.1550922812845009,0.1516256587050681,0.17203877899963338
0.17206380348520026,0.15513783943577203,0.15152027757540054,0.1719677173752748
0.17223925007760324,0.15518680436284632,0.15141518114000407,0.1718563130050038
0.17243004855110777,0.15524588157047975,0.15129023988368925,0.17176774737942732
0.17263575029916411,0.15530451810735438,0.15117741256604156,0.17170341158074776
0.1728126493361237,0.1553851541684022,0.15107785414532077,0.17166238746703286
0.17298713802882937,0.15548749582993135,0.15099152609143054,0.17160605197303888
0.17316804469010208,0.15561098044886731,0.15091817443645392,0.17153707598079837
0.17336003890386625,0.15575313478633387,0.15083719292127504,0.17147133453893687
0.17356241773067763,0.15588703938024506,0.1507565480575067,0.17142828290861037
0.17375877039112264,0.15602229728464181,0.15068881767193154,0.17140363015555146
0.1739533716046946,0.15613443511541034,0.15063446772876551,0.17138554924606036
0.17414693705164921,0.15623147162014897,0.1505936977005353,0.17139232221716452
0.17429726802668566,0.1563023847638095,0.15056670194955374,0.171410883511183
0.174422235887786,0.15638864980089107,0.1505299509845084,0.17146344850770956
0.17452128435504666,0.1564592286966041,0.1504854558163556,0.17151767514828076
0.17462136671089193,0.1565383472813179,0.15045440569239077,0.1715115228203323
0.17472954354265027,0.15662804763261198,0.1504368387899775,0.1715099250308001
0.1748458031748272,0.15672842966505995,0.15043272669200128,0.1714702393294215
0.17493431956328456,0.15683613652074666,0.15043977466636968,0.17139571189627414
0.1749554194323384,0.15694805769561715,0.15042411204566458,0.17128426414605818
0.17497776780945828,0.15705244079473,0.15040229381768497,0.17116150272546107
0.1750025440407093,0.15717248731514283,0.15038784981164846,0.1710586669766917
0.1750360258984696,0.15727772577681903,0.15038829403713383,0.17092848902896535
0.17507810198342066,0.15739057192969758,0.15040378789724979,0.17078625441828088
0.17512870370570666,0.15747082250021754,0.15043459150912925,0.17063543150651012
0.17518742963349948,0.15755319996752137,0.15048100359781472,0.17050825671905517
0.1752540433938697,0.15764768188422437,0.1505433269233014,0.17040313685401937
0.17532880580379367,0.15774197767489753,0.15061970825440069,0.1703277915033647
0.17540318164092045,0.1578154583312059,0.1507124012284131,0.17027828664643035
0.17546953584064037,0.15787595088646664,0.15081614248582187,0.1702133894668869
0.17554446603398893,0.15792837729517262,0.15092111334254632,0.17015889074834917
0.17562801118165924,0.1579856513950476,0.1510335794665822,0.17012600660839158
0.17571651373325317,0.1580576548972965,0.15114936233645154,0.1700699808116546
0.17579876204868478,0.15813969619096288,0.15128230447813787,0.1700117214080499
0.17588662864510746,0.1582309378364301,0.1514196080219908,0.1699513780304281
0.17598266848636646,0.15832650579187227,0.1515529601275853,0.16991234007631714
0.1760800363418083,0.15841391012715747,0.1517040417361147,0.1698940845496394
0.17617107625886524,0.15850175534852043,0.15187424752500442,0.1698678619004234
0.1762706680007274,0.15853198328622523,0.15207410725607454,0.1698477246192295
0.17636248682024905,0.15856846288093637,0.15230259888352013,0.16984725457054897
0.17644647514867043,0.15860138201382173,0.15255285637544602,0.16984356986344426
0.17653986612218908,0.158636292313437,0.1528244014235778,0.1698392086211167
0.1766400213247457,0.1586505075678949,0.1531144881635718,0.16984620781720372
0.176737108162884,0.15866465569159277,0.1534198320465254,0.1698723546862615
0.17684171980966462,0.15868590467797503,0.15372442787932045,0.16984764927190155
0.17693547452744218,0.15870196639145456,0.1540457109578443,0.16982000771092876
0.17695765336314206,0.1587140675778597,0.1543836448323384,0.16981107956351693
0.17695899963841652,0.15874498289891284,0.15473704744884098,0.16982134579620564
0.17697123513968002,0.15878596144227727,0.15509561256731597,0.16981341787018295
0.17699453228176737,0.158822844977156,0.15546093048358373,0.16978585655766426
0.1770125489354163,0.15888006602758917,0.15584013174232,0.16971450588382006
0.17702219912214795,0.1589446941070387,0.15623297718727452,0.16957944032266045
0.17704369826677438,0.15900019845943497,0.15660983667070774,0.16946216775547657
0.17707718788198054,0.15906553887347988,0.1569805898328128,0.16934089520078716
0.17712258749368942,0.159164292367535,0.15733946854721104,0.16923139364541764
0.1771725560378822,0.159296574851386,0.1577097971036345,0.16914349587719413
0.17719921893793164,0.15944507085927465,0.15809072586599004,0.16905406396002934
0.177218272435435,0.15960327900974927,0.15846402184131583,0.16898257474758316
0.17725003165641592,0.15972030737247672,0.1588437676128208,0.16889767484738233
0.1772945369589255,0.15981358849200294,0.15922023374171354,0.16882810212303886
0.17734411317683693,0.15991423790750114,0.15958572208634925,0.16874275388066745
0.17739425625418684,0.16003475986906285,0.15994983974954025,0.16864417099610032
0.17744570305890378,0.16017494245392436,0.16031571171773631,0.16856834602469367
0.17749178709698094,0.1603280081281037,0.1606898120125173,0.16849914999380927
0.1775245685533515,0.16048251123607302,0.1610717788494121,0.16844471530928634
0.17755042268467405,0.16063733259695376,0.1614537824800887,0.16838663136604246
0.1775856362000657,0.16078611859499634,0.1618256989829946,0.16835028543739003
0.17763053419609873,0.1609448682351068,0.16215439341060256,0.1683097384487034
0.1776780842377206,0.1611182440887772,0.16247802831883412,0.16827102457834806
0.17773424890377476,0.1612792020198276,0.1627985217940551,0.16824241974361928
0.17779898043510836,0.16144471707149674,0.1630995877835171,0.16820864429330723
0.1778670675218828,0.16158900280183608,0.16336509825357864,0.16815766762630063
0.17794520877827977,0.16168940739863205,0.16360636815023302,0.16809460653031216
0.17802331504577157,0.1617830014004681,0.16384517230137413,0.16804638805152922
0.17810672582740955,0.1618017824562037,0.16406961713953194,0.16801958015428894
0.17818789686542272,0.16181851846164558,0.16429036212631132,0.16800936384121715
0.17827828864172368,0.16183819894929846,0.1645125822788889,0.16800594734881044
0.17837892288747959,0.1618594924477834,0.16473223813175347,0.16802299182152072
0.17848918300717465,0.16187795729143595,0.1649486917697865,0.168056625406086
0.1785923791256743,0.16190478847927547,0.16516955908215739,0.16810402909655303
0.17868597102594194,0.16189193955033865,0.16535787404976623,0.16814051732873783
0.1787887004027903,0.1618705387894248,0.16553846393280092,0.16816610785648414
0.17887758377110977,0.16184689987752413,0.16571698994428402,0.16814500391625148
0.17891684033931315,0.16184108039848502,0.16589943316096284,0.16807026958255564
0.1789601896186471,0.16185316041878284,0.1660862938311577,0.16799980416498778
0.17901176752409087,0.1618831842584207,0.16626193800435218,0.16794403612907094
0.17905852320791443,0.16193117527762507,0.1664166860909002,0.1679006899158315
0.17908664859466059,0.16197682966407773,0.1665750245998159,0.1678752035157614
0.17912352810275847,0.1619718562770448,0.16669803353875765,0.16786751435511388
0.17915607502127906,0.16195413962148553,0.16677715581651667,0.167877797340381
0.17918977682392354,0.16195294832528603,0.1668612001138996,0.1678764100114709
0.17923193868638648,0.16196976382510414,0.16691266159750748,0.16786408806361602
0.17926539058612506,0.16200427362623837,0.1669628809108616,0.1678652355193674
0.17923206562099117,0.16201445024095362,0.16701863200357522,0.16785586177124126
0.17920700720601296,0.16199129477257146,0.16705132078588775,0.16783743232856616
0.17918875631576692,0.16196179587447543,0.16707061808115076,0.16781769878587396
0.17916096582270113,0.1619206213179331,0.16702904611435496,0.16779945314002043
0.17910841739205643,0.16188466201463222,0.16698751672149614,0.16777799195962856
0.1790332601178669,0.16184108422194982,0.16695387275311288,0.16772771837740963
0.1789577600797222,0.1618058657666328,0.16690275220087766,0.16768702591833382
0.17889329003237925,0.1617742830522169,0.16681507011582902,0.16763853127911074
0.1788384883239996,0.1617594638664917,0.16672583151264628,0.16748518260124037
0.17878893829428116,0.16176120695051296,0.16664360980313542,0.1673258628301831
0.1787662863979496,0.16177920937509285,0.16656972245979912,0.167186046129776
0.1787453087393645,0.16177519006608704,0.1665044715428826,0.16706206200993726
0.17875020912758355,0.161759826572392,0.16644792223967964,0.16695120171602693
0.17876431880703808,0.16174380090033957,0.16640007008072363,0.16684324601442044
0.1787889222906816,0.16173373447332481,0.16635401785177073,0.16670993300853026
0.17882759610597998,0.16171836880802878,0.1662998520856526,0.16659989407240658
0.17887895860309214,0.16169823877809672,0.16621703956761216,0.16651180749106767
0.1789421673484079,0.16165234118514482,0.1661421547474705,0.1664049017544693
0.1789989644579838,0.16159497812989543,0.1660616929018779,0.16629572721478272
0.17902773372764488,0.16155467726428605,0.16598715232452566,0.16621043690689363
0.17906597390880882,0.1614999701906717,0.16591073006208856,0.1661484740402331
0.1791158112010599,0.16145402308422951,0.16582910233661752,0.1660733248362788
0.17917725854580632,0.16138910010439808,0.16573847660869226,0.1660202273891872
0.17925021940980115,0.1612941539725522,0.1656456138224527,0.16599199574721574
0.17933328566669565,0.1611721048408935,0.16555657088220058,0.16597017417556492
0.17941316167786256,0.16104629143421742,0.16547523568277597,0.1659531023233326
0.17950017368021495,0.16090342204442254,0.16539836679718117,0.1659006797714403
0.17959325678934795,0.160759545350247,0.16532961791794215,0.1658195261993234
0.1796880855125632,0.1606337793993218,0.1652582272966088,0.16574323569778465
0.1797961443716065,0.1605263025067137,0.16519690775757068,0.16568661843454888
0.17987006228747124,0.16043736767139222,0.1651434732168097,0.16565038724918701
0.17992981226955698,0.16036407989690157,0.16507572509588386,0.16563392860060847
0.1800055678699594,0.1603003425717573,0.1649931123088412,0.16563658317285834
0.18009431817842841,0.16025027962692628,0.16491961254594897,0.16565764402116323
0.18019735602183914,0.16021258436529984,0.1648534977691882,0.1656694200661051
0.18030336290303692,0.1601756829156759,0.1647482172265051,0.1656756798619128
0.1803955101291292,0.16016067501527068,0.16464001196624475,0.16569784601698603
0.1804931071982693,0.1601572385289546,0.16454205587927895,0.1657365041393711
0.18059815369321772,0.16016794400174675,0.16445460569219872,0.1657836663083754
0.18070501331841501,0.16020031537735907,0.16436399970392115,0.1658328890026021
0.1808201811938746,0.16025473077296176,0.16427680044622053,0.16587891994271545
0.180866093800113,0.16031402147431126,0.16416713487296516,0.1659249921014625
0.18091732019221962,0.16035250944441926,0.1640675419626184,0.16592281770160602
0.18095652130809634,0.16041252369049466,0.16397581308412396,0.16592974974140298
0.18097599136410966,0.16049380288081097,0.16387645217139815,0.16594683342364352
0.1809718600725638,0.16059618259159628,0.16376449818110356,0.16593906529461638
0.18097208022645053,0.16070777929732805,0.16361632581764357,0.16592734984124527
0.1809808701840907,0.1607935203100146,0.16347756672233474,0.1659303209096102
0.18099674347933145,0.1608705337484447,0.16333336281358776,0.16594805088577075
0.1810037623164012,0.16095147963412945,0.16318357805373787,0.16597306897659372
0.18100657847775,0.1610016568786367,0.1630145888509569,0.16597403765371485
0.1810132384536782,0.1610316688969423,0.16282851951644292,0.1659867999863818
0.18099476679398646,0.16106846880343162,0.1626472529947161,0.16601435166647588
0.18098279751199708,0.16110628760372933,0.16246888375179538,0.1660566777966858
0.18093968930218987,0.16116799246943359,0.1622715166316657,0.16611377567016114
0.18086865829034549,0.1612567060104012,0.16205659941390305,0.16617176926240743
0.18076293778120558,0.16137561337445264,0.16183098811849725,0.16623295479190353
0.18066167128627345,0.16152630749837305,0.16160092470669735,0.16628990479789396
0.18056657164279613,0.16170803331134256,0.1613845574323276,0.16634387458266267
0.18047315283456697,0.16190995034125577,0.16118221539063082,0.16640132018952894
0.1803890137433202,0.16210628310273834,0.16096881081383477,0.16643562911895576
0.18031479489954258,0.16228926556338627,0.16074949143467257,0.16648117422184103
0.1802425336401359,0.16248132763574183,0.16054601659038734,0.16649183340349388
0.18016486906206894,0.16266622279886822,0.16035878955402313,0.1665178050630339
0.1800927775455664,0.16281541742927555,0.16018809827591332,0.16656091417829225
0.18003195567287542,0.1629136965737341,0.1600341245177633,0.16661343169573795
0.17998314753592004,0.16302460005910718,0.159896844943517,0.16668308788347827
0.17994604087188487,0.16315134793600844,0.1597762859038271,0.16668769806906172
0.17992034062422035,0.1632887892336331,0.15964793460373355,0.16664367503180755
0.17988474715995587,0.16344552984107,0.15947380755248078,0.16661343972144163
0.17984018380433076,0.1636174932031172,0.15931008645491163,0.1665908401284802
0.17979523970879444,0.16380166607016805,0.1591031685859222,0.1665672013395418
0.17972867012069116,0.16398463497229174,0.15888270569420423,0.16650953593127885
0.17965695159277079,0.16413971969463761,0.15867227885963606,0.1663586288668358
0.17959876567518915,0.16430192911270367,0.15846412089992212,0.1662139217231385
0.17955425844165465,0.16443571720830247,0.15826791939867083,0.16608720537406665
0.17951976377451456,0.16455422171052608,0.15806048861970823,0.16595921895863067
0.1794700805092811,0.16467179950434058,0.15784157553055167,0.16582021865213284
0.17942539076428038,0.16478059505531994,0.1576083649996978,0.16567655345408622
0.17935444146071666,0.1647803934478682,0.15738867536485462,0.165541057564118
0.1792823946567976,0.16476698165781695,0.15716634591988446,0.16537782256624292
0.1791851077642147,0.1647519271312929,0.15694351695208905,0.16520478011547204
0.17909327820552032,0.16474379596967206,0.15671398081157456,0.16504092875572776
0.17898387417130565,0.1647293554587063,0.1564915769185824,0.16489142483646113
0.1788851121946416,0.16468475276630573,0.15628050756750977,0.1647566434004046
0.17879722306812243,0.16460108324554543,0.15605855990321918,0.1646350362182155
0.1787216294501855,0.16451629772017895,0.1558320360946735,0.16451630669910283
0.1786586939800353,0.16442485748887056,0.1556050272286133,0.16441152829720557
0.1786080115826224,0.16431213956827823,0.15537898791474156,0.16431888790167765
0.17856950166345859,0.1641597481731546,0.15514009938816958,0.16420964620135461
0.17854316685485475,0.16395344499234007,0.15491274995098758,0.16404721205884706
0.17852949820249248,0.16376469028223933,0.15469732056266453,0.16386555126342145
0.1785265691257748,0.16359390780997515,0.15449404520579824,0.1636725235181559
0.17852002003080067,0.16343662164513273,0.15430324839578563,0.16344586049147303
0.17849033149195473,0.16327835553033976,0.1541213688604398,0.16322587230227742
0.17845113838903726,0.16310326400886624,0.15392497320607115,0.16301657705423037
0.1784163114502048,0.1629198931271061,0.1537060790218009,0.16281935125495411
0.1783661238404372,0.16275514446368675,0.15350220796251732,0.16263421590270766
0.17829745358662286,0.16259186447538707,0.15331569317681795,0.1624204659103569
0.17822424494559694,0.16244165419062323,0.1531267101414018,0.1621915602824936
0.17815114905958446,0.16230055788145759,0.1528995490490663,0.16197662123281734
0.17808628547187097,0.1621126920585137,0.15264644818897918,0.1617854140281532
0.17803057919607043,0.16189206842287793,0.15240941683295983,0.1616363330466983
0.1779798736661716,0.1616119453557996,0.1521950076448887,0.16146399791882018
0.17793458356045266,0.1613419784045298,0.15200415481048907,0.1612771440497497
0.17789723873477883,0.16109961983734855,0.15183657819796914,0.1610897518793164
0.17786378590383778,0.1608886468698968,0.15168851370134032,0.16091522538622416
0.1778041770337735,0.16071463441121292,0.1515549498042803,0.16073815063647698
0.1777250725254712,0.16057155480248586,0.15144186851656363,0.16048464109210123
0.17763574613522667,0.160450784229434,0.151339136663652,0.1602335789835331
0.17751999800122747,0.16036179293903674,0.15124909039655773,0.15998454127916512
0.17740980730186234,0.1602991461056072,0.15114622527983074,0.1597350805693593
0.17730654822983333,0.16023648870028295,0.1510505022661284,0.15947497766596214
0.17721085065508188,0.1601769004427763,0.1509427440229451,0.1592092412922325
0.17705884406246963,0.1601212216998444,0.1508237537465658,0.15894147595935174
0.17690852019474732,0.16004817497870458,0.15069868569835504,0.15868735948338877
0.17676359184911458,0.1599509194080898,0.15058712279143907,0.15841650659064155
0.17662560281571232,0.15986043266475647,0.15048888356854045,0.15814175536871786
0.17649475927990627,0.15978973764011012,0.15040377578721195,0.15788253368636346
0.17637027358116367,0.15974067665263791,0.1503315292156583,0.15761741866304696
0.17624170781923915,0.1596838307057965,0.15025953027017067,0.15734977271159858
0.17605703615958496,0.15960705493175115,0.15018407951141483,0.15709294543012287
0.1758689942955815,0.15952384098390227,0.1500607421158219,0.15683567600786716
0.17568816840663254,0.1594574383951822,0.14992021863536992,0.1565718177167651
0.17551452583997687,0.15939208663964144,0.14976613678998638,0.15630568899003072
0.1753378754560944,0.1593501497886749,0.14962554709295006,0.15606084215742733
0.17512759367586836,0.15931959350947078,0.14948311380991447,0.1558167009801653
0.17492422421127482,0.15929505528445567,0.14932888281263723,0.15552272188601132
0.17472806057067544,0.15926319365274738,0.14916244381638624,0.15523718597304917
0.17453685146471443,0.15925433887144977,0.14898611337493334,0.15494059242313782
0.1743463277162601,0.15924985668458191,0.14877728870813223,0.1546786792207234
0.17413671389316598,0.15925461249127326,0.14856487958445266,0.15442759727400673
0.17392934632075074,0.1592721111916643,0.1483652332148723,0.15418369438130605
0.17371077042228908,0.1593046208192163,0.14817972497576226,0.15392838429741337
0.17347390719763,0.15932715788768756,0.14801105281294047,0.15363894144395615
0.17324584494204678,0.15936128679791553,0.147858875847967,0.15336332788779644
0.17302880049173172,0.1594144141861133,0.14771612258164257,0.15309733940441575
0.17282473387176667,0.15948843897863393,0.14757139739569433,0.1528111356150273
0.1726297784208075,0.1595698867031948,0.14743185578554352,0.15254418539654702
0.1724334414527739,0.15965525698735286,0.14728977552565564,0.15229330577607542
0.172255204563325,0.15976081237011752,0.1471506499188147,0.1520658735207505
0.17208030492436793,0.159845199324868,0.1470295099748209,0.15186070916045372
0.1719097405425185,0.1599413775547789,0.1469285448420389,0.15167101704877292
0.1717578931987451,0.16002046683499216,0.14683971498673293,0.1514807407604643
0.1716248355387813,0.16008735541514027,0.1467657917594483,0.1512958824905458
0.1715118369204994,0.16011217791024787,0.14671444289471242,0.1511207137131942
0.17142369211069675,0.16012622901394316,0.146686892313742,0.15096320102147717
0.17134477539164666,0.16010885782615403,0.14667262479251872,0.15078959300734907
0.17126604736923515,0.16006819853902787,0.14665700031606263,0.1506262633708528
0.17121233855151985,0.16002186414644357,0.14666037152580305,0.15048238664207594
0.1711569848590858,0.15999390035074118,0.14666838848503969,0.15035776194506417
0.17109307723944475,0.15997613974223332,0.14668280158852842,0.15024178886039874
0.17104139700646592,0.15996309806165204,0.1467076427660758,0.15013920740272022
0.17100029470346936,0.15995227597954625,0.1467503625043725,0.15005440701144668
0.17095758199364625,0.15995224326808333,0.14675932125509306,0.14998750599666366
0.1709112348280455,0.15997024056840353,0.14678027809067948,0.1499015123267938
0.17087532999448662,0.1600071436985853,0.14680985942665406,0.14979196055161234
0.17085086015617193,0.16005398004923296,0.14685841181930845,0.14968741667516425
0.17082899005281488,0.1600942780091603,0.14692411763373237,0.1495921642317778
0.17077915427974827,0.16013948802377048,0.1470057650157851,0.14946022052321717
0.17068772032190918,0.16019194101868098,0.14710191180468768,0.14930025929327456
0.17058733084636513,0.16020716480222494,0.14716270015013552,0.14914416594311533
0.17049769433835163,0.16022260471823635,0.14721235838799773,0.14901015793387382
0.17041863775090554,0.1602301599619457,0.14722564455095438,0.14889858947220083
0.1703500222730324,0.1602297531633585,0.14720151164039139,0.14878646202729265
0.17029248357209806,0.16019312979291467,0.1471918177850807,0.14865339300515618
0.17024594512051103,0.16016539104327365,0.14717918826109025,0.14853594941598472
0.17020915230797123,0.16016617448616052,0.14716613854631555,0.1484149516158367
0.1701231229620953,0.16019987270647923,0.1471481828805638,0.14831778824889053
0.17000212565665943,0.1602722278712995,0.14714426306825237,0.14824419203734557
0.16988151321488865,0.1603403932855397,0.14715446331589913,0.14816826741462413
0.16976903877186905,0.16043794516677592,0.1471784478384768,0.14809382259480888
0.1696452435080007,0.1605696058821626,0.14721346317246206,0.14803851967748868
0.16951766636894394,0.16069932443724538,0.1472571717944457,0.14800797971436758
0.1693941879837669,0.16081790650286518,0.14729599657337136,0.14800545539384297
0.1692627667562104,0.160918414532689,0.14733512799653173,0.1480263125975463
0.16910476070067731,0.1609660691595579,0.14737983722262732,0.1480474392752155
0.16893820149443264,0.160971553908189,0.14741862579229328,0.14809222573556194
0.16877898197869637,0.16095259021590036,0.14746704189788004,0.14813216248763175
0.16862736425055733,0.16094354591474705,0.1475143165979858,0.14818924870265204
0.16846731824419606,0.1609102457824663,0.14756771562664256,0.1482762521163459
0.16826316343673228,0.1608763674330175,0.14761164346500438,0.14839302822959052
0.1680439547337197,0.1608703711516702,0.14762740149135117,0.14853864279541054
0.1678279159561209,0.16086550208156136,0.14762146943190907,0.14869579779614014
0.16761123551884582,0.16087148856631725,0.14762906599974154,0.1488380502681544
0.16738608695858,0.1608950373486323,0.1476495573938038,0.14900596429765817
0.1671625457699124,0.16093903349892485,0.1476767608151297,0.14918590771309248
0.16694599978261584,0.16098243217726488,0.14771563966138695,0.14932297663753027
0.16673663663839458,0.16104321005852626,0.14775704438250395,0.14943739960796504
0.16650423956628513,0.16112885049703227,0.14775259717373135,0.14956913448332115
0.16627736429743745,0.16124239168824286,0.1477052683383765,0.14970687087346826
0.16605982561138377,0.16137500252315098,0.14762808732580385,0.14986354217462394
0.16585572220906053,0.16151861196531098,0.14753393326684447,0.15003889104456392
0.16567824809423665,0.16164620627685194,0.1474539373177203,0.15023261667157345
0.1655201954832404,0.16175239339856412,0.14738654442965923,0.15044447318504323
0.16540091658119252,0.16184298256769852,0.1473311793019024,0.15067399623067737
0.16530086506429056,0.16195475892778435,0.14729102006593775,0.15092076497927231
0.16521218132428409,0.16205645104707148,0.1472600146729644,0.15116465821484648
0.1651199894580198,0.16218505442338163,0.1472384049219364,0.15140238271281758
0.16500353702489357,0.1622839621930163,0.14720668192957942,0.1516262098817701
0.16488134968381488,0.1624127366441438,0.14718296005544246,0.15181193428003273
0.16475793228678318,0.16257574662921548,0.14715992508383385,0.1520164343245625
0.16463073414280924,0.16277475835536254,0.1471511703856381,0.1522408111407728
0.164511530373028,0.16299174718213483,0.14715669603143286,0.15248504290819118
0.16439559326141245,0.16323868302396982,0.14712872000012683,0.15273398660711998
0.16427942550341842,0.16348822674267077,0.14709942653189617,0.15299800914000433
0.16416452338292475,0.16375137119841054,0.14708446311149795,0.15328192113057773
0.16405703397097796,0.16403593702552638,0.1470686167831448,0.15358537946622797
0.16395549852151559,0.1643397359609243,0.14706829060154983,0.15390825109544767
0.16385752195994369,0.16461137398044712,0.14706783254571312,0.15425026746619871
0.16374541889127447,0.16488905285791944,0.14707868679313754,0.15460588261004263
0.16363964081951962,0.165156593770672,0.1471050716681002,0.15496380546912505
0.16354517523447673,0.16542818434741588,0.14714696448774975,0.1553065120451263
0.16346760583943568,0.16569285819730972,0.14720386232714416,0.15558639857055195
0.16341495409861015,0.1659603946761182,0.14727172532029553,0.15585027280063962
0.16340253050952416,0.16622919199683422,0.14733749048878178,0.1561196561128964
0.16341875863089053,0.16648971452583147,0.14739451350095273,0.15638051616429938
0.16344815773397486,0.16674024058173217,0.14746707710064946,0.15659132400046702
0.16348658407264482,0.16694184606266468,0.1475552998170675,0.1568037832612559
0.16348978690815127,0.16714054277410156,0.1476592383371532,0.1570036947820791
0.16350757268658314,0.16733375742600645,0.14775960498678056,0.15721638527806475
0.16353990363370982,0.16750853070990743,0.1478131704185335,0.15743307524287303
0.16356623161443623,0.16769962422917886,0.14785527266648887,0.15759717519714292
0.16359913476267096,0.16790668878893233,0.1479088255172642,0.15773373597144996
0.16363653188892646,0.16812946836876339,0.14797167577213144,0.15786051765122244
0.16369107570955607,0.1683385627759557,0.14805000709399763,0.1579378309342006
0.16376853331736801,0.16853471534705247,0.14814428533396895,0.1580062732219532
0.16384598473773754,0.16874311534500894,0.1482531380666788,0.15809000150562208
0.16386027359351776,0.1689446094573122,0.14835952030564553,0.15818712533678217
0.1638720621487008,0.1691510125608903,0.1484038926947089,0.15829618670040285
0.1638610890926188,0.16937146785028542,0.14846452635639273,0.1584052720517806
0.1638466329713843,0.16960666304521468,0.14854143515434182,0.15851204267070618
0.16383520124937273,0.16984729705805712,0.14861859223875862,0.15862629935576472
0.16382822809828426,0.1700899648000191,0.14869030630250615,0.15868632895283638
0.16383289559643682,0.17034697222655587,0.14875125981867093,0.158738738101121
0.16384856459108993,0.17061811214538927,0.14877409574138897,0.1588064719654501
0.16387536458720034,0.17090257902792064,0.1487713071102169,0.15887596873199689
0.16391203622228223,0.1711976474123744,0.14875151771822862,0.1589471928539664
0.16390494486076693,0.17150058135992932,0.148750325931776,0.15903653708976395
0.16379517027238555,0.1717847703397611,0.14876001978418363,0.1591091381860545
0.16366945039495423,0.17204216869610892,0.14876375758465302,0.1591453347718156
0.16354129330807343,0.17230874720182388,0.14878537098106706,0.15920074464332798
0.1633774301242082,0.17253271485976399,0.14882450594960658,0.15927563722099264
0.16321318970569923,0.17272295224554018,0.14888028975078835,0.15934639728382435
0.1630426497769585,0.17289011521828557,0.14894251359259267,0.15941873496256317
0.16287989312983117,0.1730236559670631,0.14900894554636882,0.15950066388882134
0.16272784184672645,0.17315939030767447,0.14908461112559318,0.1595933374683259
0.16255380897420202,0.17323283967250283,0.14915285620028937,0.1596777009291903
0.16236699425825635,0.17331589130608283,0.14923271450315112,0.15975143460966795
0.1621913163737627,0.1733675190102313,0.14932826101336955,0.1598353748110915
0.16200963694435594,0.1734038243108765,0.14943949358354564,0.15992907415546032
0.16185656004105842,0.17342701557842322,0.14956444679351436,0.16002102985951655
0.16168870125892884,0.1734126481169539,0.14969595211122924,0.1601174471542588
0.16153037057359512,0.17333673972254598,0.14980988579290166,0.16023357371923713
0.16137165787914035,0.1732654518828318,0.14992657537874887,0.1603475801840119
0.16123020675374622,0.17320554478502762,0.15005302161928355,0.16043468169332425
0.16110446072881324,0.17314722965133636,0.15016706852678469,0.16053628304750542
0.16099333221991116,0.1731045575340975,0.15029435120341106,0.16064635918748052
0.1608954396016128,0.17307128704643532,0.1504335668580774,0.16076548290539583
0.16080952318594505,0.17304357361889205,0.1505809714815131,0.16090347489046536
0.16070666969727676,0.17301163879701434,0.15073110612469295,0.16103549582564322
0.16059240561146013,0.17297928332613288,0.15088125879532618,0.16114471533939193
0.1604905728867232,0.1729508615455721,0.15104067768503035,0.161270608115495
0.16039983294150933,0.17293901632443337,0.15121175628100986,0.16138900607792486
0.16032158699513638,0.17293830502772067,0.15139402526863652,0.16150645846390038
0.1602231734806123,0.17294617407019922,0.15158708964658388,0.16163872605349572
0.16009150942050662,0.17296930912195538,0.1517907975775541,0.16172143136778022
0.15993353617599482,0.17297659242011304,0.15198003568216634,0.16179156748018436
0.15978944194394396,0.1729824732471171,0.15216980877500483,0.16184874409170402
0.15966289912741852,0.1729656005081023,0.1523518619329148,0.16187378363394475
0.15955222468627045,0.1729367723250793,0.1525422475763869,0.16190006821532413
0.1594011718938084,0.17291839209567406,0.1527288170524058,0.16193889626035052
0.1592447839377321,0.17288901657568437,0.1529210749466877,0.16199122392489929
0.15909244761780925,0.17286913959477526,0.1531216247456292,0.16205761787467066
0.15892232649238514,0.17286526214956863,0.15331912365725064,0.16213829389176143
0.15874855954655906,0.17287796945667047,0.15349180717056324,0.16223228595234654
0.15855450133397167,0.17286406658700693,0.15364626529845682,0.16233729547958797
0.1583741365057315,0.1728579184028414,0.15380514753394725,0.16244019201781218
0.15821589109881043,0.17286152465815657,0.15392569178052148,0.16254217871889998
0.1580557216017131,0.17286186466882467,0.1540525959286704,0.16266073290227456
0.15790620982236936,0.17285852980130664,0.1541885790216938,0.16278272861914328
0.15770835961510735,0.17284550700364312,0.15433347835705652,0.16291201481996448
0.15749301973612645,0.17282060682848013,0.15447479278712836,0.16302960191393923
0.1572637103625331,0.17279675753645177,0.15459975104770485,0.16309890532555948
0.15704492653487445,0.17277878502354396,0.15472700220082528,0.16316804907386973
0.15683246787437735,0.17276186641150418,0.15483333754225362,0.1632482601987543
0.1565977561448248,0.17274923985318977,0.1549269049298525,0.16334555534647557
0.15631659315747057,0.1727319765957205,0.15502472898954667,0.16346181224735964
0.1559986015095805,0.172703081946505,0.1551275137691929,0.16359797753502175
0.1556976741146123,0.17262988494425802,0.15520586862773797,0.16369477156341802
0.15540896863830772,0.1725641942192709,0.15523612842757895,0.16380880338013376
0.15512584694964984,0.17250397250982133,0.15527339315770472,0.16393234864280543
0.1548144925242703,0.17245148152010364,0.15531780081764018,0.16404073343859266
0.1545289132317496,0.17240302859709772,0.15536966497785157,0.16411035841178268
0.15421586667689394,0.1722842986981371,0.15542932082769373,0.16415861415809285
0.15389283149354901,0.17217138205320878,0.1554832210533109,0.16421719282724834
0.15358355596325465,0.1720436185362001,0.15553880201041712,0.16425600711889668
0.15327391878055927,0.1719369683923154,0.1555781530967493,0.16429132355195683
0.15299366380766652,0.17186982597099348,0.155616533347652,0.16430573993260644
0.15272367805544962,0.1718298937326446,0.15566565369555074,0.16430737384622016
0.15247328137866037,0.17177391056493335,0.15572599515511265,0.16430268403260673
0.15223540060285878,0.17171064522144114,0.15579769462097312,0.1643176701941455
0.15201691036519915,0.17162762023739248,0.1558813797896576,0.16433174141840165
0.15181249292783197,0.17156092482932586,0.15597788959642034,0.16435773738168458
0.15163328448804173,0.1715098330481426,0.15607658553164325,0.16438204605933837
0.15148452565605275,0.17147393722281845,0.15613435338941786,0.16442216755335065
0.15136567664142006,0.17145327870284557,0.1562090162307922,0.16447874555532163
0.1512562917337804,0.1714479528523818,0.1562953716466838,0.16455115731752923
0.15114823582995013,0.17144255055377056,0.15639508682802097,0.16463842655350347
0.1510303842384237,0.17143674821037994,0.15647060439638966,0.16472654914125115
0.1509197472949232,0.17144742769410332,0.15653336234728976,0.16480844996969993
0.15072412077496591,0.17144028901051225,0.15660920662220906,0.1648929865122
0.15052727186255002,0.17139343520934167,0.1566885750151777,0.16496235197641318
0.1503533469910116,0.1713411441598244,0.15677645632037987,0.16504652394145056
0.15021077060537338,0.1712795057563531,0.15686837010271618,0.16512135367836803
0.1500787852502253,0.1712352604577984,0.15697217209821218,0.1652036294112753
0.14996417899628833,0.1712088721528253,0.15708954148352067,0.16530881168932754
0.14987961441876752,0.17120026040350245,0.15715932374945799,0.16541035690951714
0.14978686962925103,0.17120776182204353,0.15719905341283638,0.1654941499250857
0.14971213710489797,0.17123127825480966,0.15723775259187084,0.16556132108151891
0.1496650301434742,0.1712579487225903,0.15727288745580692,0.1656441239687059
0.1496445838900396,0.17125585942665547,0.15729706820932157,0.1657019715756617
0.14964921426295352,0.1712650535484825,0.1573182822658784,0.16574185458124435
0.1496227068195522,0.17128191304370446,0.15734102981108056,0.1657745626515179
0.1495915436886288,0.17128940834720804,0.15736191654740186,0.16574051594618255
0.14956916431824435,0.1712541001740381,0.1573633176178256,0.16567115938026916
0.1495559706337625,0.17118127785747173,0.15737070118025195,0.16560902308679648
0.1495574738501961,0.1711288635216246,0.15738934069256363,0.16555735462686683
0.14956362885389107,0.1710970703627222,0.15741926561469366,0.16549586508346026
0.14958855474715801,0.1710788470624178,0.15746056260244257,0.16541459165594147
0.14963248699308207,0.17107159935224978,0.15750372423899303,0.16533496452901505
0.14967493634439713,0.1710826920701502,0.1575462331554635,0.16524160756799156
0.1497252850016716,0.17111459435637943,0.1575945620198422,0.16516090137662306
0.1497928144062045,0.1711675172582366,0.157652084937483,0.16510020597621802
0.14987477568205768,0.1712411369914202,0.15771743741743033,0.16502538018509255
0.14989382097918402,0.17132064677342043,0.15779318197770775,0.1649951626253346
0.14985411855347483,0.1714166019610473,0.15787376092746436,0.16497779676607938
0.1497885507276258,0.17151408441598268,0.1579548836370222,0.1649539136338025
0.1497395404427128,0.17163192216292067,0.1580254587465091,0.1649086960221594
0.1496191770669956,0.1717666962471063,0.15808608988783676,0.1648733482974273
0.1494670813938576,0.17189432344425204,0.15815662254320803,0.16484003918086138
0.14931861119511688,0.17203398391114547,0.15823395519968442,0.1648229950597191
0.14918454586234645,0.1721937650499611,0.15831971127402888,0.16481925099870776
0.14906453644540604,0.17237346075156038,0.15839109126081033,0.16479381604143703
0.1489648832214633,0.17257015446916457,0.15847059630765506,0.16478513248459162
0.14886441600088937,0.17277866443342554,0.158562536871642,0.16478316947646177
0.14878569273587383,0.17296853627014064,0.1586616731478174,0.16479584107474607
0.14872784606513978,0.17315381647878275,0.15877163760494262,0.16480156103181734
0.1486892582760214,0.17334235318667868,0.1588908179576582,0.16478939816855004
0.14862906430127018,0.17352139099750413,0.15902008845814947,0.16477561973717467
0.14852432222481912,0.17369516573950464,0.15914593877334354,0.16473706978815006
0.14840358718690413,0.1738897866546654,0.15926450478238358,0.16468207203297142
0.1482551255161381,0.17407685430021716,0.15938880872490593,0.16461169047146182
0.14810163316842775,0.17424668255392234,0.15949042669126207,0.16454641744515427
0.1479535564936437,0.17440227750011567,0.1596070671013236,0.16449887925452272
0.1478199710573355,0.17454159353605925,0.1597324864581664,0.16445490786181083
0.14768342562316011,0.17467860019880255,0.1598617761119997,0.16435212473558233
0.14754391731094396,0.17483198809967918,0.15994641729508388,0.1642673346917859
0.14738570945911605,0.1749445767785556,0.1600236815277751,0.16420090163888862
0.14724065643619502,0.17505647042790387,0.16009923402305273,0.16412727949720768
0.1471090729965487,0.1751661478544229,0.1601464688435305,0.16404232648875613
0.14697567019875316,0.17528915255541735,0.16018936301682385,0.16394854865717684
0.1468552705790526,0.17534903205225785,0.16021670667784282,0.1638415228115624
0.14674528107466034,0.175387263256479,0.16022171202111643,0.1637429038265451
0.1466389414320664,0.1754465381863818,0.16023923847456045,0.1636594065499529
0.14654834354722834,0.17552875687441033,0.1602463088373211,0.16359553088967918
0.14645467584594749,0.17562615715082344,0.16026332320955558,0.16354783673776083
0.14635524860283253,0.17574211209392185,0.1602917699368792,0.16350601447843188
0.14626758159990044,0.17588098171308822,0.1603266031772853,0.16345107752103427
0.14620406213829792,0.1760418420522927,0.16036013806334154,0.1633549515718358
0.1461562169995195,0.1762070107610582,0.1603843426776498,0.16322263050420105
0.14607293650963726,0.17637652695928044,0.16038637525935542,0.16310123370381344
0.14599769386244443,0.17656635679311208,0.16033719200189103,0.16299067278861595
0.14593696539694362,0.17677648389134656,0.16029460306297846,0.1628909316150212
0.14589117370542903,0.17697194998965454,0.16025076719573897,0.1627714632178835
0.14585966771395054,0.17718169168133177,0.16020570897893535,0.16263598000280077
0.14584267016735986,0.1773879198947033,0.16017200182928198,0.16250241483932787
0.1458413044935533,0.17754583577926897,0.1601507367645141,0.16237897061671785
0.1458553692448674,0.1776526990775288,0.1601421126265022,0.16222324894520274
0.14588556438854658,0.1777441987509346,0.1601459874165243,0.16203675951759092
0.14593271227036964,0.17779112172825592,0.16013240446525034,0.16186382527563722
0.14597824698950915,0.17783145312200843,0.16009596858066033,0.16171396693113782
0.1460169540656537,0.17782854962015082,0.16004376002636778,0.16161953060365788
0.14607775974722323,0.1778026363827599,0.1599849596575272,0.1615766707187046
0.14617346628143868,0.17778585393940363,0.15993267132138966,0.16155534970622257
0.14627483366796043,0.177772329674194,0.15985195740906197,0.16154943884779577
0.14637678118010503,0.17775142053257992,0.1597840944049655,0.16155799270035753
0.1464573750820113,0.17771184519409056,0.1597291725222633,0.16157901650539386
0.1465519820314714,0.17767026224250784,0.15964380596747346,0.1615884668384093
0.14666070966397482,0.1776341211127314,0.1595594596349615,0.16158562680396804
0.14679210719552227,0.17760632481832253,0.15948385360986556,0.16157440464893225
0.14694276517210322,0.1775749893084885,0.15940767559718122,0.16154655000179868
0.14709449012745376,0.17755628561867945,0.15933678137145546,0.1615222678499761
0.14724375044228183,0.1775499435037862,0.15928187865568125,0.16147449139506226
0.1474078431338165,0.1775556788895145,0.15920146177757277,0.16142307950287396
0.14754451162328508,0.17757053690594524,0.15911305411163001,0.16139909461857205
0.14768017147303078,0.1775333954983811,0.15902690676879527,0.16135650341552574
0.14782989679408096,0.17740716033153883,0.1589579112666326,0.16132158809622624
0.1479781966647731,0.17727733042771482,0.15890651762272653,0.16128369135005027
0.14813152044951525,0.17713118303565267,0.15887337145733713,0.16125812432587577
0.14829166614231018,0.17697678443838977,0.15885928150637665,0.16126244300876608
0.14845922745900794,0.17682865451312227,0.15885067533163139,0.16127523594998563
0.1486362392008622,0.1766934508667826,0.15884517140471444,0.16130604493559622
0.14878220704490994,0.17657155674721445,0.15886053916789572,0.1613669102340788
0.1489010661485864,0.17646142261923978,0.15888563893425306,0.16143448410705796
0.14900402283224923,0.17636242974185404,0.15892121506412032,0.1614876582815915
0.14909648607903236,0.17627774305041957,0.15897042294268882,0.16155681787666606
0.14917125330206032,0.17620291443660802,0.15903773369707497,0.16161079963140842
0.14927353531550888,0.17612436766699247,0.15911088720408154,0.16164243814345633
0.149358463896864,0.17603488409486576,0.1591735272333913,0.16168849874978425
0.1494528311325818,0.17596169486476335,0.15919794224014613,0.1617340295448871
0.14946951280965753,0.17587001779521916,0.15924635292024986,0.1617552233394945
0.14946758154254666,0.1757892492244031,0.15928902426265645,0.16177124669882428
0.14944893383405286,0.17572049895491262,0.15927912025507807,0.1618010827136209
0.14940391664219466,0.1756446168983605,0.1592672588580258,0.16183454728192623
0.14938005147979555,0.17558592711478943,0.15927660222675094,0.1618815568839818
0.14937401708899387,0.175530788597482,0.15927787678350003,0.16194740199542781
0.14937508437783908,0.17547335346909082,0.1592905637844323,0.16195794688722612
0.14939885227128474,0.1754352459652828,0.1592963942826357,0.16192773768033294
0.14944654652739098,0.1754176318152329,0.15932755528199216,0.16191710009019275
0.14950175993374615,0.17542204743276757,0.1593632192312327,0.16192662055705653
0.14956321684248944,0.1754458945296279,0.15940564337788238,0.16195376427948008
0.14963888772267858,0.17546884744088703,0.1594700936682466,0.161972796384965
0.14972514447624413,0.1754877104755247,0.15955914210551195,0.16198361599241365
0.14983464340217847,0.17553343539116686,0.159655212551446,0.16200383202668836
0.14993591755425523,0.1756045711181897,0.15977779067814715,0.16204474956365175
0.15004877857735638,0.175635764605875,0.15992488347680772,0.16210696399930247
0.15017089874526762,0.1756311961268795,0.16008668583151675,0.16217365936470307
0.15030664930348828,0.1756381953767451,0.16026976084234534,0.16220293883313106
0.150454995536783,0.1756673692569193,0.16047213895142176,0.16218721717262427
0.15061445185056999,0.17570595392079424,0.16068725391642058,0.1621833121217869
0.15079200858725444,0.17574421448574826,0.16091735715854405,0.1621811311218124
0.1509835491746312,0.17577455884315094,0.16115632785772102,0.16219571937879873
0.15116811742704922,0.1757990884082392,0.16137080670145681,0.16223080432252893
0.15133576974890411,0.17583935871659062,0.16158985983560523,0.16228681683221224
0.1514993098606761,0.175897629949202,0.16179776278382785,0.16235551215703364
0.15167234422449474,0.17596546602808685,0.16202061574714005,0.1624414125578706
0.1518500319799312,0.17601603644203592,0.16225800948397537,0.16253000513955357
0.15202502149905608,0.17605831036072225,0.1624920257250964,0.1626316423068719
0.1522312284395943,0.17611330907466408,0.16272094041820798,0.16274281240448538
0.15246506123324358,0.17616039324750357,0.1629646004165069,0.16282984854202745
0.15271333905523524,0.17621581933983965,0.16322299957250574,0.1629311833668106
0.15298594280477043,0.17628486688948977,0.16349514317522396,0.16305784319300298
0.15328038992462079,0.17636703690449465,0.16377847354349026,0.16320988639259779
0.15358838160340663,0.17646192251800008,0.16407552096922218,0.16336343312221718
0.15390447790807887,0.17655830402395825,0.16437294315588083,0.1635120559066817
0.15423570293219602,0.1766453054585761,0.16465980588950827,0.16368433010526343
0.15458109984293475,0.17673544835142954,0.16492077157424506,0.16388079528480015
0.1549356856859147,0.1768369710075614,0.165168131110437,0.1641010571090561
0.15526821972324928,0.17694949662198137,0.16541681678355385,0.16434188735497668
0.15556593806040234,0.17703823965560747,0.1656470861717374,0.16459987088178044
0.1558519384569443,0.17708305287745751,0.165877115596789,0.16487190397893986
0.15612546572859726,0.17711963442788123,0.16612016288396753,0.16516382644158917
0.15638991042542533,0.1771640626087656,0.1663757960687709,0.16545310574240285
0.1566421862936923,0.17719387964840577,0.16662189581965955,0.16570239303755835
0.1568661182358843,0.17720466657304282,0.1668700959567071,0.16596552112066756
0.1570745606862693,0.17721286373061682,0.1671263049719656,0.1662405434566831
0.15729704285040572,0.17720613833290497,0.16737676497916007,0.16651747670605663
0.15752721799704847,0.1771506313656646,0.16759966957597194,0.1667640637448896
0.1577678056245756,0.17709602478002875,0.16782244858832127,0.16702514509085314
0.15802108949244845,0.1770410660875961,0.16803943458568757,0.16731020372613536
0.15828021195012207,0.176987175315807,0.16824712158404842,0.16759929136892915
0.15851723419096445,0.17693321465195255,0.16842418211305657,0.16783386191894775
0.15875383213923425,0.17684564177867426,0.16860956478632222,0.16807815276195653
0.15892203317626483,0.17666984498325927,0.16878887344409768,0.1683169676101382
0.15909016532872333,0.17648768728873868,0.168976139565792,0.1685371407353987
0.15926699307527964,0.17626993913148614,0.16917008784990561,0.1687775731915817
0.15942287505109345,0.17603841255247535,0.16936999238639558,0.1690275903304952
0.15957721495295135,0.17581668856880647,0.16955786316714247,0.16926830609957882
0.15973512557248856,0.17560898522592086,0.16971804847131902,0.16950527163545456
0.159879365392474,0.175415480428341,0.16987828728583337,0.16970116264028287
0.1600337564884067,0.1752366484860222,0.17004948922541346,0.16983211588866587
0.16016343547480347,0.17505995178588787,0.1702207475806167,0.16994636944470973
0.16026168618102113,0.17488201176015367,0.1703801843568036,0.17007692962846396
0.160329369129381,0.17470956398340198,0.1705478379757793,0.17022308190407037
0.16040201047136,0.17453046238934877,0.1707262842236597,0.17038407346025694
0.16046529247659483,0.17432115926679778,0.1709150302879968,0.17054190389300422
0.16052334978721283,0.17411611313719974,0.17111301899659018,0.170692484557896
0.16050879004779164,0.17390648714703144,0.17132001466877003,0.17085655638792208
0.16050018570979255,0.17370904620430502,0.17151105997218039,0.17099866244139808
0.1604034195062968,0.17351891150191737,0.17164805237141903,0.1711507750938501
0.1602878213607623,0.17327388668069565,0.17174793591921703,0.17129705273075577
0.16017184124895933,0.17304222100124947,0.17185339354997886,0.1713977105641655
0.1600699981910242,0.1728246968377139,0.1719606127193784,0.17146764605305276
0.15998227972065007,0.1726214949496574,0.1720543840601976,0.17150597169168313
0.15988231477728732,0.17243218833837567,0.17215539900544063,0.17153261281410273
0.15979034043525875,0.17224488119581188,0.17226352153514018,0.17155435860657142
0.15969931611424193,0.17206304818377682,0.17237883993362324,0.1715717743076579
0.15961612499995237,0.17189579297737453,0.1724956382570094,0.17155069854420332
0.15951533263252912,0.17174081780397787,0.17261507455401534,0.1714950927438398
0.15940965574057564,0.17158168061892748,0.17274175966174404,0.17145298761525116
0.1593205517707264,0.17143746612984156,0.17284175771630841,0.17141583453057602
0.15923039297921948,0.1713065618916729,0.17292891768286991,0.17138619473623767
0.15914953198942297,0.17117717738247765,0.17301965040499842,0.1713558705044983
0.15908606898019798,0.1710509574220625,0.1731180617238129,0.1713302533189477
0.15903296985570292,0.17093166019303735,0.17322482787776447,0.17127955849169074
0.15896626602377928,0.1708209663003597,0.17333894057097154,0.17120613575656737
0.1588567966941061,0.1707114333185609,0.17344845678905468,0.17114178060269553
0.15875258327018155,0.17061688541056128,0.1735528455630794,0.1710891045811167
0.1586646333283799,0.1705370270462119,0.17364511851468695,0.17104844449977544
0.15859283101519428,0.17046735553097908,0.17371884468317306,0.17102049777771478
0.15853643571443884,0.1703699392633995,0.17379983912260372,0.17096344218074772
0.1584599023218542,0.1702821215685962,0.1738882048298056,0.17091263237868776
0.1583909282348529,0.17020588683317273,0.17398176725776301,0.17080401255744512
0.15830052288211371,0.17013010398144965,0.17407974870315954,0.17069126474087704
0.1582205298982598,0.17000777785814453,0.17418050739631522,0.17059035876562895
0.15815560316491012,0.1698498099797015,0.17428454982306854,0.17045961900865236
0.15803527693491534,0.1696879271992685,0.17436941861458774,0.17029248434826638
0.15789616523612998,0.16953790679754913,0.17442104941969486,0.17010903532323812
0.15777602967341536,0.1693995151788115,0.1744751764013744,0.16993759852686843
0.15767496654756022,0.1692730328552963,0.17453801476831188,0.16978024421342297
0.15757879020219195,0.16915629473713426,0.17459900846089918,0.16963709232529825
0.15748884636157984,0.16902508510633538,0.17461726618643705,0.16946322344945947
0.15740381050164728,0.16886618060928027,0.17462421674391035,0.16928455628653516
0.15731443706402445,0.1686961939671146,0.17461798250387647,0.16912252181473428
0.15723238232302486,0.1685379793961735,0.17462086925432943,0.16894166450326709
0.15715742517790324,0.16839182637863298,0.17462434887277886,0.16868758293061553
0.15707377660506833,0.16824515261360592,0.17456642592274607,0.16843639967077156
0.15700582538977212,0.1680619575111654,0.17451585695300575,0.16818807444676878
0.15692140392848428,0.1678764460369965,0.17446492902721375,0.16796032546242654
0.15682822605211938,0.1677005480640946,0.17442308881867866,0.1677537666480431
0.15673687235770664,0.1675380921334679,0.1743903681000819,0.1675691307455036
0.15666315197426298,0.16738926318234326,0.17436407294304904,0.16740718092659848
0.15660887879573782,0.16725362202697952,0.1743311985890924,0.16726882682758276
0.15657516785152545,0.16705785125745323,0.17428992570508403,0.16713431084327965
0.1565373041553211,0.16686418068410105,0.17422461311907927,0.16699603386162767
0.1564991148271626,0.16666868540924726,0.17416769930366288,0.16688323567998378
0.15644856354919442,0.1664572703862283,0.17411939921051878,0.16676370159499926
0.156368236408833,0.16626281318420502,0.17406245036658047,0.16662857640770207
0.15629876824730332,0.16607984541228177,0.1740058681557102,0.1665106311528412
0.15623715167078736,0.165889145474492,0.17395600186406024,0.16640736890695695
0.15617639960820603,0.16569015316991034,0.1739034595392681,0.16632506649845052
0.15609892275225742,0.16550778297294932,0.17381768785279259,0.16626969796722094
0.15604140364646776,0.16533260326136776,0.173732986716972,0.16622915818624745
0.156006455806156,0.16515164202255772,0.17365627105261794,0.1662193108576076
0.15598108414507375,0.1649865224362612,0.17358769527999743,0.16624115711083312
0.15594139480745686,0.1648368887867068,0.1734947245138434,0.1662776746295176
0.15589934039461814,0.16465990282971388,0.17339945925857694,0.16629981049446133
0.1558708553434231,0.16449744349164766,0.1732986272268009,0.166360241016406
0.1558555655861782,0.16435124622260056,0.1731915775653943,0.16646335042947485
0.15582095239514582,0.16422140862026746,0.17309513323931164,0.16658589050239872
0.15580646950303056,0.16407660046404973,0.17300276503538697,0.1667222376870593
0.15580796723720952,0.16393482429930054,0.17289387812140966,0.16685513369500093
0.15582704955054358,0.16379941805708514,0.1727824122149026,0.16697571189508753
0.15584145033860405,0.1636289417663627,0.1726769610022188,0.167118847668833
0.15583758047390142,0.16344184250880528,0.17258506671164509,0.16724972110462577
0.1558311055625795,0.16326281330691356,0.17250399583431386,0.16738107041338965
0.15580671093744577,0.16306487096481923,0.17243742018884492,0.1675183837318352
0.15576717652568295,0.1628572084410261,0.17239052361599294,0.1676615262752689
0.15574761570466752,0.16267061488045143,0.17235025806169219,0.16778344332238262
0.15573038577731782,0.16250504529921247,0.1723109615031457,0.1679180522502026
0.15571674809808075,0.16234866502851875,0.17228987532427698,0.1680666404731319
0.15569095427204294,0.16220492401161665,0.1722730750279121,0.16823353735117788
0.15566964221640492,0.1620778013682381,0.17222752188681473,0.16841821332455362
0.15560036312261838,0.16193718030874638,0.1721225081268566,0.1686202179856676
0.15554259954668048,0.16181231097862994,0.17202653570027301,0.16883527501411927
0.15546282116383306,0.16167529716986614,0.17190935095634566,0.16900981735962883
0.15539467630327872,0.16154021714411834,0.17180592961720842,0.16916900105538107
0.15534146297881446,0.16142353910798113,0.17171858169119159,0.16933720355994464
0.15528140033222726,0.16132429094142567,0.17163042413700805,0.1695217198002695
0.1552269285804623,0.16124103844206508,0.17154825757030362,0.16971450800781013
0.15518867362493002,0.16116763432951678,0.17144934165172843,0.16988962956926187
0.1551675367132833,0.1610928391613754,0.17133634577379048,0.17007369263768704
0.15516315274967438,0.1610122756333918,0.17120921494936486,0.1702723085014345
0.15516775668351646,0.16094020244424986,0.1710852315613048,0.17048559322664356
0.1551647770553739,0.16088565679810057,0.1709672689202717,0.17070828598192136
0.15515345150763682,0.16081883745245143,0.17086221442927726,0.17092739669173576
0.1551394329956323,0.16071757260389447,0.1707615867619259,0.17113248088610405
0.1551051566437061,0.1606326191266511,0.1706678416570926,0.17129515580032584
0.15507858884222261,0.16056417614354868,0.17059203907879023,0.17143154607492084
0.1550726061308829,0.1604757024558209,0.17053397897165173,0.17156487571027193
0.15508024504646303,0.16039233519570234,0.17049385520438817,0.1716732810509746
0.15510185960112927,0.16027753150945642,0.17047177097546318,0.17178207494726963
0.15514330776852797,0.1601566705968923,0.17046735622205092,0.17185946876718
0.15520484811580296,0.16004650944748744,0.17048014851719617,0.1719412817886365
0.15527837364493818,0.15993795728976382,0.17050979673752453,0.17202702253451665
0.15536251043967358,0.1598440894621802,0.1705493335165944,0.17208222492186598
0.15543816650300554,0.1597699325672116,0.17059962537012022,0.17214165379403085
0.15545361516948675,0.15970668838533156,0.17057717195472485,0.17220878797049358
0.15544620364303438,0.1596603923455402,0.17049823465059508,0.17225719903020104
0.1554340339014825,0.15960827103125866,0.17042487793966546,0.17224642062965045
0.15542885607726373,0.15956519176206782,0.17036005392904952,0.17223343616759365
0.1554404842358377,0.15954069110426822,0.1703065229221468,0.17223417683997044
0.15543238729259345,0.1595351208419914,0.1702676647869487,0.17223850496548837
0.15540687113621232,0.15954279446191447,0.17024306086925656,0.172256249588657
0.15535306805536053,0.15953792308641812,0.17023232149384143,0.17229516547433513
0.15531069840270545,0.15953402391281346,0.17022715357102744,0.17235595753597605
0.1552226179053996,0.15951516629597637,0.17015076949015603,0.17243924817565126
0.15507139533554415,0.1595108988765663,0.17007330983622893,0.17254535045240815
0.1549228634879101,0.1595324780607983,0.16999156890340564,0.17270707753102937
0.1548120618184451,0.1595575871167746,0.1699223092563174,0.17290385306578393
0.15472149606094227,0.15955847243293012,0.16979867794899367,0.17311378018754012
0.15459168021556816,0.15954496593595852,0.16961012627212,0.17333360899564887
0.15443506494771408,0.15949478141481446,0.16940840000074925,0.17353119530117372
0.1542941867859079,0.15943587485033056,0.16918507932169422,0.1737156827216423
0.15414980606682982,0.15938340412465568,0.1689728101772924,0.1739012508398371
0.15400595421129412,0.15932245660112934,0.16877175666475425,0.17408542684561984
0.15387010891158162,0.15926050001679742,0.16858279404603038,0.17427109235689603
0.15374675618921368,0.1592060758030679,0.16840454517800282,0.17445412926564619
0.15363690917348227,0.15916008226218342,0.1681975436100261,0.17462584830628614
0.15352921369373296,0.15910282241543847,0.16799763479997495,0.17480595284194522
0.15344251138794687,0.1590476659733799,0.1677919082610542,0.17499991869496612
0.1533671242939013,0.15900104677382415,0.16759933749856593,0.17519264609731586
0.1533134218729006,0.1589539051170542,0.16741984798232099,0.17535885663567857
0.15323261779245553,0.15892120408326446,0.16725153802743725,0.17551798518480802
0.15315117661551175,0.15891013560149175,0.1670695629725805,0.17565122172264847
0.1530833016466942,0.15887400331827745,0.16686443470495224,0.17577666132157496
0.1530297565678197,0.1588074948412753,0.16666804343798203,0.17591190229676976
0.153002237243902,0.15871834628835813,0.1664873530667731,0.17605837174266908
0.1529824712044435,0.15862005348217728,0.1663228425789489,0.17621678134176857
0.15298090534565323,0.15849325631918143,0.16615271704717877,0.1763861638265961
0.15298369166559367,0.1583566924883485,0.16598292027073747,0.17656104658889332
0.15300965702904598,0.15819607043138934,0.1658312587639848,0.17675465955603323
0.15306759477803425,0.1579690867418004,0.16569708188911464,0.1769720344924583
0.1531436030154398,0.15774526025081886,0.16555494359626743,0.17720576772068636
0.15323988879839676,0.15751152730624596,0.16541735288729828,0.17742425126103495
0.1533468839553988,0.1572755898261169,0.16529283282609217,0.17764165040620267
0.1534515173756949,0.1569861457232906,0.1651629853898612,0.17785948827361506
0.15355325244215184,0.156697132850599,0.1650532711345742,0.17804273222951483
0.15364490875687292,0.1564196993105006,0.16496332912412215,0.17823647151853467
0.1537408473126298,0.15612668014175635,0.16485546323478217,0.17843931648672126
0.15379448215956823,0.1558445907805332,0.16475880357844905,0.1786388323846665
0.15383225400585007,0.15557396635988538,0.16466780094707104,0.17883448824655143
0.15386403930733122,0.15531452690146927,0.16459146438843805,0.17902351106254624
0.15383256556638591,0.15506432567842984,0.16452565512329578,0.1792187383899806
0.1537623342024491,0.1548156564611133,0.1644766952329133,0.17941836772114986
0.15371127657988268,0.15457387802428182,0.16442092401971325,0.17960820500233127
0.1536672137624137,0.15435431582582726,0.16437903242217844,0.17980477817424143
0.1536308818251253,0.15409660964268965,0.16433063899814254,0.18000938483814022
0.1536085903510337,0.15382273002437294,0.1642906934950329,0.18021237004339558
0.15355345548343102,0.15353495305640139,0.16426647930369676,0.18040746811493222
0.153509890418348,0.15327089611257305,0.1642532249155393,0.18055945705105633
0.15341551948741874,0.1530198437145267,0.16422694683933844,0.18067710290400843
0.15329655149169097,0.15274589636392416,0.1642114994434351,0.1807670942821249
0.1531963884474204,0.15249586216023542,0.16421100110378045,0.18086110161934715
0.15309230121052367,0.15227026259234808,0.1642210923943401,0.18096202413611334
0.1530120578483089,0.15206387242433303,0.16423606171130775,0.18106982077905298
0.1529056277540972,0.15186189107944803,0.1642661630636269,0.1811844789741048
0.1528107363788349,0.15166665858030542,0.1642694981117598,0.18130592201606457
0.15271362979444508,0.15145980171905346,0.16427203009052685,0.18143391968209818
0.1526184385276427,0.1512587760008443,0.1642543057746601,0.1815583882359176
0.15254415740290184,0.15105317017809783,0.16423634154709313,0.18168734325131086
0.15249553325782633,0.15087393312153982,0.1642122731762821,0.18178639945928401
0.15247252194579605,0.1507285292623719,0.1642038360349703,0.18184030879846855
0.15247463309380674,0.15062141471540935,0.16421230899706893,0.18188148854985464
0.1525003908953046,0.1505368245540466,0.16423758499725774,0.18188419703550596
0.1525444765248702,0.15044686364626556,0.1642794957422959,0.1818782023650506
0.15259804191682383,0.15037897253154944,0.16432078203729364,0.18184615697121098
0.15263499691515933,0.15029740050073545,0.16435664317250898,0.181799436685371
0.15263018771380474,0.15022007798265233,0.164381863966267,0.18175363846072146
0.15261487123574966,0.15013735116115007,0.1644078036139061,0.18169236734717437
0.15259542135743728,0.1500540830350058,0.16440264620393782,0.18163891775176982
0.1525956416001813,0.1499847983931762,0.1643974026942829,0.18159279490395241
0.1526022113863592,0.1499411786578712,0.16439407394603486,0.18152945056798156
0.1526063245738969,0.14992286386407172,0.1643882876603384,0.18140911867542184
0.15262589469327945,0.14989792334800187,0.16436190671183307,0.1812297595139999
0.15266202788580138,0.14989643050569673,0.16434554150634792,0.18105029196889064
0.15267321581726226,0.14992391490953091,0.16428696052562422,0.18087794923379036
0.152682897344932,0.14996387884351697,0.16423510181648854,0.18071352030783025
0.15271297776380308,0.15003420140331578,0.16419437313184612,0.1805568109222713
0.1527651016594141,0.1501214634862357,0.16416048012780873,0.1804056020461161
0.1528404061942741,0.1502220889681859,0.1641315371611809,0.1802557870321864
0.15291757593803257,0.15034379271181614,0.16411893665487487,0.1801164956585694
0.1529400547681505,0.15046163017294809,0.16412251292299565,0.17998826627724376
0.15296618084777325,0.15054116494221703,0.1641115905763877,0.17986252773209466
0.15301591126542846,0.15064108664265863,0.16410868459992614,0.17974714622763957
0.15303433616227294,0.15076513978180894,0.16412055119068317,0.17964312696407655
0.15301755709225812,0.15089792978804253,0.16414709210972794,0.17954400254318728
0.15300079435085945,0.15104449017547716,0.16417166552492546,0.17945242996807573
0.15300206369435,0.15121608735708056,0.16419920379969136,0.17937220020003317
0.15300189575653578,0.15137530911616945,0.1641778805076175,0.17928792813046052
0.15297370630688567,0.15152955329899048,0.16417012375044368,0.17919459215054725
0.15296121491900452,0.15170601627944177,0.16417456199213804,0.17911194435621783
0.1529266939572693,0.15184693926514972,0.16418358650285864,0.17902854328922593
0.15286236518754065,0.15188694240920075,0.16418715408362078,0.17895614753986522
0.15281292203040267,0.15191892122584316,0.16418252502527864,0.17889537579982723
0.15278263339981735,0.15189511031972225,0.1641648644010549,0.1788336878265043
0.1527463487558343,0.1518670237828781,0.16414149694182056,0.1787573812028678
0.1527051170435527,0.15184217357325533,0.1641308574985483,0.17866859406845786
0.1526831615508076,0.1517863502908107,0.16411240253148143,0.1785860114536716
0.15268240635472252,0.15166036627875984,0.16409201266174164,0.17850833254886037
0.15270312052620466,0.15155556643894222,0.16407076010337893,0.17842806225001376
0.15274369588939996,0.15146441033687563,0.1640480610439887,0.1783248902428252
0.15279122271075932,0.15136144221344522,0.16403560508133203,0.17821049259004684
0.15286314926521472,0.15121283119122933,0.16403187352572624,0.17809786112218215
0.15293815412586098,0.15106787148972273,0.1640167490824728,0.17799851100990452
0.15300796477566014,0.15093935244027376,0.1639895221150757,0.1779134090740288
0.15306209277527244,0.15082688086396032,0.16397151140564506,0.17784284051540708
0.15311425120961514,0.1507300878114218,0.16396203387322955,0.17778705009483292
0.15316111669369728,0.15059991342675494,0.1639633350192951,0.17774621021815437
0.15319853752845777,0.15043714617370207,0.16397657799787363,0.17771847795722961
0.15325051192280692,0.15028962523822095,0.16400164119493607,0.17768347376630636
0.15328708354185255,0.1501546566595715,0.16403711538923685,0.17765686658615118
0.15333957125866976,0.15003081307068164,0.16405588611426514,0.17762974858672037
0.15338052704320163,0.14988321827665774,0.1640677423882979,0.17756741336653709
0.15343942132063623,0.14974834048401728,0.16407206756475298,0.17750219050397636
0.15348701969324324,0.14962573577995353,0.16407597482772418,0.17744654702928578
0.15347820592815062,0.14951952041072006,0.164076856945127,0.177395194153019
0.1534362212401317,0.1494277180399525,0.16405606838472764,0.17735626757778614
0.15339828900531452,0.14930463569612265,0.1640282788010483,0.1773290683979343
0.15337568271252566,0.14914986338443315,0.16401011496519646,0.17728908190129353
0.15335181948441,0.14899179597940804,0.16399690447888593,0.17723298105571428
0.15333934944898983,0.14879176971539793,0.16399350837304272,0.17714509311340662
0.1533437973375306,0.14857428709631576,0.16399942821371485,0.17703812028865695
0.15333429929767017,0.14837397632573968,0.16401425621994747,0.1769310748079729
0.1532942792000161,0.14817375224676102,0.16402811976044226,0.17682373002479174
0.15322800284871035,0.1479911084335851,0.16403002035816328,0.17669229550080756
0.1531651355483592,0.14782044122398613,0.1640255407461127,0.17656237419043153
0.15311984052915237,0.14764769643808984,0.163998998100942,0.17643177795698853
0.15307509890484317,0.14741639356251163,0.1639611906650074,0.17631154047642755
0.15304083039311714,0.14717816075757725,0.16389548263770728,0.17620189809021805
0.15301752958512366,0.1469550199448086,0.1638242548670313,0.17610313333000732
0.15298703000042072,0.14675107293931813,0.1637488290764932,0.17601544164285843
0.15295589966820025,0.1465330051281167,0.1636806292867529,0.17593911833947481
0.15294682875900656,0.1463243289690508,0.16362092531110795,0.17587461697431997
0.15295295757727598,0.14610490799737316,0.16357062251072318,0.17580532975316449
0.1529003770101791,0.14589714233081752,0.16352598174162053,0.17571900847444208
0.1528481478533021,0.14564975561402288,0.16348856233371845,0.17564250850110635
0.15280202692650804,0.14537887272163552,0.1634595867424863,0.17557911220615316
0.15276048694192107,0.14511837288086826,0.16343933209464143,0.17552182779320993
0.15272595053795954,0.14487482712986666,0.16342273573340282,0.17547290307996746
0.15270661408820366,0.14461360612131396,0.16341028889217732,0.1754333790554458
0.1526916604853413,0.1443525605111614,0.16340632078142925,0.17540188065449785
0.15268900266234656,0.1440841707450884,0.1634110471377833,0.1753421600213962
0.152697930617718,0.1438370060807195,0.16342427312830046,0.1752544366062849
0.1526959534362774,0.14360266213342732,0.16344544908854897,0.1751648370582945
0.15268638857125152,0.14337770232651764,0.1634745899002727,0.17508176325565877
0.15263879559475935,0.1431710791035345,0.16349385116898144,0.17498679336190623
0.15256064426600435,0.14299128104324532,0.16351733571142102,0.1748834536395298
0.15248006203316994,0.1428382597176886,0.16354495531056873,0.17478538667705026
0.1523963642860979,0.14268444826717125,0.16357517839421928,0.17468943056633826
0.15231132293656496,0.14254750557590243,0.16358593991531994,0.17460123914291428
0.15222264518197245,0.14243529698530955,0.16358293248856118,0.17452335906287395
0.15214673129226935,0.14231810824499525,0.1635477974388196,0.17445608935813156
0.15205625592685312,0.14219047213821503,0.1634990757934121,0.17439071285842908
0.15193361550299003,0.14208523988806074,0.16345723778004217,0.17432854465302278
0.151827226770136,0.14198862770365944,0.16342201623842276,0.17427672327720592
0.15173879854581737,0.1418749139892605,0.16338592489687173,0.17423514877569385
0.15165284853827404,0.14177424226643928,0.1633426190838266,0.17420371988805858
0.15156180229668237,0.14169524848276943,0.16330486805305278,0.17418235695576115
0.15147132866974344,0.14162429181459504,0.16326341468514038,0.17416500919483138
0.1513606965828402,0.14154296574751096,0.16322795190708253,0.17415467402952753
0.1512522475135269,0.14146432550755766,0.16318572960594835,0.1741539698881579
0.15114728869833977,0.14136805190606422,0.16312921465423366,0.17416267383636724
0.15105063355620324,0.14123531447303364,0.16307913169259944,0.17417710757049917
0.1509437286803341,0.1410687405804135,0.1630355208782052,0.1741579535836969
0.1508304994791886,0.1408949086465214,0.16299837123860114,0.17414726281979534
0.1507196747970852,0.14067917092808643,0.16294179670910636,0.17414497051493044
0.15059793006233355,0.14047153072444832,0.1628759460964554,0.17415040054832126
0.15049278262208232,0.1402545679075754,0.16281629290644242,0.17416174860714573
0.1504053128209378,0.1400312942745112,0.16276323729386802,0.17415757258873257
0.15032672637948927,0.13983006114530988,0.16271179220738252,0.1741525762209666
0.1502048101772751,0.13959683450705557,0.16265563459680188,0.17415505904256373
0.15007240489811244,0.1393224644501098,0.16260603993991232,0.17416489457895376
0.149902992203597,0.13906841063599223,0.16255823589769716,0.17417907276486835
0.1497270883159428,0.1388107083412077,0.16250643061706846,0.17418176994199983
0.14956602357345591,0.13856933645613878,0.16246064601775626,0.17419210139944993
0.14937998580724726,0.13835515250811942,0.16241713765655283,0.17420999651704297
0.14917782000955443,0.13815656819064662,0.16238117165000976,0.17421545834611465
0.14895282191799902,0.1379570754465619,0.16235203929082329,0.17419963907820968
0.14869328745000782,0.13778148381056612,0.16232626037139508,0.174179937980458
0.148436737824488,0.13762919961286654,0.16227282163678403,0.17413646552771167
0.14819849643726973,0.13750045777929062,0.16221972103690266,0.17406524483337368
0.1479552356490069,0.13736070844342252,0.16217132403199638,0.17399654893684027
0.14770004713564797,0.1371989209031873,0.16212381538230006,0.17391845444761742
0.14747084841945868,0.1370610958784578,0.1620796638913054,0.17377609299766436
0.14726027131238517,0.1369435897807852,0.16204230871862899,0.1736332559823435
0.14707492059200258,0.13685032486522208,0.16201094586880632,0.17349356565143625
0.14691462035994896,0.13678054792990543,0.1619796670433674,0.1733651876733834
0.1467794997855992,0.136713359876582,0.16193879052304497,0.17323873725519046
0.14663503192355948,0.1366445105185038,0.16189721998738868,0.173099235570494
0.14649166233969624,0.1365923332041367,0.16183786938712452,0.17297460540940446
0.146352088517585,0.1365607313119243,0.1617586091376495,0.17286342554796938
0.14619512611426955,0.13650941159979454,0.1616822526514751,0.17275820119850693
0.14604157070025728,0.13645751948039694,0.1616161260386303,0.17266610122139034
0.1459151018226036,0.13636342032422144,0.1615562810367043,0.17257212728238439
0.14580469415898858,0.13628291923903146,0.16150517709371776,0.1724705103383814
0.1456715004679877,0.13619898111531947,0.161466329800089,0.17234522514002484
0.14555263908450697,0.13613356996216505,0.16144007713773628,0.172214437150114
0.1454625006369205,0.13608786930955907,0.16142667205948003,0.17209185440730004
0.1454007765245954,0.13602737616717622,0.16142613733364602,0.17197737859378556
0.14536801452891437,0.13598698830309977,0.16143887373429744,0.17186395813210076
0.1453648942923387,0.13596963586235616,0.16146246973020556,0.1717542344802407
0.14537581126091842,0.13597396432571837,0.16149512517559392,0.17159430589729305
0.1453976636028584,0.13598527873260763,0.16149919915119196,0.17143093532557713
0.14542912404757588,0.13598033052341152,0.1615126015436865,0.1712712149464906
0.1454239874647538,0.13597834522988692,0.16152080294396015,0.1711189058152098
0.14539924319968706,0.13598281587062702,0.1615382666107266,0.1709758085849164
0.14534865000637293,0.13600592797720176,0.16156652790742598,0.1708423116900252
0.1453040441558434,0.13601975239097008,0.16160284102358102,0.1706998433810561
0.1452678591674787,0.13603649852703462,0.16164272145868797,0.17054266157812453
0.1452390759864446,0.136070402609453,0.1616798136606455,0.1703952962789862
0.14517879145067641,0.13612181720615477,0.1617259058751308,0.17025795753018996
0.1451499830160386,0.136192742892204,0.16178206215174262,0.17012822945050649
0.14514894702978987,0.1362826518133325,0.16184897339348786,0.16998296426500548
0.14513368304270544,0.1363748294440373,0.16192664282014907,0.16983396266533532
0.14507664999788789,0.13649036508841683,0.1620148485340231,0.16965116831923022
0.1450251395713069,0.13663221457809024,0.16210959672606812,0.16945161970334335
0.14499224674840788,0.1367835181610067,0.1621798832664326,0.1692312080571256
0.1449779253951221,0.13686113029929897,0.16226195762595327,0.16900935908009568
0.14495161021895323,0.13691235200096238,0.16235486683284128,0.16879875790877183
0.14487245325211676,0.13699770360551666,0.16245605351970166,0.168599596271306
0.1447350603783732,0.13710109678738133,0.16256795212532438,0.16841210438920565
0.14458276629014316,0.13720673120022622,0.16269109206169063,0.16823645848912552
0.1444453482524994,0.1373327242108363,0.1628256272928785,0.16807297611104907
0.14432547001886045,0.13747546800151203,0.16296913744802707,0.16792197599574452
0.14421500425723915,0.1376000714450419,0.16310476438788396,0.16772666103231434
0.14409036976696096,0.13774567086924058,0.16325197555152027,0.1675200576007708
0.14396682891698634,0.13789527355694248,0.163401111229689,0.16732577346693747
0.14379880533238182,0.13806225127237937,0.16355436850790958,0.1671363360913547
0.14360601165676593,0.13825354214927535,0.1637183380327864,0.1669576258125241
0.14340614845691602,0.13846827264656061,0.16389072881455008,0.1667918174058374
0.14321820573641994,0.13870606238453656,0.16407480968866636,0.16663911747066476
0.1430150717602941,0.13896661150581874,0.16427000510593828,0.1664976373688876
0.14282576360747729,0.13924035435409945,0.16447629547414966,0.16634255365922607
0.14266032589292693,0.13947516724158915,0.16467636245287604,0.16619952359342746
0.14248667599298664,0.13971296165312186,0.1648743673285308,0.1660681441822126
0.14233631752242443,0.13997147736691962,0.16507745994756767,0.16594803453308224
0.14219258073134391,0.1402216120829568,0.1652582209159958,0.16583015328003484
0.14206097714994612,0.14048132118431234,0.1654437818556741,0.1656924267226436
0.14192717642802347,0.14074597140523257,0.16564025462505103,0.16554161793820868
0.14180865857734143,0.14098984437115797,0.16582939088610035,0.16538167198113282
0.14170968294753267,0.14119575493689665,0.16598429488545563,0.16519319560572485
0.14162360415485536,0.14144051420526796,0.16613423098944075,0.1650070768208758
0.1415355955321364,0.14169524597876954,0.16629299797942415,0.16480750729783472
0.1414073649730055,0.1419405846710241,0.1664603550632593,0.164598329068856
0.14131476212093644,0.1421633697015382,0.1666108104637465,0.1644542694930704
0.1412570651696844,0.14237779027828312,0.16676735776086055,0.16436891342999416
0.14118239782422826,0.14257702563391247,0.16692609658416535,0.1642945633992457
0.1410943773824831,0.1427868645072099,0.1670725643852408,0.16423147224081455
0.1410320752513181,0.1430080074334808,0.1672100790512981,0.1641795860201511
0.14095667355021363,0.14320436356129268,0.16734815651134893,0.1641263445623161
0.1408981174852398,0.14337448636793518,0.16745395676234667,0.16403276673033987
0.14084870262570706,0.14355443127299558,0.16752234041886793,0.16391603041691863
0.14076421682204387,0.1437389299981431,0.1675993891264181,0.16378322740902346
0.14071047467430242,0.14393330147736133,0.16768428111363037,0.1636333508689974
0.14068501079357434,0.1441296387859895,0.16777119703788665,0.16349408129273255
0.14069937606263883,0.1443059375033799,0.16783909646974923,0.16336517713373908
0.14073170682408637,0.14449289687807876,0.16791401001361983,0.16323437311336442
0.14080193085033627,0.14469014076491082,0.16799812546472181,0.16310092025690037
0.14084404515120647,0.1448544642324889,0.16808972103122014,0.16297751532977053
0.14088805686546377,0.1449960822927691,0.16815194124789087,0.16286404923501474
0.14090707133691724,0.14514820396173855,0.16812097354369435,0.16275918979498102
0.14087084726604907,0.1453107213261248,0.16806785245151673,0.16265017733407447
0.14078442954234524,0.14548326876518108,0.1680228334336114,0.16255065317503928
0.14072422904269943,0.14565289350443034,0.16798646202316303,0.16246082328989472
0.14068447526256467,0.14580097116820212,0.1679554950332886,0.16238074512478795
0.1406647052048557,0.1459490688800511,0.16792921140566844,0.16231026041488925
0.1406222152332412,0.146086766096961,0.16791150763589358,0.16224903839340757
0.1405943011105138,0.14622607528453188,0.16790278963705296,0.16219551076528022
0.14057308023698054,0.1463699492068555,0.1679025619770955,0.16213395987579418
0.14056104351772267,0.14650248977756,0.1678989941879302,0.16207959108077816
0.14054835235686822,0.14659379730219121,0.16786081670666536,0.16202808408994263
0.14055291082840152,0.14669378485805926,0.16782544221789267,0.16197705017741026
0.1405785644326358,0.14672963601010688,0.16779121719161566,0.16191872429988774
0.14053999189488142,0.14675799101157283,0.167756243599401,0.16186934412031995
0.14044443787859762,0.14676514154427137,0.16772888045813597,0.16182907322687623
0.14036725071173461,0.14675800842413753,0.1677098656657417,0.16176512707483787
0.14029781307216097,0.14675386736297233,0.16769887459331925,0.16169279005855355
0.1402476190342793,0.14673094086281777,0.1676958146350101,0.1616305507540153
0.14020669846469352,0.14671690461055442,0.16770013346276197,0.16157512511167893
0.14015372458318404,0.14671326161307183,0.16769741809935332,0.16147852090980558
0.14006288361597247,0.14671598492372234,0.16770221030324553,0.16137662634131
0.13998716069720119,0.14671209497046686,0.16769621356986242,0.1612514374104984
0.13993950003025618,0.14672670026080392,0.16767938657092238,0.16111527961842817
0.1399193855785102,0.14675522734982221,0.1676523728448302,0.1609871008925544
0.1399275119137362,0.14677794358438784,0.167613024504635,0.16085608271576507
0.1399635723815301,0.1468025320804996,0.1675821680363683,0.16073521971328678
0.14000181602404901,0.14681604651797697,0.16755938930284947,0.16061296282476126
0.1400561960769874,0.14681687733303364,0.1675419321280881,0.16045692530157915
0.14010895345271723,0.14681629234704788,0.16752034218675932,0.1603059292306235
0.14014258110717756,0.14681009789928737,0.16750722357855238,0.16015221716020422
0.14013672478780112,0.14678172480376295,0.16750272062150792,0.1599925736706971
0.14007311900832983,0.14675598464011388,0.16750001012996177,0.15983167921255
0.14003358805999003,0.14674404687280032,0.16749420594641481,0.15964007990190124
0.14001674790946997,0.1467426097706265,0.16749159906815564,0.15946006072920993
0.1400219379933283,0.14680346432180527,0.16749767860878573,0.159271705324812
0.14001790112470705,0.1468801777271014,0.16749486143438858,0.15907132282287662
0.13999957722220413,0.14689411625648474,0.16747023418908327,0.15888097357504663
0.1400006790943207,0.14686714691158223,0.16743702297896687,0.15866804660020434
0.1400248861011907,0.14679825615414854,0.1674079519531777,0.15840657029865357
0.14006064819045164,0.1467304992469985,0.16738866105706682,0.15815246642012676
0.1400618488400881,0.1466798778767687,0.16735240572261578,0.15787505608687688
0.14005052285173106,0.1466177309233738,0.16728367322872775,0.1575757770656725
0.13999937570897467,0.14653280305227917,0.1671954971663644,0.1572779802510691
0.13991401047598148,0.14644015793730245,0.1670961557126015,0.15698661952208615
0.13987998211838884,0.1463668429630554,0.16698995160649127,0.15669806659789517
0.1398724298108494,0.14630741094267324,0.16689779139741795,0.1563513212066544
0.13986142811903246,0.14624081947407883,0.1668208018181567,0.15598145273109082
0.13985102914202743,0.1461802018632617,0.16675908034790954,0.15561398763142473
0.13984398746808893,0.146122697487184,0.1667123517528707,0.15524137177853312
0.13981967581665505,0.1460769866247082,0.1666786565527413,0.15487467840591537
0.13979918043189923,0.1460490255712118,0.16663835378720607,0.1545099474142174
0.13973752752102395,0.14597470073621818,0.16661434336467404,0.1541577416579909
0.1396546772857439,0.14591027512148014,0.1666054434918696,0.15381825822954873
0.1395808965499027,0.14586423308827293,0.16659398794379832,0.1534816953353951
0.1395243689300486,0.14582744998834463,0.16659610816504117,0.15312056656438167
0.13947488641143777,0.14579522173919102,0.16659542842319763,0.1527548580955544
0.13942504708546827,0.14575914832616804,0.1665965852679945,0.1523422240130487
0.13938305936963347,0.14572448679107247,0.16660216872617692,0.15191091768346626
0.13935566866511034,0.1456890801500549,0.16661341807670454,0.15148418062596516
0.13932319702747273,0.14566784428538074,0.1666365122247261,0.15104665111645496
0.1393029695107665,0.14565043790411722,0.16667114997356045,0.15062518774922046
0.13929257031949233,0.14563366515952428,0.16671671781832756,0.15022380426899848
0.13930638545449714,0.14560426786717418,0.16677261107010014,0.14983239624471592
0.13934458780862324,0.14558351083276524,0.1668211311574377,0.14944122433718396
0.13940652928230107,0.14557364240293388,0.1668139083582199,0.14904183015277336
0.13947126225376677,0.1455790436349755,0.166805700470541,0.1486372886494589
0.13951864220580615,0.14558755474150523,0.16680810127918463,0.14821617432025175
0.13956994486869687,0.14560175730133695,0.16682133757091147,0.14781150533623644
0.13964208762315894,0.14562595421866764,0.16683908748647877,0.14742256888408814
0.1397268958580042,0.14566899752175327,0.16684593436451806,0.14704853406355456
0.13981791591132994,0.14572514505465495,0.16686304701198146,0.14668403136678376
0.139907359015273,0.14580620709112518,0.166892317397764,0.14633077017283672
0.13998947789926486,0.1459099482317787,0.1669182509988839,0.1459895351230541
0.14008790846266211,0.14603391361000478,0.16695059688641944,0.14566100324276277
0.14019841621065987,0.14614659939177954,0.1669829572998215,0.1453313061752856
0.14030751058739008,0.14625756220369618,0.16701904908705978,0.14502387903503455
0.14040966510671196,0.14637893111829586,0.1670675132679796,0.1446857358764832
0.14049738864044437,0.14651430489640702,0.16713001266418964,0.144355933238823
0.14059552366796657,0.1466538020514983,0.16717885405002686,0.14404961161106392
0.1406932062946411,0.14678574030647706,0.1672288699062812,0.14377113350812012
0.1408117352287961,0.14692361321010394,0.16728782442670384,0.1435109186076803
0.14093453573529213,0.14706693376378843,0.16734131145372483,0.14325990265383773
0.14106852688134158,0.14719653268425348,0.16739562527409188,0.14298010477370446
0.1412211823708435,0.1473162429657815,0.16746215445325088,0.14265528670305133
0.14137536169487758,0.14744773167723793,0.16754186773104635,0.14233735313910786
0.1415233398236234,0.14759086725329046,0.16760776742509795,0.14203659430931814
0.1416836284018499,0.14774615781379627,0.16764345750528886,0.14175675338218666
0.14185455745384223,0.14790535552560052,0.16766343652453017,0.14149274605758458
0.1420379295456589,0.14806916164836698,0.16768993556381262,0.14125290972471713
0.14223376521698117,0.14823995376087834,0.16772581592225097,0.14104229081431802
0.1424280849620407,0.14842491326671692,0.16775795871828467,0.14084459743622355
0.1426024177580538,0.1486110506883835,0.16780277270808377,0.14060943425866135
0.14276462757446387,0.1487997800642412,0.1678598690886127,0.14037368889994092
0.14287323523054885,0.14899032802354603,0.16792648843138294,0.14013971334441985
0.14295107966568776,0.1491886475656753,0.16798963458620414,0.13988701105651102
0.1430143782106515,0.14932481116450064,0.1680640080457979,0.13963559981974058
0.1430248264833213,0.14941097247243304,0.16812928746448155,0.1394091616760109
0.14301543610114448,0.14946966415746377,0.16820183153775148,0.13919604062084212
0.14295781460827,0.1495245874075425,0.16828319889321064,0.13893396283226106
0.14290655913067407,0.14957456548151982,0.16836157861785314,0.13868972500439217
0.14284653585197143,0.1496200128474563,0.16844249969763583,0.13847229798466457
0.1427912958813229,0.1496847135403495,0.16852160233298644,0.13828180282293437
0.1427413712316376,0.1497293048864135,0.16859720138463655,0.13810639587872323
0.1427045159232202,0.14973261243886726,0.16867545001061937,0.13795492841463855
0.1426750025197504,0.14971892196585349,0.16872827512372413,0.1378228570437644
0.1426542275185084,0.14967020042082632,0.16877868205611524,0.1376707502293287
0.14263908972377837,0.1496042489495464,0.1688360622396351,0.13749666769995628
0.14256908247594172,0.14952575505052876,0.16889966778336507,0.13733717990084857
0.14247373630041815,0.14942267857250266,0.16893599184758462,0.1371511723806019
0.14238189518037203,0.1493107718724547,0.16893523668886762,0.13691460399095493
0.14229372165268056,0.14921375260824848,0.1689264909508905,0.13669219440944158
0.14220235700197087,0.14911184870212565,0.16885401941338582,0.13646365448422923
0.14210969386483044,0.14900656661913192,0.1687501110278909,0.13623930271074478
0.14201406745427858,0.14889892246639197,0.16862600954044293,0.13598238794198408
0.14190765060930302,0.14880884191686325,0.16850666745915194,0.13574632196367786
0.14182068878113635,0.14873224917045605,0.16837315381643733,0.1355128638302941
0.14172499727268945,0.14868215734475038,0.16824669320291608,0.13530650116464887
0.14160027991600516,0.14865774555475927,0.16812737999294788,0.13513567028124873
0.14149395513533955,0.14865362633623952,0.16801522443833697,0.13496381009480513
0.1414070397961714,0.14866312040341123,0.1679074770528394,0.13477834650342457
0.1412979173087569,0.1486927336356962,0.16778454465829573,0.1346195513640649
0.141125184467439,0.14872303644771764,0.1676614972627582,0.13449072569709064
0.1409296284642613,0.14877188076650838,0.16754549662317952,0.13438808323492624
0.1407378816321182,0.14884738688215512,0.16741612623211485,0.13429566609803142
0.1405653785285627,0.14894722328165172,0.16728651076159495,0.13417450630704672
0.14041081216115028,0.14904800033914686,0.16715291360490445,0.13402819811523684
0.14026179522100354,0.149149904679156,0.1669912696877239,0.13388691054246873
0.1401215160228031,0.14927548456828207,0.16682984154323752,0.13375564027452463
0.1399894270111422,0.14942490440392986,0.1666552348826914,0.1336646142866184
0.13987568138208262,0.1495865795430723,0.1664652302867706,0.13357514432584916
0.13977972243463854,0.14976906862196887,0.16628150479808773,0.13348691055017994
0.1397001318332124,0.14997132448818465,0.16610344770195593,0.13342450379292742
0.13963070108309084,0.15011847789479632,0.16590788492677522,0.13338420538130358
0.13955832947277091,0.15025732572558945,0.1657184277197912,0.13336418062255212
0.1394818098613667,0.15039982026954996,0.16553689222440773,0.13335991093846483
0.1393643928627129,0.15053802434073577,0.16535795112977725,0.13336483062335003
0.1392593499680192,0.15067972554654974,0.16518230322824123,0.1333666355252223
0.1391676774490692,0.15082306549295824,0.16501523294858636,0.13338825355321815
0.13907525795437692,0.15097427281779147,0.16485693778510752,0.1334300673852768
0.13898243837064142,0.15109165461225246,0.16470747931186,0.13348368499732702
0.1388849547533949,0.15119744521840556,0.16456722534611903,0.13354896569565633
0.13876316110859252,0.1513125493021248,0.1644234641101951,0.13362408939978765
0.13863448595080494,0.1514249358892033,0.16426227861813472,0.13369886812559356
0.1384848819957921,0.1515149003256472,0.16410961200353844,0.13379415788017343
0.13831689488599197,0.15160185308672847,0.16396670318791198,0.1338790426520597
0.13816464085354924,0.15166612908664853,0.16383099350760388,0.13395134003834197
0.13802860280778642,0.15171278722821963,0.16367609107119482,0.13403429372433703
0.13789943653401512,0.15172844114441297,0.1635157725085791,0.13413564909125822
0.13779367058346922,0.15171907913625637,0.16335893655770317,0.13425500806783455
0.13770999601098194,0.15172497639938498,0.16321019013903737,0.13439168603108226
0.13764210933064264,0.15172040639841955,0.1630693060226781,0.13454433655593592
0.1375799414997146,0.15172414568224216,0.16293641840778053,0.13470586892155975
0.1375141572752638,0.15173955065877506,0.16281220070717897,0.1348488830044453
0.1374295642466355,0.1517698425729035,0.16269715676992325,0.13493427803582486
0.1373597798529385,0.15173581001538383,0.162591169068424,0.1350129253557968
0.13730566227727958,0.15167149571792815,0.16249248139682812,0.13510772204345278
0.13724804031779192,0.15159540629571386,0.16239488907614746,0.1351861692127852
0.13717399129033112,0.1515132909503325,0.16227907505284428,0.1352205580577912
0.13711669889371067,0.15144703208118343,0.1621629275217501,0.13526006320598744
0.13708302275677456,0.15137826713778746,0.16205590151660043,0.13531156483324958
0.13707981304453415,0.1513113616622979,0.16195842500967417,0.13535834495844232
0.13710720138657473,0.15127027725575018,0.1618702718523709,0.1354100146104185
0.13713577828665718,0.15125686803413757,0.16178229399379823,0.1354769185439927
0.13718324680663288,0.15127125149538775,0.16169079215609827,0.13551613750080482
0.13723451252020424,0.1513136227892042,0.16160350976994534,0.13554850371989272
0.13729259270996316,0.15138546487317753,0.16151094535855343,0.1356079029681545
0.1373597496942002,0.1514795017342564,0.16141928219011883,0.13567289545925829
0.13744608164217936,0.15156757703564178,0.16132812760106385,0.1357373187725713
0.1375399822158665,0.15165484728495093,0.1612298255217841,0.13583268083792593
0.13761601541457963,0.15178322491684074,0.16113743906939773,0.13595153832589402
0.13768617074384937,0.15194235402357728,0.16105149928428028,0.13608474276790056
0.13777050365584734,0.15212467704241,0.16097105043041554,0.13624291507671513
0.13786638335385112,0.1523035680477384,0.1608927836230757,0.1364258875912516
0.13797661302040554,0.15248629548679912,0.16080546568723408,0.13662716020063592
0.13810354391046548,0.15267718150955117,0.160695476641661,0.13681506588802717
0.13825028819526136,0.1528896809969986,0.16058246540130874,0.13698843717121123
0.13841620689393877,0.1530920813737722,0.16045282177751458,0.13718606692122087
0.13860188992156594,0.15330545105564117,0.16028898577586656,0.13739797050329586
0.13880739793502797,0.1535218848892239,0.16010770679575878,0.13760229389007034
0.13902116004240414,0.1537401592038351,0.1599324375674931,0.13781436471770012
0.13923157621720195,0.15396446344802425,0.15976378853892279,0.13804032395221397
0.1394200840029346,0.15417560556829585,0.15960408288950959,0.13827622565618414
0.13960034286607048,0.15438855537980717,0.15945173019590528,0.13851100151108262
0.13974009575471785,0.1545951082926976,0.15929064023936793,0.13875098853094886
0.13986056270719177,0.15475603389771256,0.15909517955132152,0.13901809180876623
0.13995276348736507,0.1549101926239912,0.1589118869772282,0.13930141902212542
0.1400455771035221,0.1550607869126065,0.15873597077198878,0.1395969415461132
0.1401454734375304,0.15517492842649727,0.15856983091527851,0.13989732798036708
0.14026256765132009,0.15529769831343995,0.1584156557388723,0.1402204577922546
0.14039637979883512,0.15542659924929247,0.15827373413060983,0.14056096507187876
0.1405471049947196,0.1555115993657126,0.15814395910035092,0.14090163584788434
0.14071445489603993,0.15553542790073688,0.15802652039401985,0.14125265099845824
0.1408987558816618,0.15554937187791482,0.15792169514242302,0.14152778082633105
0.14109321329656097,0.15556548852596708,0.15782971466898077,0.1417498313543064
0.14128244063175838,0.15557300863683746,0.15772092508950522,0.1419634104481881
0.14147230716514486,0.1555727010910063,0.15759994998288265,0.1421678710166015
0.14163810653488243,0.15553529182049977,0.15749187344944474,0.14235950773815184
0.1417908149369975,0.15548819646544465,0.15739596121440041,0.14252878683524492
0.14193043518009751,0.15542560126991364,0.15729111768374784,0.14270452935356026
0.14206279897225857,0.15537005389890735,0.1571841752536372,0.14289210528077986
0.14220907027821203,0.15532473008086325,0.15707649058218393,0.14308516726815648
0.1423470265753914,0.15527082659654426,0.15696565197308182,0.1432902280661534
0.14248847896625041,0.15521755423810904,0.15685527244939695,0.14352530232412097
0.14258851268478653,0.15514767336670734,0.1567451642405973,0.14377216376861496
0.1426255940463547,0.15501583484879888,0.1566478138827889,0.14400037008688837
0.14262502536823832,0.15489262181498037,0.15656473097294202,0.14423892716767373
0.142634299656017,0.1547912436209629,0.15648820912032216,0.14447606023468793
0.14265724542731728,0.1546643832447019,0.15642022664005953,0.14472545901901582
0.14264832218264306,0.1544937811761244,0.1563662316239263,0.14498679594956101
0.14259375293334037,0.15431045358667053,0.15632666894905697,0.1452306878801361
0.14254646885920583,0.154131009556467,0.15629491525970307,0.14545861990765263
0.1424920519516112,0.15393399604178767,0.15625889505932308,0.14565601416569982
0.14243773074770863,0.1537440718255125,0.15622977932563017,0.14585345178750664
0.14237289481031726,0.15355737119908336,0.1561932544928563,0.14604427807406478
0.1422839160104129,0.1534037540521074,0.15610060434552092,0.14621738306025867
0.14220664315289658,0.15326999209320957,0.15598506541685844,0.14639393144399093
0.14212992447949868,0.15317573871595794,0.1558840469598795,0.14658612832798226
0.14205527354351113,0.1531232099526243,0.15578783827589962,0.14677685683735733
0.14199605319016295,0.15308427920737314,0.15570718777639292,0.14696115910741395
0.141948978123938,0.15308309325372738,0.15564326338665885,0.14713899463713762
0.14187027266602129,0.15309205976241952,0.15560335690793434,0.1472031304095538
0.14178146018216053,0.1531316163579134,0.15558870136201863,0.14723555283661183
0.1416651729351421,0.15317953601632994,0.155599471373385,0.14726933945890003
0.14156075424043268,0.15323582348647047,0.1556272048576317,0.1472933970717891
0.14145329312912414,0.15331133102832595,0.15566898293512418,0.14732242720258829
0.14136029097367192,0.15336925113325062,0.1557260548226134,0.1473535880311282
0.14123974054000557,0.15340912374239024,0.15578271719304163,0.14739405014107076
0.1410723785853995,0.15336343427054902,0.15582926586799367,0.14742448974971661
0.14089413996863306,0.153328167382904,0.1558336431367076,0.14741723043135935
0.1407075522279704,0.1533139672900382,0.15585207925119246,0.14735060429837024
0.1405259688951691,0.15332565285389227,0.15588744605366747,0.14726002699205828
0.14035900564559947,0.15336309855184405,0.15593233595510614,0.14714479998045016
0.14018610664856326,0.15341424322430292,0.15596930417552138,0.14702434237651624
0.14003627185459036,0.15349154523076686,0.15598993391274807,0.1469195862854732
0.13990966543348748,0.1535952395663036,0.15602454783890118,0.14683348062268978
0.139807490359479,0.15365517664989162,0.15607586723978734,0.14676684166029194
0.13972972268355294,0.15368983741340175,0.156143587275005,0.14671794462950494
0.13964707602229942,0.15371675463477752,0.15621810755501386,0.14667520399991033
0.13957750692752136,0.15374886166785326,0.15630300305079153,0.14663195102909696
0.1395327556949209,0.15373892441331016,0.1564051073172313,0.14653960062929824
0.13951202477077826,0.1537168719426392,0.1565240712773683,0.146442103492456
0.13948103910013798,0.15370274876272422,0.15665981012036012,0.14634928481423168
0.1394232803466238,0.1536311547130053,0.15681220694462691,0.14625967413837784
0.13938463148808317,0.15350367001604906,0.15696073219400367,0.14618114613641653
0.13937007120254227,0.15339055558143988,0.15710433206899632,0.14611915728830363
0.1393794867994232,0.15325804615830224,0.15726259409471663,0.14608258549641706
0.1394056646165015,0.15313791311504116,0.15743478575536582,0.14603617901542118
0.13940854124333213,0.1530284286004147,0.1576234524776118,0.14598241000368253
0.1394197723405613,0.15290573999323753,0.1578280683438927,0.14593372134787116
0.1394512648891737,0.15278156395016718,0.15801642705006166,0.14588737639242821
0.13950327959096673,0.15264950975998573,0.15821051705455247,0.14586471071519633
0.13956879825425691,0.1525266538819367,0.15838792032824267,0.1458666719157432
0.13965442500659112,0.15243257050059034,0.15848869251467862,0.14587216533891204
0.1397388995041966,0.15237033607289333,0.15858435040003485,0.1458951376736536
0.1398202677043482,0.15236378543414292,0.15864583584215178,0.14594259478959745
0.13991954251314234,0.1524186721220862,0.15865148518824182,0.1460088620587112
0.140021055111345,0.15251198553652778,0.15864076027896212,0.14604281300918492
0.14013739471963435,0.1526338266244679,0.15863582829462047,0.14609615845245208
0.14027283492621265,0.15279102583931486,0.1586450623189611,0.1461711378815125
0.14042136680865488,0.15295099827518988,0.15864075487193177,0.14626699333434265
0.14054826271748935,0.15308685853428752,0.1586300120219609,0.14636708077507074
0.1406776932528351,0.15320215905137777,0.15860294660490656,0.1464710418947424
0.14081740848804924,0.15334781417859727,0.15857813803905996,0.14657867748472367
0.1409437149642718,0.1534922883133663,0.15852120267248118,0.14668755595979363
0.1410571920435489,0.15364784939420267,0.15843700760002075,0.14679684997378314
0.14117763560981145,0.15382439831491224,0.15836325984936267,0.14690098577766547
0.14128310211843015,0.1539717891779423,0.15829077641572087,0.1469847342420709
0.14138272237610433,0.15413972325835668,0.15821296802903612,0.147059884884176
0.14149610956588576,0.1542676903497962,0.158118643492232,0.1471468227299625
0.14159959021527294,0.1544029187856097,0.15802224126279557,0.14723329401970311
0.1416542269479323,0.1545610465436217,0.15794649176070838,0.14727057424069748
0.141689628019924,0.1546867104441711,0.15788840073377655,0.14726274442045267
0.14169637039483912,0.15478233054453652,0.15782602040302854,0.1472050067985215
0.14166449933171474,0.15489947874167176,0.15777676833657073,0.14713437992525094
0.14164571269396503,0.15501466937565078,0.1577488433235965,0.14702373538697722
0.14163935539316763,0.1551140011446174,0.15774346185236554,0.1468555062960206
0.1416400973335373,0.15519668781021,0.15776138940183385,0.14667976508622116
0.14165103352395428,0.15529612535720574,0.15780271558582049,0.14650254258871484
0.14167554258833573,0.15540108259414911,0.1578651508390889,0.1463279811758913
0.14171405211041213,0.15552180805764748,0.15792341144824432,0.14616221703769522
0.14175737951057327,0.1556646426822329,0.1579903568706938,0.14600912893523105
0.1417991284872876,0.15581654006704446,0.15805418660375625,0.14586562482684687
0.141818094607374,0.1559865900729152,0.15813712480552303,0.14569846921308582
0.14183833213398897,0.15616201228176893,0.1582174305812146,0.14553245513218496
0.1418711691626582,0.15631372602951485,0.1582521861697804,0.1453176799064711
0.14191820670685296,0.15646601435117483,0.15830263998021485,0.14511942977042064
0.1419789598292317,0.1566350478728114,0.15835753039444714,0.1449431664631935
0.14201200061792227,0.15680907385436516,0.15843641414793697,0.14478581134682605
0.14204447451257513,0.1569679548710464,0.15853895281968503,0.14464113419411131
0.14207451712661123,0.15714109758186576,0.15866425792315053,0.1444631467222515
0.1421048387728371,0.15731900206473676,0.15881183189147452,0.14428345270518025
0.14213812255430383,0.15749900876853526,0.15895966317144908,0.14412372262055187
0.1421809456684521,0.15767747400430368,0.15907558689947335,0.1439752265794571
0.14222954011361996,0.157870575354122,0.15918615142470827,0.14381428384826664
0.14229093541683205,0.1580266842299836,0.15929969794338658,0.14361346516463802
0.1423655842745751,0.15817681691559657,0.15942943473744783,0.14336766147959717
0.14244064541768034,0.15835193742425532,0.15957605016872464,0.14313577119447457
0.14252006857445235,0.15853086070696937,0.15969649080855078,0.14291337977162044
0.142612067245636,0.1587343446763557,0.1598228779542339,0.1427087673763403
0.1427233478430928,0.15896895192431504,0.15995551157938726,0.14249510693133066
0.14287532004361603,0.15919918315504655,0.16009672567989194,0.14228148283019584
0.1430504135850489,0.15946695226417967,0.16024689191218797,0.14207610941283913
0.14323618060043228,0.15976316012260156,0.16038377579406415,0.1418596433330504
0.14343191419029078,0.16006262468133492,0.16050563903669457,0.14166133900578304
0.14364414415135923,0.16038816919585155,0.16062233068247006,0.1414844164429615
0.1438716513187215,0.1607470436434516,0.16073802411163368,0.14132461208714436
0.14409464326296176,0.16113485017175658,0.16084326310819833,0.14115110126499034
0.14430093690866314,0.16154720575202788,0.16090708015937072,0.1409334085889602
0.14452186737091413,0.16195197189632293,0.16088183243316612,0.14071600105199222
0.14475630309704526,0.16234646843245534,0.16085350131321938,0.14051929154026127
0.14500283208703127,0.16275615713830735,0.16076054718665375,0.1403335746863702
0.14526037547311754,0.16313330353789862,0.16065520676759473,0.14014538655694933
0.14549387224330376,0.1634213133461792,0.1605550950412872,0.13997812401811038
0.14570014835267878,0.16370240487621623,0.16045541108233954,0.13980616619891614
0.14591007868432065,0.16397715513374791,0.16034154289041297,0.13964970946063976
0.14611328440449312,0.16424008661253775,0.1602109512095773,0.13949156201844645
0.14628893484744515,0.16452459891322074,0.16004744482539512,0.13931354436357551
0.14646839513831247,0.1647951589081412,0.15983296136030545,0.13914251228483043
0.14666225691187162,0.1649612754712203,0.15962331131698104,0.1389910237184633
0.14687889245685834,0.16510421354758267,0.1594087050869972,0.13884742985589774
0.1470907582934376,0.16524774568961184,0.15918901188712303,0.13868361978071136
0.14722514413585497,0.16538196142817932,0.15898015362710344,0.13850956543966209
0.14732171280669143,0.16552927895165634,0.15874519650221106,0.13832475320057858
0.1474141923466938,0.16564722856601016,0.15850986271506573,0.13814964631062585
0.14751502715836884,0.16573799714493742,0.15825623218010051,0.1379750047601905
0.14757695015602423,0.1658202125961964,0.15795063013840044,0.13781119379775433
0.1476275817602626,0.16589469292968034,0.15765395734100318,0.1376722813866559
0.14769280116018277,0.16596310221758595,0.15735557634892852,0.13756238420724137
0.14777390320134726,0.16603571925638858,0.15704990381010236,0.13744587283693493
0.14781803410396335,0.16610130331633377,0.15676279549650624,0.13732534522630468
0.14778312376102135,0.1661785377060912,0.1564966706200264,0.13721967003375665
0.14772543484104567,0.16620146475691797,0.15625249101750466,0.13713764086551364
0.14766634319240524,0.16619971391628688,0.15603127226360086,0.13708894571091634
0.1476046380161689,0.16613857093802448,0.1558250603330294,0.13705535448008616
0.14752776252134692,0.16605110122593275,0.1556021056940964,0.13703636462193575
0.14744642143834713,0.16598886280969105,0.15540466761289254,0.1369910902227492
0.14737275200492791,0.16595018499972544,0.15522525140597657,0.1369697827375234
0.1472776324823175,0.1659341354318202,0.1550451918571372,0.1369740006712281
0.14721440030434566,0.16590558867017205,0.1548923117592884,0.13700326352056386
0.1470846591018895,0.16586827038300136,0.1547128236387177,0.1370573099191437
0.14694764697137713,0.16584292653628047,0.15454145566048472,0.13712207183166272
0.1467875644106884,0.1658392995311164,0.1543968633840832,0.13720209839615294
0.1466639784020182,0.16585719679307676,0.1542806943913716,0.13730669967836012
0.14655237053961978,0.16580074004582307,0.1541930878770954,0.13738454652910878
0.14646833741910817,0.16570529237717013,0.15413350497847422,0.137394045085405
0.1464044168940952,0.16559460058536646,0.15410141918749778,0.13740258564100305
0.14635727264412907,0.16546786546894382,0.15409625040978703,0.13742159477155022
0.14633829484857283,0.16535329596363949,0.15411700288426805,0.13743512735942584
0.14633736815502613,0.1652316375040607,0.1541632247084959,0.13744393241642927
0.1463634681164034,0.16511093115914,0.15421639860761907,0.13746855997064444
0.14641462199012953,0.16498625544783443,0.15427579869396335,0.13750213883435347
0.1464931672168705,0.16488369806124695,0.15434904101321725,0.1374406711373349
0.14657038890879523,0.16480308991482054,0.15442907317272042,0.13738254129822153
0.1466661078934506,0.1647241238685552,0.15452875721799658,0.13734952120099622
0.14674706747359245,0.16459538031442808,0.15464792295604,0.1372967553194133
0.14678714672798138,0.16447741378793562,0.15478640845466443,0.1372363681358237
0.14681916501591416,0.16439123899315983,0.1549425999354663,0.13720162285941082
0.14687044524277984,0.16428112959721172,0.15510628460303522,0.13714660786986488
0.14691908641174137,0.16415356644306273,0.1552882806639983,0.13708142657619327
0.14698593104442315,0.1640381518642936,0.15548822003472124,0.13704246263694045
0.14704039404618122,0.16394063071793522,0.1557052727335736,0.13701595564228217
0.14709661390557638,0.16386109770401702,0.15590557788348142,0.1369877667823683
0.1471355652078986,0.16377449211831518,0.15608627194732974,0.136952163576571
0.14715642918776659,0.16369689243828145,0.15627233235631494,0.13694491448132173
0.14711920393751993,0.16363759066231562,0.15646124393259472,0.13696583960918704
0.14702049037062356,0.16359687388055627,0.15666147515795403,0.13699777475280162
0.14693153011628848,0.16357493075113858,0.15685672041479498,0.1370500259200411
0.14685406838265438,0.16355096010509743,0.15705930963765802,0.13709724683195681
0.14679223742193773,0.1635279166275815,0.15727828622020767,0.13712903326871279
0.14674198318883652,0.163517400891523,0.15751359594839237,0.13714899262023628
0.14668826724834966,0.1634907939040999,0.1577653503838511,0.13712552345879078
0.1465770686870015,0.16348393555900603,0.15802481767186363,0.13709463075453326
0.1463808434402848,0.163458906194864,0.1582809680558209,0.13708326331281398
0.1461970266690173,0.16344336961593864,0.15855180409041,0.13709408156694
0.1460161219405014,0.1634154921200968,0.1588242828901345,0.13710605342267287
0.1458339242424494,0.163341999868205,0.15910415712010362,0.13708771147669152
0.14567833874095856,0.16326087727990685,0.1593524679383919,0.13709289598905683
0.14553429241194293,0.16317917039124658,0.15960613549457367,0.13712135055199515
0.14539035337648223,0.16312363788931672,0.15986322761625518,0.13714050071098416
0.1452343819067809,0.16307697482266484,0.16012349867307984,0.13718029402616874
0.14508449236569276,0.1629995823275114,0.16037645692536504,0.13723683232983766
0.14494715578870054,0.16294558535858505,0.16062079522741346,0.13730068409615082
0.1447733012360919,0.16288917370049485,0.16087482467744085,0.13732850877279618
0.14455782569220577,0.16281438016277477,0.16113098327595052,0.13736652371282765
0.14436093169332348,0.16275468239340296,0.16139922297049142,0.13741520628864626
0.1441875211114682,0.16271860674548344,0.16164973024847323,0.13748727182824313
0.1440222029399569,0.16269653840189954,0.1619020207553362,0.13757234747600364
0.14384661711670252,0.16269186518957174,0.16215797573284849,0.13768063896414012
0.14362643648093493,0.16267605418376657,0.16242441951078285,0.13780881779661835
0.1433685967732814,0.16263511016338303,0.16264069396137684,0.13795838047914874
0.14313631587406409,0.16261558467930637,0.16284809387789795,0.13810870872214057
0.14293563307605406,0.1625948619192528,0.16306345790921067,0.1382745841376756
0.142765622826049,0.16257752864196098,0.16326429148869204,0.138424062392367
0.14260343830001868,0.16257820396491282,0.16347765410913387,0.13858748765834192
0.14246666452914916,0.1626012011504486,0.1637042299278691,0.13873217186572617
0.14235997743941228,0.16263186572054167,0.16394027526153643,0.13882049392133924
0.14228444359088188,0.16266253078394435,0.1641746757800156,0.13890532761134217
0.14223934355179732,0.16269821302619938,0.16442233647115612,0.13898271021912248
0.14222439400283662,0.16268008134445797,0.16468346904866085,0.13907107183946743
0.14221714019969842,0.16258780646238846,0.1649578677905787,0.13917431862582152
0.1422365715145231,0.16246489644378265,0.16524528737993002,0.13928801820425923
0.142296653688745,0.1623571424610019,0.1655171538827267,0.1393969919930194
0.1423989658382815,0.16226673472015446,0.16573945920728309,0.13951031621848664
0.14251058247328044,0.16211947745655625,0.16596212770158725,0.13961421803492205
0.14260866283956375,0.1619423174527935,0.166190948248423,0.13971287203814575
0.14270047932099433,0.16176219622016447,0.16643046414711904,0.13977248914766954
0.14279062968011025,0.16158264011446577,0.16668083531905997,0.13980546467639368
0.1428752904198495,0.16142641305393038,0.166910717265817,0.13982662518295072
0.14291906237444868,0.16129885644404027,0.16710194773240114,0.13986826797481147
0.14297974108586858,0.16119756484930736,0.1672893854569838,0.13992217770979043
0.1430284743867795,0.1611246607910018,0.16747965192166508,0.13999947591635675
0.1430598726644765,0.1610306752415028,0.16767984878162026,0.14009969556924476
0.14309293827719183,0.1609458648480511,0.16786867866527497,0.1402207868982659
0.14312558744537432,0.16088426910108825,0.16806207438168655,0.14033965138911308
0.14315249649070133,0.16084549887099,0.1682544077121536,0.14045125856198973
0.14315228547386943,0.16082910118612628,0.1684311482393999,0.14053642069639677
0.14317354207621988,0.16083262460167055,0.16860859315596297,0.1406264108384669
0.1432166541309685,0.16082177449421922,0.16876750216747996,0.14069599480941178
0.14327719387355972,0.16076774579503497,0.16892641638628383,0.1407423623059075
0.14327425908882144,0.16071631257368696,0.16908947674013824,0.14077297728782623
0.14325762576070608,0.16067020727450818,0.16924974459641476,0.1407835343689149
0.1432323772621172,0.16062866229419964,0.16937439662281062,0.14079527399801597
0.14321111328111472,0.16060005684524079,0.16949913877094896,0.14079683521471123
0.143193617806213,0.16058625783782676,0.16955414212003295,0.14080125655479248
0.14315372617762423,0.1605508109569941,0.16957111476504372,0.1408248182895142
0.14309461200699083,0.1605131001014647,0.16957263496724398,0.1408671295911847
0.14301469934213978,0.16045031806153545,0.16955318507099484,0.1409281300371872
0.14289905019464869,0.16039679632895953,0.16953659037325786,0.14099031305580895
0.14277725523541412,0.16035316845153358,0.1695301227349588,0.14105078291940487
0.1426301532995759,0.16027704925499703,0.16953430516358117,0.14111614036402303
0.142465090225126,0.16020054292099178,0.16951864235249645,0.14115897060846286
0.14232601557665975,0.16011553365890138,0.16943486305227484,0.14121720959240275
0.14220617903228627,0.16003000160679787,0.16934747734983285,0.14129392778126632
0.14209713960173284,0.15986990958978667,0.16924187949975775,0.14138921681987948
0.14198205409041012,0.15970504393008186,0.16913085474832112,0.14150323774518264
0.14185614829167903,0.1595207565063738,0.16902721855797037,0.1416360900183699
0.14170934104798488,0.15935186328177475,0.1689347547552912,0.1417881624893853
0.14157273959848454,0.15920643280034322,0.16881413428211117,0.14193683137192184
0.14143273143180818,0.15906193879157335,0.16865643488758789,0.14210036506577725
0.1412886833431056,0.15887376446288923,0.16847465370513187,0.14227686150495633
0.14113286139510112,0.1587065793325032,0.16828582883827814,0.14244794352441964
0.14098372612286122,0.1585525606927791,0.16810653105533852,0.1426276866471085
0.14086268904385615,0.1583873291563604,0.1679167531685451,0.14282672648719397
0.1407691321812815,0.15821971958575465,0.16771408537785215,0.14304022552058693
0.14070844552719033,0.15807918389657571,0.16749900109958418,0.14324895315563763
0.14068277446415658,0.15795551570881367,0.16729593195249406,0.14347587680957777
0.14066996744335142,0.1578315291824804,0.16708057483493757,0.14370147864901675
0.1406884056048445,0.1576877375493534,0.16686862511095626,0.14385773180446146
0.14073446583636137,0.15757408561129382,0.16666565583982704,0.14400734912022686
0.1407807483515908,0.15749173142602918,0.166452396627477,0.14417483314274743
0.1408439222280635,0.15744077044149035,0.16623858954930607,0.14436087052864632
0.1409316583596153,0.15741947827754446,0.16601449806467528,0.1445369901875912
0.14100305357492732,0.15740461330953956,0.16580781899761354,0.14472748184940346
0.14101878189259964,0.157419931216723,0.16561869464385987,0.14492068695687835
0.14097613007055396,0.15746205502243973,0.16544717371435902,0.1451306414280792
0.14092548510068884,0.1575243356561958,0.1652931464544411,0.1453197202792789
0.14089262085026186,0.15758579520101587,0.1651420575674035,0.1454971582584253
0.14086790406707425,0.15765440682884385,0.16499449694710586,0.1456796883724033
0.1408125558749999,0.15775199674575138,0.16482312737962782,0.14585325403657332
0.1407788704539144,0.15785970113834055,0.1646560297895224,0.14600089132149374
0.1407726906001141,0.1579886748704335,0.164502694992184,0.1461523280358458
0.14079371946688782,0.1581293345851288,0.16436107801425304,0.14627302253637497
0.14077466202321046,0.15825607270690487,0.1642312957585839,0.14636425023003136
0.14075602183473054,0.15838104858601348,0.16406179500186518,0.1464710674356059
0.14075062500783517,0.15848168201456606,0.16387874355911472,0.14659250636291385
0.1407670623695862,0.158571391783658,0.16371213554286007,0.14671999291005167
0.1407855734405376,0.15869754821844106,0.1635438118697138,0.14685232206660326
0.14076777769987678,0.1588166028011832,0.163377950995688,0.1469967650139122
0.1407642684595765,0.158917509942392,0.16319573440047544,0.14715321490711616
0.14078818950981367,0.15900347920652946,0.16302672233002852,0.14731795799684946
0.14083915893470506,0.15909569757238085,0.16286880637760967,0.1474801466169574
0.1409158756066079,0.15919591765002788,0.16271571702361526,0.14761168627029522
0.14093698177183578,0.15931341718161854,0.16257544385035114,0.14775504865777267
0.14096040401495666,0.1594001048931419,0.16244464546240525,0.14789567335741421
0.14100123580400767,0.15944305118831079,0.16232498681640017,0.1480241753617573
0.14106298988397456,0.1594908173179301,0.1622185696396053,0.14813168876371838
0.1411352755845114,0.15948297564752964,0.16212509684382684,0.1482510132560314
0.14123572512780128,0.15944973261928397,0.1620444455650676,0.14838534134280942
0.14136595199922153,0.1594366751565671,0.1619662822815272,0.14852330968881616
0.1415259157264675,0.15944426792840163,0.16185467696869632,0.14867674651628549
0.14166998729656763,0.15947269562337987,0.16175442751445307,0.14884612153017446
0.14179123996896745,0.1595219258991921,0.16165764227451734,0.149018008176036
0.14189808468106724,0.15959195410862442,0.1615668382016751,0.14917993362783696
0.1419942244226893,0.15968266685703578,0.16149036885588802,0.14934049289279036
0.1420731432990691,0.15977831141226523,0.16142669858176814,0.14949181819836552
0.14215778287084363,0.15985461721541097,0.1613657701597489,0.1496531497125189
0.14224710145332115,0.15993234515947707,0.16130751148065559,0.14982052795789552
0.1423612578361135,0.16002086282265907,0.16126207014180302,0.1499963041277951
0.14250289038756103,0.16011606880591345,0.16123016247722938,0.15016351720321905
0.14264542287125204,0.16023073950267477,0.16121133892779185,0.1503350739690861
0.14276537434499675,0.16036507074787934,0.16120525689427218,0.15050019134590312
0.1428645225445897,0.16050715070913346,0.16121132614685965,0.15066017206747337
0.14296316983133667,0.16063864007547474,0.1612290687039611,0.1508252126610735
0.14304618747113756,0.16076980325305204,0.1612292011545036,0.1509957573605561
0.143090657587745,0.16092410858343803,0.16119481752262396,0.15115924880880352
0.1431513367203327,0.16110097311851634,0.16111337327888745,0.15131562122719353
0.143239864310036,0.16129595736015023,0.16104307117449182,0.15146735048496882
0.14334121941536912,0.16145515205112987,0.16098391555143238,0.15159825207351804
0.14344487751016166,0.16160862718914387,0.160935579231485,0.15173379776598503
0.14353538496071278,0.1617319669748799,0.16089017028508731,0.15186349053469297
0.14364088173462364,0.16185670733664548,0.16081196997875608,0.15198718436665376
0.1437335872521654,0.1619306781063066,0.16072697852932374,0.15211216669227476
0.14376595936564238,0.161986450031767,0.16065345705314507,0.1522241208183047
0.14375494231688302,0.16204233225614975,0.16057524148821084,0.1523881234526501
0.1437345515200585,0.16209915752001994,0.16048746284768736,0.15259823598473582
0.1437162539083372,0.16217161135969413,0.16041077010217233,0.15276023064083818
0.14370202363896734,0.1622364115919116,0.16034532144171348,0.15287078494906445
0.143672459074559,0.16230271523964127,0.16028291168483602,0.15296287047521376
0.14366113735410105,0.16231091622461777,0.16017528513535143,0.15305687375417815
0.14366774651472547,0.16232318157118766,0.16006680951704616,0.15309813384849538
0.14369260488065094,0.16234648668947912,0.15996696206092165,0.1530812388183874
0.14373697339558514,0.16233496802500447,0.15982758820613857,0.15303532966428082
0.1438011476503626,0.16233172355811643,0.15970145396306765,0.15292860029117658
0.14387723778349767,0.162314137009725,0.15958866901406987,0.15281316119364036
0.1439039189367436,0.162297932268352,0.15948919935029282,0.1526998591027039
0.1439503182619768,0.16229051148775672,0.15939493714579467,0.15258050895542244
0.14402190417002045,0.16226540817746352,0.15928376817172973,0.1524610895405844
0.1441136048217616,0.16225757745018698,0.15916569155236027,0.1523275548653594
0.14423159417293024,0.16226825879619397,0.1590172883771999,0.15217750155857238
0.14437740959453593,0.16229747548593806,0.1588582090344936,0.15203511421958377
0.14453519942545015,0.16230357702014167,0.1587094850106922,0.1519022367600987
0.14461110321510845,0.1623240595594423,0.15857483811866227,0.15177946040457632
0.14457270435049993,0.1623623283644531,0.15845450394569413,0.15166735392022024
0.14455830802477493,0.1624124288001907,0.15834643553338373,0.1515666869682656
0.14449534788174703,0.1624820103778203,0.15823727228972126,0.15146163340876778
0.14441303077353818,0.16256243087226216,0.1581430360747528,0.15136911431071426
0.1443523518939834,0.16264245310995556,0.1580655445514286,0.15129145366423125
0.14429788791041645,0.1627179675295968,0.15800574137953713,0.15122361649255667
0.14421698278427708,0.1627792289524011,0.157937596449773,0.1511473545580878
0.1441511621124956,0.16277224418146813,0.15786598053963694,0.15107972740937384
0.14410785252082106,0.16265987309502694,0.157795864597413,0.1510195725298927
0.14406305803664768,0.1625566706175249,0.15773348939981782,0.15091889644652937
0.14395783446228966,0.16245485863441114,0.1576882265232354,0.1508299599128581
0.14379853165250395,0.16233344419324103,0.15765506761459772,0.15075560344078284
0.1436105033282241,0.16219296046833115,0.1576232775235395,0.1506703902207322
0.14340824637365845,0.16204153607932006,0.15760067644176196,0.15060320409135508
0.1432165342424833,0.16188718410827424,0.15757781144554842,0.15055418147546645
0.14299651711202097,0.16173757941037725,0.15757379246047035,0.15051985492667103
0.1427710270239184,0.1615585928621747,0.15757239542126736,0.1504452350995283
0.14254155217333098,0.1613729797268968,0.15754690396272128,0.15037600140727617
0.14231515600714048,0.16119749378451098,0.15752452877990353,0.15028275902168595
0.14211559056819978,0.1610427217619247,0.15750928471194908,0.1502024947166516
0.14194458287191383,0.1609056606403366,0.15750298487533163,0.15014038281881192
0.14179321846428716,0.16078804022466206,0.15750900955812588,0.150087950728723
0.14166878753563625,0.16068361762866484,0.15751789226844576,0.15002545234697381
0.14157581569891092,0.16051542697584295,0.15751144262195774,0.14998040861346978
0.14151344367529542,0.16033297020857812,0.15750165715584416,0.14995256497358253
0.141482928696276,0.1601475833956446,0.15751002585862162,0.14991613321545194
0.14145195272505257,0.15999028377577512,0.15753508564705485,0.1498753484524246
0.14138935763180513,0.15983737097037623,0.15756888993825324,0.14983640160054765
0.14129005729631217,0.15970485269176815,0.1576036438248157,0.14981343890724555
0.14116688348061857,0.15956290392478065,0.15762804548782003,0.1498061617193818
0.14103717324428275,0.15940491378835817,0.15761490202754933,0.14980822252593426
0.1409065561160046,0.15925367867552434,0.15755794602741696,0.1498228536771546
0.14081743670922164,0.1591051078833697,0.1574992925071053,0.14985420652480355
0.14075427376507407,0.15890512089742798,0.15744388153486288,0.14990305446660812
0.14073000414424533,0.1586964507424444,0.1573949407130161,0.14997022097039786
0.14072933886878486,0.15845858399596047,0.15735420176596138,0.15001986092492223
0.14074284725076125,0.15822889298864304,0.15729948647500736,0.15008101218656625
0.14072555488281624,0.15802000685828504,0.15724086479860877,0.15011537365256122
0.1407174266077265,0.15783423031700983,0.15718786986710595,0.15012105040267318
0.14074232236410716,0.15767118966540913,0.1571475168612853,0.15013821349774933
0.1408011361686796,0.15751297083539434,0.15712271802205482,0.15017191365707153
0.14083944613404964,0.15735543805900762,0.15711276982220254,0.15022301307486527
0.1408415051325497,0.15722051772675566,0.1571159757125993,0.1502894228556903
0.14086148696714215,0.1571132946753094,0.15712030095589763,0.15037070788617235
0.14087166921617414,0.15704722397552895,0.15710239836211892,0.15047147445582598
0.1408872467781337,0.1570029954233753,0.15709506496467213,0.1505897901909982
0.14090107584646194,0.15698607417242358,0.15709044885586113,0.15072620217764682
0.14092675587885956,0.15694869125146735,0.15710015042561395,0.15087432243313578
0.14094455894220065,0.15688206505680447,0.1571051018715825,0.15100994232201312
0.1409201278000234,0.15682645540991727,0.15711779470258722,0.15115309280336622
0.14089973815762988,0.15679420243220568,0.15713076726242053,0.15126908313883253
0.14089120774102487,0.1567866935334052,0.15711366659939346,0.1513291463928743
0.14088942944169988,0.15678229252265516,0.15708124416434066,0.15135402481333066
0.1408912554484339,0.15675011340990594,0.15701953432813986,0.15138706571448826
0.14092500887583356,0.15675215506624726,0.1569324674624956,0.15143378402342833
0.1409786433066669,0.1567960248805381,0.15685538173729305,0.15148488115614736
0.14106728561927645,0.15685596815485237,0.15678009940727344,0.15154221789964248
0.14118449841007394,0.15691404031928374,0.1566784025671137,0.1515617395888745
0.1412366661112769,0.15698376055270913,0.1565799580679143,0.15155393055532118
0.1412951302020157,0.15707081965824846,0.15649037770883079,0.15154364888084562
0.141366729423074,0.157163883929437,0.15641105498527902,0.15151989435333993
0.14143902466291125,0.157283582264283,0.15632410994347884,0.15151106683122073
0.14143697549043036,0.15742346895777243,0.1562360506819274,0.15151669132531248
0.14138947908821003,0.15755404065384856,0.15615274692566739,0.15153638333817968
0.1413499747877517,0.15765257675318922,0.15607762803914071,0.15154223159295685
0.1412996179279136,0.15775038297472757,0.1559790609298287,0.15153885258343988
0.14120382600196288,0.15782544955737873,0.15588875752370712,0.15154585972095708
0.14109984487787652,0.15790429936807251,0.1558097264019983,0.15156493364420817
0.14101884299702422,0.15796210293886045,0.1557418312011003,0.15157708614950902
0.1409240734264842,0.1580275896779434,0.15561691734835587,0.15159670404726497
0.14084212443479335,0.15810175681191369,0.15548988689796356,0.1516289121879576
0.14077023137147218,0.15817355652209553,0.15536993579090486,0.15167403200213478
0.14068180982473058,0.15821239266154363,0.1552395448951752,0.1517329097963448
0.14059241260919358,0.15826814369730602,0.15512382151143453,0.151806297582189
0.1405319591692063,0.15834603087078145,0.15502342352540346,0.15187746667474153
0.14050122969704115,0.15844904447651012,0.1549385810903385,0.15193869143719796
0.14047425967137425,0.15857498043110158,0.15485017450054725,0.1519580296959958
0.14046693952399067,0.15871573065871575,0.15473441525536788,0.1519493025100052
0.1404589961688236,0.15886422093464522,0.15463203934437422,0.15192580035014028
0.1403782292276561,0.1589931987250172,0.15453288115897945,0.15186182108576265
0.14029377960139755,0.15910571761696668,0.15443063200719997,0.15180725182864005
0.14022488418283405,0.1592111385217526,0.15431270378409578,0.15174465137160387
0.14013276309621422,0.15930865125124258,0.15416269559976462,0.1516846569650489
0.1400468620210677,0.15941995377741872,0.15398028627247043,0.15159523209110237
0.13996520348729974,0.15953700825736708,0.15381598297915475,0.1514256660994912
0.1399246778405836,0.1596426272891174,0.1536701001041038,0.15126820564797655
0.13990673507832457,0.1597554858381371,0.15354295956760977,0.15108235081111085
0.13985377001779858,0.15987921162226737,0.15343401230725676,0.15089798227437629
0.1398145062326301,0.15998719774720663,0.15334279694559702,0.15072204870700337
0.13977561596330276,0.160069633101777,0.15326983558716853,0.15047870062763832
0.13976535285130953,0.16014982479370396,0.1532136489341927,0.15026134504012117
0.13981531082383367,0.16020474618695094,0.15317585847192786,0.15005139118428465
0.13990895648139762,0.16025889311101438,0.15315666696371943,0.14982655478535067
0.1400069691243404,0.16032685318689413,0.15314630604789856,0.1495687134705638
0.1400903299765127,0.16041099647771953,0.15310166852983426,0.14932445720380738
0.1401811607245399,0.1604904630555823,0.15300847488325542,0.14907788119710497
0.14028883574328005,0.16056666006659362,0.15288796447971012,0.14879475702508146
0.14035511310259485,0.16065058389065,0.1527738910944476,0.14850750147854713
0.1403878639484245,0.1607271571911572,0.1526739050988565,0.14819026024665943
0.1404370696102092,0.16079909505685636,0.1525926187644133,0.14787973190182985
0.14051220491849037,0.1608853047172785,0.1525157828643303,0.14757268834420806
0.1406142044310209,0.1609944506555051,0.15240001546807616,0.14727356951025017
0.14074279334787126,0.1611150195756676,0.15229757741291863,0.1469641933571698
0.14088010520847025,0.16125073607591622,0.1521962825246575,0.14658209655174667
0.1410182618647591,0.16138931715808533,0.15207726070355995,0.14618029789987944
0.14117583876120235,0.1615188243210093,0.15195282936047882,0.14578746585487445
0.14134297972441917,0.16165196248139885,0.15183814120952002,0.1453716295260081
0.14152987690362337,0.16178280871839212,0.151733148007133,0.14494028249019858
0.1417183700226643,0.16187762855950447,0.15163075430872303,0.14452611000174634
0.1418725206715015,0.16197223496365815,0.15150172757433047,0.14409307665045834
0.1420195048905593,0.16207186044994393,0.15133536776025872,0.14365275883324236
0.14214217498678566,0.1621673282078076,0.15111944747717496,0.1432339113682759
0.14225434809559695,0.16225877359064364,0.15087824139084557,0.14283251429245225
0.1423811730441207,0.16234412972568932,0.15063513786872726,0.14245023449007368
0.14248994416600913,0.16238455604631674,0.15039234575110205,0.1420926215617404
0.14260305514436555,0.1624212208561567,0.1501350698922049,0.14182876014516366
0.1427007107572591,0.1624228595441417,0.14982313333889777,0.14157863900948656
0.142765754844027,0.16244432908028297,0.14946634129090464,0.14134340088442238
0.14281930480750488,0.16246735199996135,0.14905429241222273,0.14110848811138565
0.1428306152475434,0.16250059045931142,0.14865842634311408,0.14082061781018995
0.14285025712202168,0.16255139856434958,0.1482802774174768,0.14054926118716313
0.14289089085066337,0.1625941620318503,0.14792169085022294,0.1402435170416965
0.14295116413201978,0.16261030473971816,0.14756868764691505,0.13994842841716737
0.14301875523666033,0.16259405629263338,0.14721588897057514,0.13966329494293292
0.14308881008114036,0.16255597194427687,0.1469235800244662,0.1394660364842441
0.14315185009574008,0.1625323071225585,0.1467191472587629,0.1392547457307457
0.1432048489543976,0.16250189390097522,0.14654142481074173,0.13906623990268593
0.14320198154897432,0.16247878593092452,0.1463864544636256,0.1388857783978043
0.14311728357287137,0.16247526341105897,0.1462218866887428,0.13869954578252938
0.143048989427046,0.16248208640917042,0.14603949828404558,0.1385301354977627
0.1429669513070628,0.16248201517326458,0.1458671985496953,0.13836491385128397
0.14290569479587298,0.16250178568541762,0.14571339040244122,0.13820208063673303
0.14280829882215257,0.16254119850678608,0.14556433398871588,0.13802750853505463
0.14269124946968734,0.16258211374229956,0.14540496507258488,0.13785841980414654
0.14257942538598983,0.1625943140531749,0.14526171701837726,0.13763596543998516
0.14248714504214288,0.162575059891751,0.1451341150356949,0.13742547483399925
0.14239935377050064,0.16256777101517556,0.14500267758710275,0.13720919803695228
0.1422989761498958,0.16255795084843544,0.14487982114210748,0.13700246168159835
0.14222602250233846,0.16256456657153098,0.14477239648379928,0.13683149115483834
0.14215134615470645,0.16259261475454118,0.14468030842432428,0.13667969958924253
0.14203709927102018,0.16263657215375305,0.14460292491297225,0.13646246514091198
0.14193114098353996,0.16268568344475953,0.1445399573106835,0.1362460007986435
0.14182492555549986,0.16273374009157873,0.14449293046348113,0.13605965810407317
0.14171502458354399,0.16279618342920024,0.14446157820354755,0.13591414872148785
0.14162849383767734,0.16286399227511122,0.14444161928464916,0.13576365158323522
0.1415647739207607,0.16294833076767193,0.14441516072171512,0.1356138649299587
0.14147985083686548,0.16305748593121883,0.14435326455398445,0.13550310305679836
0.14132819040747724,0.16319147681502139,0.1442820897123964,0.13540189149577775
0.14120093289682464,0.16331124853162304,0.144224709485823,0.13530140998410975
0.14107419211762717,0.16343946034833798,0.14415158833645714,0.13523424889221602
0.14092665584157887,0.1635644188520266,0.14404835097963217,0.13515116370645056
0.14078455597058714,0.163699231848248,0.1439476224164337,0.13500858077396125
0.14063985699462006,0.16383312901771357,0.143847813160864,0.1348629314826681
0.14047398653777507,0.16397166844096606,0.14376739940415037,0.1347572803541924
0.1403236235882983,0.1640989625538415,0.14368803913677058,0.13468631236054388
0.14013788129674556,0.1642413702178426,0.14361853427877652,0.13462221776051317
0.1399713772353738,0.1644051215540067,0.14356168241607375,0.13458054593362165
0.13981058339408406,0.16458470437014242,0.14349047412947347,0.13454710966346117
0.13964816802367216,0.16476974717078555,0.14342582623178843,0.1345424349447371
0.13941624531237942,0.16497491035451348,0.14338301501166748,0.1345652605917609
0.13919228378619908,0.16519937782088553,0.14331270803367605,0.13461924782840248
0.13896220052391692,0.16544248364337671,0.14324400673065982,0.13469052355968053
0.138754114477051,0.16569456884895417,0.14316144425317104,0.13477576313587314
0.13856822690089948,0.16595590367936652,0.1430763865607106,0.13489206508195814
0.13840077617349675,0.16622881974441556,0.14295158636128316,0.13500882142537418
0.13823567062367093,0.166455857841858,0.14283261133181424,0.13508200174198395
0.13808242722897598,0.16668732431556477,0.14273348860679155,0.13512199883515186
0.13793644762755733,0.16691627527730513,0.14265362232905757,0.13513869740180484
0.13777854474305798,0.1671608881203376,0.1425925370722626,0.1351722569409688
0.13762476777752247,0.16742086222657052,0.14253693142471183,0.1352199294812474
0.13745524479379165,0.16769522199891576,0.14243656758068693,0.13530057330508602
0.1372741600115761,0.16798370105995253,0.1423519121144304,0.1353915084832634
0.13709419293660616,0.16823852287812496,0.1422708795778135,0.13546915516965652
0.13693919375794444,0.16847884022216203,0.14218663570078421,0.13555117969913627
0.13683737217977535,0.16871449021677873,0.14211915319237017,0.1356257333267861
0.13675664179984418,0.16896227641669448,0.14206843791775733,0.13570120550150702
0.1366588551190789,0.1692217232946416,0.1419998712503034,0.1357842967312762
0.13658193259799606,0.16947749339950985,0.14192539545712915,0.1358333467475848
0.13653232457035175,0.1697195113124108,0.14186076026721106,0.13587549035395602
0.13647357919238293,0.16994081525582014,0.141791756048717,0.1359155485804083
0.13644353870992243,0.17015416504890485,0.14173399357408528,0.1359949244175589
0.13644512717653878,0.17034169158035972,0.14167325324297084,0.1361185032072949
0.1364729046918563,0.17052325940956098,0.1416269072243813,0.1362809280361468
0.13651898007073013,0.1707181401270389,0.14155769821036981,0.1364711521224265
0.13654802924703247,0.17092596140895672,0.14146543211291798,0.13664056046649833
0.13657805380720384,0.1711467314242067,0.14130189721473896,0.13676898920776026
0.1366112253499983,0.17135217401858252,0.14110857661348034,0.1369167454444988
0.13666117393245403,0.17153092921331686,0.14094661956745325,0.13703257003565078
0.13677716145693147,0.17169620616006187,0.1407946117977079,0.13714378445239145
0.13695745506043802,0.17184457290372157,0.14062739489767045,0.13727360479142825
0.13715963769998546,0.17195458607897732,0.14043364145263687,0.1374146621412644
0.13738048218026097,0.17206878391870903,0.1402612616987352,0.1375376225314753
0.1375278025751405,0.17217394406558068,0.14010772350488374,0.13760118108357733
0.137661819537272,0.1722825737477957,0.13995445111244054,0.13765460434459234
0.13777127787653487,0.17240260002447322,0.1397968867003051,0.13770525950451312
0.13790290132252506,0.17251944049849882,0.13963206592824273,0.13775101018174046
0.13804448083591012,0.17260566725747106,0.13948343319417428,0.1377576105272205
0.13815292047032857,0.17270888252226196,0.13934777976067442,0.13770807516438455
0.1381703967990458,0.17282186054538506,0.13920980092548327,0.1376759745798428
0.13817089406377142,0.17291460112305632,0.1390683224617682,0.13765005755844928
0.13814922283850353,0.1729345765091243,0.13893253861527502,0.137605083335581
0.13815101411991942,0.1729636223535987,0.13878514244462395,0.1375792692063593
0.13816361823142656,0.172997723778619,0.13862061253987654,0.13754715968180767
0.13815143879207453,0.17304179603553405,0.1384393368418027,0.137460250779665
0.13811054844237483,0.17305771773057227,0.13823972336353652,0.13740594267536896
0.13809604121992258,0.1730516451042665,0.1380546516222438,0.13738217748785572
0.13811533114589092,0.17303975739758168,0.13788335931290152,0.13738764285718483
0.13816334970395958,0.17302435703976699,0.13772376315373153,0.13742639188839142
0.13823317283094808,0.1730005052191251,0.13755590310372873,0.1374893980825334
0.1383094609499887,0.17294728179624358,0.13738157098746506,0.13752731590046186
0.13835190636152053,0.1729053720457782,0.13718339202255272,0.13758401552751295
0.13832607156485419,0.1728813502292272,0.13699232377429227,0.13760841854436692
0.13832865394210633,0.17289985153455856,0.1368116498036821,0.1376319896048304
0.13835809939969318,0.17292740567488213,0.1366480498171714,0.1376499384527564
0.13837228307138738,0.17292867014139493,0.13649586273210654,0.13759907307199093
0.13836662708041544,0.1729437996352168,0.13634726389836596,0.13755546635376636
0.13836699658802287,0.17295039119399763,0.13620373350924225,0.1375093004657436
0.13832249897078597,0.17296834868048258,0.13604447744935924,0.1374777300608653
0.13822390664411255,0.1729957874669028,0.13590491583995454,0.1374334367372927
0.13809483327318112,0.1730368694462944,0.1357855197469151,0.137414466558804
0.13792514374375775,0.17307705186601094,0.13568675516149464,0.13739884625429666
0.13778198830879185,0.1731008885573547,0.1356088116118374,0.13739583475817482
0.13762013811727433,0.17307411975102052,0.13554692192391288,0.13739229584986118
0.13747793252403945,0.1730327890724218,0.13548699976844347,0.1373815530993467
0.13736204071552216,0.17297200277115668,0.13543172036401566,0.13735832511578214
0.13724859397316713,0.1729253041218828,0.1353925131891285,0.13734175496569573
0.13714921281095102,0.17288545699361407,0.13537013212851182,0.13731442533429894
0.13706891176414393,0.172844940188147,0.13536718385355864,0.13729106263794522
0.1369438650204191,0.17281705173285605,0.13538308097945953,0.1371717408320828
0.1367939502030082,0.17279015133835057,0.13541549303089132,0.1370026795942556
0.136650777410675,0.17276602639070213,0.13544508150807777,0.13686141667814816
0.13652359133064873,0.17274875172290094,0.13548074071369479,0.13673834239196306
0.1363232740730166,0.17274457563333137,0.13550992303208761,0.13660471188508055
0.13609998133693313,0.17272901185305276,0.13552458925936012,0.13644456230133717
0.1358725873009347,0.17271901488407473,0.1355257619076847,0.13626864493283203
0.13563986205740033,0.17272257673910005,0.13554155834562567,0.1360817788587903
0.1354240449162071,0.1727245342548169,0.13553097966662908,0.13591378490738726
0.1352042804461967,0.17272517673940624,0.13552071676708266,0.1357657979009001
0.13501416112426126,0.17272600908210378,0.13552153611889767,0.1356130643597568
0.1348389130365474,0.17268706211306825,0.1355229287074404,0.13545575954504424
0.1347003011818185,0.17262845595571227,0.13549519754580086,0.13531942680579406
0.13459752362037766,0.17258613785144608,0.1354650025310444,0.13520407489866143
0.13452983163574161,0.17256048080332825,0.13544919869819833,0.13507922786454502
0.13449410604901088,0.17253960668499274,0.1354474799479219,0.1349368627398029
0.13447056383040845,0.17250528188563144,0.13545965135992594,0.13480357133585102
0.13439395237306279,0.1724883686512511,0.1354772384776173,0.1346805469012573
0.13431276555480923,0.17245237610270941,0.13547980577268856,0.13452527118325455
0.13423078519478726,0.17243374434938008,0.1354960992951667,0.1343432844499063
0.13415123471245485,0.17242557544757045,0.1355177382818398,0.13415314476321244
0.13408209170711077,0.17241587959565646,0.13553804592399393,0.13394936021193182
0.13404094231456667,0.17240379986571258,0.13551882066733636,0.1337729671164541
0.13402860058797703,0.17241235770010618,0.135496004981745,0.13362464382979927
0.13400661803720942,0.17237469386833199,0.13546922827720184,0.13346677192001788
0.13397281833498143,0.17233163153187042,0.13543395589904436,0.13330146987502267
0.1339050933963973,0.17225283416404172,0.13539612207745583,0.13313202750699374
0.13384303725560603,0.17216721890073736,0.13536763994094997,0.132960628470206
0.133755056512473,0.17209988388316905,0.13530613811964243,0.13278425640301073
0.13366481766616378,0.17205053862487915,0.1351971610229514,0.13256998389511376
0.1335821918574462,0.17198858970742925,0.13508927982149233,0.13236635590577517
0.13351831517968932,0.17185530936130555,0.13496713014229333,0.13218805745877935
0.13346512964689405,0.1717270206281998,0.13484938330289048,0.13202521202398437
0.13341329712047284,0.17160852059534398,0.1347374707417091,0.13189454178578447
0.13336817213503685,0.17149967992972368,0.13463383380237834,0.1317344158468295
0.13335372487770175,0.17139720484231025,0.13453975165768256,0.1315915672009829
0.13327862059584267,0.17131142188928933,0.13444714868836063,0.1314847156580422
0.1331332051950951,0.17124111469681172,0.1343623294503279,0.13140756405491952
0.1329882901863764,0.17116285830277406,0.13427334042434785,0.13133390148055565
0.13286891360980646,0.17110274445214047,0.1341853905934079,0.1312750328597706
0.13277917866858524,0.17105895821419712,0.13409433368357215,0.1312347282085842
0.13272235266764698,0.17098527192035032,0.13400751655585202,0.13120757297720417
0.1327027353988023,0.17092845847923957,0.1339235401643354,0.13119738221719315
0.13271761119837713,0.17085314648609315,0.13384896428208976,0.1311875243583812
0.13276642522586476,0.17071640623702933,0.1337538801494021,0.1311885484982018
0.13286198075919275,0.17055976947174423,0.13365009951513135,0.13118906813067702
0.13298215621300313,0.1703988956952382,0.13355129655445608,0.13120207909581766
0.1331301483819298,0.17024232938151992,0.13346253295257074,0.13122064286111754
0.13329609614946603,0.17009627740975283,0.1333882665096383,0.1312496180025899
0.13347410849627597,0.16994568593747147,0.1333222156442383,0.13128354280793603
0.13367490971224139,0.16978886123820455,0.1332489845437545,0.13134015178761194
0.1338631508290623,0.1696437397733952,0.1331885279213771,0.1314195309702855
0.1340682817859845,0.16947383894669205,0.1331197255153656,0.13151892863876055
0.13427900471030824,0.16929197001307453,0.13304400391956192,0.13164042490273217
0.13450413755520527,0.16909199784649542,0.13296569269501113,0.13174853436324196
0.13475441787111342,0.16886674426532963,0.1328941545282546,0.13182142443980877
0.1350230705037115,0.16865828982542602,0.13282742225806796,0.13189571802436495
0.13529315835522368,0.1684661971616185,0.13275962050665183,0.1319410436012724
0.13553964746749553,0.168242796101762,0.1327002315160938,0.13197605986787098
0.1357477369814269,0.16803760771989407,0.13264719657874155,0.13202149107881914
0.13592987311277033,0.16783563880325184,0.13260608854329786,0.13203723031998582
0.13601452085988908,0.16764345106209086,0.13257735878950128,0.13201510665629376
0.13611328784790383,0.1674358209719978,0.1325565761836752,0.1319769013850002
0.13620295990515588,0.1672439711948074,0.13252638163900074,0.13194080644777803
0.13631962872367226,0.16707697989379333,0.13247109056553358,0.13187636432923103
0.13638876913975,0.1668832238962213,0.13240893490627714,0.131807133415223
0.13645309181896736,0.16667401026570577,0.13233314061243587,0.13175433824358776
0.1365415716253252,0.16647721134142962,0.13227052495150052,0.1317189853492373
0.13659661983569837,0.16625984972455782,0.13220489507455893,0.1316779016297665
0.13667072268154482,0.16603959594968937,0.1321207039841781,0.13158578912332616
0.1367403300545551,0.16583740883885903,0.13201808358496636,0.13145530207248857
0.1367692056101275,0.1656484618125844,0.131905607153712,0.1313325551152042
0.1367900043961495,0.16547470689911145,0.13180167012315266,0.13116735295189538
0.1368342283552997,0.16532072019269203,0.131708737342069,0.13099944582393683
0.136911339634649,0.1651771009646831,0.13162036383807552,0.13082490214612513
0.13699236325761766,0.16500100115918961,0.13152995661083422,0.13066424853866512
0.13706148273700344,0.1647804276155757,0.13143791007975053,0.13048373577925607
0.13707538472654396,0.164568020353811,0.13134365940170645,0.1302602857089701
0.1370754903833126,0.1643545086693609,0.13125177709860586,0.13005829721119094
0.13710132217869897,0.16414188588437897,0.13115783856221755,0.12987529085074884
0.13708988664084326,0.16394641123933323,0.13105559616429366,0.12971605452921123
0.13705736729934176,0.16373410175352185,0.13092718251763058,0.1295712152916105
0.13699869605627985,0.16352546090067818,0.1307364498363321,0.129428777127334
0.13692961254357847,0.1633102662266506,0.13054161021410296,0.12930679219639923
0.13686401571843393,0.16309637615362832,0.13035794672761108,0.12917267822965794
0.13678190785368022,0.16289932087967723,0.13018567616956006,0.12901446869989472
0.13672622221302502,0.16269601546790188,0.13002510465458175,0.12886372549877584
0.13669748999827522,0.16248996310131703,0.1298766291308839,0.1287357869372742
0.13669374675857887,0.1622745787714502,0.1297408090108958,0.12861670232079248
0.1366848723192979,0.16207290497952279,0.12961296925678603,0.12852029526552333
0.13668397098507262,0.16185173124794858,0.12944714586230802,0.12844549959747018
0.13668389902485725,0.16163732212446125,0.12926773308056735,0.12838213930082698
0.13671347030794714,0.16144726806404694,0.12907193844233217,0.12832563757446883
0.136772783244479,0.16128154590649926,0.12887786945364227,0.1282690866605723
0.1368228611722442,0.16113448471221387,0.12868415890117016,0.12822646450516886
0.1368831972392672,0.16096225856430493,0.12850499532312734,0.1281359775743848
0.13693049554788186,0.16075014564578222,0.12834146216023376,0.12806506786288588
0.13698369425731538,0.1604939910139586,0.12819433375221603,0.12796544748920644
0.13706082171212614,0.16026236650988424,0.12806433999318487,0.1278632444001819
0.13708917892923927,0.1600570211002583,0.12793846422994037,0.1277836476567756
0.13709920131692524,0.15989319389431514,0.12779514187301177,0.1277051707384932
0.1371228471296198,0.1597387897547547,0.12765938550131123,0.1276421688206377
0.13717210876123126,0.1596010766158452,0.12753063118829958,0.12755825461137932
0.13723786352121847,0.1594866142317783,0.12740850971237333,0.12749310061921604
0.13732533554603674,0.1593595431156077,0.12731349030402359,0.12742006635563782
0.1373303300719949,0.15922941396319015,0.12723750789207114,0.12733878962040912
0.13729375955306625,0.15911339074353628,0.12718436923504142,0.12724029559085434
0.13725713649821653,0.15895808882784895,0.12714269167080244,0.1271469523451975
0.13721575259002755,0.1588142110662139,0.12711493418891123,0.12707272716603318
0.1371978116685184,0.15868018510530305,0.12710960864349055,0.12699868875592407
0.13720835398420866,0.1585417758321576,0.1271263380440412,0.12691188746136198
0.1372481538300348,0.1584127600270875,0.12713998711417307,0.12684494139680655
0.13729608834241436,0.1582778901236712,0.12711564763803163,0.1267645891547271
0.137321725185801,0.158134024801311,0.12710503539151838,0.12667967678479625
0.13731469773458302,0.15801519945347642,0.1271178994072635,0.12660977770743143
0.13729161365164566,0.15792170439800268,0.1271437760644604,0.126512664715868
0.1372399453235381,0.15783002077728772,0.127212068489483,0.1264006289447817
0.1372067383801632,0.15770622787629257,0.1272834103136204,0.12630152444864057
0.13719816594994239,0.15759823982364146,0.12738691582208844,0.12622355379878297
0.13721194448133064,0.15748203171304972,0.12749498313907837,0.12616699788773442
0.1372485305367336,0.1573950438149444,0.12761583183266095,0.12613198810170173
0.1373142615429575,0.1573277097371693,0.12771289830753915,0.12609895060007276
0.1374066481505717,0.15729233862270275,0.12781932571537066,0.1260531397789349
0.1375161931229504,0.15727087603699588,0.1279307839992616,0.12600403815875424
0.13763909223625778,0.15721837251711512,0.1280622579535033,0.1259476867210759
0.13777650398262092,0.15717828492401625,0.1281992263471801,0.12589416118200117
0.13787050056311878,0.15712930340988257,0.12831071349930345,0.12584484755102623
0.13791920745139777,0.15708315310571255,0.12842044655902907,0.12578645663954835
0.13796527820694315,0.1570263323793421,0.12846677552245117,0.12571816374175246
0.13801998825488276,0.1569730072540846,0.12851028955220273,0.12564495283494048
0.13808614657528026,0.15691647537999784,0.1285430389541696,0.1255548134936017
0.13814121716985606,0.15683220454642366,0.12854755023624925,0.12544776787644762
0.13822487425035584,0.15672424545795907,0.12855590489562757,0.1252824995639532
0.13834126813356748,0.15658432306983827,0.12857050556628682,0.12511649748399806
0.13843306908174635,0.15644822717350848,0.12858893293188434,0.12496529938110043
0.13853348789419828,0.15629575497240855,0.12861615270507168,0.12483092166089203
0.1386679292210837,0.1561673198845274,0.12860242705953748,0.12471198645031226
0.13880093825816936,0.15603660465533495,0.12860218640358045,0.1246018442763485
0.13888083407675342,0.1558643512677145,0.1286026352919349,0.12450784379703803
0.1389689496895027,0.15568554584232733,0.12858473164072604,0.12443084352211083
0.13908944740033002,0.15552290552611503,0.12852522493179278,0.12437080030570677
0.1392141987358825,0.15535528176115881,0.12842990080584435,0.12430514880285555
0.13935902701442732,0.1551958468054805,0.12835341328940814,0.12418457421824897
0.13949530919902292,0.15504426190183632,0.12828084282176058,0.12402342877858137
0.13963692744992484,0.15491197495814985,0.12818131977751993,0.1238519022336656
0.13981139540717646,0.15479914774419787,0.12809930103035552,0.12367273331910082
0.14001064473233857,0.15467360681498474,0.12803626580506364,0.12350785464406053
0.1401786148077908,0.15454647971845095,0.12797472627601147,0.12334337975604823
0.1403644301787173,0.15443683343678433,0.1278898414312174,0.12318580785441738
0.14057917282722712,0.15432597723868993,0.12781131307489546,0.12302557796411805
0.14077726884458838,0.15420938372408088,0.12775267963079578,0.12288726190165736
0.140991689314662,0.15406933087804006,0.12769738456877447,0.1227713100925711
0.14120679095232963,0.15394535615119617,0.1276101168981608,0.1226775818411733
0.14141251526290774,0.15382007492961286,0.12748817269311863,0.12257395663340259
0.14161039150732083,0.15371176606776946,0.1273640185694661,0.12245313194806369
0.14178206802033036,0.1536040917570426,0.12721747063484498,0.1223181791748436
0.14191479601348136,0.15346714162163563,0.12708298593590558,0.12218863554692064
0.14204996439272477,0.15331399276745405,0.12695940514856913,0.1220786471425685
0.14219717794180023,0.1531207288938392,0.12682038726980246,0.12198495861063567
0.14236475793029296,0.15289583049652725,0.12667880683844984,0.12186068696642448
0.14255469539995783,0.15266102248638042,0.12655267141546772,0.1216971177519386
0.14273891511876816,0.15243499474401914,0.12642037946423856,0.12153797337669157
0.1428584272140911,0.152220314783457,0.12629980073266098,0.12139420794031007
0.14292300995538024,0.15202333567378476,0.12620055350669232,0.12126854889072275
0.14299314061893728,0.15184898085524445,0.12611623929512294,0.12113969290188355
0.14309748936350045,0.1516907334214312,0.12602840640929197,0.1209716244710151
0.14323657426281963,0.15154997908646273,0.12593744117063546,0.12079793272289908
0.14339404375638684,0.15141083746937972,0.1258514956761892,0.12061547281413545
0.14358377081970117,0.1512901751805243,0.1258021899964482,0.1204407782403656
0.14376358630295993,0.1511915996654991,0.12578819784123532,0.120288316318968
0.14390850135682087,0.1511046190891709,0.12577332836560745,0.12015439388767472
0.14400489834335245,0.1510250430976615,0.12578402184342682,0.12003634878245126
0.14409946195723478,0.15095238351426996,0.12582885691880477,0.11994085925568847
0.14417159192064505,0.15089982862504217,0.12588781751909697,0.11986282159572148
0.14421893727904267,0.15086708028143256,0.12592700119738456,0.1197850876074854
0.14428540954546065,0.15085426022666976,0.12598370454381866,0.11969803128270967
0.14436128741518392,0.15085763372290237,0.12601974606220917,0.11961684138363626
0.1443737135963114,0.15085447115654596,0.12607485206344493,0.1195275114698804
0.14437129891897635,0.15082239332024822,0.12609608055591356,0.11945506575202978
0.14436045159948552,0.15075990176291973,0.12613196727116005,0.11939021340537341
0.14436419491641403,0.15071678367039623,0.1261684393513183,0.11934486134350554
0.1443794732960988,0.15067164929285176,0.12622452023572275,0.1192996236150412
0.14442101386656328,0.15063364663946943,0.1263067579056851,0.11928063475378864
0.14448536056325223,0.15057998484476567,0.12638892806240967,0.11928783191137578
0.14451498312198457,0.15052662530074246,0.12650578202725465,0.11929622183943715
0.144531665128992,0.15048136819238428,0.12666903412092023,0.11931590707029416
0.14457545569222244,0.1504357630864252,0.1268758895858926,0.1193395274177458
0.1446467754636572,0.15035815220252702,0.1270731687693252,0.11929956299600276
0.14473481156954326,0.1502472626438879,0.1272556344130587,0.1192071903818941
0.14481957861614705,0.15014381880117375,0.12744940175598987,0.11903760430396289
0.14490746948375713,0.1500435990321161,0.12766326354215535,0.11886542919973288
0.14499523874900117,0.14990135955694184,0.12788934704023736,0.11874981749657755
0.145104076580672,0.14977113527915942,0.1280737468737794,0.1186599496684326
0.1452186652518776,0.14965511769350967,0.12826404258194996,0.11858438213440371
0.14532397786815884,0.14955648513585468,0.12844433819246315,0.11852237876671508
0.1454485712090972,0.149462949743688,0.12860523941525023,0.11845688376028576
0.14557170721614882,0.14935724603473008,0.12874582474678714,0.11838017815216166
0.1457172353727823,0.14918611814281182,0.12889095278107227,0.11828718212434013
0.14588153325191539,0.14900927174381245,0.12904517164140558,0.11820189430651558
0.1460600376350174,0.14885231712831784,0.12920257847720695,0.1180593033014785
0.14621078478739774,0.1487149463828612,0.1293574646184549,0.11788453575135742
0.14638591990242095,0.14858717235740648,0.12949587379115138,0.11767395908322133
0.14658977961218964,0.14844817067162142,0.129635723514906,0.11748673387866874
0.14682121542534712,0.14830805733322253,0.12972281707402114,0.11731826052023407
0.147054949971922,0.14817864454616447,0.12979167035060407,0.1171626885700113
0.14726415271010465,0.14801953416471092,0.12985978415108057,0.11701931451779166
0.1474355974484667,0.14784479993802674,0.12992101360595104,0.11686755504849618
0.14761574976362574,0.14761002003522178,0.12997794392662715,0.11673200130017873
0.1477451218028777,0.14736873434821873,0.12997334908143143,0.11659296264379859
0.14788653207734576,0.14714496759010973,0.12998143930074188,0.11645340131631993
0.14802680081621217,0.14693879550475994,0.12999193351495839,0.11632106176388915
0.1481704036761486,0.14674055103038525,0.12997678350040334,0.1161680986556423
0.1483189092517023,0.14654840682264403,0.12992597801000894,0.11601766748241009
0.14843677562476476,0.1463669355010474,0.12988866309621272,0.11587522430993852
0.14855602552248034,0.1462058508940342,0.1298502286505059,0.11574926940017916
0.1486880728652641,0.1460640911535865,0.12981800964462623,0.11562290031170179
0.1488036994434824,0.14589826921872262,0.12979974823012658,0.11545201669252746
0.14893423797651983,0.1457040657787193,0.12979631413353196,0.11526090656271776
0.1490678936467709,0.14553024526635278,0.12974248647865239,0.11511136340781374
0.14923083171117474,0.14537925201895832,0.12968713528121226,0.11494781030980804
0.1494069946659011,0.14525097940766848,0.129645801581255,0.11478416794654347
0.14959532970563733,0.14514472935814898,0.1296180773487881,0.11462996369971684
0.14979277761829402,0.1450281007290577,0.12956109616541053,0.11448560549374422
0.14998665961506433,0.14486408610927928,0.12950968160067292,0.11433802364301777
0.15017078382897886,0.14469339641384193,0.12947503651335585,0.11417744572478279
0.15036315749318413,0.1444995550776196,0.1294584150576128,0.11403103757003948
0.1505595733103403,0.14430432436428783,0.12946211675128244,0.11386143474611057
0.15073772854399764,0.14412268516402255,0.12949237023755322,0.1136730010832794
0.15086256765209746,0.14390291511876044,0.12953545701007552,0.11341449863369628
0.15099398521092225,0.14369181413439494,0.12959822302268956,0.1131415335118145
0.15113975009534994,0.14349572998151028,0.1296857440952062,0.11285085090876185
0.1512894409518416,0.143275466681167,0.12979582410638188,0.11256430697206826
0.15142798445987155,0.14306274686701684,0.1299250120701253,0.11229596523344376
0.15154073771623308,0.14286652720002213,0.1300709992878373,0.11200547615216655
0.1516010825773769,0.14268661506481725,0.13022401151214533,0.11168303476197533
0.1516506481128712,0.14250778637571082,0.1303934590735411,0.11136281694372943
0.15168188019605428,0.14234242022869087,0.13054071710994655,0.11103209029226908
0.15168546740465896,0.1421791123635576,0.13065882451522512,0.11071214030356169
0.1516560333705881,0.14201488377120858,0.13073769981273495,0.1104189450012237
0.15164063988950605,0.1418667010660861,0.13080446013010227,0.11014817919988222
0.1516113428256826,0.14173450939291649,0.1308320659112642,0.10988773488979574
0.15159181739913913,0.14161435971208772,0.13085846123781902,0.1096132542753488
0.15158343357817589,0.14148144252524109,0.13090465580346597,0.10934477567678848
0.15157410979594912,0.1414075060916958,0.13094140480947247,0.10910509916097393
0.15158187949431715,0.14142922604324457,0.13099237449043735,0.10888683129777224
0.15156711741917442,0.1414882802235317,0.13106409274753203,0.10868881719242778
0.1515511330360068,0.1415088551656754,0.13113174269300126,0.10852433498153648
0.15152438325200757,0.14149684188851602,0.13119457241977162,0.10838349549194225
0.15151492381989617,0.141459351801761,0.1312435107127147,0.1082587414423209
0.15151651377914688,0.1413714868035902,0.13127022788137896,0.10817768143843182
0.1515392692508741,0.14126669050268784,0.13131756267472292,0.10813796241741955
0.15161735150962738,0.14117728463483029,0.13138830597809417,0.10813347018663746
0.1517139880824768,0.1411043934140503,0.13145704222214563,0.10814462360953903
0.15182736392004859,0.1410479214228607,0.13153951882713122,0.10817680590460728
0.15196155803854536,0.14100767105367923,0.13163284159238042,0.10821589651799605
0.15208897724539525,0.14097510414387077,0.13172942455655134,0.1082702177128626
0.15221881999623516,0.1409577430094936,0.13182316233042798,0.10835150538465849
0.15234567189767045,0.14093644498349556,0.1319353236729359,0.10842651489279793
0.15247426099258315,0.14090404723476718,0.13204975309420075,0.10851199402007186
0.15261657944509532,0.14088279477397356,0.1321873583742515,0.10861907422502914
0.15276463473540314,0.14087688712606158,0.132315498198171,0.1086480767033766
0.1529281153254108,0.14087210020522165,0.13241103466471638,0.10864099497059439
0.15308661569248885,0.1408642884933101,0.13252141151751584,0.10861042973389365
0.15324890297662902,0.140872746771169,0.13260406253640766,0.10852865644536341
0.15342956774091154,0.14089673522253393,0.13267984242713876,0.10840957614565742
0.15362432041815569,0.14090196866095417,0.13278288888640305,0.10824523236311871
0.15382555284126118,0.14092494282276286,0.13287071929037664,0.1080897966146045
0.15402452657596796,0.1409452478831944,0.13293075235772459,0.1079350248575299
0.15419287642184604,0.1409760540880808,0.1329960900700809,0.10776099102249512
0.15431803505629996,0.141023009010393,0.13306834051218494,0.10760385800346549
0.15438575736518306,0.14108616511725905,0.13316726899408385,0.10742667773817337
0.15447334173861568,0.14113515978653904,0.13328018832735672,0.10722653222952065
0.15457897802094697,0.14115494548052468,0.13338243372606118,0.10700779749636365
0.15470457985407693,0.14119219437270522,0.1334567891813713,0.10678347406872236
0.15481998845100758,0.14123338320176196,0.1335112801655426,0.10654024177052374
0.15491638978929098,0.1412387051798634,0.13358712018763252,0.10624544042424772
0.1550195211657596,0.1412452509737293,0.1336813737882822,0.10594388323610347
0.1551516911918088,0.14125500311111008,0.1337920648253641,0.10567486977769402
0.15531320226420675,0.14121297041014252,0.13392118906870523,0.10544579917415436
0.15550321053950886,0.1411521642071473,0.13405699680728428,0.10524902052627073
0.1557202000818868,0.1410858939070308,0.1341802382712323,0.10506077046395895
0.1559507451023288,0.1409921917673158,0.13433016335050593,0.1049164496984619
0.15618959623426437,0.14089463102387628,0.1345020239126985,0.10478568020569945
0.15643993704272918,0.140789828256768,0.1346898867049212,0.10463134615093873
0.15665654677891927,0.14070231554248494,0.1348941423943155,0.10446607607776519
0.1568881913755776,0.14063167633997725,0.1350859227067967,0.10433815294754442
0.15710089514862288,0.1405656292656672,0.13528766030909115,0.10423850322551913
0.1572894191418844,0.1404746465297465,0.13550744005536852,0.10415159897796648
0.15749315461868948,0.14039073284597334,0.1357300886320128,0.10407760227986873
0.15768665398791323,0.14029554379983736,0.13592938372180063,0.10405436025193261
0.1578950051815176,0.14018771615290018,0.1361109788444177,0.10408062156575616
0.1581025880011271,0.14008589293623067,0.13628990044031591,0.10411832719866233
0.15831327450205632,0.14000481204039253,0.1364864261328629,0.10417632218194357
0.15853939803531833,0.13994584219193096,0.13667920962121602,0.10424676099332121
0.1587801769232538,0.13989055496120115,0.1368727072698241,0.10431334403139747
0.15903158387664182,0.13983262357294188,0.1370862365310734,0.10434438457329559
0.15929089417827375,0.13977127053584015,0.13731975732324742,0.10433222474812692
0.15951100072647556,0.13970653576753647,0.13756780004266478,0.10429510135042522
0.15971972894639633,0.13966080925771146,0.1377887155901729,0.1042927168841797
0.15994115723679975,0.13961638192727857,0.1379873991765023,0.10429574958707998
0.1601590041176496,0.1396250939785132,0.1381885525421058,0.10430634851953086
0.16037087748953155,0.13965887948372113,0.13837684494592983,0.10434306283119107
0.16057277070048692,0.13970372335566114,0.1385816928491417,0.10436853912384311
0.16076477253296562,0.13976588200933412,0.1387773830911534,0.10437419359679137
0.16096727903330105,0.1398115804944641,0.13898194911105186,0.1044137901977678
0.16117870775215196,0.13980202113291482,0.1392079751193414,0.10448529596311813
0.1613530824433711,0.13979906567734907,0.1394209921615391,0.10458074632874967
0.1614710328898004,0.13977567744772787,0.1396255890971634,0.10470211431155033
0.16155887895527501,0.1397387761446861,0.13979839950400422,0.10483248264454806
0.16160709824092248,0.13971193929558032,0.13995486902184148,0.10493394033870301
0.16164329710536218,0.13970135016376795,0.1401319236434924,0.10504774204085437
0.16167219751643877,0.13966992221280833,0.14033428468219344,0.10510691598100293
0.161710292355142,0.13965869690570665,0.14056602370412238,0.10514614125501492
0.1617605766186101,0.1396368985459975,0.14082601789408059,0.10518298129770119
0.16181377271323596,0.13957873604596546,0.14107138828160476,0.10524855038839137
0.16187405892363382,0.1395405829523917,0.14130371062015545,0.10527334060077434
0.16193038720134326,0.1395154043555882,0.14155588639451877,0.10528080498869972
0.16195703539082779,0.13950539701682382,0.14182357699265866,0.10527732416247178
0.16195490574747917,0.1395147804664022,0.14208780632373252,0.10523679235620759
0.161959367783728,0.13954165654871864,0.14230478122566223,0.10522114637263169
0.16192432985191688,0.1395382634317199,0.1425247849996337,0.1052648962925279
0.16185693307311247,0.13951310912941112,0.14272132011480654,0.10533245154388839
0.16178624536297442,0.13946157801593312,0.14291869416712402,0.10542979075391642
0.16170216594163667,0.1394088571758356,0.14308826859637583,0.10554902894196423
0.161613043789517,0.13936059366189998,0.143275210324088,0.1057168991971618
0.16150996177097357,0.13932741696701076,0.14346274260929506,0.10591279276816938
0.1613937881997208,0.13931416854222398,0.14365049152825507,0.10609544626498814
0.16128408761090246,0.13931573028927327,0.14381974382573567,0.10627913580240103
0.16114687118800672,0.13932809149242367,0.14399100617023547,0.10637986433400283
0.16102964630727443,0.13933108431032126,0.14418278108972388,0.10649254861930958
0.16092156332682123,0.1393208099731396,0.14439175087660516,0.10660723920795659
0.16082412967609216,0.13929527728195498,0.14461472250800178,0.10663119995199138
0.1607421314687955,0.13929184976740683,0.14485383972485547,0.10666947033828021
0.16068258983288586,0.13929750922491263,0.14508932859123883,0.10672536372827443
0.1606159253049565,0.13931507681220937,0.14533435515980714,0.10675715232255861
0.16055848114400448,0.13935726200471182,0.1455726356432904,0.10678616529820212
0.1605026776162566,0.13941942645861966,0.145779574152653,0.10679541373269565
0.16043691581053138,0.1394838388469005,0.14597569073292863,0.10677070764607267
0.16039041109954266,0.1394940418842006,0.1461655144316545,0.1067482218771948
0.16033097835014018,0.13949761527286136,0.14635744754804117,0.10673340577582134
0.16029088645600567,0.13951906062907585,0.14655302469139028,0.10674807576870236
0.16026999625629926,0.13955328121648994,0.14675418787254718,0.10677239664610713
0.1602448568348594,0.1396166418466294,0.1469522688440471,0.10679087019805954
0.16018693690642788,0.13970079019452114,0.14709390604986516,0.10677931804992252
0.16014406397593525,0.13978969423102203,0.1472262025711319,0.10679911244008083
0.16008123699146623,0.13990118902761425,0.14733582974689896,0.10677012579528458
0.1599594465058107,0.1400297845595698,0.1473855436676147,0.10676622218570404
0.1598364953795642,0.14018748508949772,0.14743141341220123,0.10677229903303478
0.15971315422688245,0.14028852495959776,0.14748988323964468,0.10675069623566548
0.15958199929360825,0.1403433189934319,0.14756099411235835,0.10666317481667459
0.15946546486393415,0.14042640649423369,0.1476276813172494,0.10654851093222475
0.15933067804285383,0.1405391961512789,0.14767182304028265,0.10644348891213472
0.1591986396920828,0.1406770000022181,0.14771129440938094,0.10635959363755614
0.15908509916560795,0.14083543929695042,0.14776565623513338,0.10628741790447138
0.1589848234199694,0.14099347550136618,0.14783093536733516,0.10618117254184169
0.15887044998509495,0.1411255984690472,0.14788691053402417,0.10606353929948423
0.15877465342675823,0.14126249421691978,0.14794438349790862,0.1059402557488369
0.15869263299539074,0.1413679132689455,0.14800278871664468,0.10583508092863533
0.15861499565372805,0.14144593495753005,0.1480624044472626,0.10572201795056374
0.15855727729833424,0.14153056991126994,0.1481129544945833,0.10556484830210616
0.1585087361596439,0.14162604018607758,0.14818114475151944,0.10541582264689613
0.1584333185107674,0.14171755949322407,0.14826699731900175,0.10529210478998666
0.15837256509088882,0.1418167960760941,0.14836751995900888,0.10519139619285765
0.15833123008504896,0.14193563437832776,0.1484791751062052,0.10511351129854014
0.1583091194843133,0.1420702716124082,0.14859215031053952,0.10501467047947777
0.1582563265654721,0.1421539757413605,0.148689484435237,0.10492287262517414
0.15821912512282632,0.1421181726156652,0.1487726259623841,0.10484794136106709
0.15815674579564257,0.14208110565282406,0.14880506408244476,0.10478943328161103
0.1580821127137213,0.14203007716853658,0.14883570883855568,0.10476959117782866
0.1579442780636567,0.14193056047550046,0.1488541313153874,0.10478881187297151
0.15780818911089645,0.14181987755245024,0.1488912990422861,0.10481873401500717
0.15767761127604904,0.14171322759897628,0.14893423147291027,0.10486162362163584
0.15753161798217089,0.14161915855670676,0.14897158608935662,0.10493033066329574
0.15738286739238544,0.1415160864995648,0.14901922315703198,0.1050178959919446
0.1572061439946686,0.14141500681207386,0.14907551155192672,0.1051348678646486
0.1570079148382826,0.14130978413252923,0.14913145623204185,0.10527806951556912
0.15680882892057388,0.14122021365217766,0.1492027444396526,0.10543862193988868
0.15660605524344764,0.14111095729649226,0.14928701645860296,0.1056299539194322
0.1563908357709038,0.14098580194462385,0.14938782898952524,0.10581481014335045
0.1561548460172432,0.14084738194970295,0.14949799735519184,0.10601385718495683
0.15592639394372662,0.14066794853444597,0.14960884529111093,0.10617648602758077
0.1557098327170537,0.14049753105722132,0.14971341752146905,0.10635270536933987
0.15548988821297438,0.14035169122495725,0.14982059990252705,0.10652356592483471
0.15528051291550046,0.14020007134818832,0.14994815339401799,0.10669393700822695
0.15508333773425928,0.14005501395880982,0.15008714876173218,0.10685629570454039
0.15489858224435996,0.13993477154351283,0.1502479244822254,0.10703550391769698
0.15472652057534592,0.1398274202316655,0.15042544323803242,0.10720933433916001
0.15456775842809878,0.13972811996202758,0.1505738960879503,0.10738146211632651
0.15437190891820035,0.13963607711586715,0.15072812507640537,0.10756177873530393
0.1541690073697489,0.13954059965395937,0.1508683792647879,0.10775860838250093
0.15398213490346416,0.13947193338558608,0.15100740029795628,0.1079851228521578
0.15381235000718452,0.1394319039213915,0.15112095960920058,0.10820194294803018
0.15366045587137,0.13941189679662558,0.15122204749024465,0.10841305464151722
0.1535159705205583,0.13940045468693285,0.15133736014972285,0.10860793852697434
0.15338638901366886,0.13939055420273255,0.15145804865100246,0.10880939212163071
0.15321839263983733,0.13940360131943008,0.15154569135433987,0.10902499006226388
0.15306243652544368,0.13943870447659687,0.15164709623627476,0.1092332278315179
0.1529175154308232,0.13949497607649985,0.15176702221601088,0.10940651599460799
0.15274600838279764,0.139576246391788,0.15187326724908076,0.10959523682268545
0.152572808587574,0.13968364161254204,0.15195740548088812,0.10978043639083568
0.1524035959415064,0.13977690034585621,0.15204907313594748,0.10995928515174662
0.1522538172996205,0.1398778227403421,0.15215448456933403,0.11016749330707938
0.15210370144308596,0.13999213592136198,0.1522522132616727,0.11036799897727435
0.15189470740834873,0.14013119670516797,0.15233414716717047,0.11056723453338092
0.1516885384691239,0.1402852174842865,0.1524145361854302,0.11073227707794199
0.15147952991675717,0.14044945452316304,0.15248565478646903,0.1108773310997465
0.15122451505911694,0.14059976803680715,0.1525347073510406,0.11098578141939097
0.15090993925306578,0.14077334974333613,0.15255766161563628,0.11108252500654134
0.15060372211902323,0.14096824385577236,0.1525915564284301,0.11117725794542385
0.15030828075687605,0.14116271084723797,0.15259153558746436,0.11129422739185584
0.1500095243935338,0.14137909803355464,0.15257101244901156,0.11138811564333206
0.1497015585523725,0.14160494095963083,0.1525609905091586,0.11145764479987406
0.14933623762488862,0.1418217306775678,0.15255383289463498,0.11150608496820189
0.14895097040087465,0.1420602885293744,0.15255907413187222,0.11156374318117102
0.14855849237238503,0.14232036183849522,0.15252870673354793,0.11158686176269482
0.1481832483668441,0.14260190289221092,0.15249869098084434,0.11161962506231594
0.1478255478665373,0.1428879308304967,0.15246618613932716,0.11167695212703548
0.14748640562851179,0.14312288573338533,0.1524262110102625,0.11171955843129576
0.14716596927248882,0.1433486111482709,0.1524082304291695,0.1116157657695162
0.14686451209542786,0.1435722433088227,0.1523805679144026,0.1114657849028221
0.14658085084827724,0.14381475931023752,0.1523391930962512,0.11132984554128514
0.14625554060574694,0.14407556799712176,0.15228733481711992,0.11122576047692036
0.1459512668434826,0.1443400352670893,0.15225675616826304,0.11114003102394095
0.14567013132693948,0.1446075011103613,0.15223535787231557,0.11104964410806804
0.14541475263896575,0.1448622378186691,0.15223513149332474,0.11095280327605077
0.14518494848041047,0.14511291643940008,0.15225565374921746,0.11082312698871608
0.14498525064612147,0.14537079297886144,0.15229727952648253,0.11076438148799092
0.14481996071502426,0.14562964247252444,0.15233512517286912,0.11073447636547656
0.14467363336617406,0.1458998749521669,0.15235953320058537,0.11071961843661066
0.14452020863087653,0.1461771097208631,0.15236272314764623,0.11071061683075353
0.14438787497510913,0.14646379005166132,0.15232216886830066,0.11071859934758065
0.1442767295597331,0.1467603986979184,0.15225606589265175,0.11077015296343143
0.14418302715477252,0.1470315763210593,0.15220333032953934,0.1108422219792072
0.14408522908306182,0.1472571871549961,0.1521715682238055,0.11095741582676259
0.1439854526939211,0.14749009375377328,0.15215707228192887,0.11113030091835908
0.14389232172872016,0.147645613873872,0.15216238584324177,0.11129438847800852
0.14380567014989504,0.14778431186035593,0.15215248064554998,0.11148566888907632
0.14373114009340068,0.1479190501450797,0.15213767578194304,0.11170413912315047
0.1436766477253199,0.1480406146468454,0.15214026643415526,0.11195483679850705
0.1436474727168588,0.14815506018218094,0.15216196534967907,0.11220704586139617
0.1436450846886856,0.14827935748508306,0.1521959494539993,0.11247577571832044
0.14367036825271504,0.1483766804232219,0.15224446895891966,0.11275273635685432
0.14371942022740083,0.1484623973704545,0.15229331567005677,0.11303162535230828
0.14374065827057084,0.14855669198785787,0.15235659101788637,0.11327328251328084
0.1437680825241981,0.14862294226468892,0.15244010850686177,0.11350680487989243
0.14382621805941792,0.14864346881009358,0.15251294362319684,0.11374831453137864
0.14391375036952048,0.14863271272622985,0.1526067774938902,0.11400729714801028
0.14396306584461446,0.14855450849156746,0.1527211667007512,0.11428256341993182
0.14401782981643843,0.14845189352270738,0.15283771089510576,0.11458445407136192
0.14408637396648039,0.14836250355456707,0.15290985507005472,0.11488716676948392
0.14415140355139391,0.14825961881736308,0.1529977772245757,0.115086844050921
0.14422291183850883,0.14814650701697382,0.1531046884330946,0.11529744138165839
0.1442884425818688,0.1480089129015186,0.15322746601808324,0.11549506508493954
0.1443486907271027,0.14783069189613363,0.15335759253887812,0.1156673138631865
0.1443829400047123,0.14764536693771865,0.15350450907691526,0.11580108655144475
0.1444105699363482,0.14745410762460412,0.15366638385941958,0.11590832653958195
0.14444029657448612,0.1472626369619781,0.15383690742517203,0.11601336775003862
0.14447697986244953,0.14708271134967682,0.15402141293767657,0.11609161498223163
0.1445312427624404,0.14693025217512048,0.154218559152039,0.11612777994108353
0.14459863127890274,0.1468169202062027,0.15442650536447527,0.1161760823085007
0.14469387508284096,0.14674288595270465,0.1546404472237042,0.11623572496587613
0.14481101573744398,0.14669250398222558,0.15485901130991025,0.11632321562144476
0.14493221080746976,0.1466377728399077,0.15508224578310592,0.11641711675423289
0.14505509196906824,0.14659482036272714,0.15531315474150317,0.11650398072678879
0.14512926246790028,0.14653761296064943,0.15554531410848324,0.11658421859637727
0.14515875028964084,0.14646844278592192,0.15575692236040165,0.11667487702605671
0.14515581375690798,0.14634279731667033,0.15594186582750164,0.11675845220156399
0.14518039946694863,0.14619974549174558,0.15612680580466815,0.11683426771889584
0.1452260114746445,0.14603833156877727,0.1563143734971651,0.1169062542505429
0.14528654287121073,0.14589683073645887,0.15644311347341178,0.11699578892718343
0.1453684094263132,0.14575230187272664,0.1565653202013813,0.1170984193774015
0.1454219562343617,0.14560922176492935,0.15665318671600786,0.11718258938117877
0.14547106918652428,0.14547774030491184,0.1566910915726684,0.1172787371553366
0.14551917220701058,0.14537711190772554,0.15665650933342504,0.11740244174631118
0.14554992519086063,0.1452991008476129,0.15657882895104552,0.11753545915027402
0.14554299187819403,0.14514378352005333,0.15648326544862007,0.1176610903314318
0.14555588791408478,0.14498775817064125,0.15630419148274566,0.11780719916913963
0.14558084199161814,0.14483567349369028,0.15608253494404992,0.117951515568855
0.14561083450513343,0.14467623576511687,0.15582983546013437,0.11811678338323629
0.14565040455488837,0.1445415024768154,0.1555926547724101,0.11827536375250851
0.1456931426422476,0.1444102979307466,0.15536991653390805,0.11842400211641695
0.14575283552419985,0.1442902037144737,0.15515998719471577,0.1185514536331379
0.14582951125193558,0.1441972231377879,0.15494220510124138,0.1186915865015937
0.14589121841890962,0.14413533388762934,0.15470395213554344,0.1188650775955288
0.14595425446284374,0.14407635669362825,0.15446216437818838,0.11903999920543619
0.14597322656259087,0.14403110158077606,0.15422135166260573,0.11917868366924286
0.14592863526238115,0.14398800048534494,0.15394260596225867,0.11935441061902621
0.1459022388932978,0.14396058346380644,0.15364287967048768,0.11953621418476326
0.1458254624348049,0.14395998017967382,0.15332933360142553,0.11971857924024422
0.14574017633693553,0.143981335343514,0.15301610552233583,0.11993388412107737
0.1456772676480485,0.14401357406295953,0.15271199172132896,0.12014299573578971
0.1456063456550355,0.1440476631955313,0.1524163315214938,0.12030087899669846
0.14555462157748666,0.14408569857563142,0.15212867323175014,0.12043941431409327
0.14551595307572962,0.1441340226470005,0.15185045124261978,0.1205976798316284
0.1454721811223571,0.1441774477622392,0.1515819257540578,0.12076769505868269
0.1454301130472981,0.14420566030201112,0.15130820875110385,0.12096837168967955
0.14538055074435816,0.1442525052947317,0.1510203689053213,0.1212009391541828
0.1453104827976657,0.14430172673113778,0.1507435541108728,0.12144340707938085
0.14523859173226283,0.14432414951977057,0.15047656565418496,0.12170163502556615
0.1451809932142281,0.1443588762305288,0.15021505899257095,0.12188768020159371
0.14513634473176285,0.1444106329521213,0.1499649317265616,0.12207256251939597
0.14506379932749702,0.14445418215239628,0.14968362669887822,0.12221567569485879
0.14492476317348085,0.1445086783380937,0.1493528172568957,0.1223840266358049
0.14481003150089852,0.14454829186820292,0.14899085253171723,0.12254946694957713
0.14472066250296442,0.1445985635883895,0.14861379697172888,0.12270989362228922
0.14463132875602047,0.14466385333543028,0.14824460727508926,0.12285386603439308
0.14453916935867103,0.1447055976321941,0.14789216033499092,0.12298632094687574
0.14442139178386607,0.1447303480615328,0.1475566889626164,0.1230783602001576
0.14433664199823137,0.1447661212400998,0.14723844592568358,0.1231406875862108
0.14426116868890623,0.14481050084589428,0.14692793050699487,0.12317379882149272
0.14417156437698456,0.1447944417494251,0.14662552909779417,0.12319699136515443
0.14407362372993524,0.14477453343886862,0.14634199240299353,0.1232428067337867
0.14395250747252472,0.14475706155730475,0.14607423463480834,0.12330067855426675
0.14386386859334427,0.14475880185747955,0.14579000342055107,0.12333057672336639
0.14377669933866005,0.14477645140486514,0.14550621924413057,0.12331507726359209
0.14367514269412657,0.14476755674646966,0.1452387656089255,0.12330616675971325
0.14355820200215905,0.14471368995887057,0.14496972711255307,0.1232793219737541
0.14342418647385138,0.1446701883386779,0.14471753348495764,0.12322217659229077
0.14318015234810053,0.14464619633541376,0.1444863507713686,0.12317675477706848
0.14285774871490703,0.14458389354693255,0.14427640697830646,0.12315846303790857
0.14258499921755916,0.144525190354425,0.14408757568465333,0.12311885725623614
0.14236555684434615,0.1444853878835324,0.1439113487518747,0.12306425095503425
0.14219678427744684,0.14444692111872828,0.1437513482180318,0.12301465302028966
0.14202919367835784,0.14440619091332213,0.1436115268380671,0.12299101282083168
0.14189204481174533,0.1443640463220423,0.1434918495742716,0.12299398607689474
0.14176758222796204,0.14427443134942375,0.14330243263968312,0.12300947162677214
0.1416423684994753,0.14419431446690928,0.1430943247507014,0.12303946631800178
0.14154082890832811,0.14412574739545214,0.14289476179368138,0.12308886968571468
0.1413267970920853,0.1440569694000533,0.14270944980105357,0.12309946063569722
0.14105133866853195,0.14400601075183148,0.14254214926696226,0.12310716950091444
0.14076371852091896,0.143947691481759,0.1423802107570599,0.12315941295754981
0.14047979089656026,0.14388972195282035,0.142202649603918,0.12325493022280122
0.14022135892044968,0.14385016763862704,0.142015599382605,0.12339082598476542
0.13998138075795924,0.14380104632484378,0.14182404182589184,0.12354643780432431
0.13975927957844056,0.1437631427790043,0.14164506950435204,0.12374611575001306
0.1395278179430039,0.1437282758855099,0.14147141305161987,0.12397504600168437
0.1393175731494595,0.14367478673778447,0.14130430535608615,0.12424357984622851
0.13913505518116953,0.14363609506050537,0.14113400140335433,0.12452995956702699
0.13895471172977839,0.14361322905947435,0.1409220048409982,0.12481885584917832
0.13875856322687566,0.1435960935750844,0.14069373629107104,0.12513802353505002
0.13857467382740096,0.14355742984990635,0.1404476313807507,0.12548262570270055
0.13838534585555268,0.14353446496756625,0.14019418385173166,0.12580169893604434
0.13816144982099424,0.14351751008797073,0.13995432745065897,0.12610211452613151
0.1379120119630741,0.14354370401194663,0.13972754964722037,0.1264175420564923
0.13764825617056292,0.14357881161907732,0.1394836014110369,0.12671563768232388
0.13738245678501504,0.14361587161996558,0.13922302238800138,0.1269996848390336
0.13712964871306646,0.14362521112715945,0.13897318978187825,0.12729418068573836
0.13687738902421867,0.1436347416941204,0.138730695508377,0.12753534399309044
0.13659999419551497,0.14366981724959474,0.1384980698496797,0.12778502585260765
0.1363265489531123,0.14373729202873034,0.13827852110895514,0.1279342948121923
0.13606663383280254,0.14383491192616574,0.13806938933926693,0.12803710146820957
0.13580677716222814,0.1439607141339268,0.13787444646635183,0.1281630067946991
0.13559459552173425,0.14411286721934954,0.13766441942393903,0.12831795908528648
0.13542850251507346,0.14427127889959038,0.13746740388495773,0.12844686224353155
0.1353065419957942,0.144438988663653,0.13728276703808767,0.12843486906656879
0.13520610905985314,0.14458414782131113,0.13707158481489162,0.12840316946315455
0.13507665934611848,0.14473552992290542,0.13685351230534354,0.12836109524139805
0.1349162741073697,0.14488688816656328,0.13664538794282963,0.12828005055221378
0.13476584846071038,0.1450464445171449,0.13645177764960098,0.12820427635384551
0.13457294053640853,0.1452073619170527,0.13627568845608873,0.1281541369983477
0.13439651959958368,0.14536303101406337,0.13609741710436205,0.12806749560727793
0.13423752022123905,0.14550546895620156,0.13593305743117332,0.12793077745249795
0.13406424817252968,0.14565248408563328,0.13578186819425372,0.12779229429462066
0.1339015559354079,0.14577219158729102,0.13564840156362495,0.12767445019990004
0.133755308346718,0.14589661526070616,0.1355326501196133,0.12758571939638907
0.13362930328005446,0.14600127760080212,0.13543458746949097,0.12740055592506827
0.1334972212603702,0.14608617368469923,0.13533984255252543,0.1271507816121519
0.13336555424740903,0.14616945588178074,0.13524251303131338,0.12688753775734324
0.13318607733402718,0.14623249364746743,0.1351596795576182,0.12663981099758823
0.13297352466603696,0.14628939321478954,0.13506936190058866,0.1263950152349086
0.13276818876721158,0.14635344066290906,0.13497785508577917,0.12616594270636924
0.13258450307305902,0.14640071022041587,0.1348610825553659,0.12595181337257233
0.13240892686185013,0.14640423725937954,0.13473280711847915,0.12575931902322865
0.13218991314622683,0.14636750976037338,0.13459698046420318,0.1255832742352666
0.13199168943483708,0.14631121341189152,0.13447640673427216,0.12542013959286846
0.13181095378339086,0.14624128135546094,0.13437086623341546,0.1252845285988306
0.13165610176365253,0.14616807361910106,0.13425599614226535,0.12518318379244583
0.13146848199913325,0.14611300881315203,0.1341103544191822,0.12512713415249685
0.13129422918998976,0.14606918028662264,0.13397122482943824,0.1251132281364694
0.13115539785752356,0.14602783765865643,0.13382430360136055,0.12510195810287464
0.13105288904961193,0.14598922744181222,0.13366959243380125,0.1250987386981018
0.13093621043345208,0.14596412537422288,0.1335247785558976,0.12510070195689746
0.13081240015774706,0.14589750131424403,0.1333901966347444,0.12513271590741648
0.13068914488919073,0.14583140566930386,0.13326949562277135,0.12518690934998195
0.1305594754085587,0.14580858512595973,0.1331616171919774,0.12522943932695033
0.13042161721976753,0.14580447278576947,0.13305215252609176,0.12530073324688806
0.13030201730575075,0.145772222087683,0.13294327266994413,0.1253654127189328
0.13018178997048285,0.1457192516292515,0.13283581278859288,0.12546500889267864
0.13002526417744495,0.14565790525410635,0.13272982294709024,0.12558329399772336
0.12989580546819007,0.14561033300962276,0.13262060663402878,0.12569534874344257
0.12981971897325809,0.1455670650255639,0.13251817202106428,0.12583567355744824
0.12978481677506995,0.14553589280356147,0.13240573355207466,0.1259859522423427
0.1297964971676257,0.14553495220671242,0.13227551680945307,0.12615361033002379
0.12985275466225915,0.14556872068613694,0.1321372793820355,0.1263369668348076
0.12995257866630777,0.14563452534675908,0.13200866516383997,0.12650035505393573
0.13007110018606083,0.14565855102402778,0.1318751906168357,0.12667239406090322
0.13019416155542063,0.1457001672025103,0.13174204673695256,0.12686775015024582
0.13031640881735287,0.1457422221060077,0.1316070777169617,0.1270525006310815
0.1304741155895101,0.14573526107336088,0.1314818210059339,0.12725309078509592
0.1306552219670099,0.1456883499111516,0.13136894855900796,0.12745806016254027
0.13083900138715465,0.14562363874166062,0.13126041729519577,0.12766549605696073
0.13101834142291413,0.14556723882355876,0.13116281765245394,0.12782690932645902
0.13120523549852847,0.14556331472439898,0.13106066977745953,0.12793231543893083
0.13136516004133508,0.14564346738421366,0.13091339611942654,0.12802560604463603
0.13148691470403365,0.14569519722326552,0.13076741191125793,0.12804297213099816
0.13157862183989993,0.1456815106530894,0.1306317337241762,0.12806394976412216
0.13163008816121008,0.14567384959470023,0.13050728443202908,0.128015609678928
0.13166588419870873,0.14565516929969352,0.13039731572599259,0.1278699629146263
0.1317057820743877,0.14563736931959806,0.13030187537029517,0.12763812843944872
0.1317117078149668,0.1456030637667882,0.130210233338846,0.1273833414702995
0.13173420052250517,0.14555389758387544,0.13012925048229923,0.1271498052299945
0.13177353094297684,0.1455273402430361,0.1300582316607278,0.12693127997266207
0.13185464297586783,0.14552172413508277,0.12995451534121735,0.12673591870213932
0.13198209347164502,0.1455328757985404,0.1298622293766179,0.12656475156747382
0.1321196241200776,0.1455266753396546,0.12978504858645581,0.12637193882200454
0.13226679097258418,0.1455254312762318,0.12972276802727356,0.1261600049660698
0.13237693313842386,0.1455421861118493,0.12966567442116161,0.12593693108941317
0.13248472515809004,0.14557074264957198,0.1295922113385055,0.1257283572206741
0.13259973894076058,0.14557894857524403,0.1295040067109197,0.12554269791515726
0.13273856370920004,0.1455606362137383,0.12940175710138946,0.12533880166190442
0.1328925443589725,0.14553342420104246,0.12929410746467218,0.12507807208098282
0.1330256148180501,0.14548182419999744,0.1291720240214656,0.12485160621294894
0.13316616429523134,0.1453769124341951,0.12904168678936961,0.12465644728227639
0.13332389077963713,0.14525830043363208,0.12889873759101586,0.1244868555390322
0.1334741880849267,0.14514148822017905,0.12875261515242908,0.12435201047695438
0.13357401654235626,0.14501645202427818,0.12858573918070063,0.12426093633751957
0.1336828713860446,0.14489940832427478,0.12842864380250346,0.1242134636162295
0.1338030918906279,0.14476775102572276,0.12824651211623894,0.12418226233568623
0.13389139657819535,0.14464670481156547,0.1280740171538829,0.12412253326564705
0.13394066755668432,0.14454179037026305,0.12791026649194748,0.12405341775354277
0.13396948598771832,0.14441577152144427,0.12772960362833266,0.1240264799673805
0.1339280578189684,0.1443031753129841,0.127478709699116,0.12403653170654293
0.13386143372315498,0.14419296911599655,0.12722127987891693,0.12410169996935576
0.13376020645926276,0.14408377982866466,0.12698731761564447,0.12421575899280184
0.13365820742002696,0.14396810831995704,0.12679706456721335,0.1243731409349979
0.13353798061466832,0.14383986779017366,0.12664350627934673,0.12454566424354967
0.13340971954336273,0.14367254483158157,0.1265134255155133,0.12474367415433861
0.13325220927512005,0.14347325032087427,0.1263361714517284,0.12496190700060138
0.13311269613296997,0.1432961941660831,0.12616242621794224,0.1252175709829843
0.13299925868879586,0.14313457955368175,0.1260058192155454,0.12549541323338073
0.13288013584342426,0.14296910951495298,0.12585183442208994,0.12574231178352305
0.13271316637751113,0.14277970096508782,0.12567270288915375,0.12602198264815967
0.13252949175540837,0.14258599407177175,0.12549069686596315,0.12633308940211926
0.13237706655517015,0.14238586781282583,0.12531437429503892,0.12665069816501995
0.13225403885805728,0.1421911629680676,0.12514420557277137,0.12695012343545062
0.13212238944569568,0.14201914113535197,0.1249821865458896,0.12723963694696092
0.1319657456833832,0.14186757558240431,0.12483958574713469,0.1275032417569579
0.13179349757786243,0.14172225235199065,0.12471771458853219,0.12769223970595078
0.13163591128485794,0.1415583715713327,0.12458028004978104,0.1277857215667829
0.13149871154319798,0.14140361523157735,0.12445415214605253,0.1278911554298985
0.13138863571045603,0.14127323512919626,0.12435872272538491,0.1280208143968749
0.13130492240317035,0.1411429430792951,0.1242674889465905,0.1281518539382189
0.1312448539675365,0.14099165041320302,0.12419507795541496,0.12823745148756088
0.1312046948069711,0.14086265834204942,0.12415033508973185,0.12824987435792023
0.13117798961261923,0.14075654485467884,0.1241282084980057,0.1281613780256034
0.1311747397805576,0.14065222554259177,0.12409621954202826,0.12809877044152235
0.13119111846901765,0.14052479571254337,0.12406628928243055,0.12806373524208792
0.13121164780903236,0.1403971046180536,0.12401326822571715,0.12802598809414342
0.13125009129608328,0.14028074418823133,0.12394466492047904,0.12801503063196748
0.13127192112070676,0.14013991850813695,0.12384975845162159,0.12796686834641988
0.13127203667401552,0.13998519145690114,0.12372155347965047,0.12793490683928416
0.13127376218001668,0.13985091397618554,0.12358139365367604,0.12792475565111405
0.13124824879349106,0.1397384340625617,0.12346375215714081,0.12791977753919573
0.13116077914138333,0.13960290030190825,0.12336050573875455,0.12790353047426303
0.13104535761931504,0.1394785768054983,0.12325776962749323,0.12792063944264043
0.13095866915751006,0.13936281293534,0.12318835141917203,0.12794351933346051
0.1308072639823247,0.13925549673736978,0.12312728340490536,0.12797527870188363
0.1306493093828652,0.13916545483897255,0.12304660644668376,0.12797371341010388
0.13049326845899628,0.13908857436714628,0.12297118511154168,0.12796624933836534
0.13040019420670995,0.13902708816422152,0.12290310845679966,0.12804561766347414
0.13034203506668907,0.1389928445341577,0.12280687917747286,0.128172058311923
0.1303093104428065,0.13891251662115967,0.12269765954353197,0.1283012785809433
0.1302625857727306,0.13880989203459757,0.12257979592730354,0.12839853304875018
0.13018933919604195,0.13865303408683902,0.12242904660052895,0.12846896923817056
0.13013003441128004,0.13849413914716613,0.12220338531581015,0.12856237558449032
0.13009606713442473,0.13835134284439007,0.12197845897738396,0.12868545089742242
0.13008729027766178,0.1382160181736309,0.12175649372877617,0.12881637910704904
0.1300872498402073,0.13810351845204902,0.12153618918212565,0.12892620673176206
0.13005913820230422,0.13802014510830993,0.12132664186291303,0.12898924342503554
0.13002005283938453,0.1379082217597327,0.12112785226425,0.1290553702703982
0.12999096687593972,0.13782718993011664,0.12090742263132181,0.1290599728882518
0.12998333442069693,0.1377751049973802,0.12066396034600459,0.1290405790023429
0.12999484190987975,0.13772892391153868,0.12037722012884816,0.1290054488516361
0.1300174981899481,0.13767933733578724,0.12009876025608199,0.12899622312090483
0.130044552832318,0.13762960546611958,0.11982286244272569,0.12899130267335135
0.13008487369318916,0.1375964461841992,0.11955451950869904,0.12901342740925062
0.13010233838606183,0.13757843179494797,0.11930262679689072,0.12905265452809095
0.1301438720772493,0.13756832578349065,0.1190677527504707,0.12908188972800072
0.13020861692465302,0.13755169108840246,0.11883183673693525,0.12911778463285523
0.13029780517547307,0.13754228104903726,0.1186215581851201,0.12917340566451183
0.13041469678443987,0.13753519135019363,0.11843685598576698,0.12922243771125524
0.13055849432055927,0.13756834996418862,0.1182759042630384,0.1292458707030092
0.13072881250667914,0.13765876936108348,0.11812039179873372,0.12927945146861025
0.13091703647170772,0.13777447947582808,0.11795745257510552,0.12932115237913303
0.13112537777074704,0.13789043158956665,0.1177935155362996,0.1293456255520976
0.1313588765451979,0.13801849946789,0.11764609965213396,0.12931695876519625
0.13158194605259022,0.1381356634449465,0.11748258876349808,0.1292902642852778
0.13178404133278648,0.13822898822620258,0.11727755056926976,0.1292661041074398
0.13199168489817856,0.13832212011069844,0.11704521490652878,0.12926041366130556
0.132173796395717,0.13843708928922635,0.11681061420000433,0.12927877294029164
0.132366963533357,0.13850795080823353,0.11657837800021419,0.1292887161883272
0.13254058693602655,0.13851431365833217,0.11636106647914646,0.12929027303991217
0.13269800976997911,0.13847570990877572,0.11612965454242515,0.12930605409284432
0.13283045042362387,0.13844866828344532,0.11586482985433813,0.12931248914715918
0.13294299316361247,0.13841849306448883,0.11555649076191454,0.12932447367353223
0.13305785475883375,0.13840648478696438,0.11526363439927524,0.12933172928907039
0.13314835255761834,0.13840868775558687,0.11498345616360302,0.12935322129732163
0.13323750639521648,0.13843235592577793,0.11470735023107613,0.1293828006972246
0.1333416317210667,0.13846785995431066,0.11444889847556251,0.1294066101037618
0.1334705215856225,0.1385232919817487,0.11420855056172821,0.1294571567216271
0.13361997267847747,0.13859904249842975,0.11396304937076572,0.129426713267631
0.1337870096688256,0.13867781371550783,0.11369041484555863,0.12938855509787692
0.13394063065255984,0.13873970918088088,0.11343666040575234,0.1293486457990174
0.13416212874953923,0.13884224126807915,0.11317908997145944,0.12933674934513759
0.13440203696864045,0.13895200659676635,0.11292620866496379,0.1293430266408072
0.13466184940157067,0.1390532009335017,0.11269548027300155,0.1293452721896206
0.13490331907881528,0.13909812084943107,0.11250127478832436,0.12938066137898452
0.13514033912487633,0.13908835142689457,0.1123298296075739,0.129448469180002
0.13538992420968143,0.13901888664990839,0.11215689987875704,0.12951230467603658
0.13567209185583917,0.13896563013929158,0.11200686590981858,0.12959131278199654
0.1359574050031126,0.13892865699241363,0.11186727458374954,0.12966726444489207
0.1361997331848822,0.13887633584966966,0.11173889832969768,0.12971695549284615
0.1364033953092244,0.1388355765993744,0.11161794445294544,0.1297107396894096
0.13662154580268052,0.13881164350828556,0.11145342719060723,0.12969262148894137
0.13683121666431372,0.13880526952470718,0.1112753508384632,0.12962475380866129
0.1370616123026795,0.13881022823666322,0.11112766700047169,0.12956971234731104
0.13727912835982298,0.13882727863651254,0.11101032572370985,0.1295375499073751
0.1374165015736826,0.1388282914947992,0.11092318198660261,0.12952803031458507
0.1375783587900029,0.13879471329778428,0.11086317423047029,0.12953227690915248
0.13776411566280497,0.13872060146749354,0.11081957519069878,0.12955311855783594
0.13790148457442059,0.13862696669729543,0.11079017785988343,0.1295349206689443
0.13804664123178523,0.13850246428357293,0.11072269071639453,0.12952556705803453
0.1381920062223241,0.13837136281595758,0.11067360461611325,0.12953616782558577
0.13834023295234243,0.13824558374729334,0.11062452293291343,0.12951251995528767
0.13850288879806893,0.13813831301425,0.11054218796049618,0.1294637051285972
0.1386154952884265,0.13803114877503592,0.11043332730296891,0.12942275920900836
0.13870772949822394,0.13787034689678487,0.11034200316220318,0.12938291604841687
0.1387270376611619,0.13768078687293303,0.11017986774218023,0.1293297367922517
0.13872068466179624,0.13750829028969686,0.10994907943603419,0.12926348965106643
0.13872853635414656,0.1373086776948704,0.10972773627377498,0.12920717728703124
0.13872198009812178,0.13712859815018288,0.10950980755684808,0.1291410582377045
0.13872685577870186,0.13693458823312216,0.10931242879662252,0.1290826717984955
0.1387160576673244,0.1367538788228427,0.10908536612808419,0.1290266017896994
0.1386856152023764,0.13658132022826458,0.10887001993965542,0.12895177509869746
0.13862803726190362,0.13641327331582068,0.10868315651755842,0.1288670682829454
0.13857692446669573,0.1362210573292283,0.10852494643064353,0.1287869167052592
0.13852160822225332,0.1360419869066569,0.10837315832410739,0.12870458395601836
0.13843320569500958,0.13587995346284287,0.10824076838478369,0.12864438887082458
0.1382988294303792,0.13571597846101474,0.10812119262454697,0.12855136513352255
0.13815973068574394,0.13556597984439459,0.1080069663836065,0.1284353345680479
0.13801057823237137,0.13540772952023905,0.10790643256768537,0.1283188031141791
0.13784899938217132,0.13526596493022353,0.1077954815950448,0.12822440334059773
0.1377040950451034,0.13513649167255554,0.10763639871871272,0.1281349214521229
0.13757749364317465,0.13501625893278338,0.1075042152452798,0.12805592490571135
0.13747005731939127,0.1349212154291121,0.10739963296545266,0.12797498583903263
0.1373746764170642,0.13485444050174544,0.107323558824716,0.12790229593098432
0.1372906256875466,0.13479499850768067,0.10727659232941861,0.12780469227318053
0.1372298470674161,0.13475560872117373,0.10725895074003955,0.12770570006408805
0.13716223267373334,0.13473433796069176,0.10725950501141085,0.12757771862170342
0.13708583301338423,0.1347427534295654,0.10719790021415701,0.12742750697920258
0.1370143698992819,0.13476167927223542,0.10712206761663678,0.12729119618908258
0.1369356883129104,0.13479875257723808,0.10706769156379718,0.1270999360479535
0.13687159960368242,0.13482395703060907,0.10698505402132545,0.126921467494863
0.13683991132349285,0.13487486010163804,0.10690157454521886,0.1267379065746283
0.1368341805669273,0.13495069464587026,0.10684056058703219,0.1265348068161578
0.13685561024358692,0.1350282743334506,0.10680524106771554,0.12631841908451608
0.1368969319375906,0.13509718802490794,0.10675838745357204,0.12610238810271707
0.13695495197076255,0.13519335559302229,0.10671631386825597,0.12591168317022075
0.1369986986154982,0.1353154713313257,0.10666261098552832,0.1256361082896378
0.13706443550518854,0.13544632905430803,0.10662806303957476,0.12530752942152262
0.1371327778323604,0.1355565101523828,0.10659364572177658,0.12500120736466744
0.137195363828243,0.1356562582829149,0.10656089388034863,0.12470656590359336
0.13721751710055657,0.13576511022241505,0.10653739492028755,0.12440646795544119
0.13713708006095066,0.13587765238258886,0.10653804052145072,0.1240977942176353
0.1370350509259599,0.13598934680734148,0.10656259427300845,0.12382003236925186
0.1369462594578798,0.1361167974396226,0.1065207757632858,0.12354684167855928
0.13687100858893642,0.1362626893296585,0.10648335986963339,0.12327730644445062
0.1368049650862081,0.1364268367839772,0.10646625735415906,0.12302572761318661
0.13674641540890772,0.13659496577234653,0.10646221181648421,0.12280796861922867
0.13668150072987242,0.13676671172660324,0.1064697511876703,0.12261965958511016
0.13656811289986803,0.13692986331877902,0.10643192224390521,0.12245841872575026
0.13640377919287366,0.1370552278396571,0.10638672391496568,0.12231637570598254
0.1362105341500229,0.13718314130994438,0.10634073678537208,0.1221328022561416
0.13598883318078392,0.13732733886869533,0.1063135574994539,0.12190199526290281
0.13576812814714498,0.13748488224221553,0.10631510331264259,0.12164899272087007
0.13556758587315546,0.13762995820907792,0.10632940109661172,0.12140193502453143
0.13538957068088522,0.1377918024358401,0.10635996216184593,0.12116195526729272
0.13523541036938314,0.13793688499527912,0.10642004709580365,0.12095126213056565
0.13508785577959664,0.13804831403598686,0.1064843915599834,0.12077029267132511
0.13496900337788675,0.13815778552099034,0.10653511648128333,0.12061904337168439
0.1348577365700964,0.13826403048806188,0.10658123309194972,0.12048562533556682
0.13475136514654337,0.1383577559840456,0.10661342887933069,0.12034023162187274
0.13466666699024046,0.13847011005866197,0.10665713728178483,0.12022215880314419
0.13460513280731365,0.13858499294850368,0.10671414649881024,0.12006534958564187
0.13451052423692186,0.13867142196787194,0.106753749477701,0.1198672268899142
0.13443823625785287,0.13876313548819597,0.10681817306316224,0.11966217308011233
0.13439404203133185,0.13887119551928792,0.10689516885079936,0.11946223052538132
0.13437671023939526,0.1389847983679214,0.10697792604423709,0.11925687367263746
0.13437679237609892,0.13907386431544938,0.10708637190870063,0.11907808992592273
0.1343682651854914,0.1391078690927202,0.10719150736798538,0.11892300945278671
0.13436257590119208,0.13911526839858543,0.10728967294564243,0.11873003206083199
0.13437155432215303,0.1390788030417085,0.10738350503470757,0.11853794763416625
0.13439274568847337,0.13906224821533708,0.107472643578651,0.11832073002733262
0.13439593082377044,0.13901717892154153,0.10761753324566774,0.11810678293116843
0.13441686742073108,0.13898378472023803,0.10779370306457704,0.11792147817732346
0.1344558664918792,0.13894770752274105,0.10798430145098831,0.11771997239741858
0.13452358366903183,0.1389375169367675,0.10808608257566851,0.11753320536583636
0.13464755899799458,0.13895292775386384,0.1081681466558558,0.11731788399396001
0.13481677373955173,0.13898646022943992,0.10824276967780685,0.11710201087899944
0.13500494050551745,0.13903538294403237,0.10833081049230238,0.11692472299290226
0.1351918501553301,0.13910044157612778,0.10841718150604227,0.11677619975611647
0.1353677558138514,0.13919551079013706,0.10851299902451768,0.11660445426963839
0.1355647603185787,0.13928023525390182,0.10861339476007446,0.1164583985329439
0.13578817342386404,0.1393642243980439,0.10872329333048375,0.1163437335281521
0.1360281224207516,0.13942746980143206,0.10882532880591897,0.11626411444077264
0.13627192712133193,0.1394922679796873,0.10892704670388337,0.1161379305127689
0.13653538447216174,0.13957865054156635,0.10902358239585115,0.11602181450464004
0.13678919752704718,0.13968097994393713,0.10914162790734794,0.11593053370268894
0.13703914835225464,0.13978011105949778,0.10928386641829854,0.11586010399597121
0.1372934539721795,0.1398826131386172,0.1094506817184233,0.11581129972170759
0.13754433926583007,0.1399617419776509,0.10962776828001021,0.11579469880658122
0.13772932173190156,0.1400584471379841,0.10978475561685251,0.1158096446268511
0.13790824186194034,0.1401147204611392,0.10992118323908545,0.11584388018002553
0.13808690905396856,0.14016932390021347,0.11008047171967694,0.11589162791314311
0.13828218923722926,0.14024393107777983,0.11024368184954042,0.11597297538947857
0.13845579721594883,0.14030906264929743,0.11038365682438997,0.11606281992030398
0.1386240344344078,0.14033534334245784,0.11053642411231573,0.11612085946462523
0.13880833078494093,0.1403815952946295,0.11068902606646903,0.11616669172277763
0.13897647868666696,0.14042649015796044,0.11086512756771898,0.1162059695982828
0.13915941483844968,0.14043450111607642,0.11103649875017725,0.11624261823987485
0.139350921375442,0.14042394821613555,0.11123060075571534,0.11631716913437985
0.13954331566349742,0.14040930244381195,0.11144402927657364,0.11643221685571689
0.1397383449962104,0.1403782607038647,0.11165450775337009,0.11656715398346633
0.1399382736022368,0.14035224412794253,0.11188571361120202,0.1167054570182805
0.14008168170661367,0.14032358009554127,0.11213166140178578,0.11686092273901508
0.14022005785011435,0.14031534319919695,0.11239983817049735,0.11704335749680293
0.14032794903682486,0.14031358927944043,0.11266233109066069,0.11724145671266506
0.14036742614858372,0.1403133469773957,0.11293902775607792,0.11747452729680904
0.1404060837560636,0.14030246480769443,0.11317974621323586,0.11772324970920797
0.14042288202162193,0.14028226504721414,0.11342386921097279,0.1179291127571433
0.14044023795129662,0.1402424628818886,0.1136857993049593,0.11805481615990741
0.14042356398427824,0.1402004548837834,0.11389339183181738,0.1181552507063297
0.1403376658390253,0.14016840268042188,0.11405758130438123,0.11825152995178972
0.14022847865291707,0.14016032451000407,0.1142114666503942,0.1183421854628033
0.1401151387793857,0.1401258963772232,0.11435420498190199,0.1184346556495833
0.13999460749357262,0.1401058080229806,0.1144368390519521,0.11853195573005464
0.13985818161124344,0.14007819281061543,0.11451973128504385,0.11861777173018026
0.13968954094443614,0.14005569009142374,0.1145950295844731,0.11870762426896983
0.13950867018545254,0.14002883738725339,0.1146887941886074,0.11880612754081947
0.13933483015740594,0.13995959214052914,0.1147928251789481,0.11891295485848273
0.1391722289751368,0.13988031134424378,0.11490801897891643,0.1190349232351
0.13901818713999278,0.13978950379913477,0.1150456689468339,0.1191433260873514
0.13880137664912032,0.13969373482587355,0.11519092550144255,0.11925484412624565
0.1385497927389722,0.13960007196039334,0.11536059529193643,0.119338754731077
0.13827378192538162,0.139505746392401,0.11555533077419916,0.11934851034686439
0.13800551356739643,0.13941581056106916,0.11577161125575997,0.1193752747097161
0.1377507932753282,0.13930833336907866,0.11600759174076174,0.11938750338822393
0.13751000259459517,0.1391921578671865,0.11624823736400237,0.11937805462718545
0.13724716315948113,0.13906663339596093,0.1164951529241659,0.1193506481153342
0.13699659078318396,0.1389641365206653,0.1167561897996441,0.11924846178784211
0.13675697095619438,0.1388597238425145,0.1170176497729104,0.11914800759847459
0.13653216610631097,0.13874202364582022,0.11725492536325481,0.11907773144332923
0.13629313157302578,0.13864110307975633,0.1174746961392644,0.1189970843449378
0.13605243409402196,0.13853078087732265,0.11768112729693868,0.11887280014139262
0.1358099574557737,0.1384369861256276,0.11789904363055716,0.11876132275023381
0.13555220386579886,0.13836120244034933,0.11812755835506096,0.11867474401017866
0.1353106113699133,0.13829323688252962,0.11832679391904526,0.11856343182043566
0.13508973795474227,0.13824336367856696,0.11852008545399322,0.11840879047472225
0.134892704762915,0.13818503560958514,0.11872122467267822,0.11824560864940732
0.13471065421364448,0.1381101035739891,0.11894358355648942,0.11808901860102075
0.13452197501882457,0.1380027914587027,0.11918743797496231,0.1179154605439437
0.13435981181736759,0.13787191240915347,0.11941957586829728,0.1177296467556914
0.13422386866589484,0.13771628516131046,0.11966707952236655,0.11749824108466074
0.13411747722824466,0.13755055758026363,0.11991979490078813,0.1172795024168797
0.13406057405875887,0.1373775483801368,0.12017921006204774,0.1170316843999854
0.13401423389957995,0.13722701107274457,0.12044376707037836,0.11676722919452642
0.13397248256886932,0.13708901350892833,0.12071375780713167,0.11650372295590308
0.13396302003324853,0.1369679153595765,0.12098691656641014,0.11622883642841815
0.13397452900490978,0.13686606724718664,0.1212423808201292,0.1159025041298276
0.13394311267548467,0.13677640967320553,0.1215001858056974,0.11553150210783764
0.13386756904890756,0.13667502699143025,0.12172290846678811,0.11518645033409071
0.1338018997717129,0.13658311301140016,0.12191075374631284,0.114850901856268
0.1337292589271939,0.13649457498703035,0.1220878240026133,0.11451041108383218
0.13367593906864944,0.13641474418614424,0.12227130681471897,0.11414906778657792
0.13364743810491353,0.1363426509443042,0.12246683515899986,0.11377420193403437
0.13360315672296,0.1362770679913146,0.12265122896016686,0.11342642191637957
0.13358855793081062,0.13619759554540672,0.1227782068102182,0.11308883968952539
0.13360645304438315,0.13613918223269322,0.12290437337529309,0.11277624511331288
0.1336199558680547,0.13609383905119649,0.12302420862253464,0.1124823876903528
0.13363824797675275,0.13605327668261677,0.12315410286999967,0.11215751934782821
0.13367253031559145,0.13603286801525982,0.12329332740959442,0.11181863045507483
0.13372849250901983,0.1360359732765739,0.1234402858278738,0.1114545738609591
0.1337732258795425,0.13605101797066713,0.12358472375875623,0.11106568620476082
0.13377651611536007,0.13607316515104148,0.12371465904936657,0.11067078693111992
0.13379643194683333,0.1361056256725931,0.12379901296214664,0.110300144183553
0.1338213766974347,0.13617709241874704,0.12387195073213958,0.10994864136164428
0.13381602965999032,0.1362628313582832,0.12394414950703644,0.10961184372889582
0.13382684872413372,0.1363548501012896,0.12402701200765412,0.10921512051407234
0.1337918034242754,0.1364793114379982,0.12412156498180316,0.10879823390478195
0.13372428529979125,0.13661673499910965,0.1242293648004531,0.10837725413285015
0.13366801968725256,0.13675221169158291,0.12432592239647923,0.10794434476050711
0.1335970490776297,0.13691560500581362,0.12442650414475225,0.10751760828288731
0.1335355615378483,0.13703829862098713,0.12453529872531308,0.10706291992034644
0.13343569832285485,0.13709856164160864,0.1246592321469924,0.10659974071984289
0.1333360914425232,0.13717115500360424,0.12479471493009843,0.1061661286634452
0.13323384546519013,0.13726100638243754,0.1249386891955912,0.10576269701727681
0.1331045049080318,0.13736732550645792,0.1250966779551814,0.10540022445980066
0.1329936168161106,0.13747632814036104,0.12522848232098993,0.10507729520583736
0.1328744486740631,0.13756112324266387,0.12535399831270677,0.1047914683573965
0.13271865410870534,0.1375984526632657,0.12548457654178813,0.10450771041276954
0.13255984517024533,0.13761248412903215,0.12562485394186257,0.10424445035055294
0.13239700017604794,0.13764396575738863,0.1257516528349876,0.10398991663502151
0.13225026966815182,0.13768796789560692,0.12586481511286213,0.10377534943850736
0.1321208146683277,0.13774187457990922,0.12596346814926807,0.10360752272899361
0.13193030018992322,0.13780318010193135,0.12606236543432683,0.10348725430407661
0.13173549446092617,0.1378791301970468,0.12615529139139028,0.10341012844898638
0.1315528178275236,0.13796570346701711,0.1262033083483062,0.10338326218093834
0.1313756510745696,0.13804519371652252,0.12624705366159442,0.10339404236438197
0.1311894338530514,0.1381281086849593,0.12629727666309315,0.10339982523126609
0.13103627722248715,0.1382231833144193,0.12635584332926464,0.10343240782388778
0.1308547510444927,0.13830788853779435,0.12642276750346068,0.10347256035373525
0.13065580698580032,0.1383587920081655,0.12649812013925973,0.10352060211293054
0.1304488129572499,0.1383912239258184,0.12657500600516744,0.10358990852649498
0.1302624643490517,0.13839470126211004,0.12660653607100517,0.10369532430018037
0.13006745850350068,0.13839375118565048,0.12660835614324012,0.10382811991669623
0.12988259866614849,0.13839360737766213,0.1265718821979026,0.1039886399841456
0.12969450095599605,0.13841239419587714,0.1265370856978421,0.10417167679255139
0.12946815767232212,0.13843412901736069,0.12649729610910046,0.10437077549017942
0.12926862886394952,0.13844489017955286,0.12643337580379876,0.10454054426329512
0.12907753395765728,0.138457651967263,0.1263721740425007,0.10473465534380162
0.1288874502986053,0.13844786980884666,0.12632442180871414,0.10491665784784926
0.12871488227009026,0.13844521954665223,0.12627755235701796,0.10507956514497818
0.1285603414524552,0.13844439040787693,0.12624266666514886,0.10526803113199523
0.12836819858821794,0.13845690579796385,0.1262162584704107,0.1054734128862446
0.1281680304660928,0.13849975245771579,0.1262026294102722,0.10566250384565264
0.1279786801353007,0.13857581358213097,0.12620171264666352,0.10584932931611961
0.12778161298812377,0.13868715575241708,0.12621317747612282,0.10605205379525011
0.12755455090998763,0.13882809105871224,0.12623591381781377,0.10625566859276937
0.12730325912115176,0.13900011752257457,0.12626017389202673,0.10646255829662611
0.1271185264813378,0.13917957378619822,0.1262939054144509,0.10668012116828711
0.12699899791244287,0.13936921447888267,0.12632576846632182,0.10690658940931427
0.1269484946771309,0.1395751174307814,0.12635551603203443,0.10709121474535477
0.12692967063547078,0.1397266524234822,0.12639639241219855,0.10729952993704563
0.12692209425454795,0.13988606797083789,0.12642692170448272,0.10749932145900987
0.12692970504839388,0.14004354071980057,0.1264341688886167,0.10770592135791533
0.12695849289706143,0.14018175609304698,0.1264456238752262,0.10791277773971966
0.12699601486973183,0.14031569364328506,0.12645993622305166,0.10812977556152474
0.1270157318365615,0.14044634205333031,0.12647719976455765,0.1083487426117345
0.12698364154666764,0.14055439107896647,0.1264964593221202,0.10852319701537676
0.12699922880974937,0.1406745401932444,0.1265165454370825,0.10868261867382248
0.12704994328916042,0.14077930410741524,0.1264908654952789,0.10885661388039099
0.12712908589521305,0.14081592842531124,0.12645907232375908,0.10904126664679166
0.1272425721774263,0.14082913872631578,0.12642999615202657,0.10922427092142925
0.12739099887463948,0.1408358132772015,0.1263655491164199,0.10938819514718885
0.12757435615214965,0.1408255285873987,0.12631113642377353,0.10954902801186543
0.12774567680890947,0.14077142549480684,0.1262672874874564,0.10972687954589606
0.12794758241470633,0.14072086660687672,0.1261832933185358,0.10985776861845813
0.12818581384847305,0.14065164223776272,0.1260820190790123,0.10996730621767505
0.12845927612680733,0.1405669431096775,0.12597089213445195,0.11005892297608139
0.1286829666434593,0.14047272452463408,0.12584328213157772,0.11016177720947198
0.1289099091431912,0.1403793679254183,0.12572154839324276,0.11023552853834348
0.12912024485964538,0.14028557691465296,0.12561802165265684,0.11029886136414074
0.12931365654531757,0.14021363493177338,0.12553665316199533,0.11032730269695096
0.1294745599371585,0.14014943122505497,0.12546087294254998,0.11035474107218274
0.1296339130438083,0.14009108702869652,0.12537870494696488,0.11039597821609977
0.12976799270659714,0.140051973480988,0.1253305011378087,0.11042404379177331
0.12990416106532043,0.14004153972149072,0.1253155348075688,0.11047797929706922
0.13000386445492698,0.14004983981445374,0.12532338177239621,0.1105365081381375
0.13005707994125995,0.14008071253187762,0.12530480499389587,0.11058905335682931
0.13007957824203115,0.14008927963353393,0.12525328944989378,0.11066170016354515
0.13010500719845722,0.1401101544486281,0.12521001201545684,0.11071481439953863
0.1301195984759045,0.14015698088771816,0.12517267166454363,0.11078807692504782
0.13012810820538984,0.1402294845021672,0.12512236766467277,0.11085231150658245
0.13012679974239014,0.14032743084649257,0.12508181644617658,0.11093607558082384
0.13012461531159672,0.1404141722425469,0.1250531538364678,0.11104595097799758
0.1301300012516605,0.14049080817502968,0.12503590103961282,0.1111503880087446
0.1301503258923404,0.14058357788627845,0.12502638009214925,0.11124664183334686
0.13018736706235132,0.14069465486439767,0.12502867134880244,0.11127499882771791
0.13021211576046907,0.14079544155515092,0.12503769540200438,0.11123830738614092
0.13022869680276083,0.140890375551912,0.12502908027052284,0.11114448289638602
0.1302376186789796,0.14099709131624436,0.12501009659390427,0.11105431268325139
0.13020941998946153,0.14108640398695,0.1250726707398422,0.11100401668046814
0.13015444654822886,0.14119551732379493,0.1251717079233463,0.11097331150739846
0.13008596179628984,0.14131861817233107,0.12528245828367093,0.11096090405881773
0.1299866412295086,0.1414496314558164,0.12540298641121983,0.11096047235774688
0.12988227331805713,0.14156387243125212,0.12551211122801942,0.11098574482568019
0.12973763756259482,0.14166332539020152,0.12557954762230353,0.11103767356389949
0.12956571627480412,0.14174556250605572,0.12559173938370588,0.11111467513514237
0.1293096338115274,0.14182001571339437,0.125583489994526,0.11114383598842435
0.12905754802891772,0.14187279758405233,0.12554754946005212,0.1111919151053156
0.12875861803911282,0.1419435312668464,0.12544481659276469,0.11123155509498353
0.12848243382708766,0.142020956844437,0.1253322591330831,0.11129465097201528
0.1282385355837548,0.14210441195902612,0.1252289974445108,0.11132635866285993
0.12794986718103074,0.1421720619559439,0.12512672786330606,0.11135469064227863
0.12762621429236837,0.1422103332914066,0.12502553450725326,0.11137984100041655
0.12734738899352155,0.14219654362900566,0.12493699301380329,0.11136929092493758
0.12711591669852854,0.14211743852519124,0.1248611363247373,0.11132890087299216
0.12692341593891152,0.14199685126095188,0.12479671696208335,0.11126195836364206
0.1267478497075674,0.14187236199770803,0.12470123573761235,0.11119050427217486
0.12660618450711217,0.14175509630112626,0.12460504565191205,0.11113828378973448
0.12648620969347643,0.14166460915896184,0.12452498739491354,0.11109275060582104
0.1263778573987977,0.14160175423384727,0.1244413849159863,0.11097606364076834
0.12627681566409504,0.14148181881983438,0.12437136142815249,0.11084405508460934
0.1262010688454996,0.14135196588432558,0.12431751375842111,0.11072666101868817
0.126138749609279,0.14121211008717324,0.12428056294848722,0.11064552565220448
0.12606004370016005,0.14108577801484481,0.12426123271987981,0.11060043555528763
0.12596585402025007,0.14099160973312044,0.12425594795227726,0.11057324277839634
0.1258634904187346,0.14093003277895297,0.12425637449131655,0.11056648987543055
0.1257866358061297,0.14089276148391508,0.12427682226614481,0.11055363819943696
0.1257373161547797,0.14084535703089887,0.12431740090031523,0.11054735399117002
0.12565458373612393,0.14080724652114282,0.12435370629036234,0.11053852643275125
0.1254742343933782,0.14078763956234203,0.12439411501045315,0.11057400389711412
0.12524745291597772,0.14077493106729316,0.12445003762699752,0.11064010637395129
0.12503354026148483,0.1407239165575268,0.12449307220770743,0.11072537094494822
0.12485380680219445,0.14069553890438943,0.12454397080561314,0.11084289823638148
0.124708292561119,0.14067040290090704,0.12461047073565647,0.11096174416851876
0.12458831503941997,0.14067613763101844,0.12467627249949466,0.11109380721985103
0.12447195616734213,0.14070673530824915,0.12471996103084283,0.11121896436705793
0.12435244459448108,0.14075503301224399,0.12478142849090519,0.11133236439694513
0.12423780572079181,0.14082905884536343,0.12486060197775524,0.11141832775168804
0.12413394851718622,0.1408996279877625,0.12495054568345201,0.1114897146393228
0.1240581104024745,0.14098964613046452,0.12504763254983728,0.1115877878215918
0.12400914726125845,0.14108070178024806,0.1251579005815311,0.11171425539249576
0.12398630802355332,0.1411981544073485,0.12528218911233716,0.11181828009013316
0.1239715124887173,0.14134355349295902,0.125377018681321,0.11189537017037285
0.12393766626987231,0.14150561954772933,0.1254830119101814,0.1119354560598438
0.12389305232806408,0.14170674008386602,0.12560690568898758,0.1119805925525531
0.12378762643969381,0.14192597653767927,0.12574146619091725,0.11202930375697953
0.1236711782586427,0.1420860656435824,0.12589021226270156,0.1120294748702394
0.12353312395059694,0.14217875204251132,0.1260531275975216,0.11198801113069783
0.12340082219816426,0.1422696283110864,0.12622590502478015,0.11196522792323353
0.12329108679550256,0.14237361451951924,0.12640429240764653,0.1119529881716736
0.12320409960044687,0.14248494438117706,0.12659546184159606,0.1119710623404042
0.12313763367508494,0.1426050263892984,0.12679571348970659,0.11201879380971573
0.12308188996096754,0.14274564906560394,0.12700379088949001,0.1120953354075001
0.12297552219345943,0.14289911546801848,0.12722415321621308,0.11217174367440202
0.12284206397453852,0.14301583360995182,0.12745701309235322,0.11225226435565647
0.12273097407830669,0.14315356501937695,0.12767016719110436,0.1123307549809474
0.12262642041967918,0.14329959851654223,0.12789815703421523,0.1124269484003462
0.12247487548409661,0.14345109124131336,0.1281742188370395,0.11254118294463533
0.12234484851101246,0.14360823149849786,0.12846456178194668,0.11266261205135303
0.12221521398496195,0.14373498048613398,0.12873279819711858,0.11278593315695846
0.12204807009677925,0.1438634456874654,0.1289893900254075,0.1128864883811886
0.1218641614595426,0.14400845604891624,0.12923410665997725,0.11296517487010334
0.12171318938631245,0.1441706774780905,0.1294891465293485,0.11306037391893246
0.121580483476575,0.1442560776085304,0.12973291598833933,0.11317176790596445
0.12145046096627699,0.14432363899775416,0.12990050679685639,0.11328661584360439
0.12131582064300198,0.1443925620297723,0.1300069357332738,0.11339872186582176
0.12118176842072512,0.14439698292434597,0.13010723687412581,0.11346669076313926
0.12104063744864295,0.1443525760713689,0.13021713278846106,0.11352668053254417
0.12086065070800701,0.14427405167943136,0.13033667378778924,0.11352051215446213
0.12069423146605422,0.14411329335796388,0.13041365059195775,0.1135233748622022
0.12054658208038437,0.14396561021711649,0.13047880514086022,0.11351421460159226
0.120396994755874,0.14384508169001076,0.13055395231484565,0.11348817058251523
0.12025844379346533,0.1437246299693654,0.13063929111016942,0.11350580564412761
0.1201454120086491,0.1435902739972419,0.130730562274429,0.11356312457190333
0.12000967049720203,0.1434335856656158,0.1308076836494197,0.11361077401633979
0.11985430618893687,0.14322534606875736,0.1308639103815197,0.11365341073070517
0.11968073318215343,0.14301398731869436,0.13093182331281333,0.11370426262553719
0.11952500782104408,0.14277995060539533,0.13101325121448779,0.11374550887031591
0.119389099605919,0.14253004746007694,0.1311094362525553,0.11377267248699224
0.11925955633013693,0.1422882759832192,0.13121316116884707,0.11380269922852783
0.11910399070953062,0.14206410158925173,0.1313278708981686,0.11380147197655038
0.11896006085381526,0.14184507977413682,0.13145708114809534,0.11382739099310105
0.11884034598129847,0.14161879424021048,0.1315844912201722,0.11389098581409611
0.1187056101049449,0.14140826654536887,0.1316836696646086,0.11399279499755431
0.11857508759886855,0.1411507256156988,0.13179128015742797,0.11408988937791692
0.1184819719291404,0.14090038463782098,0.13185992990396353,0.1142070939799715
0.11841369810458663,0.1406777801708898,0.13193893519368735,0.1143523958462281
0.1183753423858409,0.14046028516746423,0.13203139294613359,0.1144904736789794
0.11831586440479187,0.14024054436757982,0.1321255004611573,0.11455670161179916
0.11827855828818351,0.14006466745011883,0.1321780108372116,0.11464821330764083
0.11828084886693242,0.13991192433352,0.13222820862203477,0.11475453151958587
0.1183264312944008,0.13976334208005814,0.1322907567460146,0.11489067163002133
0.11838344601553745,0.1396365950118482,0.13233322799995428,0.11506468578013168
0.11842460268588077,0.13953094828048843,0.13232846420701355,0.11526509491977026
0.11843457121343644,0.1394094878694435,0.13229647459183322,0.11549207419683129
0.1184276909632902,0.13932071247178165,0.13226060062354816,0.11570626495039361
0.11831370168567029,0.13924299091865328,0.13218969976937445,0.11591641269192117
0.11818256470417926,0.13918773007159235,0.13208298066357524,0.11614179017117614
0.11805363478795995,0.1391493374915085,0.13198264952419425,0.1163366263363711
0.1179240774743749,0.1391434213514872,0.13187160558031838,0.1164893451544152
0.11778438044195541,0.1391714323301979,0.13176576705358709,0.11660632612725592
0.11760236968279378,0.13922441804858818,0.13167602132271689,0.11670825055030168
0.11742142411913786,0.13925422575263316,0.13160327166144614,0.11683051944381447
0.11725082990414096,0.13923336116361212,0.13153848380476227,0.11697894095006987
0.11710998706771393,0.13920602943090216,0.13146083174379758,0.11715472031142399
0.11699837749022458,0.13912473429375605,0.13134051810505887,0.11732448328352608
0.11686979423254495,0.13904695910863085,0.13120571736374761,0.11745452205761184
0.11674107246797219,0.1389733832408666,0.1310611799196627,0.11760146894612998
0.11662425589743278,0.1388765847099834,0.13088275015941114,0.1177763533310001
0.1165197364332481,0.1388024530081097,0.1306690193983123,0.11795351820005662
0.11642161057856364,0.13875214262198307,0.13047270090111168,0.11803069097140968
0.11634047158096501,0.13872658912019142,0.13028004017746717,0.11809367055331087
0.11628821659082739,0.13872686753898456,0.13008614829497495,0.11814413483438413
0.11625727012818725,0.1387539398767932,0.12991640493223205,0.11817686873851262
0.11620100424038915,0.13880558094181827,0.12974703361940715,0.11823660062020096
0.11617788791468513,0.13886253919589314,0.1295370358174073,0.11830465563969356
0.116178138602134,0.13888604234430346,0.12931076437466454,0.11832882855250439
0.11618501464525056,0.1388651586814278,0.12910508541331503,0.11838774709321416
0.11618750726826593,0.1388204736235142,0.1289184410943089,0.11844803362632024
0.11621917214750278,0.13878348522106643,0.12874177815077986,0.1185360134315751
0.11627980924882271,0.13871782988951237,0.1285292109487681,0.11863336366127326
0.11632003449459484,0.13863919450731646,0.12829797443271895,0.1187330450053449
0.11633069713956498,0.13857437712657558,0.12806516442167284,0.11886203212165178
0.11628396627056109,0.13852112756583168,0.12785307076309613,0.11901880945801109
0.11626486725012693,0.1384420777459395,0.12764320819056152,0.11917617219902357
0.11624562467816504,0.13837139738931215,0.12743996616713985,0.11930521980050532
0.11621322697066536,0.13828611724708625,0.12725866447657583,0.11941665168050065
0.11620969021161975,0.1382125247282023,0.12708553276279747,0.11945767436475938
0.11619973513189455,0.1381451653977404,0.1268977797593273,0.11950015531044698
0.11618434417512884,0.1380854218464229,0.1267324212260351,0.11954408539601691
0.11618768118263166,0.13803832271282737,0.12658905752331354,0.11956302365219913
0.11620259516066135,0.13796774747948465,0.12642772759924295,0.11943799720482662
0.11624946636314026,0.13792276670085718,0.1262577207455563,0.11926665473023716
0.11631499089310136,0.1378557811865662,0.12607789593771238,0.11909467542595092
0.11635971865465974,0.13774159913309106,0.1259167872169648,0.11889674679618414
0.11640192997039549,0.1376269558162726,0.1257751556481549,0.11872273361362287
0.11646427584520185,0.13754560946691666,0.1256512149044884,0.11854432392248823
0.11656283701608813,0.1374981404347439,0.1255550787987828,0.11837109660837113
0.11664843596961173,0.13747701551044572,0.12544601917625395,0.11819397198016977
0.11674881540754566,0.13745184380913414,0.12527807511127195,0.1179687945991471
0.11691879486486488,0.13744441824834275,0.125052129038044,0.11772959810237958
0.1170974507310337,0.13746928868484232,0.12481764961271562,0.11750084574272611
0.11729299516250366,0.137508740468826,0.12459945549086562,0.11726527249439568
0.1175071794221062,0.13758058410032864,0.12433816281543209,0.11700458107778325
0.11770758304134706,0.13768334642704672,0.12407556611724108,0.11675937762830456
0.11789636099079814,0.1377854081135631,0.12382191265912647,0.11651547422352053
0.11805638088582919,0.13789128498986983,0.1235780457258027,0.1162704666632507
0.11821651285038678,0.1379916051843386,0.12333040450662568,0.11605265219930506
0.11838070151252525,0.13809065489556002,0.12309340429503197,0.11584079294697486
0.11856320602355964,0.13816204043048028,0.12284339273477257,0.11567543376372402
0.1187377911486199,0.13826097692770245,0.12258374409409567,0.11558292696735388
0.1188591144083325,0.13838358266071782,0.12233402400517403,0.1155412131236491
0.1189495049153368,0.13848788345290564,0.12206361564462867,0.11551924364687097
0.11905732405612439,0.13854576233677013,0.12178524462886689,0.11552678234305612
0.11919104062324617,0.1385250292132886,0.1215235146835343,0.11556639833885084
0.11931185193055606,0.13851597976865593,0.12127832476846534,0.11563777240933047
0.11937189665676158,0.13847754287265127,0.1210471414906788,0.11570829902944872
0.1193892646600027,0.13845366745415294,0.12081894264988308,0.11575345785815988
0.11942307281144572,0.13842457973232414,0.12058018102417734,0.11575626643246181
0.11944346327655907,0.13841685072963295,0.12034403731326129,0.11573205796621419
0.11942957570305696,0.13839475776731977,0.120119134173679,0.11568910395100533
0.11944697778012571,0.13838852702515234,0.1199177019514361,0.11564093888340712
0.11948040129748787,0.13840084874006242,0.11965538543736574,0.1155869029087207
0.11954281025484172,0.13840698838890214,0.11940266047539316,0.11556140900766594
0.11962990927913493,0.13842324977525802,0.11916758107080647,0.1155668528290629
0.11972674092376727,0.138423635781778,0.11892216169405101,0.11557941865195938
0.1198479338707442,0.13844389032378093,0.11869070690594981,0.11560251674105816
0.11995485079534024,0.1384263296575799,0.11847825708369497,0.11563930658216431
0.12005725906836648,0.13840738222293106,0.11827684675192579,0.11568377840848998
0.12016913927984046,0.138411030365312,0.11805741764054903,0.11573685705586645
0.12029033060280629,0.1384376903254894,0.11785543632779483,0.11580727624273388
0.12035190803949743,0.13848813826677153,0.11767993320492984,0.11588111078804435
0.12036049486501638,0.13856372416954035,0.11753192651405672,0.1159954159219804
0.12035232509676225,0.13866642266963128,0.11741236132053018,0.11615679419163491
0.12032007708008514,0.13878948860844442,0.11731930298300101,0.11630799317584273
0.1202949607791847,0.13890888627889264,0.11722447196602553,0.11644747941533623
0.12026084835288291,0.1390008241478202,0.11713970773699446,0.11661442155898703
0.120234633924873,0.13906448875187663,0.11704787336696326,0.11679008127449947
0.120225935202359,0.13915465602287203,0.11692388114422216,0.1169738463822494
0.1202411809556747,0.1392874148686941,0.11682447775143562,0.11715370020440675
0.12028061071200509,0.13938447542287735,0.116757557616793,0.11734845115348358
0.12032969558576703,0.1394969022840537,0.11672673283033488,0.11755410152710415
0.12037732173839669,0.13963067568484375,0.11669315611031632,0.11776308387363246
0.1204074359529233,0.13978385939655275,0.11669272412946942,0.11797268513161992
0.12044496287283998,0.13994572041353712,0.1167319120794512,0.11822053696807158
0.12046379077677855,0.14013389989276798,0.1167525698740906,0.11844929226727752
0.12049325449112043,0.14032779214093918,0.1167500535278894,0.11866816705941893
0.12053781537712766,0.14051297739596774,0.11670453693779007,0.11885255392605991
0.12059248769992141,0.14072988351668494,0.11663880729987802,0.11898672906276486
0.12063939935703108,0.140969914476898,0.11655540034547228,0.11911461712305385
0.12070805345693415,0.1412486713969392,0.11647554781647886,0.11922120586921636
0.12080082028151783,0.1415653871657399,0.11639514834786951,0.11927099139580363
0.12090435297276513,0.14191128411318912,0.11632395911079474,0.11921700480034648
0.12103335087113175,0.14227135631256826,0.1162675932142754,0.11915898984913277
0.12119106143105832,0.1425847188632614,0.11621005030023579,0.11911353709979833
0.12135789792396494,0.14287525911554236,0.11614558825491404,0.1190738180347422
0.1215991622285839,0.14314881827765072,0.11608496146414952,0.119053274411802
0.12187162445776183,0.14343730381957884,0.11601034836779256,0.11905569952966026
0.12215517159284746,0.14374971090379204,0.11591685306113746,0.11907828478190777
0.12246313727273407,0.14407940484963772,0.11583332951499084,0.11906590062383081
0.12279416460054449,0.14439523921275632,0.1157259881919377,0.11903477511108117
0.12314707646059113,0.14467988870012471,0.11559528442393235,0.11892858547411142
0.12351402572718775,0.14496774548175534,0.11545590877222985,0.11882263205908192
0.12390040017176053,0.14520306167506475,0.11532063090828634,0.1186879552631979
0.12433826069923178,0.14540268889221733,0.1151884148691481,0.11853285462553273
0.12478779119869436,0.1455822340715171,0.11506358016610313,0.11836139653574419
0.12521883042184848,0.1457246861785416,0.11488893384040261,0.11825481968581857
0.1256634731426476,0.14587023657130907,0.11464397250696091,0.11814822516465626
0.12607219300712877,0.14600430267490216,0.11439520356243894,0.11805217238463354
0.12642209892851755,0.14612909101244742,0.1141621344479621,0.11796419110714682
0.1267481703649364,0.14622010491007742,0.11393073556629695,0.11785890063974298
0.1269902993625217,0.14628835520701508,0.11368228051494601,0.11772499756052682
0.12718996086378917,0.14635133691501215,0.11345057142564097,0.11754195287931607
0.12737652452825304,0.1464199773575375,0.11322659880501487,0.11735892631660326
0.12756712460728867,0.14647778411021503,0.11300671473610084,0.11719658871604861
0.12776022568371764,0.14654165936272684,0.11280073483972254,0.11705592889532951
0.1279491813643986,0.14662004853769414,0.1126128715324848,0.11693004252428113
0.12815313068998713,0.14668912600259307,0.11243575049563564,0.1167736400554179
0.1283653491606974,0.14675775213205053,0.11226373687489133,0.11663073978006373
0.1285732627422019,0.14684587794297563,0.11208323530356007,0.11656772887922669
0.1287353414408485,0.1469532646935465,0.11188465094329075,0.1165767579567865
0.12885648739401304,0.14706726733774572,0.11169518530576168,0.11660142149722492
0.1289355297551004,0.14714955028700152,0.1115246389833846,0.1166265211746143
0.1290084244408388,0.14724073573892213,0.11136322284979527,0.11667984144218044
0.12907807862068923,0.1473430604482756,0.11122139958015177,0.1167634303933742
0.1291563910884446,0.14744246946246242,0.11106557225557699,0.11686743091680589
0.12916895035284676,0.14754447551619218,0.11088268705482272,0.11697419048136598
0.12917678450049266,0.14763017707744755,0.11069805484981167,0.11706055065320355
0.12913419466808074,0.147692695799043,0.11052940627284302,0.1171329107231417
0.1290441090720661,0.14773574396931666,0.11037964456631012,0.11720922409309198
0.12893027774238275,0.14776154774987846,0.11024565177640405,0.11731051701320591
0.12880871690322862,0.14777005856837983,0.11011386632503326,0.11743413080091358
0.12870102193399233,0.147741549708707,0.10996967590980582,0.11756947841595083
0.12859053626129197,0.1477000212429237,0.10981677819387313,0.11770534238055175
0.12844142346998247,0.14766935527246805,0.10966321376335113,0.11782463331830621
0.12829508854942204,0.1476418383146637,0.10951588303554588,0.11793246938145348
0.12814336529408496,0.1475933508972018,0.1093802201858866,0.11802014852150686
0.12798654039120977,0.14756789615462435,0.1092306142379116,0.11807798489427704
0.12784780532807885,0.14752172087484333,0.10906455524467112,0.11815059199971965
0.1277023179980841,0.1474690687923329,0.10891787145843149,0.11821914986513946
0.12757118728962802,0.14736562713556148,0.10876372675322063,0.11823519134837798
0.12746086925716754,0.1472408192145783,0.10863059269261456,0.11819099344770853
0.1273722558198271,0.14708351236260728,0.10848686571995118,0.11815716897399735
0.12727122633377275,0.14689454371207566,0.10834065392145462,0.11813767298999249
0.12715369861310483,0.14669236729557703,0.10822818772788426,0.1181401010557596
0.1270408689333592,0.1464513072692726,0.10813644728708299,0.11816485596278276
0.1269331858837964,0.14618567434142643,0.108055867755656,0.11817924278857328
0.1268374087768132,0.14592560743478136,0.1079853515113518,0.11815609360056972
0.12676997220559497,0.14568264363131353,0.10788817404232157,0.11812730971313329
0.1267320437145784,0.1454612842203611,0.10777905985850714,0.11804992979801845
0.12669505486997396,0.14528381459747483,0.10766841857611016,0.11797866824028863
0.12668062604657357,0.14513055384672988,0.10755821106835427,0.11786188749603664
0.1266755989466828,0.1449941399098173,0.10740574836782585,0.1177433854730229
0.12668345399546793,0.14485837619212172,0.1072421598308027,0.11762440674323667
0.12668335539542944,0.1447363923977051,0.1070915468668931,0.1175444931389476
0.1267028638171886,0.14462249456005408,0.10695485850594728,0.11750775712231316
0.12672414786820674,0.14449346708260108,0.10683204740576789,0.1175123253092059
0.12675611909721354,0.14440744120604435,0.10671931540874463,0.11754620065301719
0.12680123565037066,0.14431996263670696,0.10658739893544707,0.11759986594337973
0.1268791610448031,0.14422734775512416,0.10646373821688242,0.11761480480438732
0.12698503696975919,0.14414477566449194,0.10634831277466572,0.11760843371411936
0.12713785521224027,0.14407630115008183,0.10622444916771519,0.11759468230582637
0.127350068447567,0.14398805910213114,0.10607533713559462,0.11759727623880599
0.12760445650452204,0.1438966040560461,0.10593373862934494,0.11761711290196684
0.12785550048149807,0.14380611632240597,0.10577532410818488,0.11759345384568003
0.1280832332730717,0.1437358785726674,0.10562681179618855,0.11759118121686513
0.12831697336390896,0.1436704395001759,0.10549700776340779,0.11761463319502212
0.1285161026445304,0.14358010611747316,0.1053368687354262,0.11766220361240866
0.12864059369243713,0.14341424133294223,0.1051852064859723,0.11771952661559762
0.1287876289052811,0.14324121696415215,0.10503588683426418,0.1177451451951173
0.1289475582869071,0.14307920068577493,0.10490315474232859,0.11776377906964818
0.1291423092355627,0.142932062261376,0.104796029931858,0.11780795617320323
0.12937086156751504,0.14279702207247805,0.10471642876456444,0.11782399523849332
0.12963596792499565,0.14265322856288407,0.10466214242227691,0.11786445364069414
0.1299087667629243,0.14250179471812094,0.10463126312242026,0.1179172733941311
0.13019050964185894,0.1423391864227024,0.10461739997176578,0.11794143099288235
0.13046797035177712,0.1421616678580078,0.10462135328829618,0.11796978694998016
0.13074681317862877,0.14200923841502444,0.10465255898566907,0.11801813191646779
0.1310316640384507,0.1418756029000024,0.10470112016858199,0.11808373296427353
0.13133272486422146,0.1417266324903545,0.10475238817283333,0.11814329618603227
0.131634484365974,0.141571978984107,0.10480643361436734,0.11817422246298374
0.13191842590724076,0.1414224739888599,0.10486359193708786,0.11820134857975786
0.13215338943437874,0.1412844008688258,0.10493306536607572,0.11822570181511133
0.13235816364756636,0.1411618382125524,0.10502081580741952,0.11820419277606833
0.13254750794751913,0.14104432371490216,0.10511191241203441,0.11820135366309113
0.13272947670792015,0.14092647547079243,0.10511778732837054,0.11819934724391057
0.13290587821816774,0.14082298038223173,0.10510624664968421,0.11820478961936422
0.1330913337650539,0.14073383257344382,0.10511128181080213,0.11823844311471438
0.13329008147369847,0.140632235226659,0.10510709204623918,0.1183016321235359
0.1334823095228087,0.14050890063625643,0.10507112049354063,0.11839604382672808
0.13367206832095707,0.1403973383792392,0.10505148412996158,0.11852188250040024
0.13378840677207235,0.14029857426457612,0.10504837603369686,0.11866953510204764
0.13389023342079606,0.1402143288392482,0.10506221582185442,0.11880963726328013
0.1340068570004569,0.14016002169361697,0.10509093212833923,0.11895624309613037
0.13413500916535376,0.14012356730001788,0.10511571284410297,0.11910387046668924
0.1342449272103581,0.14004774491961106,0.10514417259317943,0.11922162465623182
0.13432894341843954,0.13994867179011852,0.10519265952711798,0.11935745226138403
0.13438422670572017,0.13986419752365706,0.10524679913228957,0.11949601433689531
0.13442667552997786,0.13975931661715532,0.1053140230903066,0.1196508431042897
0.13443098649100133,0.1396272175953767,0.10539929467450086,0.11982412246681146
0.13442665163574719,0.13951777925928752,0.105481845171598,0.11998867266346477
0.1344528020670444,0.13936097275779127,0.10554785669277099,0.12015230904197569
0.134508305092827,0.13920818360187814,0.10564062452110984,0.12031310331656954
0.1345919294755206,0.1390734550488998,0.10575596315944345,0.12046991422339474
0.1346810111689598,0.13896731288230696,0.10588175768346804,0.12061281728161433
0.1347645000829198,0.1388929569704816,0.10601783951505835,0.1207221098145462
0.13486020528840773,0.13883849065830836,0.10617046818797819,0.12083224225859884
0.134961517024569,0.13881034976357912,0.10633575144970311,0.1209425447540658
0.13504498626712613,0.13877356371634708,0.10647986340701822,0.12102720808291469
0.13510961472860233,0.13872203932431698,0.10660376481489271,0.12101514807457824
0.13519387297947358,0.13869521307527277,0.1067302526313017,0.12101377310181098
0.13530384602668474,0.13868507730992574,0.10685892730262145,0.12102294801148901
0.13542203097051647,0.13865859477223544,0.10700379192928372,0.12103241209767834
0.13554398407215298,0.1386163811226138,0.10716583203908532,0.12105491980606554
0.13566038533250468,0.13857564781940845,0.10734669193670428,0.12109951441589002
0.13573560910770963,0.1384831954572832,0.10752991037276541,0.12114451066735794
0.13577987217831822,0.13841100993720767,0.10772841446444142,0.12117593082047827
0.13581925644696408,0.13836288537339456,0.10794541523356439,0.121206234772276
0.1358746352764558,0.1383395701615755,0.10815814235052079,0.12123237556882968
0.13593402798651924,0.13833139726895705,0.1083745651891989,0.12124029191488626
0.1360146036788368,0.13831629444200413,0.10859824914592131,0.12124368959805679
0.13610349108367895,0.13832280519405635,0.10875655042098879,0.12126646873216625
0.13610948478769375,0.13835662883396543,0.10887784322243833,0.12129371237208604
0.13609881676907645,0.13841867124029564,0.10901160442685098,0.12133641109569762
0.13603792132500162,0.13847958122272955,0.10914387022496831,0.1214022615147419
0.13595280464221748,0.1384885184405926,0.10923526126732794,0.12147301225874216
0.1358598018244517,0.13849200240631818,0.10931522164892157,0.12153752103299935
0.13577294004667834,0.13852395335384474,0.10939379253467112,0.12159133010921944
0.13569628793440502,0.13856845369746332,0.1094608891380928,0.1215974116310952
0.13559632611555858,0.13863742261775328,0.10953339805898567,0.12157680178173413
0.13550804119176074,0.1386853919433645,0.10959872085273581,0.12154724920619862
0.13543323540578697,0.13870954991288215,0.10967416320341591,0.1214869445684991
0.1353554492340159,0.13872518025376462,0.10976228865419496,0.12143441654829967
0.1352817356114678,0.13874970820995128,0.109829225848389,0.12138002322095419
0.1351670575108388,0.13878695744204828,0.10986204227254501,0.12132730515978542
0.1350278582477624,0.13884290831542584,0.10987525003877552,0.12127032008538147
0.13484310349374873,0.13888718610559833,0.10991050451828815,0.121202405701761
0.13464629690755422,0.13890336573941497,0.10996863442996517,0.12113029958437575
0.13444578867543325,0.1389329686096341,0.11004963440063092,0.12103779091370473
0.13426566345487617,0.1389892624699571,0.11008402264738917,0.12097006879912123
0.13408883434625765,0.13906326882053055,0.11011916928579323,0.12087346801352476
0.1339272391951841,0.1391199765400068,0.11014928230729466,0.12075996936976444
0.1337836528180792,0.13916112048400162,0.11016968095294015,0.12063865991467279
0.13362667955932223,0.13921780908385087,0.11021210708756524,0.12054156404820146
0.1334191538729917,0.1392920922952678,0.11027639870482978,0.1204477177965756
0.1331881955204683,0.13933679963886614,0.11036235472584746,0.12030338979202665
0.13296575610338882,0.13938130516134023,0.11046285450890167,0.12009327386859833
0.1327690358137463,0.1394004847695095,0.11056169078118094,0.1198715305819536
0.13260018960514783,0.13940103521807912,0.11068303010934832,0.11964520873273492
0.13245143924516345,0.13942552339072625,0.11078052378988545,0.11944791564197764
0.13231586017336291,0.1393885527673869,0.11086311726125805,0.11927800596068888
0.1322018392343806,0.13933209992875875,0.11094144137653533,0.11915323855271956
0.13210146486770077,0.13925700839554536,0.11103293579473549,0.11905415712891243
0.1320337563500739,0.1391533499776803,0.11114591383069476,0.11898392206373691
0.13202117372688515,0.1390240787187827,0.11127973135446795,0.11891178276618061
0.13204261269766182,0.13888893922102452,0.11143345704184883,0.11883298210935914
0.1320769846919084,0.13872918544006207,0.1115995729971706,0.11876084865578433
0.13211843077865704,0.1385659585047626,0.11175703833269153,0.11870043598422131
0.13218030358220667,0.13838869627547104,0.11191865384588998,0.11866296772330262
0.13225090604633924,0.13817681899992007,0.11206055982714636,0.11863350314051542
0.13226291333164764,0.13794853927278608,0.11220367055257122,0.11861454188422947
0.132241183275523,0.13769820975972014,0.11233580546018551,0.11861839077107687
0.13222228980961998,0.13746313090894088,0.11247392595952213,0.11861939443849735
0.13221327850183662,0.1372438362403848,0.11262850690101218,0.11864314728357578
0.13219506264169203,0.13704114935867287,0.1127941093907149,0.11862014828452315
0.1322051823521467,0.13685551526209372,0.11294662624643881,0.118566467304238
0.13224832852836144,0.1366874638838256,0.11309350754330297,0.11851848988768063
0.13226509418565127,0.136538191692415,0.11325575864816796,0.11848732879655792
0.13220741705377537,0.1364083084821183,0.11342955752792969,0.11843881907133536
0.13215696986191033,0.13629211536828342,0.11355286921035747,0.11840094526485234
0.13210161069999882,0.13619487975490274,0.11367952026331912,0.11838286482912082
0.1320090615372024,0.13611752625924248,0.11379905916214039,0.1183854914159802
0.13194189075899793,0.1360112307928566,0.11393148735956808,0.11840710807871092
0.13189421933766154,0.1358893995715054,0.11406517553568288,0.11844247074190653
0.13185284491588486,0.13574600990910995,0.11417442122838116,0.11849052732245617
0.13184894466421146,0.13561870080243574,0.1142605628494502,0.11854492300314173
0.13185726270044126,0.135500661080707,0.11433131316596121,0.11858469099280666
0.13187546727118563,0.1354003315832804,0.11439536636721696,0.11861472818679647
0.13189067174377925,0.13529597753659833,0.11445922448444429,0.11866598283900945
0.13190354244994515,0.13518332209729333,0.11451307786254208,0.11869392199218559
0.13193870817478412,0.1350879826773621,0.1145044121681757,0.11871679476993931
0.13196351999761813,0.1350087191592185,0.11448791007489963,0.11873170944738341
0.13200095618952926,0.13495452790838836,0.11447885132491847,0.11875813470827615
0.13205684617875046,0.13492995050760234,0.11448691678872672,0.11878819002720441
0.13211013292924936,0.13493708992473707,0.11450937398698556,0.11881913208294007
0.13218623697144458,0.13496196035690863,0.1145264780375758,0.11887319942165353
0.1322488714036803,0.13498622917394873,0.11452887241352772,0.11895254633167017
0.1322471198981021,0.1350270057886416,0.11454794184149841,0.119055348200299
0.13222082069703858,0.1350654671248331,0.11457869214147264,0.11917612130510821
0.13220039011006152,0.13512626882756354,0.11464189562343105,0.11930771792651189
0.13216684645704052,0.1352154078492239,0.114721556004285,0.1194515900234973
0.13213938317908888,0.1352970070509688,0.1147802709330378,0.11962641172395452
0.13210174497682323,0.1354073923413367,0.11485104931687726,0.11983030174422589
0.13205418867820654,0.1355469899260887,0.11493895066598463,0.12004165643000146
0.1319590779300983,0.13571660056677692,0.115037752912582,0.12023410393018036
0.13176827348194453,0.135914145275323,0.11513383781924517,0.12042587300550561
0.13155675345792248,0.13615508907495386,0.11523437302289928,0.12062734903810225
0.13136253099351797,0.13643278018921884,0.11532345579692714,0.12085198342452017
0.1311399743043389,0.13670417988207537,0.11539572647143002,0.12106769704620804
0.13087843401898583,0.13695825915421847,0.11547563385810884,0.12124518691352323
0.13061668279450106,0.1371839132534732,0.1155285715555923,0.12142791915819241
0.13033596283575,0.13736217833462153,0.11555081252139993,0.12151354192568195
0.13003810496281246,0.13754245529076625,0.11558748450655798,0.12152152151421344
0.12974115561600758,0.13773939182508588,0.11563381525571083,0.12149948454864708
0.1294541312068813,0.13792178661322102,0.11567130131105012,0.12149574455765093
0.1291454596323388,0.13811461567423747,0.1156192735755741,0.12140296238329963
0.12883330488209183,0.13830640133708638,0.11556034178551085,0.12125416339122663
0.12851846844300804,0.1385126314203293,0.11550210603363276,0.12110229184214992
0.12821958768059777,0.13871847180392172,0.11543470345689259,0.12094304256368239
0.12796074832896756,0.1388912982359273,0.11535510632662771,0.1207550154265929
0.12774145695200917,0.1390303899260453,0.11527628599991113,0.12055781673278203
0.12750021956611246,0.13917246098973451,0.11521274285078892,0.12037203021702349
0.12722915214559277,0.13931559429286855,0.11515368634800546,0.12015468488324946
0.12699419304579718,0.13945374717377518,0.11508770971252816,0.11993333438557288
0.1267763356093891,0.13960743600884779,0.11501308440617558,0.11971863567794541
0.1265790129675101,0.1397498441120295,0.11493114562906064,0.1195208628148996
0.1264067784338131,0.1398702377327869,0.11484265335265154,0.11933465736508357
0.1262579143699834,0.14000727986850572,0.1147703274577962,0.11916922868954735
0.12613950411834002,0.1401192640889885,0.11471101632835765,0.11901058317821947
0.12604627254612896,0.14021166543240013,0.1146668946300738,0.11883273284479018
0.125980968666525,0.14030186161102645,0.11463911719708415,0.11864266858780916
0.12593914329087952,0.14040569313499957,0.11462744198127889,0.11843931414797185
0.1259219805047445,0.14051070358305842,0.11462211281022229,0.11821507612685471
0.125936704277064,0.140630347281417,0.11461583554327923,0.11798135696006506
0.12598375112636936,0.14076718581572206,0.11462373284106964,0.1177311756767429
0.1260641755421353,0.1408893918655948,0.11461830861625437,0.11750624603532056
0.12616651083754538,0.14098677679943766,0.11460675515997565,0.11730524958426555
0.12622110825945224,0.14106657356651145,0.11459469503164799,0.11712301469139882
0.1263065506191661,0.14115138633239296,0.11459332999958749,0.1169434452088432
0.1263834593858619,0.14121523372344305,0.11458621450822565,0.11675416293911915
0.12644330521717212,0.1412450577304955,0.11460794225906701,0.11658734337061886
0.12649289842255215,0.14122409235892192,0.114601113685009,0.11643964463266478
0.12657584793068766,0.14117740129007963,0.11458576560375901,0.11629022159928519
0.12666760036869745,0.14112646765889317,0.11457344404299798,0.11616125861818676
0.1267845385106086,0.14104669977790027,0.11456809456328941,0.11609004771714428
0.12693354033821477,0.14097955297896356,0.11454794192118724,0.11604618845497632
0.12710910996438785,0.14093050770657514,0.11451736846133376,0.11601995160862477
0.12729202901706219,0.14089088061066962,0.11450119756533836,0.11595653005282641
0.1274192407591369,0.14084212154697087,0.11448315309375705,0.11588115320895068
0.12751247453553125,0.14079238138033254,0.1144772764280423,0.11577786382332116
0.12756824178384088,0.14075529335991546,0.11448714935143263,0.115663831451057
0.12760302263996587,0.1407320640389367,0.11448625671898746,0.11557335516680194
0.1276485172461994,0.14072133080626423,0.11446568702062644,0.11542603463651734
0.12770702703112646,0.1407235944516293,0.11437392905457726,0.11525298413918718
0.12778847295240792,0.14070396409589103,0.11428125680466178,0.1150732730792265
0.12785480683413866,0.14067137337303476,0.11415584113364058,0.11488927779017995
0.1279490161402147,0.14060668688556066,0.11401666695371462,0.11470811623693188
0.1280571440419825,0.14053672826508645,0.11384089603592912,0.11453846978789657
0.1282140711430751,0.1404695196128252,0.11364970448141816,0.11439374830277858
0.12841252119089883,0.14041467655309195,0.11346622825782594,0.1142385910291674
0.128601228861592,0.14036391725687236,0.11330274713550104,0.1141013714693359
0.1287619816112152,0.14029883958235737,0.11315915252259565,0.11399969590542577
0.12891264625333881,0.14024727281704485,0.11303553126682875,0.11393702584755426
0.12905070874649813,0.1401995218032509,0.11291343133220444,0.11390225147061644
0.12915742043240633,0.14009794658794936,0.11277620854668197,0.1139062692522553
0.12918783312529167,0.13998866559007728,0.1126502327470255,0.11392762829816121
0.12920187291239482,0.13987065778574062,0.11253280678689155,0.11397727379434328
0.12920265741808432,0.13975674267411947,0.11239088241198504,0.11403541532441933
0.12920323038525694,0.13965482265692913,0.1122140228794278,0.11410203441910824
0.12921489394462157,0.13951307677109423,0.11199680399934678,0.11412407410522396
0.12923057107089408,0.13937579699146477,0.11179588250649002,0.11413405423998853
0.12924879761534228,0.13922650859167124,0.11153206181799254,0.11413305138253747
0.12925709937705288,0.1390835670220511,0.11126853893480548,0.11408370939715841
0.1292358021878351,0.138952265729905,0.11099020948840273,0.11401853752508276
0.1292317704563057,0.1388328053073387,0.11071992006760478,0.11397644542352067
0.1292193257250284,0.1387125787340642,0.11037862589151504,0.11387879610849527
0.1292422088150702,0.13860057795722486,0.11001577062115558,0.11374822416512505
0.1293019584484951,0.13847735137706862,0.10963038959476128,0.11356966113944772
0.12939892306559456,0.13831713635361248,0.10925240459161067,0.11341661474072717
0.12950681140641326,0.138122875999026,0.10887735035148635,0.11329584488591907
0.12963321806134617,0.13789158207946237,0.10849252341815298,0.11319740866874024
0.12973213312499474,0.1376736241430578,0.10813128494399744,0.1130691911686055
0.12980625921824004,0.13745854675379224,0.10779429659344128,0.11293506838933366
0.12984387419924606,0.13722012308131787,0.1074223815079007,0.11282855851284976
0.12985418878570598,0.13697533548752072,0.10704949138271502,0.11275653151510515
0.1298114662560507,0.136727380369107,0.10670400682865486,0.11265351333579245
0.12975241761550418,0.1364834480678155,0.10638584837256193,0.11258057531711886
0.12972354616398238,0.1362541371316852,0.10609829275104264,0.11253162024663473
0.12969683603433615,0.136028507642993,0.10584766971885178,0.11248525962124394
0.12967986664172287,0.13581933558261158,0.1056431139492519,0.11245137825338349
0.12966167333481984,0.13562136832643043,0.10549404752576114,0.11241431435907627
0.1296644887482081,0.13541008472868218,0.10536621204652324,0.11241707221391657
0.12971207217129704,0.13521196367896704,0.10528208510647134,0.11245961714121552
0.12973029145795936,0.1349862000589927,0.10523526489379666,0.1125165777058103
0.12974191647638147,0.13476196207917296,0.10522295359571583,0.11258175108087695
0.12978038047683435,0.13454574907121408,0.10524449388461132,0.11262083728288441
0.1298217897677995,0.13429065587494424,0.10525070664934555,0.11269315700464828
0.1298895758293084,0.1340334346410429,0.10527632872432859,0.11276964541510796
0.12998014780258096,0.13379073451720885,0.10533801173098566,0.11286397447639818
0.13006946233589242,0.13356743966664786,0.10543746410115334,0.11296564932047032
0.13018368249153378,0.1333281459936798,0.10557668717823608,0.11301433718786559
0.13031424983126602,0.13308552944013674,0.10575701613925718,0.11303527229780878
0.13045965588978217,0.13286426574471072,0.10596056429182124,0.11307187805537733
0.13063459476168293,0.13266555817997713,0.10617278901744776,0.11313552936708167
0.13080441350840866,0.13248524506368564,0.10643244139597981,0.11318058914455094
0.13094887313315026,0.1323081085952492,0.10680246638523797,0.11325798324417617
0.13109949413062605,0.13214864864197026,0.10718864283110102,0.11336897987219217
0.13127330072729199,0.132020114684885,0.10760060481697385,0.1135009883799054
0.1314509834480535,0.13192481597375605,0.10803339326271232,0.11365828339278018
0.13160908079753175,0.131864292006492,0.10848668992185073,0.11381396222074111
0.1317701260124089,0.1318179511847597,0.10895557218038211,0.11394361857701948
0.13188492655670242,0.13178617704265233,0.10940708034007651,0.11402212789286911
0.13193231328882213,0.13178342373903545,0.10986592200571335,0.11412585432421678
0.13191886170040037,0.1317985479922544,0.11034297159065722,0.11425911059705156
0.1318497642456636,0.13183123388970933,0.11083729129535481,0.11439227692740526
0.13175803620058807,0.1318657150289569,0.11133593137260983,0.1145390500136818
0.1316866942260494,0.13191887301039956,0.11181942168100267,0.11470762793937783
0.13163833161862826,0.1319612442083753,0.11225720139508084,0.11485249521472791
0.131613641023495,0.1320237230530651,0.11262245728188028,0.11498031996211243
0.13160185541306024,0.13211041681107955,0.1129802761881878,0.11509882687689878
0.13160530035871804,0.13218668330832078,0.11331553673532475,0.11522266100850319
0.13163462960368227,0.13226248435914573,0.11365635558356864,0.11536072430918297
0.13166642103836737,0.1323542840442525,0.11398388267370542,0.11552052071138147
0.13170363891063558,0.13243914774920243,0.11427291302469542,0.11563580132983665
0.1317616034383388,0.13253838440888532,0.11453007310453601,0.11569216041367707
0.13182836093018524,0.13265035557298485,0.11479152543232313,0.1157231589685673
0.13192427508835827,0.13278277471998393,0.11504213211571038,0.11577619914065596
0.13205059276758566,0.13293573118669647,0.11526450827246838,0.11584541773366555
0.1321923295973895,0.1331089894945957,0.11548160505280478,0.11589315001340707
0.132411467514606,0.13328203397538918,0.11564223033771334,0.11596585059646639
0.1326631297697508,0.1334422877886723,0.11578074683592021,0.11606203207553019
0.13289183830451873,0.13361726289717707,0.11592873472505943,0.116106738311941
0.13312223978361767,0.133795325590592,0.11608891333697213,0.11611517646880636
0.13337276138151768,0.13395309923498946,0.11626164148411096,0.11613270155381261
0.13361828615086702,0.13413599842730872,0.1164475053007639,0.11614705865112111
0.1338294548646875,0.1343411334924977,0.11662008940331274,0.11616408679168869
0.13395850619396676,0.13456188411509878,0.11676257583383949,0.11620442349695115
0.13402322404602457,0.13479997684719214,0.1168335029129268,0.11622971534046991
0.13406367362135055,0.1350506373598453,0.11691590318213191,0.11621955162384345
0.13408204852687686,0.13533018757219356,0.11701257638450185,0.11623113468480889
0.1341122441553258,0.1356110235912344,0.11710339685749932,0.11626777461888155
0.1341415851266305,0.1359138069018932,0.11717479243208631,0.11628069370968537
0.1341548178459449,0.136190539567604,0.11723995458003479,0.11631380389913343
0.1341720422933295,0.13646672489037218,0.11732214945975042,0.1163544425312724
0.13419351986799471,0.13671803809462524,0.11741203418899121,0.11638164136772489
0.13421958803386183,0.13696745150646242,0.11750416257061953,0.11639997075286398
0.13420446191073748,0.1371876744912653,0.11759132076789762,0.11640452522819902
0.13416782207314068,0.13741759454462996,0.11765193670554928,0.11643432549239327
0.13412219887526305,0.13766464615262794,0.11771762026500744,0.11647607386768655
0.13408915710876404,0.13793389006200038,0.11773820838159554,0.11649431603506417
0.13407919051999215,0.13821743058668495,0.11773773682716093,0.1165047801232296
0.13406298249903148,0.13847561736826278,0.1177584705291993,0.11651373334028056
0.13402880567960584,0.13873947043408644,0.11779400437684664,0.11654993111537999
0.13400947663912618,0.1390061003313616,0.11782197739043905,0.11658519877769896
0.1340086437495766,0.13924341491767367,0.11785474826231207,0.11661814852941499
0.13398055991248464,0.139448551184698,0.11790990816536605,0.1166320739888853
0.13395929899051148,0.13963133968552174,0.11798824733478147,0.11665459177759045
0.13389916342303151,0.13978780176856728,0.11808318939469555,0.11666734887641583
0.13388047556346738,0.13989379845300745,0.1181930955965743,0.11662487090365474
0.1338275276878977,0.1399818683749456,0.11832831112339055,0.116589593027216
0.13380635281226433,0.1400480596512282,0.11848854710357337,0.11655526074924585
0.13381098488137788,0.14008620958499893,0.11861325962703306,0.11651100103596948
0.13385920907110221,0.14014092912962509,0.11875095801024738,0.11648181084047683
0.13388839921308443,0.14020472841606735,0.11891162201162085,0.11640045901315216
0.13387854287030418,0.14024407531805827,0.11909386200719485,0.11630497959653212
0.13384254163018092,0.14027509449578499,0.11929290260284707,0.1162047394089089
0.13381664272662394,0.14026614314523878,0.11946776773429132,0.11611500670124725
0.13380568088624328,0.14025461138595752,0.11961949528500763,0.11604006687448125
0.13381212805764278,0.14023731252888197,0.11976019291341812,0.11599047099897597
0.13383785087251154,0.14015836263263057,0.11989166967408663,0.11596826060265043
0.13386293965327312,0.13999313635776914,0.11998393697315578,0.11591611007892846
0.13388195835072478,0.1398332703357764,0.12007190295842456,0.11583307133939469
0.1339088593833677,0.13969116430565165,0.12017388700893569,0.11573371517834971
0.13395768327094484,0.1394918704168962,0.12026338970192968,0.11560043227770073
0.1340172968235966,0.13926813605388838,0.12030926979657748,0.11544170045346236
0.13407744896068052,0.1390115070224245,0.12036201061364875,0.11529650795736952
0.13413415209114296,0.13873241021139812,0.12042917728990638,0.11516657093299604
0.13418082215887053,0.13843130772829673,0.1205137272759877,0.11501043196971315
0.13425286363492064,0.13814120591712276,0.12059629880027424,0.11484424597436743
0.13431284503198976,0.13784663102311565,0.12065121830178391,0.11469430235917537
0.13437163232660773,0.13756978672957318,0.12070202214191042,0.11456576091946832
0.13441086751705603,0.1373160439890768,0.1207539529991322,0.11446358718479883
0.13445069719115868,0.13704169149056653,0.12082362966025523,0.11438029539958096
0.13451162912709477,0.13675743451227285,0.12090835832728214,0.11428800811178023
0.13460483421119324,0.1364965378606291,0.12099342444650274,0.114210228836127
0.13471651326693973,0.1362483705357175,0.12106559791597114,0.11413652665979625
0.13484890260587687,0.13602215714626478,0.12115631791293176,0.11406863242737243
0.13499541899834416,0.1357947188530283,0.12126399043297685,0.11398285347480007
0.13513172575381988,0.1355357991282418,0.12139434983704994,0.11389358733609929
0.13531891632571288,0.13527782349071468,0.12151188600878599,0.11381302144944923
0.1355094536118388,0.13503599339074507,0.12163237055779556,0.11370971451521969
0.13567664782266708,0.13481178345302236,0.12176773332152643,0.1136199128001729
0.1357914468990568,0.1345567115413141,0.12190493477701903,0.11349275553949723
0.13592622964933995,0.13428000531528997,0.1219964896550035,0.11334808130622351
0.13608138370389256,0.13400048852770696,0.12207135201295896,0.11322082863073468
0.1362378003532495,0.13371994061271517,0.12211312184183341,0.11311728969786458
0.13633048884979218,0.13342958351008435,0.12215373817003196,0.11303337934596434
0.13642578590245547,0.13312545634940748,0.12219276495015163,0.11293765285172688
0.13646817043865064,0.13282495047449192,0.12222144337132379,0.11282247892062941
0.13647246959905573,0.13252900617565863,0.12226603989943159,0.1126928748749927
0.1364691823882152,0.13225612465207096,0.12227381226700224,0.11255958862662674
0.13644857259546447,0.13200844093376657,0.12229413762849774,0.11243500931576084
0.1364393157383904,0.1317596437948406,0.12231168188629057,0.11230652665032116
0.1363884368429555,0.13148960929051987,0.1223370588250745,0.11222851290801727
0.1362887920129023,0.13115635001150883,0.12234282793195397,0.1121255315699683
0.13620837087269552,0.13083954169753226,0.12236130583935602,0.11200939382938216
0.13607733339021022,0.1305492445693475,0.12238047314271375,0.11194137845407956
0.1358623618840951,0.1302788838263938,0.12239467945864427,0.11185662432919621
0.13564872016129764,0.13001193441939446,0.12242217609894458,0.11175449667882763
0.1354610853790895,0.129757459868049,0.12242858884671459,0.11167526275194696
0.13526736387531862,0.12944632638814485,0.12243338143970824,0.11161585783434472
0.13506763795608434,0.12913684758196425,0.12242428979978659,0.1115600774974598
0.13485674850009727,0.12880586995419208,0.12240970776737252,0.11149303379892192
0.134655453646671,0.12846862838466339,0.12240160193303685,0.11144620439470591
0.1344258968054232,0.12813088475657428,0.12239327673959881,0.11140422977447029
0.1342188713932786,0.1278308904748758,0.12239014460168401,0.1113605072963867
0.13400622868012546,0.12756848349207117,0.12239698794718784,0.11133244291412002
0.13378019617282294,0.12734328174393625,0.12240100757474325,0.1113125177780618
0.13357587365219317,0.12715168459200504,0.12238286281873582,0.11130689770595563
0.13333021437814851,0.12695911405838767,0.12232805931267063,0.11127051734099216
0.13307136714020426,0.12675206506213926,0.12225700253564518,0.11125010054856328
0.13284487022396982,0.12657505982786224,0.12218229496835917,0.11123871831903681
0.13265400362116359,0.1263849613434486,0.12206354857418768,0.11120668253687213
0.13243819465738718,0.12622665723244433,0.12194819502049307,0.11116854388694654
0.13222479961206865,0.12606351845753408,0.12184675427944437,0.11115557284631798
0.13204329159932063,0.12591911297386674,0.12175904113167928,0.11114251847175964
0.13185464042918463,0.125808404774939,0.12165092321632834,0.11111861635819423
0.13167005161155712,0.12573050836891336,0.12152116088581236,0.11107209372022518
0.13148966347213872,0.12563994523335023,0.12134686320845604,0.11104763064099822
0.1313172523844873,0.1255811567268262,0.12117035241324813,0.11102928699285916
0.1311783201688283,0.12555572200155743,0.12100323352233033,0.11103116776200558
0.13104751324636066,0.1255226281215674,0.12084920916218309,0.11103964986466935
0.13095072378834843,0.12550912725507685,0.12070301193748163,0.1110551800840116
0.13084478889741347,0.12552273633013233,0.12053666383367327,0.11109272090368298
0.13069215129645226,0.12549407812045496,0.12034932316372549,0.11115811849595386
0.13054478137316092,0.12545223899328695,0.12016567500582567,0.11125109936603322
0.13039910586058556,0.12539134670774024,0.11997833147253964,0.11136403533445054
0.1302575197956943,0.12536886038568346,0.11980821270822348,0.1114822257717283
0.1301079213676537,0.1253956565034141,0.11962384093554444,0.11161737992131623
0.12996080021633852,0.12545449621336094,0.11942502291246151,0.11174405962686552
0.12976070551777225,0.12553906103678358,0.11918552317359049,0.11180604883513272
0.12957004435078337,0.12561749946190115,0.11894912211505376,0.11187852633832743
0.12940244273954069,0.12567812359923008,0.11873622785426835,0.11187267087118774
0.12926949593880965,0.12574733660586385,0.11854731312313918,0.11184844367968459
0.12916538840877045,0.12582974961524887,0.11838282362898424,0.11181339826745365
0.12906108518492254,0.12592511690741304,0.11821914924457463,0.11173906426288446
0.12900879151344025,0.1260262514231391,0.11806642360952668,0.11170381166040955
0.12899005704232688,0.12609575598666548,0.1179166620276874,0.11175437158069164
0.1289778084681834,0.12618769015433542,0.1177505164211632,0.111756585118966
0.12894477573360108,0.12624896732844523,0.11759007367078392,0.11173941165208069
0.1288905946278723,0.12633580542748274,0.11744897590487327,0.11172971194597812
0.1288534883349317,0.12640508047034874,0.11731898355342879,0.11169972700204718
0.12886425622128506,0.12649003775379097,0.1171774714186271,0.11163711414833477
0.12894031206570816,0.1265688370007812,0.11704508729196704,0.11160791043298851
0.12898926850091666,0.12665978700946195,0.11692586727557014,0.1116038003902823
0.12907442973227828,0.12673924886773594,0.11681127050754732,0.11161682229745715
0.12918474789745982,0.12682506242040323,0.11671424192000746,0.11164623814391357
0.12931023848254047,0.12690070018174818,0.11662102590032827,0.11168791629811624
0.12941884286430427,0.12698485465693143,0.11652803463612113,0.11172860134962168
0.12952711153391097,0.12709718750046833,0.11645193397431136,0.11177050727073552
0.12961507481714946,0.12719540209857952,0.1163921212279576,0.1117752849347886
0.12967469061719558,0.12729071417228316,0.1163460964322118,0.11174979221022521
0.12972970990807967,0.12741285668874394,0.11629517564519572,0.11172972146962121
0.12980683859122932,0.12755870075482523,0.11624249855753956,0.11173474231669452
0.12991122272773112,0.12770206193991998,0.11619386651476243,0.1117640435872491
0.12999838490866475,0.12786448729462133,0.11614282167583782,0.11181055653102946
0.13003480366084028,0.12801173330545532,0.1161060663324151,0.11186331115201309
0.13006750191821514,0.12811593227286722,0.1160466662555862,0.111905746316262
0.13011177254912779,0.12822345176009015,0.11595637753757282,0.11195819740040172
0.13014620889277365,0.1283356449467355,0.11585860689973597,0.11199717260198289
0.13017084465892087,0.12845708459298794,0.11571216409419133,0.11206199202144557
0.13022274338958456,0.12859547433229268,0.11555305397446661,0.11209749745605965
0.13025054321728569,0.12871767234926879,0.11539431600405463,0.11213771598639079
0.13026055661760785,0.12881839578024926,0.11524767630936011,0.11218280853339423
0.1302826245629722,0.12893383375906878,0.11510534937856579,0.11215205422314081
0.13033288093295642,0.1290310525979299,0.11492381628081491,0.11213430944091422
0.1303656502311004,0.12911057415881763,0.11475022895337907,0.11213259378002488
0.1303844930648396,0.12914599019669867,0.1145872500826388,0.11210731793719786
0.13037075611946045,0.12918407487712144,0.11446321571204741,0.11207621310099562
0.13035357229352934,0.12924134646537763,0.11436665405429496,0.11203013664297252
0.1303241792915693,0.12931799075847292,0.11426799582780882,0.1119436888511103
0.1303229728744458,0.12941241853038846,0.11416595580535555,0.11186757815370894
0.13035694397744219,0.12951319551304544,0.11406913241525567,0.11181063225090991
0.1304192329773909,0.12962657045418136,0.11397732900342274,0.1117690825825595
0.13048599462216395,0.12976266339107376,0.1138610742522823,0.1117468424686762
0.13058337893090424,0.12984882206075327,0.1137318378846738,0.11172196273994035
0.13070804374221642,0.1299482995564067,0.1136143477335811,0.1116834640900613
0.1308643472324565,0.13006749243861632,0.11347548617085847,0.11166516361909556
0.13101943691246418,0.13018941753819713,0.11333121622163414,0.11165797402455546
0.13115547445753795,0.13033372462759332,0.11319604644726809,0.11167141997324144
0.13130685069261486,0.13049123588006664,0.1130779775955708,0.1117033897125845
0.13149559679269354,0.1306742295012219,0.11296498525100858,0.11173121375284105
0.13166436028201986,0.1308609646363087,0.11285713362363044,0.11178798251541759
0.13184610628762536,0.1310419490170796,0.1127519231897734,0.11184252541989827
0.13207487487111255,0.13119709486973943,0.1126264046209269,0.11190272597592482
0.13234790741328417,0.13135048788350928,0.11248950777474219,0.11198161284823868
0.13265390618840162,0.13148958326071744,0.11236795316320766,0.11208505232312554
0.1329331036009671,0.13158835032306448,0.11225132834626474,0.1122015971252268
0.13314787727588592,0.13170331645971983,0.11211655250290789,0.11231283323926772
0.13329374888305168,0.1317648174533964,0.11199881759530524,0.11238435672195893
0.13335675222982565,0.13175644925168808,0.11189940812268764,0.11246356792806271
0.13336168828437564,0.13175654849264057,0.11181488830707367,0.11256613462978687
0.1333714202466841,0.13176862947065732,0.11173059520388336,0.11267030831125684
0.1333762946564241,0.1317809545600081,0.11164888366780858,0.11278715239866056
0.13334399157060992,0.13176020646760517,0.1115659102613675,0.11289745603438535
0.13324833641953343,0.1317562282108556,0.11149585115664211,0.11301877343026132
0.13313042543955633,0.13179142604858812,0.1114445276930251,0.11316901407239559
0.13302946983157793,0.13185487182936295,0.11141062094139612,0.11334813412942961
0.13291131002995882,0.13193890110394377,0.11139476211733262,0.11355139713478794
0.13276418196117673,0.1320499217664791,0.11138218860761587,0.11374749090069952
0.13256240065191474,0.13216992653284915,0.11131369249628704,0.11396580365283698
0.1323275016524963,0.13232388792560748,0.1112662458179488,0.11419679521875276
0.13214641232351362,0.13251624617546068,0.11123591707793047,0.11444352299314252
0.13193414887420923,0.1327268359283752,0.11120551781037107,0.1146605805356883
0.13171877379364205,0.13293475146219833,0.11118178289014657,0.11489717683819832
0.13150869011142982,0.13314917190455122,0.11111887084927348,0.11510084309067226
0.13131429705109027,0.13334508931718733,0.1110644076623331,0.11528127875454847
0.1310830860407179,0.13356883611473308,0.11101208776149131,0.11547662907474113
0.13088180216039894,0.13382091693864995,0.11095977299018454,0.11568384998747165
0.13070828056951478,0.1340923410214309,0.11091116649741695,0.11587229340564735
0.1305714406228238,0.13435159384989762,0.1108629157697747,0.11605515114689641
0.13046956275448965,0.13460774730698696,0.11083246772144649,0.11624528179303223
0.13038324185978584,0.13487803206332744,0.11082455673057698,0.11644408958893926
0.13033788908409855,0.13515446788876254,0.11085094403293956,0.11660207150975539
0.13031740333723454,0.13539589925444617,0.11087420566050293,0.11670514113964052
0.13026754374675098,0.1356621637667435,0.11087116523746446,0.11681977630291955
0.13019542559954628,0.13593391496176638,0.11084112987722756,0.11690748029352749
0.13011683407667354,0.13618907831388252,0.11079556017376184,0.11695350754011981
0.13006187568412345,0.13646082765458295,0.11073112605400329,0.11697437672903332
0.13003435547410358,0.13675708599967357,0.11064652669399502,0.116978162526939
0.12992758793380374,0.1370158485150753,0.11058013183355636,0.11695855795036811
0.1297870557714976,0.1372774526032508,0.11051466859961961,0.11695002668254428
0.1296217176506748,0.13753203110484644,0.11045080464583538,0.11693078888601084
0.1293856196428188,0.13778167327910562,0.11040550566982736,0.11692449175044467
0.12917420955775646,0.138027493386441,0.11037875986761798,0.1169238400380672
0.12900760866218347,0.13828255988465746,0.11036928260199687,0.11691388465235324
0.12885113378253346,0.13855839168368042,0.11037334270942274,0.11691697511403708
0.12869824565762317,0.13884991128749133,0.11036736962050987,0.11692054180259483
0.12852099574328749,0.1391101847024942,0.11034802679363748,0.11691676039777288
0.12832273362512953,0.13938593370159777,0.1103446497981546,0.11692039058189897
0.12816923090018909,0.1396737000200878,0.1103361763378195,0.11692534900892727
0.12806402862143362,0.13996583943588647,0.11034345578722193,0.11693228506966646
0.1280054572017469,0.14026431663111022,0.11036869637982935,0.11695309104174098
0.12797566015303125,0.1405204526281719,0.11042005233385858,0.11698870224617089
0.1279694048297871,0.1406949221833877,0.11050148074389478,0.116991662526533
0.12801035183569007,0.14083033799399328,0.1105916894987954,0.11702470010682237
0.12804833693104611,0.14092297801036335,0.11070861465410708,0.117095714982361
0.1281195591667764,0.14102021634167689,0.11082518558792759,0.11717972984960669
0.1281964066827261,0.1410953270056662,0.11094081483404063,0.11725374675172288
0.12831180663195618,0.1411666219932903,0.11104163626341784,0.11737718521179195
0.12845901186312358,0.14123797413021863,0.11110256157096143,0.11751258881796402
0.12857122918842895,0.14128181105971838,0.11115915498056887,0.1176402956462756
0.12867899953698567,0.14134209037907172,0.11118393522556323,0.1177954975005443
0.1288049475245426,0.14138751461990495,0.1112029899840075,0.11795054351122855
0.12895975007327284,0.14137876501807128,0.1112061699013205,0.1181341783684079
0.12913211943801867,0.14136063802219775,0.11121746308850175,0.11833503437409622
0.1293396629600165,0.1413531050420907,0.11124388371431246,0.11855512145386199
0.129533968537958,0.1413645423099502,0.1112854994347728,0.11878111793500665
0.12968624297916992,0.14135821317352237,0.11134253693954067,0.11902032243785628
0.12985755673644023,0.14132708940389618,0.11141459830288149,0.11928644858775346
0.13005939352508952,0.1412873179275382,0.1115019543396623,0.11955646167866957
0.1302881664132047,0.14127085942887463,0.11160451967540254,0.11979447527581791
0.1305288034325501,0.14125564683670228,0.11171231853696639,0.12001492772289744
0.1307493268132768,0.14121052539886786,0.11182049008564071,0.12019170495945464
0.13094362261106576,0.14110182441513186,0.11193033814707087,0.12033414822348018
0.1311261426788516,0.1409915282696776,0.1120197697100124,0.12050144564176117
0.13130629973028937,0.1408782488290118,0.11208246878614471,0.1206934551600909
0.13147427082960506,0.1407704291795717,0.11214124279261732,0.12090965807212724
0.1316679259508743,0.1406595673576898,0.11221371217966042,0.1211258207027674
0.13183503455350087,0.1405332894223725,0.11227125901866084,0.12130909889207148
0.13195222813075094,0.1404144019753625,0.11234319198745175,0.12147616260541085
0.13202615094376677,0.1403147198294443,0.11241894440689489,0.12164052077973868
0.13207140121796138,0.1402016583487373,0.11245734210575732,0.12180202846857383
0.13206181335963366,0.1400604294799595,0.1124733093044191,0.12194115476355404
0.13207775898065618,0.13993592135574964,0.11250895218577696,0.12205947271614459
0.13210853467915548,0.1398046429273799,0.1125484936400471,0.12216283213336032
0.1321253769512748,0.13969170173551693,0.1125844699054476,0.12221419258410197
0.13215087549616286,0.13952049224093716,0.11258358874231239,0.12227780434808494
0.1321504812066261,0.1393182128081252,0.11261223061927765,0.12235037211442272
0.1321520059634204,0.13914031207749689,0.11265401886903784,0.12242485856773465
0.13215876266250273,0.1389586730832662,0.11271557592172154,0.12249375820816381
0.13217023684335133,0.13878481830759,0.11279557353880004,0.12249841473171125
0.1322159883111276,0.13862179574630093,0.11287593202824761,0.12253506963645705
0.132249415059469,0.13847713902779263,0.11296342423364113,0.12259132591174979
0.13223648722760925,0.13835714869811283,0.11304019835836211,0.12264411327496344
0.13219008511678026,0.13824896148001903,0.11312118153267976,0.122694915629682
0.1321551303901974,0.13817282271077702,0.11322190423359273,0.12272542138009822
0.13212767203613726,0.13811154395624142,0.11334209403758985,0.12274563990582087
0.1319962856201543,0.1380144162262444,0.11345450567653322,0.12278278770486475
0.1318611297779159,0.13788819083703505,0.11358060544129002,0.1228409135137978
0.13172364048250218,0.13777433663675326,0.11370968914224282,0.1229167393514911
0.1315923372236174,0.13769485115361743,0.11384226169198977,0.12299944283698531
0.1314853729687371,0.13764990247541575,0.11396067399231118,0.12304910337170831
0.1314116935183451,0.13763932888150687,0.11408798029799536,0.12303475049697452
0.13135921597446132,0.13766165739448888,0.1142134862180189,0.12299153663322611
0.13129820023667008,0.13771505379230653,0.11431377295155995,0.12292919665008092
0.1312665077545718,0.13778008438319125,0.11442871685843002,0.12286568972153901
0.1312094736220831,0.13779529565166646,0.11454300802570586,0.12278702127777848
0.13113248398122676,0.13780695290066838,0.11467381855203689,0.12268423803316898
0.13107389152638713,0.1378462274029302,0.11482470368967043,0.12254666211186512
0.1310283421521447,0.13790970530927432,0.11499579838919996,0.12242261941377
0.13096375617028438,0.1379690062404608,0.11518186648083734,0.12232451052021648
0.13090977374330712,0.13796663398165207,0.11538686743371748,0.12225678622458425
0.13086461179210995,0.13797289429913526,0.11560254123276278,0.122227069493908
0.13084052347622027,0.13793984704276677,0.11582802250313456,0.12222971421161105
0.13082384482305215,0.13790550258984327,0.11603882439450702,0.12228212368531192
0.13081379925143236,0.13781239623028613,0.11621889853339386,0.12237194985017698
0.13081313161620067,0.13770850656320038,0.11634374101958199,0.12245388193526036
0.13082462110792872,0.13758761827948474,0.11646802770513434,0.12255115762655132
0.13083643114288482,0.13748839595950896,0.11660756396418874,0.12268076271059415
0.13084699583669682,0.13741031819487667,0.11675501044723446,0.12281700529025151
0.1308726204275522,0.13735971763700566,0.11691136019633065,0.12295782482605659
0.13090036959431572,0.1373113859227016,0.11706279964352634,0.12311731536713358
0.1309660034510461,0.13725453056438192,0.11721617990765033,0.12330079207143069
0.1310786334656931,0.13720188507886905,0.11738296793853602,0.12345964366522834
0.13118738993268372,0.13717418666434208,0.11755037556926626,0.123635672596919
0.1312919171514367,0.1371428016248336,0.11771268479713387,0.12384507942430326
0.13140121158079823,0.13713162292702946,0.1178706893463393,0.12407283960213951
0.13150946130807611,0.13710730294926776,0.1180064149647416,0.12426360573654556
0.1315789625369208,0.13701430614108934,0.11814313025055148,0.12440607505433234
0.13161975949000257,0.13694272610827396,0.1182933128189511,0.12454169876338601
0.13165623220261877,0.1368579843189427,0.11845212436156417,0.12469260237097692
0.13169850569302025,0.13675498103501588,0.11859947040475528,0.12485598664550977
0.1317324884093375,0.1366527986254838,0.11874581070123708,0.125000950871208
0.1317570385514279,0.136550055983541,0.11888848525956205,0.12516720053160912
0.1317356122506773,0.13641245986453185,0.11904761379603271,0.1253493627501607
0.13172654360273606,0.13624549937449035,0.11921924855590607,0.12554209020827306
0.13174561531359277,0.1360836309263173,0.11940568451633798,0.12571004696128735
0.13173103984462298,0.13592547440242572,0.11960938867385983,0.12582087133562034
0.13167003851275952,0.1357768579599764,0.11983009609276087,0.12593987770685033
0.13157994099697481,0.13564748943624638,0.12006716631886243,0.12607509282759807
0.13152487938201385,0.13554241632570774,0.12031209838432515,0.12619549142417524
0.13150296781051637,0.13545476948896362,0.12055546401216162,0.12629988295589317
0.13147908786884888,0.13533798123914081,0.1207746727682441,0.1263848800210512
0.13144210491858824,0.1352359008238052,0.1209803934648384,0.12649641449880236
0.1313986456568074,0.13513127121436763,0.12115402325127976,0.12654133628094727
0.1313436937626581,0.13500870287751382,0.12133398395188824,0.12654437637848093
0.13131302076280715,0.13489968638957758,0.12147355713864577,0.12655019607090298
0.1312707579968938,0.13480016749601673,0.12161644024570538,0.126583624160586
0.13123916907655725,0.1347048262308018,0.12174495356657776,0.12663600090613444
0.1311968791766174,0.13463013848557495,0.12187978465978298,0.12669413062441326
0.1311680623738344,0.1345947285285022,0.12201383330679388,0.12674442386116427
0.13118310037208353,0.13457929794889634,0.12214830092634163,0.12679110324010406
0.13121862683972163,0.13457393781781365,0.12223985255452034,0.1268506978843938
0.1312204511695248,0.1345602911905422,0.12226031045666932,0.12692573559910303
0.1312242649769013,0.1344923646301237,0.12226957113021399,0.12692163630523867
0.13126213322011251,0.1344019685651943,0.12229054840884662,0.12691394684795484
0.13133238612720477,0.13428014421749135,0.12231688346374629,0.1269294075015957
0.13141816910952062,0.13417664326022266,0.12232129046485729,0.1269585172468439
0.13152538195874175,0.1340839679189944,0.12231008402799225,0.12696886842517047
0.13159552019792126,0.13398257026536414,0.12229070029170837,0.12698665672385837
0.1316750782449067,0.13389168046313166,0.12224691164260566,0.12702589169025566
0.1317634254928006,0.13381872258216204,0.12220167057678777,0.1270567205111353
0.13187912868961826,0.13377100426405839,0.12213717107442473,0.12708401480669296
0.1320247904182305,0.13374020718437263,0.12205713734644483,0.1270895383862268
0.13220010999021806,0.13374368294406888,0.1219886658990303,0.12708679274734533
0.13239468590619888,0.13375130397211776,0.12192479480889876,0.12702598842674653
0.13257068251807072,0.13371471170076052,0.12187735328721129,0.12695703109906534
0.13274411684128323,0.13367486100095038,0.12182945639298147,0.12690219026187116
0.13290929311683441,0.13366395075378268,0.12177312484248494,0.12687003802526156
0.1330715709021462,0.13366215566556103,0.12176414195564458,0.1268289029651547
0.13322522636370532,0.13367558576985772,0.12177812862839749,0.12681432627848455
0.13338509720869196,0.1337127811233728,0.12180431589722021,0.1268095148850966
0.1335617911556767,0.13377375752533252,0.12184630793837371,0.1267962100353659
0.13373446880319098,0.13373106898873377,0.12188880303905171,0.12678488407000202
0.1338984078117492,0.1336378977865206,0.12194054253117523,0.12679132528356268
0.134052717921398,0.13352777242243208,0.12200183452202408,0.12681532817511715
0.13421445564343423,0.13344594952977093,0.12207610326331145,0.12686362836258325
0.13438423657549192,0.13339328687371788,0.12216071125950487,0.12693566421362887
0.13452050131168977,0.1333275401432145,0.12218081306509389,0.12697982902449803
0.13459440001215617,0.13328972168783274,0.1221953300320717,0.1270119727379751
0.13465782350315242,0.13323890973626132,0.12222139153271966,0.12704636421439217
0.1347081149724195,0.1331733352811613,0.1222484588570555,0.1270727400896517
0.13470614484850837,0.13310919463083842,0.1222862008933803,0.1270800520067441
0.13468372618091431,0.13300031642865773,0.12233385311025026,0.1271002348458476
0.13463514855852854,0.13285962047130803,0.12237949931091606,0.12709948504902605
0.13460164999007304,0.13272571449335618,0.12241458105374964,0.12709044762956279
0.13451267927004915,0.1326201175471625,0.12245641352777951,0.12705172103425674
0.1343606343641767,0.1325446106635731,0.12250843068166185,0.12700902507651482
0.13421770347326695,0.13249277088817032,0.12256390443008676,0.1269741106279857
0.134097255993684,0.13247036427405404,0.12260148630244054,0.12695863309183697
0.13399776831005442,0.1324881906503477,0.12260592517508952,0.12692658723563166
0.13394408130978486,0.13254437667920424,0.12261755726373277,0.1269010634915726
0.1338827387985136,0.13264118523022128,0.12264051762847687,0.12689150935811702
0.13381303509813255,0.13276357318809778,0.12266780167661906,0.12688810753811275
0.13372868597866394,0.13292532037945837,0.12269999576065181,0.12690466440175294
0.1336430952636812,0.13309862620801943,0.12273932940138971,0.12694099825415686
0.13355201179474244,0.1332819772722027,0.12278820169167974,0.12699686549904451
0.13352634348845746,0.13345436984414089,0.12284647681806446,0.12706456903497296
0.13356322105291352,0.13360779020100375,0.12291055435361603,0.12711543001879333
0.13364483915363382,0.13372815523955453,0.12297626350428041,0.12716849679616504
0.13375421453300576,0.13381945522478567,0.12302117891333628,0.12723051705513005
0.1338753706809078,0.13388697960064547,0.1230752169841543,0.1272889695298786
0.13403301337242832,0.1339012480701508,0.12313833949519251,0.1273600173832008
0.13421141951837912,0.13393629212151295,0.12320918996023782,0.12738704432869827
0.13441277204526425,0.13394776134678638,0.12327936058541379,0.12741291353815595
0.13461494745160923,0.13395315985244738,0.12333302886238812,0.12745880933279816
0.13484004378844602,0.1339855608668582,0.12337991963066701,0.12751781608004495
0.13508824878203454,0.13402964609549547,0.12342115288156422,0.12757570752813863
0.13536799368957786,0.1340753450675617,0.1234452610376961,0.12762862985033052
0.13568246350830734,0.13407334670367363,0.12344025490635929,0.1276823207850709
0.13598704498762929,0.13408539635218703,0.12344339913324377,0.12772573715134858
0.13628560638029794,0.1340882680243853,0.12344772058818781,0.1277689812672607
0.13656820189481042,0.13407872614188593,0.12344319197757204,0.12782835811473
0.1368537048018652,0.1340731229934291,0.12342817796284254,0.12789184262482953
0.13713832883220647,0.13407236231670405,0.12341386231791099,0.127957972517933
0.137421702604875,0.1340726230687598,0.12339471011162723,0.1280293129751647
0.13766600624050981,0.13401165564855533,0.12332452654545013,0.12808435468203236
0.13790536662336753,0.13396659303010222,0.12325160870437546,0.12815763748109807
0.1381228890318547,0.13394320315170138,0.12316682834418952,0.128238880451189
0.13832195360501287,0.13386724603442493,0.12304618830275083,0.12833992256369364
0.1385129942129114,0.1337811134928992,0.1229252022940374,0.1284104243469349
0.13872333926199862,0.13368115825235807,0.1228060657774365,0.12845451644213182
0.13895092173407805,0.13360200729299387,0.12268750556039829,0.12847306248643608
0.13911824847812287,0.13350823853287952,0.1225742769883777,0.12849599031615178
0.13930409035099064,0.1334354263959504,0.1224438785893786,0.12851873488241783
0.13942768909134118,0.13338892364451224,0.12230896089476082,0.12855560826789625
0.1395074330124664,0.1333351723489363,0.12218390367114497,0.12855786162881797
0.13955937231101528,0.13326188732577746,0.12205810061246854,0.12857468832022426
0.13963979118976744,0.13315020256518223,0.1218986869461089,0.1285844330562485
0.13972886545699253,0.1329777716096948,0.12174470412037915,0.12858241987769328
0.1398499928392604,0.13282989970169892,0.12159669261123776,0.12853518006855932
0.13997342250511824,0.1326743500533694,0.12144990660688518,0.1284971509050906
0.14012446558071917,0.1325133946259156,0.12129716124111298,0.1284745247063321
0.14029839801674407,0.13233397439284786,0.12111520022683689,0.12846280697958293
0.14042527703090385,0.13210042523355206,0.12087898653038243,0.12846895626800348
0.1405260708725592,0.1318539130683921,0.12060437977884861,0.12849281288116798
0.14063771360354924,0.13160752154614014,0.12033458589128569,0.12853211477998838
0.14066454486318086,0.13139541299897928,0.12006646262262112,0.12857450573706286
0.14065776899630045,0.1312034390989468,0.11979417888757306,0.12862598297766747
0.14064623173476445,0.13095576569133605,0.11952554372195463,0.12868267471486583
0.140592814765021,0.1306624123022445,0.11926256326871613,0.1287432085063818
0.14047091054820834,0.13038481503806618,0.11901015270629839,0.12881902574566195
0.14031121292299145,0.13008543855636398,0.11876870894431935,0.12891493915167704
0.14013409758437834,0.12980310175028228,0.11853423691591364,0.1290311801207078
0.13998870614224684,0.12950592828811078,0.1183037082207397,0.12913204944855253
0.13983544962005454,0.1292203241990395,0.11806001879524701,0.12922941953465236
0.13964007151086752,0.12896144173685006,0.11783055271626659,0.1293101893062903
0.13947398602628636,0.12872767868724008,0.11761548248677244,0.1293970314777168
0.1393135155177902,0.1285194972065241,0.11741350726474208,0.12946795530440058
0.13916901570114956,0.12833750293454232,0.11722597045084573,0.1295512970992702
0.13902548031681092,0.1282145341888827,0.11705446610709029,0.1296364344366121
0.1388790669108709,0.12812130061998306,0.11688411589646487,0.1297172531374834
0.1387295039527622,0.1280005618400567,0.11671179499924973,0.12978805772649044
0.1385722915392193,0.12791664567692623,0.11655172759024532,0.12985508231278514
0.1384160133782174,0.127850592804291,0.11639690751300508,0.12990201844599222
0.13825898225802746,0.12779611263686455,0.11625068851503885,0.12991836915256194
0.13813282652706024,0.12774471591315842,0.11612483842868616,0.12992652190508866
0.13803769863255844,0.12768377390370683,0.11601046634423229,0.12995875833634954
0.1379386983179032,0.12759000936642634,0.11591823555740266,0.13001435676408662
0.13776341756015878,0.12749900662884067,0.11584993997985606,0.13009279014479302
0.137563270664821,0.12741857202947496,0.1157963794397702,0.13018045443053952
0.13740529491979078,0.12735035859002428,0.11574286519483051,0.1302443866570559
0.1372907533620804,0.1273124371392385,0.1157130507942142,0.13031555350776433
0.13719951576263323,0.12730820444336235,0.1156401804349562,0.13039366902415103
0.13709846312611046,0.12729471551141341,0.11555537399377078,0.13043974687804874
0.13698299935506905,0.12727391442351188,0.11548411567021347,0.1304959826885904
0.13689972317389143,0.12723724237304254,0.11542075344640786,0.1305661881982735
0.13685224550860708,0.12717746089658508,0.11538303190996632,0.1306157381008622
0.13679403255666242,0.1271272310114721,0.11537054437392513,0.13066472178169833
0.13676558820750215,0.12709076237818273,0.11538299857107276,0.13071081192568842
0.13677680105330195,0.1270314810481014,0.11536314524878494,0.1307432469250414
0.1368127424990806,0.12698669694240977,0.11535558599857967,0.13075965863278216
0.13684875331967047,0.12695775831848052,0.11533560043663617,0.13077999466521867
0.13686090654433472,0.1269172440772904,0.11533348579497871,0.13073171259633962
0.1368527113809248,0.1268727420961499,0.11534670483089192,0.1306659649452627
0.13686452461572957,0.12679438604177126,0.11538022666511699,0.1306083397531176
0.13691424316771655,0.12674805220296848,0.11542959372040124,0.13056858304663913
0.1369822194381908,0.12674302595930947,0.11548831410155827,0.13053802010805726
0.13696794130738676,0.12677865143829223,0.11556482483183766,0.13048468975225758
0.13692666461754557,0.12685471185451916,0.11565187565057287,0.13041288387578867
0.13690926859907054,0.1269290116714155,0.11575446361451247,0.13033632420283842
0.13696523606326072,0.1269705582156372,0.11587472338799072,0.13027687989759545
0.13705027090961786,0.12705176902021786,0.11601190392202117,0.13017937423401377
0.13710184275604498,0.12714247085367478,0.11616466893865089,0.13008115335353507
0.13713589483494912,0.12721799123433078,0.1163324834367257,0.12995268536930404
0.13717490939156574,0.1272857075282794,0.11651505745208438,0.12982791703950178
0.13722292086074217,0.12736247790243596,0.11669066020166521,0.1296885195452117
0.1372851144205448,0.12744495565142597,0.11685666519265464,0.1295389214793124
0.1373527967036359,0.12755297177188898,0.11699881356994447,0.12936558213723834
0.1374445476268198,0.12763674398942818,0.11712317971434562,0.12920598550608223
0.1375526753133635,0.1276875236053643,0.11725726525881136,0.1290648550253466
0.13765872955357294,0.12776489854415757,0.11740380489716287,0.12891528988643938
0.13777027333970135,0.12782991594065937,0.1175630192075559,0.12877429741664648
0.13786786278157137,0.127847559793865,0.11771792734647,0.12863492056174974
0.13795498133810238,0.12787087124155463,0.11787726577919838,0.12850825466223495
0.13798790225819602,0.1278886573869014,0.11800279154552261,0.12836166382192363
0.13798355139470267,0.12788203871037626,0.11813592109964838,0.12820952480338757
0.13798305312261722,0.12781623310539927,0.11828099772485054,0.12807476616490268
0.1379756596452157,0.12759812789090758,0.11842342608381687,0.12795007670759298
0.13798973408731405,0.12729882591898486,0.11856906554578533,0.12783008231628032
0.1380214678910747,0.1269982277388064,0.11874644951203443,0.1276926657927023
0.13807077376195123,0.1267008969237492,0.11894676163055302,0.12755607498312777
0.13813837221954622,0.1263830815306227,0.11911019530271347,0.12742786648585208
0.13819884335065066,0.12609316080624328,0.11925004133233372,0.12730837013803126
0.13821976422833288,0.12583117616537604,0.11937416657214275,0.1271620760887258
0.13819909187233012,0.12557652495658897,0.11950253602294411,0.12701061582964202
0.1381886380276554,0.12531365239464945,0.11958878956119794,0.12688992198919835
0.13814456097027658,0.12506154435941752,0.11965049295957708,0.12680003105363935
0.13810009455364256,0.12479737727690957,0.11965854880371887,0.12673373594441045
0.1380673322847328,0.12451361022553048,0.11968005407876571,0.126688202732956
0.138057081594022,0.12425008583227976,0.11969112651239978,0.12665221415364294
0.13805645498912414,0.12398018382491077,0.11968021900375833,0.1266151892407909
0.13805924185524016,0.12370326681400201,0.11964121941638022,0.12658908816163408
0.1380850329887017,0.12344883986513971,0.1196159099985789,0.1265679140590254
0.1381391991491424,0.12318208037638502,0.1196045537391015,0.1265598009564393
0.13817825464424766,0.12291537656073089,0.11960780854466706,0.12653374531103073
0.13822521062010498,0.12263980977716725,0.11962575324881579,0.12649656186713165
0.1382747001294863,0.12231848169272688,0.11964615129803655,0.12647770697074148
0.13829818884809583,0.12195136114125173,0.11966692244651161,0.12646010007126154
0.13830497597809538,0.1215290135172469,0.11967453794509994,0.12642390882022583
0.13828465504737708,0.12115364389651248,0.11964840876429571,0.12635708699334658
0.13825139023748528,0.12079005752904992,0.1196166743946842,0.12630313450333813
0.1382392512150532,0.120405896523875,0.11956238939382569,0.12626685632906745
0.13819934983494334,0.12003026223671096,0.11950240638380995,0.1262478129218898
0.13814935738450204,0.11968290308654794,0.11946152683085119,0.12624146600469185
0.13810471452314999,0.11934514274513126,0.11943445397050483,0.12625253756003724
0.13803622252925038,0.11900909692919004,0.11941627698154011,0.12627385247607026
0.13795346866699337,0.11871624776734262,0.11940882517364682,0.12626799121658838
0.1378683905851792,0.11839426039983916,0.11939221191500078,0.1262383684422541
0.13778439768454687,0.11804811259019538,0.11938349217302861,0.12616882926690423
0.13766906577845103,0.11772694908114961,0.11937769072274954,0.1260560010502716
0.1375726717416238,0.11741497080588947,0.11939301398494027,0.12594196999892077
