0,1,2,3
0.26730790131326276,0.26730790131326276,0.26730790131326276,0.26730790131326276
0.2670724821952994,0.26693004997546055,0.2671645841379188,0.2675127696541536
0.2668333365131468,0.26653479171104705,0.2669817810497707,0.2676952858246031
0.26658888969143263,0.2661238297015078,0.2667639719200045,0.2678554674781133
0.2663370953966713,0.265699060252272,0.2665164723441593,0.2679269979050229
0.26608258854522104,0.265262330623679,0.2662446338925038,0.26791179987480274
0.2658254094407852,0.26481532712310074,0.2659458656574371,0.26786499516076434
0.2655651253245499,0.2643595702582948,0.2656085137199312,0.2677861175485091
0.26530206704598475,0.26389647767968794,0.2652586347265521,0.2676795779251988
0.26503635739775616,0.263427220922034,0.2648987558177181,0.267551274818336
0.26476801843353087,0.2629140343964694,0.2645304687680749,0.26740589448954405
0.2644970998825594,0.26239069359552664,0.26415493014579045,0.2672469105608477
0.26422353087824174,0.2618643636230214,0.2637729605416645,0.26707661453070575
0.2639637200390618,0.26133567794267726,0.2633854187609693,0.2668964877917917
0.26373077772816794,0.26080532688565244,0.26299299727976744,0.2667075859209205
0.26349347657698335,0.26027376333275265,0.26259615357521665,0.26651060465200865
0.2632373306241198,0.2597412695338385,0.2621952955202437,0.26630560628843913
0.26296317185359086,0.25920462392728183,0.2617908156083081,0.26606995494583996
0.2626768886200269,0.2586315962181102,0.2613685947694965,0.26575253635838736
0.2623899143714188,0.2580589688482947,0.2609145061211928,0.26542812652295183
0.26210235570923474,0.2574151992547256,0.2604375236033298,0.2650846218101003
0.2618143257772259,0.2567361986893145,0.2599513109545199,0.26473513764073686
0.2615259441155204,0.2560580145717395,0.2594631250990918,0.2643783482146879
0.26123728806858826,0.25534311767178336,0.2589732613133449,0.26400017467607767
0.260948100477789,0.25462678584537785,0.2584819942862983,0.26360767732314516
0.2606500202832063,0.253901008080694,0.2579895768481294,0.26320959684953854
0.2603353852053498,0.2531757645969671,0.25749619988296907,0.26280700571290033
0.2600207903638321,0.252455142538845,0.257001827119256,0.26239288715542125
0.2597064014215328,0.25173566813739245,0.256506671222983,0.2619610649777188
0.25939224528421523,0.25101686301541204,0.2560110340061188,0.26152589337540605
0.2590561854421515,0.2502989492816533,0.2555152181691628,0.2610876470868999
0.258721068530344,0.24958218814211827,0.25501932126766996,0.26064658868253315
0.25838715647093274,0.24887143405777729,0.2545234251628911,0.2602029676680111
0.2580543413892936,0.24816446743716775,0.25402759385055473,0.25975701979678417
0.2577225073708418,0.2474593179209035,0.2535319565741307,0.2593089666061566
0.2573658342244634,0.24675623422350193,0.25304507255863024,0.25885871990791093
0.2569619306671434,0.2460543421362151,0.2525771868206449,0.2583883113910605
0.2565477775174115,0.2453434456488133,0.25210947812205453,0.25790685543404557
0.25613476015495334,0.2446191026797611,0.2516419385931969,0.25742380075585225
0.2557229660182826,0.24389812316872336,0.2511746569006601,0.2569393354739799
0.25527798753511705,0.24317030776166357,0.250707779867529,0.2564522283974101
0.25481395487232794,0.24240104671645502,0.2502413171586317,0.2559596380995706
0.2543517371519898,0.24163785891196513,0.2497752828454315,0.2554655286498637
0.25389214162195317,0.24088097671270706,0.24928937784276595,0.2549698720862317
0.2534459145961681,0.2401306333287348,0.2487926631557692,0.25447282319294984
0.2529638188624286,0.23938705697581175,0.2482881662775002,0.2539745260377789
0.2524791865642967,0.23865049403889957,0.2477791633585266,0.25347325991708086
0.251997773493556,0.2378917211436644,0.24727167692679514,0.25297088781570165
0.2515196986759749,0.2370985170081551,0.24675041185224875,0.25246757970597655
0.2510450471072172,0.23631502048249334,0.2462207457200568,0.25195481273191656
0.25057389382594425,0.2355414875561301,0.24569348745124175,0.2514406535756826
0.25009230061667626,0.2347781197254045,0.24515138441920908,0.2509204498950671
0.24960620465036534,0.23402701746726665,0.24456148568139446,0.25038802804437676
0.24911155097095977,0.2332874559009752,0.24397321984241596,0.2498549721308044
0.2486201945691264,0.232559035854103,0.2433381668195709,0.24932122716294403
0.24808632743907408,0.23184040809672882,0.24271304813969272,0.24878675841973064
0.24754561319015084,0.23113109165907528,0.24209484426833291,0.24825160713568
0.24700785052209873,0.23043348807908057,0.24147985481041884,0.24771587643198673
0.24647270737873736,0.22974775585506355,0.24086887297065526,0.24717954074892706
0.2459399695607058,0.22907396597178323,0.24026224820576453,0.24664253783531817
0.24540952912346398,0.2284122254639458,0.23966024528127608,0.2461049069916694
0.24488102691122443,0.22776263163856533,0.23906311434679967,0.2455654431546177
0.24434855573940906,0.227125030492788,0.23847108965082858,0.24502209388688906
0.24380624115405225,0.22649962985035552,0.23788430075005162,0.24447866083703257
0.243264883451535,0.225891686011355,0.2373020168092698,0.24393503167868488
0.2427243200842535,0.22530004208583143,0.23672413082956903,0.24339091328564286
0.24218439120076424,0.2247218898823111,0.23615204579892127,0.2428459170919137
0.24161644047477837,0.22407326555453372,0.2355859400014345,0.24229958552953743
0.24103538761539098,0.22343610944791548,0.23503231119619125,0.24175162612132567
0.2404545761672001,0.22281251685591538,0.23448630055401315,0.2412019682083754
0.23987388522895522,0.22220249851779228,0.23394646672343175,0.24061830433623907
0.23929322805056288,0.22160601696323742,0.23341302447383708,0.2399703108367782
0.23870462709711818,0.22102308949683722,0.23288643595404224,0.23931800889563015
0.23811146802531608,0.22045366494098337,0.232366898921202,0.2386518315414971
0.23751896947384427,0.2198977027713078,0.231854552886141,0.23797324218411237
0.23694144304421363,0.219353933716101,0.231338560946984,0.23729009097536186
0.2363758502566834,0.21881984691027884,0.23079802884664138,0.23660217451297166
0.235809993002903,0.21829607074468163,0.2302652125693956,0.23590953721802344
0.2352430721415071,0.2177737525756596,0.22974035271045937,0.23521068239323323
0.23467501726713233,0.2172644354291341,0.22922364721562477,0.2345081181937996
0.23409652902998387,0.216768071523813,0.22871484087009536,0.23380280350623325
0.23351046175410145,0.21629464646532834,0.22821377362610024,0.23311688404474962
0.2329573047972273,0.21585721431359564,0.22769827807153256,0.2324398641896731
0.23240294501095402,0.21542803004033192,0.227166947779178,0.23174740790097006
0.2318463517682735,0.21501156231358243,0.2266443936156213,0.23103595536495677
0.23128788927454944,0.2146074373751882,0.22613071645549454,0.23032673719234395
0.23072785468978285,0.214257270592961,0.22562601995140075,0.22962024957540272
0.2301663642807256,0.2139696984227146,0.22513004962505387,0.22889311824216918
0.22960348622807625,0.2136931919549928,0.22464263382050217,0.22817085729550102
0.22903925279066922,0.21342766522006063,0.22416375278082995,0.22745421426693627
0.22847409358430718,0.2131731188740095,0.22369340816186117,0.22674376189372797
0.22790830353694064,0.21290596577335727,0.22323163751921746,0.2260399320773956
0.22734197481361246,0.21262985166472673,0.2227784580581757,0.2253432188532304
0.22677294943444493,0.21236449953499667,0.2223338560940481,0.224654032284606
0.2261980994844866,0.21210993335144268,0.22189946834625845,0.223972705720851
0.22562281773136272,0.21186669213123382,0.22147668193598116,0.22329952355854157
0.2250472580846409,0.2116572323182388,0.22106325673532284,0.22263459350605544
0.22447184207305024,0.21146658800276608,0.22065909963826527,0.22197668253476074
0.22389674292410514,0.21127561468294248,0.2202641464665789,0.2213119824380375
0.22332207518801153,0.21109317337881056,0.21987006016873947,0.22065597733752426
0.22274795005099213,0.2109146314718424,0.21947198376398844,0.22000863654754904
0.22217465712582196,0.21074769980000221,0.21908316665336652,0.21936786714673212
0.22160259570307697,0.2105923547150621,0.2187035169025192,0.21870397804159122
0.22103184580115248,0.2104485435847371,0.21833615091972053,0.21804913618911737
0.22046253454763734,0.2103124996914663,0.21797474392267308,0.21741242972765543
0.2198950325766351,0.21015726016240668,0.21749751846032972,0.21679478439450858
0.21934622719296715,0.21001358410851306,0.21702817590321646,0.21619188898330693
0.21880825781659913,0.20988075648953583,0.21659797758206895,0.21561456511515179
0.2182716062693014,0.20975825231794581,0.21618040472945357,0.21504706912752283
0.21773636097264323,0.20964903677015964,0.21577036768960042,0.21448969304731763
0.21720285672717288,0.20956977647192945,0.21536773132779138,0.2139430828619113
0.21667137222084984,0.20950112025573986,0.21497235051559468,0.2134071382376979
0.21614200756235763,0.2094429150418904,0.21458410577948883,0.21288183450294182
0.21561488368623247,0.2093799866373959,0.21420298185205464,0.21236712142594655
0.2150901240938359,0.20933760160520876,0.21382881475651938,0.211862968981263
0.21454739780021542,0.20928764001457567,0.21346132019750302,0.2113693078768409
0.21400629262922463,0.20924456678284037,0.21309976283609425,0.21084927039080523
0.21340192184523482,0.20921164213568455,0.21274339446004054,0.2103399424310231
0.2127975175791061,0.20918829517035512,0.21240641031853727,0.20984127738383754
0.21219343972263804,0.2091736228868787,0.21209858062077772,0.20934933077259843
0.21158982586329006,0.20917532172287961,0.2117977403611328,0.20885782889019328
0.210989802074103,0.2092092458425454,0.21150376867717285,0.2083963974829821
0.21038990012009734,0.20925090029946886,0.2112036212479616,0.20795004978176598
0.20979002332571758,0.209300748066269,0.21088135960879814,0.20751264490821578
0.20919148645134253,0.20935856107266565,0.21054058744799073,0.20708191526388564
0.20859440495306475,0.209424592291607,0.2102105539992758,0.20665885173737114
0.20799882601892136,0.2094992898338589,0.20988710069614402,0.20622340761488045
0.20740478075940358,0.209582415620715,0.20956954875812517,0.20580310808609265
0.20681239038725643,0.2096732101698911,0.209257363780607,0.2053971853247293
0.2061977994295324,0.20977041607403682,0.20895004881129176,0.20499941933986532
0.2055681624818893,0.2098737476648993,0.20864739472558397,0.20460969720839317
0.20494037177465846,0.20998294347867755,0.20834926620255068,0.20421829981940884
0.20431476294845352,0.21009061992545278,0.2080555334323141,0.20382030633506884
0.20369042883394864,0.21019598177325527,0.20776607680247736,0.20341476404093053
0.2030482359697277,0.21030624249597393,0.20748072979059248,0.2030286278599495
0.2023768180722226,0.210421260328244,0.2071992995747016,0.20266080084849172
0.20170038672211754,0.2105403839717092,0.20691808722918908,0.20229980077170578
0.2010266920831193,0.21066278986598022,0.2066385104657397,0.20194540931321175
0.20035702986015774,0.21078854626712376,0.20637310807589873,0.20159768995475105
0.19969067779376312,0.21091866835497333,0.20612704725514927,0.20125685650095146
0.19902639625541718,0.2110533226847068,0.2058834275076708,0.20091994184335144
0.19836664177019508,0.21119248588236447,0.2056304876874096,0.20056511056225243
0.19771177908578996,0.21133373906480338,0.20533482114264137,0.20021654950506568
0.19706293243257633,0.21147942180110818,0.20504095394507682,0.19987423607231944
0.19642043990458657,0.21162984404139737,0.20474660820117,0.19953816085618836
0.19578534874922457,0.21178502911781685,0.2044551977255578,0.1992053528534591
0.19515784490982319,0.21194504083791987,0.2041645958911814,0.1988497870805803
0.19453602595755867,0.21210997311297042,0.20387580230740135,0.19850053246069913
0.19389515849398223,0.2122799892527818,0.2035896475994988,0.19815777340198254
0.19325207505176167,0.21245512444111792,0.20330690862697542,0.19782163034971
0.19261671179410542,0.21263530068860464,0.2030275867001945,0.19749214102527504
0.19198909949771714,0.21282052586141406,0.2027516060167598,0.1971693503691894
0.19136946526951998,0.21301062868472198,0.20250659787437553,0.1968534070530208
0.19075845103825767,0.2131894979337784,0.20227796593168468,0.19655645082218529
0.19015569491333792,0.21335958560100418,0.20205358119252315,0.19626649457117776
0.1895619038825594,0.21353486247668937,0.20183350580016804,0.19598075526200728
0.18897752694347272,0.21371564521975414,0.20161778867695374,0.19570141678236375
0.1884025920914148,0.2139125821017021,0.2014063838625764,0.19542883758836407
0.18783713139561392,0.21414152390724073,0.2011992291775958,0.19516326814058546
0.18728107779725564,0.21437447801277895,0.20099638103859643,0.19493102145863198
0.18673434065328617,0.21461149735915716,0.20079790528515512,0.1947134671357346
0.1861969961338024,0.21485251381099404,0.2006038713014682,0.19450223538623593
0.18566912549407194,0.21509309318032582,0.20043274295738073,0.19429676196923082
0.18515080347642587,0.21531538883564108,0.20027792168740363,0.194096998883156
0.18464203102297297,0.21554153501707865,0.20010009027518455,0.1939030043441632
0.18414288812291907,0.21579655599857406,0.1999465227715961,0.19371485394957697
0.1836534745739501,0.21605758268092157,0.1997992358643228,0.19353280184702587
0.18317389418906216,0.2163220563863757,0.19965822643504383,0.19335723382795092
0.18270434043320646,0.21658952573699722,0.19952348539362882,0.19317376760312066
0.18224503629267647,0.2167541870420516,0.1993998727648096,0.19298517008567947
0.18179607953059998,0.21691382779475007,0.19929213725490674,0.19279763952653461
0.18135208565217084,0.21707565102337417,0.19919003122093493,0.1926096574297165
0.18091622847861272,0.21722473104385626,0.1990936101348529,0.19243302950484
0.18052108431956937,0.21737521170080762,0.1990029284501027,0.19226003091920996
0.18013510784611267,0.2175304030281989,0.1989145979506298,0.19206198072423267
0.1797590170998286,0.2176865829418561,0.19882558248667045,0.19186632647672056
0.17940502892219187,0.217843905036382,0.1987611368577653,0.19167309553857342
0.1790586907724193,0.21800179746760462,0.19870467147537565,0.1914822377597191
0.17872000710025235,0.21816005967752286,0.19865363970354755,0.19129364782543423
0.17838895674736566,0.21831857185372125,0.1986081475107394,0.19110728024790108
0.17807148898479405,0.21847721550015514,0.1985682221871582,0.1909230939601692
0.17779151277091934,0.2186358733031979,0.1985337965475507,0.19074073999176205
0.17752012668569297,0.21880890376608667,0.19850484087160883,0.190560106625843
0.17722530098320818,0.21898624771165726,0.19848151525528854,0.19038099783149506
0.1769345230718535,0.2191626737049757,0.19846300756967541,0.19020284086473369
0.17664963442200432,0.21933758839975206,0.19844925182661513,0.19002556338409138
0.17637058979239323,0.2195106087005969,0.19844015700434392,0.18984909554859156
0.17609753813937953,0.21968198850918336,0.19843533838729005,0.18967336845699007
0.1758308626424913,0.21983954865936983,0.1984346406699051,0.1894917709605161
0.1755705811487925,0.2199834679700427,0.1984379028872435,0.1892820686905527
0.17531772509962856,0.22012606070160676,0.1984450434713261,0.18901455096661
0.17507239748081707,0.22026714225275282,0.19845587925952918,0.1887412789014589
0.17483701508332913,0.22040654866350098,0.19847031503989382,0.18846848517517678
0.17464739117558484,0.2205442287231966,0.1984882700286564,0.18820921602376742
0.17446662862299553,0.22068046902285882,0.1984566271329976,0.18795112192722563
0.17429474678182313,0.22081537272876864,0.1983028127889331,0.18769360757549264
0.1741318873998683,0.22094887841678074,0.19815194808371633,0.18743681181275215
0.17397905857718163,0.22108110296637656,0.19800404451233727,0.18718070110131674
0.17383637358877635,0.22121203479496324,0.19785904633652665,0.18692982151002444
0.17370381112565042,0.22134153557380862,0.1977168881220075,0.18668463122258272
0.17358134701572905,0.22146940437782478,0.19757756897738948,0.18643969952579478
0.17343185187710217,0.22159534666901676,0.1974410085835165,0.18619484867737968
0.17325509290694116,0.22171915532218503,0.1973162080437323,0.185950125423653
0.17308813952265645,0.22184065983699117,0.19720737565879645,0.18570558697542186
0.1729309698480763,0.22195980335750637,0.1970999273063303,0.18546098522865867
0.17278363526200116,0.22207680466104154,0.19699343221523197,0.18521696944119936
0.17264635711845278,0.222191928951076,0.19688208688337877,0.18497037244348796
0.17251903651278638,0.22230492012249226,0.19677111714649148,0.18472287410056185
0.17240147705461506,0.22241549020693385,0.1966606878426954,0.18447601051822507
0.17229565344167483,0.22251939081807456,0.1965502274317593,0.18422964268174455
0.17220320449705503,0.22259539379132695,0.19643967980048826,0.18398366877487596
0.17212145903202852,0.2226690500742598,0.19632901151186535,0.1837380212979556
0.1720488520429735,0.22273989840210098,0.19621804835731263,0.1834926115457802
0.17198525929074238,0.22280769943146797,0.19610662363158057,0.1832519547858888
0.17191483756250903,0.22286677085862885,0.1959945754488032,0.18301526580850885
0.17184517215035303,0.22291929656214488,0.19588175778214506,0.18277977904695925
0.17178376774146797,0.2229678852623603,0.19576807943913135,0.18254616069562182
0.171730437191195,0.2230114238767798,0.19565359648695785,0.18231445565754445
0.17168497356897403,0.22305313151272965,0.19553822049779393,0.182084722963612
0.1716336232297597,0.22309282467421693,0.195421841994259,0.18185370851244068
0.1715888570248863,0.22312840705689527,0.195304363969176,0.18162278643271548
0.17155170177915224,0.2231576831781799,0.1951857054130338,0.18135804496789804
0.17152185149580354,0.22318434448928365,0.19506576859004046,0.1810942532709874
0.17149910271330532,0.2232075557751098,0.19494443575176448,0.18083168075267828
0.17147451335388467,0.22322941279953873,0.1948216588575727,0.1805701152509694
0.1714570225625717,0.2232554756569705,0.1946974185054108,0.18030953575178912
0.1714475794649353,0.22327091592404671,0.1945717443262523,0.18005002675690782
0.17144531673783492,0.22327134792154416,0.1944448413314376,0.17979168096159912
0.17145012498998494,0.2232654754028323,0.19431612314905553,0.17953456236302626
0.1714645700192676,0.22325267438161958,0.19418545603969595,0.17927873646202275
0.1714894821820894,0.2232324063755194,0.1940528541045876,0.1790242745945614
0.17152525745827174,0.22320532926345596,0.19391844688392346,0.1787713860805215
0.17157967182122602,0.22317142481593946,0.1937826344748206,0.17851998795506907
0.17163624697487023,0.22312966874189286,0.19364560525164923,0.17826940555004697
0.17169486328022968,0.22308030367733697,0.19350751066327826,0.17801921799814557
0.17172361773257847,0.22302375186600862,0.19336851555240345,0.17777514338466663
0.1717571895996112,0.22296091649323171,0.19322879610971821,0.17753790723354196
0.1717953321825174,0.22289261657053688,0.19308853776926108,0.17730036141913258
0.17183774929667675,0.22281348874439874,0.1929479331138679,0.17706281156614717
0.1718835394060043,0.22272940812970216,0.1928024402424971,0.1768265336194883
0.17193235758863143,0.22264111318086424,0.19265873546072854,0.17659178634085393
0.1719840187885781,0.22254854079583533,0.1925371316972256,0.17635863463784163
0.17203835177755708,0.22237723005725868,0.19242493228342133,0.1761271442169436
0.17209520215759608,0.22211445819409506,0.19231438644159696,0.17589738101079144
0.172154400951086,0.22185011240004257,0.1922051473564882,0.17566941068236586
0.172215394296577,0.22158438011821185,0.19209206915973556,0.17544346508103206
0.17227664077403668,0.2213163067419949,0.19197989440569424,0.17521988299505062
0.1723378684058813,0.22104197343041693,0.19186970014003973,0.17499812982026786
0.17239898273084536,0.2207669382388011,0.19176055610847956,0.17476877465286092
0.17246380920733695,0.2204913138132033,0.19165494782917458,0.1745416737016367
0.1725405136715851,0.22022224367844703,0.19157147298475555,0.17431726837322947
0.17261329914099233,0.21995532363773446,0.19147863724444705,0.17409617564783614
0.17267901526324014,0.2196890272443936,0.1913848943836357,0.17387835310330452
0.17274644143258633,0.21942361183502554,0.1912938056698526,0.17366375272158144
0.1728156560734162,0.21915913722223665,0.1912054661303069,0.1734520998536843
0.17288649785196325,0.21889546466614943,0.19111663660838332,0.17324329718486495
0.17295156740716053,0.2186326042457795,0.19102150757225164,0.17303712377866545
0.1730132349791875,0.21837059132349151,0.1909297139480932,0.17283355510551973
0.17304699419428785,0.21810942401330222,0.19084107570367614,0.17263314274681377
0.17304718642465938,0.21784901815415486,0.19075555003221092,0.17243744496204433
0.17304784196392492,0.21758918633008867,0.19067280944259096,0.17224626134801874
0.1730483453172808,0.21733198718003136,0.19059282748272627,0.17205948182458336
0.1730487937635174,0.21708074350282672,0.19049614787990485,0.17187643027193447
0.17304923275874184,0.21682926877376174,0.19038671189865117,0.17169689773655528
0.17305411797240428,0.21657732197226603,0.19027914793023024,0.17152080869618647
0.17307932052382663,0.21632460232820983,0.1901736925577794,0.1713480959196059
0.17310513797364568,0.2160711794827748,0.19007101585515848,0.17117869483767048
0.17313182694819468,0.21581716260457195,0.1899711001441984,0.17101254354410816
0.1731595149957229,0.21556285476532824,0.18987377358181565,0.17084958273321185
0.17318829612593512,0.21530846028780953,0.1897790898837356,0.17068975558152713
0.1732182096795642,0.21505409338664758,0.18968686408120936,0.17053300758295492
0.17324909324850202,0.21480004024897764,0.18958590261280392,0.17037483214537458
0.17319578132727534,0.21454460008729245,0.18948644932881203,0.17022650872639195
0.17313827821199232,0.21428096740466074,0.18938960756151835,0.17008785234352317
0.17308786605440052,0.21401767935102248,0.18929533741010815,0.1699526465357265
0.1730408989573241,0.21375399053145455,0.1892036617747797,0.16982103516741442
0.17299764520720215,0.21348868846053617,0.18911465115079013,0.16969311143704585
0.17295817360083743,0.21322396386705952,0.18899777987462862,0.1695668681824305
0.17293964581664795,0.21296378061863203,0.1888610976397945,0.1694129960729521
0.17292966341572089,0.21270857147386485,0.1887269350686842,0.16926371624132963
0.17292435284934918,0.21245630290339154,0.1885953099398971,0.169119105962282
0.1729232950004548,0.2122046819453602,0.18846618004026572,0.1689665653008375
0.1729258425437933,0.21195397306327887,0.18834507150940402,0.16880134893355972
0.172931973472857,0.21160799504642164,0.1882279942660056,0.16864119300881691
0.1729343650480985,0.2112587701585394,0.18811323164651014,0.1684860903948917
0.17293651351868924,0.21090803366111105,0.1880007706533457,0.16834053508956556
0.1729411654918015,0.2105582866608508,0.18789105167710451,0.16820267890074075
0.1729489873424878,0.2102072364217411,0.18778902056081287,0.16807005819369386
0.1729608852688183,0.20985405376431016,0.18774845156224312,0.16794264777740112
0.17297696724671685,0.20950539410860977,0.18771050834600575,0.1678161340144482
0.17299781877040654,0.20916418896023264,0.1876752597829605,0.16769449703964798
0.17303027756966352,0.20882660638548242,0.18764222090522734,0.1675785006889718
0.1730712402024696,0.208492816196946,0.18761133390886356,0.16746827802743655
0.17311741160229213,0.20816294112093536,0.18758220514758966,0.16735307089597862
0.17316817154118527,0.20783741403916053,0.18755543156755652,0.16724251755721112
0.1732101583326477,0.20751640491729692,0.18753166066599392,0.16713643609795037
0.17324693806327482,0.20720001780414538,0.18751017376156104,0.16703470646100083
0.1732871407934353,0.20688836442138675,0.18749066907223005,0.16693722562488064
0.1733306341109169,0.20658924604769835,0.1874752136687349,0.16684382907506654
0.17337730777365765,0.20630583628600951,0.18746623171258678,0.1667543758716847
0.17342665938132557,0.20602742223887255,0.18745891203573145,0.1666683132532952
0.17347824231963482,0.20575411063783414,0.1874531460934954,0.1665850233200982
0.17353108776516143,0.2054854077983546,0.18744891611131673,0.1665045861970288
0.17358339364947847,0.20522056531842944,0.18744626163202852,0.16642710920682768
0.17362118915485608,0.20495960005411856,0.18744280381812653,0.16635260463698293
0.1736484378358402,0.20470258629745006,0.18743934397326553,0.1662810644611189
0.17366536621711098,0.20444958927756307,0.18743752621217388,0.16622581284388743
0.17368279357238617,0.20420067566931455,0.18735778388858895,0.1661798144647223
0.1737008105571846,0.20395777217824076,0.18727429958673406,0.1661373753008569
0.17371948131224427,0.20372731924721743,0.18718873227385935,0.16609832431085556
0.17373892600124893,0.203501058418972,0.18710324697757977,0.16606262113050535
0.1737587698636575,0.20327867682304124,0.187018335315742,0.16603733588346165
0.17378199277245307,0.2030598797698684,0.18695547757401443,0.1660290545840404
0.17380572133350863,0.20284453492422805,0.18689543140943524,0.16602262411786142
0.17382987156500793,0.20263268134566068,0.18683650805635046,0.1660180380636387
0.17385449320409416,0.2024243422219848,0.18677857269747747,0.16601520014279214
0.17387950837251986,0.2022194271021096,0.18670723015060336,0.16601398652955085
0.17390480926769475,0.20201793232877718,0.18663241489191532,0.16601402588533487
0.17390779425911349,0.20181988050625946,0.1865589623194576,0.16602150904106816
0.17385975364894926,0.20162532314296122,0.18648683059743112,0.16603312516314683
0.17381079449740966,0.2014341986553308,0.18641598110828633,0.1660460716047806
0.17376035085046856,0.20124462679536254,0.18635209237602107,0.166060325445801
0.17370838101597605,0.2010501189722326,0.1862995264356415,0.1660664944147414
0.17365475553429488,0.2008645954298739,0.1862475500929099,0.166063145830886
0.17359937195714856,0.2006827970827683,0.1861960664443358,0.1660542148487771
0.17354218134887434,0.20050359991485422,0.18614499050598965,0.1660472513931005
0.1734831554065719,0.20032885598780753,0.1860941961806748,0.1660422371948713
0.17342244337985974,0.2001584721121517,0.18605135668743417,0.1660388840970325
0.1733602164327094,0.19999198328487777,0.18601525125804913,0.16603720211031053
0.17329515713381058,0.1998287099606886,0.18596859114099423,0.16603716267869595
0.17322660582865307,0.19966817300430828,0.18592099944952056,0.16603929211067783
0.17315712688355428,0.1995260445372039,0.18587234879115494,0.1660433632337377
0.17308703585140295,0.19940658872035244,0.18582252655993284,0.16604932213174478
0.17301655083004594,0.1992877507265635,0.18577143889845313,0.16605753733379322
0.1729422188996294,0.1991681446753348,0.185718985152224,0.16606829577906626
0.17286570505081142,0.19905011144018933,0.18566495422954715,0.16608158009887086
0.17278901147381992,0.19894291490942612,0.18560946428650418,0.16609727611183808
0.17271215181234612,0.19884039318121988,0.18555213194338452,0.16611884242394936
0.17263513848010123,0.19875935706622067,0.18549823307424676,0.16614834592029581
0.17256165373657992,0.19871077941317752,0.18544563033036393,0.16618016883825618
0.1724910217633963,0.19866646037364238,0.18539320657259906,0.16621465541953226
0.17242033868886114,0.19862141627597038,0.18534932570489765,0.16625512023156172
0.17234929829209839,0.19858294756171496,0.18530363355878568,0.16629665470145735
0.17227744169946105,0.19854515790141383,0.18527291527282316,0.1663315698340255
0.17220441546606807,0.19852263291240047,0.18525160079098693,0.16636184485948138
0.1721295096097331,0.19851394286625806,0.18522242243895426,0.16639145868500563
0.17205258473091126,0.19850273196022916,0.18518746587234877,0.1664219592781279
0.17197363621027711,0.1984888564759043,0.18514276516373523,0.16645334891154412
0.1718933761071027,0.19847220576909033,0.18507541560803278,0.16648564096469134
0.17181185991998424,0.1984683378607638,0.18500447912708604,0.16651847690415988
0.17172898076240747,0.19846321481964632,0.18493093581798226,0.16655128096779792
0.1716484518593853,0.19844362120302045,0.1848548545991887,0.16658404032412463
0.17156869782261447,0.19842050294888286,0.1847762586881964,0.16661673575915614
0.17147951495531455,0.19839459252680616,0.1846951991151962,0.16664935199231726
0.17138986080822505,0.19836609348186862,0.18461153974947322,0.16668247222768154
0.17129834619516532,0.19833451278284667,0.18452908087019285,0.16671659307419143
0.17120419293949088,0.19829988430360712,0.1844465439301077,0.16675122367161888
0.17110975287777286,0.1982315090400927,0.18435867895887878,0.16679270237936578
0.1710148386269108,0.1980913801589449,0.18426613012942003,0.1668344525548202
0.17091943643440316,0.19794884066781926,0.18419912690016318,0.16687584025594843
0.17082346583636204,0.19781310307878391,0.18416767491661892,0.16689836243883174
0.1707267927100884,0.19769036557090433,0.1841412906547255,0.16692048039129737
0.17062880700837535,0.19754415792068356,0.18411580725968693,0.16694288040937222
0.17051687221475934,0.1973956637268682,0.1840865105841059,0.16696536065674825
0.17039401101850554,0.1972450666508945,0.18405307324613115,0.166987808733121
0.17027025885186775,0.19709173295778606,0.18401538493698255,0.16700984668116253
0.17014609191932373,0.19692741712131745,0.1839734141019265,0.16703104432668966
0.17002160875124847,0.1967620800423876,0.18392739577897224,0.16705118629335458
0.16989682427623495,0.19659600939195895,0.18387759453311614,0.16707004520615254
0.16977113944499464,0.19643148304578525,0.18384110819294983,0.16708751665611093
0.16964451118983798,0.19626835254877537,0.18380222940773622,0.1671034584644644
0.16951718353802914,0.19610627814162085,0.18375972469996507,0.16712628839480217
0.16938235193587492,0.19590045860183675,0.18371003429825059,0.16716232921664187
0.16924021067545902,0.19568133948217903,0.18365614787699786,0.16719581978432288
0.16909912410378142,0.19546381207412328,0.18359854291988761,0.16722658692345646
0.16895599132281783,0.19524758870065007,0.18353744113477316,0.1672544696680787
0.16881445183472818,0.19503243715741359,0.18347289937586744,0.16727935564786447
0.16867505443746852,0.19481825492559274,0.18340124849918052,0.16730112290804822
0.16853853999771834,0.19460517371531397,0.183326511924311,0.16731938666683935
0.16840482812624546,0.19443843432195582,0.18324892048605793,0.16733361313064168
0.1682749256060518,0.19427728839508165,0.18316854546371406,0.16734370219910716
0.1681475728008478,0.19411798670474403,0.1830854369444842,0.1673514022125146
0.16802048732330965,0.19398268698404306,0.18299964925713394,0.1673504070987446
0.16790654352940068,0.1938617611325557,0.18291134056904357,0.16734159035151935
0.16780301869602343,0.19374290143832532,0.18281468865761352,0.16732948040717832
0.1677045438591572,0.19362600982155262,0.18271281477898496,0.1673066002615462
0.1676116403739537,0.1935110812996317,0.18260893681699297,0.16727603936325824
0.1675244157677723,0.19340651524905234,0.18250313229866286,0.1672424511595589
0.16745515422504403,0.1933047952988963,0.18239597956435344,0.16720627708528463
0.1673922227021404,0.1932048243938414,0.18228817308943682,0.1671676160828879
0.1673353158963647,0.19310334450449015,0.18217968255350006,0.16712663274543454
0.1672810510670894,0.19302709833677376,0.18207045827501755,0.1671121943854766
0.16721801732209532,0.19296251286143504,0.18196043460773495,0.16709575924713835
0.1671595535025866,0.19291740403728155,0.18184953217778696,0.16707740299921597
0.1671058128242125,0.19287242457248271,0.18173762519983053,0.16705861083946136
0.16705611412168436,0.19282818068261867,0.1816156844734705,0.16704846733966391
0.16701073529502733,0.19278450041010448,0.1814889352815197,0.16703721138372987
0.166963500257821,0.19274276211177466,0.18135955721675587,0.16702511332956116
0.16691020762234876,0.19272121390451233,0.18122801426001334,0.16701228038666036
0.16686205826219513,0.19269885626764832,0.18109482328010126,0.16701593906360013
0.1668190003761663,0.1926746602895185,0.1809598496310104,0.16703728576624982
0.16678092086683477,0.1926475460251874,0.18082289421918932,0.1670598690522907
0.16674740139459776,0.19261786828146255,0.18067764479263193,0.16708339974238623
0.16671834630556218,0.19258483263577975,0.18052774891628579,0.16710734906769095
0.16669339014246684,0.1925477201065662,0.18037493498552276,0.16713179414661714
0.16667224875139028,0.19251101752516714,0.18021891221924283,0.16715681298822851
0.16665487214803287,0.1924779498560041,0.1800597457909219,0.16718247620682503
0.16664092309834233,0.19243847295887304,0.1798976755800659,0.16720884640442626
0.16663040827507553,0.1923916491826218,0.17973255297908589,0.167235977643144
0.16662332709141192,0.19235659660038476,0.17956420907786946,0.1672639150138028
0.16661929622252536,0.19231359737235287,0.1793925002790886,0.1672991544284554
0.1666176846939078,0.19226231402449034,0.1792172968502501,0.16729431762277502
0.16661742421012815,0.1921951913994323,0.1790382472111664,0.16728524157292465
0.16661846254933782,0.1921251563513238,0.17885952881028808,0.16728923676309157
0.16662074985334427,0.19204681320458525,0.17870091381593012,0.16729399297673314
0.1666248357453196,0.19196869023196603,0.1785574842430765,0.16729922783907455
0.1666307239827597,0.19188088945158124,0.17841046245403558,0.1672974181230265
0.16663827409857998,0.19178336440453342,0.17825703214366123,0.16727897509125467
0.16664781342260404,0.19167619226297003,0.17809899297228762,0.16726207474711985
0.16665929937999818,0.19155949169357417,0.17793765677575216,0.1672466532901498
0.1666726293683628,0.1914334558708491,0.1777705474290449,0.16723256337849846
0.16668757142418864,0.19129869631031027,0.1775972651947301,0.16721975583221302
0.16670253386164186,0.19115853369851565,0.17742041449564058,0.1672030807861343
0.16671942724106031,0.19100949537558992,0.17723419405067287,0.16719259208647114
0.16673988308346782,0.19085169535009977,0.17704505660023281,0.16718634632235171
0.16676038325477371,0.19068507283628308,0.17684106906958977,0.16720160611128018
0.1667811176174785,0.19050927860041347,0.17662977114729034,0.1672325069062852
0.16680185305203968,0.19034146234260094,0.1764166954961922,0.1672689463525403
0.1668004823431291,0.19017348383696403,0.17620219183848007,0.16730854213773008
0.16681890891296922,0.18999778918072066,0.17598689502411644,0.16735582931350673
0.1668378044416321,0.18981043263273836,0.1757699566896786,0.16740638395908342
0.16685518911004527,0.18962455422327656,0.17555482907170386,0.16747985432701418
0.16687194696859992,0.18945808371364653,0.1753431372113976,0.1675581243636584
0.1668881618316354,0.18928368466943046,0.17512903297242974,0.1676394163032791
0.16690393256201477,0.18910446766576788,0.17491252991511494,0.16772370787423865
0.16691880962010563,0.18890753174398198,0.17467475779690686,0.16782700233771916
0.1669326350114069,0.18869418833085927,0.1744346375565109,0.16795957855536217
0.16694572462166993,0.18846463139745662,0.17419232431301934,0.168094758506413
0.16695749591360304,0.188241829016965,0.17394785175996588,0.16823240679595136
0.16696771408010674,0.18801941718253815,0.17370130802241607,0.16837353926664358
0.16697525987931364,0.1878351244447401,0.173452616077856,0.16851762194629974
0.16697283246131056,0.187651220166985,0.17320164992804515,0.16866376612117895
0.16691429250473455,0.18746748417543255,0.17294851769146824,0.16881174326841034
0.16683941623613982,0.18729218326847663,0.1726979471481059,0.16896082245576918
0.16676190083588172,0.1871251165381564,0.17244925757846274,0.16911057895729034
0.16668597096511117,0.18695802821231697,0.17219865332424597,0.1692561006391158
0.16661830418832457,0.1867906294942193,0.17194620264041835,0.16941717172479656
0.1665447746265037,0.18662233094670239,0.17169517733243844,0.16957654829527474
0.1664683293142048,0.18645307680312548,0.1714513955408288,0.16973573935807498
0.16638865160385066,0.1862828134592268,0.1712067666972393,0.16989499627130009
0.16630502440192169,0.18611147610015197,0.17098613238406316,0.17005411579664018
0.1662178386370731,0.18593966565921957,0.17079499586079772,0.17021291962261254
0.16612781930080106,0.18576736282211825,0.17060388169575125,0.1703713008076167
0.1660352876054907,0.1855936881932404,0.17041309321718473,0.17053611216785483
0.16594031779725266,0.18541899222631933,0.1702241684549322,0.1707026751494958
0.16584298296631103,0.18524411922874112,0.170048340078359,0.17086839700876552
0.16574333544024186,0.18506997957158489,0.16987317972466312,0.17103323411332041
0.1656652798622815,0.18489666163666751,0.16970782886071042,0.17119714444394105
0.1656003509755999,0.18472413230984375,0.16956275771138718,0.17136003072684472
0.1655273140826965,0.18455252249690066,0.1694211408611797,0.17152177160039606
0.16546488964960132,0.1843851099217132,0.1692756349069816,0.17168218606562052
0.16541381811064632,0.1842289576706991,0.16912910353458985,0.17180538684334892
0.16536279095863102,0.18407721636369856,0.16898633098649343,0.17192405482888587
0.16531134864075495,0.1839301010078566,0.16884917632044066,0.17204079791109594
0.1652594713030709,0.18380605293343247,0.16870717983546932,0.17215547449001853
0.16520775925983847,0.1836864604901338,0.16855658284954103,0.17226807695086335
0.1651566769676052,0.18356775148397453,0.16840444204736896,0.17232727335843362
0.16510493062992843,0.18344966796022943,0.1682552362899821,0.17238305091796338
0.16505235688387135,0.18333198350238672,0.16810850045959447,0.17243644165308453
0.1649986144930746,0.18322521109379739,0.16797354739757325,0.17248722145656384
0.16494364794368085,0.18312573037098526,0.16784165016341202,0.17253432895406887
0.16488783026420334,0.1830349615861764,0.16772416746494695,0.17256760922932196
0.1648310254096714,0.1829436898768717,0.16766028905753397,0.17254770701829372
0.16479107316465447,0.1828516773218933,0.16759559395264198,0.17252053159675057
0.1647524518660448,0.18275892186938444,0.16752523774213893,0.1724880416106083
0.16471083142825485,0.18266548199845267,0.16745922103502756,0.17245000939392827
0.16466605823029376,0.18257125220953038,0.16739726330350493,0.17240604843391596
0.1646183082079875,0.18247617839353727,0.16738270364294283,0.17235100002551867
0.1645674116677066,0.18238037326688883,0.1673736655648125,0.17228878549251503
0.16450279502268472,0.18228374401540973,0.16736620734799423,0.17223732107915474
0.16441798197184537,0.18218435556472276,0.16736150186821463,0.17218102817260145
0.16432915034935955,0.18207801242344088,0.16737944943537283,0.17211914077343515
0.1642360609900804,0.18196973130742353,0.1673972622516552,0.17205180558900127
0.1641388591347435,0.18185927226150486,0.1674144344041863,0.17197879776399252
0.16406134576980846,0.18174670302422974,0.16743057519050514,0.1719001619545814
0.16398087213226498,0.18163133868495868,0.1674452693346248,0.17181583538824705
0.16389705956484055,0.18151097387961918,0.16746421878867312,0.1717256392676157
0.1638098288303913,0.1813893489037478,0.1674901404867529,0.17162955867430302
0.16371919810732422,0.1812663834596925,0.16755794576581148,0.1715275566472842
0.1636158993561155,0.18113898345716492,0.1676233652862926,0.1714196115967454
0.16350089286523714,0.18100959868352276,0.16767142705493868,0.17130603059664282
0.16340734024523565,0.18089098684117508,0.1677000177996739,0.17118485218014867
0.16331118560852012,0.1807817274213711,0.16772494466479662,0.17105423620544755
0.16321609926836875,0.18067590087229402,0.16774594361691378,0.17091957824610612
0.1631252251510501,0.1805798404388002,0.16776282245856103,0.17078604166881015
0.16303335538102812,0.18048210008261256,0.16777546729344336,0.17064856569611944
0.16294081067980207,0.18037541036401408,0.16778920950729725,0.1705074245622622
0.16284823100897403,0.18027112636755896,0.16780067432832724,0.1703629052510646
0.1627562474883064,0.18017103306367127,0.16780923629538658,0.1702152148803061
0.1626655419751175,0.18007620185254408,0.16783442106965132,0.1700647163567353
0.16257679463680844,0.17998190691592827,0.16785466497315432,0.1699260401517704
0.16248742968747898,0.17988788601570316,0.16786979516604794,0.16979682386765665
0.16240357311899764,0.1797938065273388,0.1678798306006122,0.16967346175493758
0.16234399745093994,0.1796992104405879,0.16788488094238607,0.16954962678219254
0.16229148542795158,0.17960403819156684,0.16788502995621812,0.16942577602376901
0.1622461959162295,0.17950787843625227,0.16787622109653572,0.16928797220820638
0.16221806987832227,0.17940351192578496,0.16786123240351442,0.16914489135607755
0.16217605475603206,0.1792777745991882,0.16783614489235804,0.1690025878130373
0.16215893523270375,0.17915027096319988,0.1677974940505441,0.16883616944970445
0.16214303424673734,0.17902027592776665,0.16775479080352634,0.168671530504974
0.1621354295455532,0.17888691730670458,0.16770815380909299,0.1685095767300126
0.16213649865409974,0.1787769112547695,0.1676566933828241,0.16835656766449753
0.16214702588965665,0.1786717637669167,0.16759896813109834,0.16821048392731366
0.1621671575154759,0.17855900431437688,0.1675404206051392,0.1680671180422158
0.16219656120966458,0.17843730430174623,0.1674912263699452,0.16792675039813465
0.1622458173980514,0.17831408748640087,0.16744428280461254,0.16779014574315662
0.16230367776945875,0.1781828350062993,0.16739664118984657,0.1676579695030126
0.1623577580418305,0.178032993453636,0.16737260057626763,0.167539425566434
0.1623616269428187,0.17789188625631472,0.16735123781137975,0.1673770929905289
0.1624072006719031,0.1777562683320345,0.1673277703273895,0.1672461707024664
0.16246361612617807,0.1776108638538208,0.1672956439840037,0.16712762200916867
0.16254258846184094,0.17745679381384455,0.1672373283413232,0.16701462664502478
0.16263123074453079,0.17729570527660068,0.16717894275748618,0.16690725389455183
0.16272850549143775,0.1771295257351457,0.16712614428776534,0.16678041878761032
0.16283413014332462,0.17693849730556865,0.16708403730519544,0.16666681650881196
0.16294770249537988,0.17674237134178383,0.16704153936387814,0.16656153984665514
0.16307333264284324,0.17656105110699655,0.16699872670721524,0.16646169505369712
0.1632243408421308,0.17636008805112183,0.1669556988535938,0.16636775501193107
0.16338240308158616,0.17615640623892687,0.16691255487096893,0.16627983788035197
0.16352858529676337,0.17596818615515672,0.16686955862550973,0.1661967502310305
0.16368405598323935,0.17578506729772017,0.1668267866358552,0.1661181458025973
0.16385160369646587,0.1756001488297141,0.16674132278032483,0.16604244636416224
0.1640261946981466,0.17541345200875594,0.16665644554139836,0.1659712276422954
0.1642081348968236,0.17522502443176116,0.16657236297618686,0.16590410937099756
0.16440798478853022,0.17503491104333996,0.16648915351891286,0.16584107049262808
0.1646141289546738,0.17484313601934542,0.16640713919416045,0.16578171668737632
0.16479394764375305,0.17464963972159567,0.16632651689221847,0.16572605913863425
0.1649541258006156,0.17445434220000292,0.16626725955627406,0.16567682688022523
0.1651188988905418,0.17425725330132164,0.16621071929002865,0.16563012464200746
0.16528550414995713,0.17405833785355337,0.1661548250356673,0.1655864773981488
0.1654492877304301,0.17385749231722886,0.1661029611676157,0.1655470732945843
0.16561499938458338,0.17365500736959233,0.16606205923019482,0.16550931777741074
0.16578238908666462,0.17343618323079535,0.1660179039367402,0.16547280780768933
0.16595188510673706,0.1732121942049172,0.16597508673138275,0.16543735031281784
0.16612349847802027,0.17299493436163738,0.16593334242319208,0.16540279347559764
0.16629723507952496,0.1727778363905881,0.1658857254613373,0.1653699653393991
0.16648149947438148,0.1725593707317514,0.16583340684184364,0.1653388035552725
0.16667364034491586,0.1723493894659085,0.16578256919998835,0.16530700314071126
0.16687657106539153,0.17214076159331565,0.1657333522677277,0.16527453798464442
0.16708255377133727,0.17193075829404836,0.16568577765596035,0.16524124258702874
0.1673212135111862,0.17171884529690845,0.16563975390236196,0.16520709117437649
0.16755200395265132,0.17151181420257403,0.16559549851896332,0.16517708874008738
0.16775374964250364,0.17130349334318373,0.1655532816639678,0.16514711570854515
0.1679557308931773,0.17109756732186848,0.1655204027173534,0.1651184832956701
0.1681593103282954,0.17089274215616396,0.16550134262369245,0.16509497529561173
0.16836426773725563,0.17068775149363738,0.1654843921548531,0.16506983352972066
0.1685703069999426,0.17046928026354552,0.16546912090501872,0.16504325233063774
0.168777049982337,0.17024372805742463,0.16545557129734742,0.16501550042970933
0.168985668406929,0.17006099282886786,0.1654436369928404,0.1650007380034162
0.16919474506105875,0.1698770263058601,0.165433130308098,0.16498841830682745
0.16940301279426342,0.16969062209129093,0.16543256663277603,0.16499227384668477
0.16960991980076484,0.16950150184650634,0.1654542474300948,0.1649893666614207
0.16981437674183406,0.16931014244944925,0.16548029338711165,0.1649698455365246
0.17001525702388187,0.16911733169114251,0.16550722476687238,0.1649492824495042
0.17021127619948884,0.16893614254379058,0.16553504560912433,0.16492808354111418
0.1704016926252401,0.16875257195148227,0.16556381301038947,0.16490614605320936
0.17058550464817088,0.16856579427238896,0.16559353234647475,0.1648836041802013
0.17077784750104286,0.16837576961674128,0.16562429425758893,0.16486040538871255
0.17096449410778622,0.16817761353424293,0.16565619165675546,0.16483645183006992
0.1711424011202272,0.16797347845119726,0.16571056315677363,0.16481164074355112
0.17133419450274406,0.16778404184310797,0.1657662647602297,0.1647857707838527
0.1715133832679781,0.1676219431087717,0.16582292760649278,0.16475919452854593
0.17166918139501142,0.16746441488638386,0.16588034075639735,0.16473522791778605
0.17181781666928658,0.1673068911224487,0.16593838532380525,0.1647098045367826
0.17196027175855189,0.16714782872537226,0.16599704001479748,0.16467168754415482
0.17209356599473025,0.166982665050548,0.16605594132662702,0.16460893259249426
0.1722159396616511,0.16681145161387173,0.16611427257243466,0.16454442658597518
0.17233363829056675,0.1666359291543509,0.16617174182510067,0.16447905702696336
0.17244700017873277,0.16645581493862802,0.16622909014572462,0.16441190643153542
0.1725466256826667,0.16627176118311426,0.1662854211596486,0.1643436644904337
0.17264372148290086,0.16608398645182726,0.16634042346925113,0.16427610281108754
0.17269048170566864,0.16589245159068133,0.16639410373393232,0.1642079608206026
0.17268625907140572,0.16569896560582625,0.16646295134711725,0.16413934260687013
0.1726784950435812,0.16550821389455628,0.1665325409646511,0.16408186414002787
0.172667524860782,0.1653278254884068,0.16660019182679048,0.164027458582281
0.1726532704956,0.1651636288759037,0.16666641345551403,0.16397263027163947
0.17263550949084588,0.1650142665524832,0.16673094969226915,0.16391606640896753
0.17261407796219377,0.16486659790121247,0.1667935762016957,0.16385794527662118
0.1725887624134807,0.16471752347667307,0.16686347225528614,0.16379923477077712
0.17255913623011152,0.16457115659038635,0.16693300573943945,0.16374127368987834
0.17252467217615616,0.1644110510148064,0.16699244609553235,0.1636907896797429
0.17248475754539208,0.16424896459072694,0.16704835543486277,0.16364487379878237
0.17243870365284789,0.16408523132301434,0.16710045234875312,0.1635989818025307
0.17238434405412925,0.16392015384637068,0.1671406998839747,0.16355160507635425
0.1723149633121842,0.1637540467882995,0.16717340823122312,0.16350275243988302
0.17223626176847553,0.16357608340654814,0.16720329218741625,0.16345242957186956
0.1721647560228791,0.16338542040323473,0.16722865330874231,0.16340035200400974
0.1720850965794266,0.16319442803283832,0.16724947889446254,0.163295321794989
0.17199721149632222,0.16301698412408352,0.1672657878370303,0.16315250396150752
0.17190153679019549,0.1628428979690946,0.16728021301127013,0.16299886425994686
0.17179851971998839,0.1626702132980305,0.16728969209895933,0.16282277951617155
0.17167326286543005,0.16249914917801064,0.16729401135069863,0.16264703555321403
0.1715391971419033,0.16233024403502183,0.16729301864423574,0.16247732369636333
0.1714006439677719,0.16216593417177042,0.16729257702769137,0.16230702601672545
0.17125898322035987,0.1620035259978357,0.16729679043436657,0.1621001479918562
0.1711567005040798,0.1618412358832483,0.16729941358594852,0.16188466824363565
0.17107579821663682,0.1616611677955851,0.16729745769664875,0.16166738257305793
0.1710346115594128,0.16147200257367084,0.16729110109026515,0.16145020748533662
0.1709995328221161,0.16128623742599046,0.1672803830613851,0.16123331305403504
0.17098754817265874,0.16110357248337212,0.16726085071538085,0.1610167791856269
0.1710415807126084,0.16092417475531426,0.16723461589969524,0.16080132344909476
0.17108050498160207,0.160748591334564,0.167204416949168,0.16057285875640182
0.171106465557825,0.16057734136288135,0.16717011699296144,0.16034618903143932
0.1711340729565145,0.160410522917101,0.16713188940686113,0.16013203370233706
0.1711636578317546,0.16027537863515742,0.16709010423988122,0.15992078884078736
0.17119533018586777,0.1601497521587411,0.16704466326289433,0.15971256612740878
0.17122924298207462,0.16003987944820044,0.16695656458593575,0.1595176949463978
0.17126546429998862,0.15996593546431498,0.16685746348220776,0.15933797000632186
0.17130362106714478,0.15989941273922867,0.16675535354726814,0.15916116918888493
0.1713440003143698,0.15983626508523907,0.16668016905050234,0.15898735217576693
0.17136997706200144,0.15977678473734416,0.16661068566176618,0.15883505696067707
0.17139670618194305,0.15971908881144378,0.16653992184026867,0.15870670722905203
0.17142552226544702,0.1596685096341771,0.16646687731548335,0.15858131294037084
0.1714561418899661,0.15962101423392303,0.16639169077114271,0.15842078038224938
0.17151724506532867,0.15957214081862947,0.16630923747352003,0.15826221179580727
0.1715895967611783,0.15952439542301053,0.16621919979581934,0.1581030084403252
0.17160782530177823,0.159481983876316,0.16612688208292611,0.15794128923366546
0.17149974251192543,0.15945153061858747,0.16603218826984592,0.15778754071037138
0.17135703663527443,0.15942695168364396,0.16590741397337638,0.15764568342509763
0.17121252455104907,0.15941591519156126,0.16577675289303648,0.15752159315495384
0.17107150200424978,0.1593959194691304,0.16565298662791542,0.15740317056622818
0.1709345000317909,0.1593822525847534,0.16552851637500454,0.15728141296356696
0.1708018312191192,0.1593703046834267,0.16540605269586076,0.1571517670004879
0.1706736195244374,0.15936079120241892,0.16529193414542828,0.15702605773600223
0.17054991737407657,0.1593525801785213,0.16517826569727245,0.15689089089726788
0.17043080920217535,0.15934688945815112,0.16503254095949346,0.1567460169089385
0.17032312194097135,0.15934378379535064,0.16487082543376735,0.15660531205086467
0.17023066094931283,0.15933797679640319,0.16470729451717706,0.15646878370303324
0.1701418475245238,0.15932677149382282,0.16454485747955983,0.15634400650636038
0.1700529735981095,0.15931389162563722,0.16438350267403096,0.15623081004769998
0.16996783630030257,0.15929850433343745,0.16422305540584503,0.1561204130419706
0.16987869278034862,0.15927994798431136,0.16407068656226334,0.1560375205349909
0.1697372894315899,0.1592577346637978,0.16392320476900765,0.15595948558196845
0.16959960564628965,0.15923147659261958,0.16377055585143185,0.15588247162221205
0.1694656847487459,0.15920079985172558,0.16361727652093538,0.1558293384208171
0.16933544906491393,0.15916485610003095,0.16346504169389747,0.1557700468190046
0.16920864910857542,0.1591237168221049,0.16331387086000046,0.15569194600449693
0.16908649123829414,0.1590866210069874,0.16316008858040262,0.15563267541627146
0.1689797293877521,0.15904986038259752,0.16296016005443278,0.15556905023159126
0.16888262129860732,0.1590086289891106,0.16275973075755343,0.1555042281490341
0.1688087584999566,0.15896723077001354,0.16256059433136646,0.1554366345339211
0.16874846803796534,0.1589206934913492,0.16236305671250595,0.15536384907872106
0.16869251687460066,0.15886878606908317,0.16216690392785155,0.15527425180369206
0.16863746750754546,0.15881322249180016,0.16197207349291382,0.15516904954886915
0.16858289986428504,0.15874566593168798,0.16177843376443932,0.1550444130475365
0.16852833856780072,0.15863293416526708,0.16158595076444837,0.15488745682424485
0.16847333070994674,0.15850944175768547,0.16139485633139383,0.15472548524211527
0.16841757596793275,0.1583827079516757,0.16120505863215642,0.15455900691523436
0.1683607116160206,0.1582526233684831,0.16101644911270716,0.15438868553517743
0.16829215412191684,0.15811862862499687,0.16082882012125743,0.15421939846941718
0.16821792106100447,0.15798112433145084,0.16064210033638054,0.15405196681900302
0.1681089219531475,0.1578402931412446,0.1604562061920904,0.15388059236735688
0.16797233079079804,0.15769657156900269,0.16027093353605007,0.1537196662075868
0.16783150816131426,0.15755048185745332,0.16008594907521265,0.15358133992644743
0.1676853220683216,0.15740074645014612,0.15990455071524767,0.15345230168653687
0.1675367633722215,0.15724646699749484,0.15972747108796698,0.1533452934304953
0.16740024582195354,0.15708641469879447,0.15955589796324834,0.1532373807822322
0.16725719053248353,0.15692644729246127,0.15938626958849106,0.15313200843557614
0.1670810517189364,0.15676711770509363,0.15921650411269428,0.15302815080109203
0.16688529790206721,0.15660845829491196,0.15904634510837337,0.1529241885656793
0.16668330024537545,0.1564408329538835,0.1588757371586833,0.1528232921857494
0.16647046603641144,0.15627168553525103,0.15870522546266666,0.1527216049202409
0.16625366195269536,0.15610313259503678,0.15853471959653764,0.15262325273490382
0.16603300160263948,0.15593566272040948,0.15831401113737012,0.15253707395127153
0.1658057610401692,0.15576975157872489,0.1580878888624279,0.15245010449223811
0.1655662398475197,0.15560518099153053,0.15786124337590696,0.15236179099546068
0.16532454382726827,0.15544149677139038,0.1576340919893999,0.15221082018348236
0.16508075214200243,0.15526999804726746,0.15740878577606415,0.152009981107811
0.16483466040745934,0.15508780456765967,0.15718795676564365,0.15180551172251058
0.16458646684028805,0.15490859878184796,0.1569581211181399,0.15159697050757054
0.1643363512338175,0.15470348160751946,0.15672016048491205,0.15138211456026276
0.16408434730385288,0.1544679405097561,0.15648409903871172,0.15116086644072899
0.16383067564949616,0.15422542202394185,0.1562554818500484,0.15093386281044455
0.16357545804771634,0.15398135145408873,0.15602726670304268,0.15071398383865442
0.16331875296452594,0.15373530650214318,0.15580823465232552,0.15049214289977797
0.16306057164983895,0.15348682492199536,0.15560341138186698,0.1502785395851074
0.16280145578570757,0.15323590501149859,0.1553989855426465,0.15007003663717297
0.1625397886238645,0.15298229231091623,0.1551950918404106,0.1498522244955971
0.16227388020979944,0.15272571031221277,0.15497724328296342,0.14962447390345965
0.16200673260093854,0.15246621315541023,0.15475337992526014,0.1493866151939775
0.1617449514909864,0.15220608101878952,0.1545303070147791,0.14911416836939193
0.16149179817091,0.15194531353439605,0.15430759177551676,0.14880618779787158
0.16124336352107044,0.15168854501319506,0.15409179523865532,0.14849111443737784
0.1610026155278338,0.1514337818509199,0.1538854081677793,0.14817027790681558
0.1607655129988534,0.15117015136860196,0.15367954665271155,0.14784490957797822
0.16052791251019433,0.15089713558844733,0.15347438262625246,0.14751573011587854
0.1602897388187292,0.1506225825766241,0.1532702687806554,0.14720351493991346
0.16005057488764501,0.15034631971771328,0.15308353054653984,0.14690137964216582
0.1598201185023733,0.1500680930132066,0.15290079537249773,0.14659841108958188
0.1595896785685653,0.1497885046376385,0.15272005777610312,0.14629528696467323
0.15935804870300124,0.14950711466484756,0.15254160305713435,0.14599301579479276
0.1591252181112775,0.14922502773548918,0.15236552423681465,0.14569954230226678
0.15889146699563664,0.1489440153713983,0.15219186234895668,0.14541158471269855
0.15865752073502357,0.14866459029210394,0.15202074782038874,0.14512997021374668
0.15842367076497896,0.1483894853403894,0.151852275362639,0.1448552245032376
0.15819000838311578,0.14812109784678418,0.15168662867271246,0.1445829606308749
0.1579567377640371,0.14785581097214243,0.1515242308768788,0.1443130895709357
0.15772793248628073,0.14759367647815075,0.1513602432501521,0.14403538606021687
0.15750137494798475,0.1473349846282122,0.15119669314286435,0.14374627099191425
0.15727604568144912,0.14709521677817028,0.15103715622478542,0.14343867039827599
0.15705187806264503,0.14686574591560955,0.1508817578477778,0.1431327401927369
0.15683843514437001,0.14664316977094646,0.15073063593094943,0.14282359054721963
0.15662976517273883,0.14642673954504218,0.15058379040466596,0.14251900392940406
0.1564223137137445,0.1462167698724075,0.15044818377529157,0.1422189986826098
0.15621612130244053,0.1460161840274518,0.15031982226030174,0.14192346944424342
0.15601103528868374,0.1458231626198305,0.1501980529474073,0.1416324964342129
0.15580645568750723,0.1456379079666279,0.15008120473471914,0.14134609724267894
0.15560273907700164,0.14546184920658498,0.14994895970984837,0.1410764614696942
0.15541894953141427,0.14529409930590031,0.14977798836716494,0.14084337286628035
0.1552327445049391,0.14513459110702798,0.14961115003077252,0.1406282885720093
0.15505224276164364,0.14498355832571796,0.14945031233845316,0.1404149993712796
0.1548710688916182,0.14485074510129625,0.14930798847056986,0.1401982077021914
0.15468899471627268,0.14473207313791747,0.14916167883188017,0.13996271262284996
0.15450569014397442,0.14462183437404258,0.14900164350442519,0.13972323943714246
0.15432462579410697,0.14452146540412378,0.14884604584280603,0.13950175595112901
0.154154457811392,0.1444434217275267,0.14869510303327085,0.13928217369219154
0.15398109903744292,0.1443744331399082,0.14852696130184023,0.1390892677154941
0.15380448426851484,0.14431474774564235,0.14836279662475382,0.13894250927993382
0.1536196419792288,0.14426897287735238,0.14819997539296326,0.1387956677502434
0.15343431317040745,0.1442427017660134,0.14803053866346577,0.1386420870827012
0.15324568023573285,0.144255123201167,0.1478643005751196,0.13847368242214633
0.1530502764828089,0.14429059376490783,0.14768653139431925,0.1382957497235421
0.15286261538575294,0.1443358488333182,0.14750784625911711,0.13811068681760633
0.152671155459189,0.14438663509573724,0.1473467039302213,0.13791660063719446
0.1524719885547204,0.14444288035889402,0.14720806970522946,0.13771249621232157
0.15226333114677687,0.14450453115763967,0.14707072959120215,0.13749919182147907
0.1520450105722004,0.14457145608092029,0.14693493237481367,0.13722122773427534
0.15182586452788613,0.14464354115677677,0.14680344031404935,0.13693544502354554
0.15160507729658126,0.1447290465635192,0.14667868648134996,0.13664656433663674
0.15137718482822946,0.1448221377753806,0.14656265864365486,0.13635616130725778
0.15112392497715768,0.14492007515410482,0.14644695136451,0.13606289236361852
0.15080535250370947,0.14502269187928937,0.14633120868539115,0.13578722566476656
0.15048084402117265,0.14513037187145547,0.14621513580406698,0.13549334185798032
0.15015616967695333,0.14524850467989614,0.14607605268902343,0.13518824429377402
0.1498292028839269,0.14537114340763624,0.14594044883097018,0.13488438208073994
0.14950037555864013,0.14550378851755683,0.14580648842116156,0.13459056382294995
0.1491699418074393,0.14565644963957472,0.14567160468343793,0.134299110147357
0.14884848445054588,0.1458168053312003,0.14553575009540992,0.13401029185177932
0.14853927959242383,0.14598085039655287,0.14539846927276015,0.13372428605523692
0.1482294536198802,0.14614811480887657,0.14525706717166562,0.13344874487573802
0.14791927911555744,0.14631783098028484,0.14511514473392265,0.1331785013124812
0.1476088864439863,0.1464894824094199,0.1449827685916314,0.13291250916755065
0.14729821859906803,0.14666266324977342,0.14486656059511657,0.132651011047801
0.14697774789973558,0.14683593606305623,0.14474823056149572,0.13239457934195967
0.1466565992926847,0.14700840940248153,0.14462748997001343,0.1321444852068417
0.14633520027984065,0.1471802195636773,0.14452472947271208,0.1318997048128552
0.1460239221037449,0.14735149834432368,0.144430411029454,0.13166911670196907
0.1457208143940125,0.14752196755167798,0.14433347704986135,0.13147089680601365
0.14541810897809967,0.147655233102892,0.14423395637611555,0.13128889572227484
0.1451202026757239,0.14777611997590281,0.14414202005573443,0.1311138138155796
0.14483235006520317,0.14789616078061926,0.14404864797918623,0.13095574504981114
0.14454525685142264,0.14801501934312544,0.14396068772508028,0.13081268748171107
0.14425899190063532,0.14813232719343838,0.14386955158249923,0.13066542852221577
0.14395919125343848,0.1482478412028965,0.143773671348902,0.13056129262760485
0.14364024744293538,0.14836133057090256,0.1436722643414897,0.13046195625950496
0.14328020270055386,0.1484725830066847,0.14357030844778074,0.13036687577637282
0.14291514219188547,0.14858080528808976,0.14346512788563293,0.13028893499115882
0.1425863884586289,0.1486821330460034,0.14337661791560669,0.13021477084586494
0.1422713865167413,0.14878360083912306,0.14327899657504337,0.1301370937477863
0.1419641277534579,0.14890147165531817,0.14317013675184212,0.13005377578642036
0.14166318147776014,0.14901598582443837,0.14304715565517925,0.12997131526818717
0.141376847263626,0.14912668984040875,0.14290901751743343,0.1298894258103325
0.141107079324944,0.14923306859882535,0.14278303976943824,0.12980786437749242
0.14083823901210274,0.1493347543497504,0.1426433710489063,0.1297259559166208
0.1405739066300464,0.14943138106054973,0.1424818552094649,0.1296701130100117
0.14031369872977037,0.14951060754673046,0.14230700041818922,0.12961901849253019
0.1400575281860943,0.14957132712687385,0.14212042516386134,0.12956707301033096
0.13980360697928337,0.14962294887199562,0.14193987252769066,0.12952521125765504
0.13954789660832428,0.1496647306664556,0.1417548127064118,0.12948205606523394
0.1392942273397893,0.14969817100521204,0.14156383055151775,0.12942816001824692
0.13904261982069072,0.14972809679185978,0.1413872380146412,0.12934069395570458
0.13879248028961869,0.14975368287269095,0.14121369455447066,0.12924275404124877
0.13854299668857847,0.14973334574891817,0.14103761482386865,0.12915750001903628
0.1382963699297443,0.14971496204585363,0.14085934062027036,0.1290853425861598
0.13805208800881758,0.14969757628220987,0.14067906897221547,0.12901224373096365
0.13781027908355425,0.1496778511872047,0.14049690790653552,0.12895313251317278
0.13757105559402122,0.14965725184675327,0.14032165127663232,0.1289046765080068
0.13733444304727602,0.14963540955547516,0.14014998536418707,0.12885619104104415
0.1371009758515502,0.14961248996557625,0.13997599733660865,0.12880818727841317
0.13687723977062782,0.14959002281289172,0.13979951306877156,0.12876134719629473
0.13668761380078276,0.14957308087208215,0.1396217149369665,0.1287154085906218
0.13650282824390989,0.14956976087420817,0.1394422372503729,0.12866979833443784
0.13632239481592148,0.14956690935999334,0.1392645054517583,0.12862036288674117
0.13614578743320582,0.149558130593888,0.13909308033120213,0.12857121252262743
0.1359728980319306,0.14955339322696262,0.13891894960345247,0.12852233610777442
0.13580355639206068,0.14956271676207067,0.13874147484054,0.12847387146962905
0.1356376978761824,0.14957664119318342,0.13856066890654006,0.1284258172357423
0.13547566260613536,0.14959585505878428,0.13838309232932056,0.12839355539777625
0.1353221857289228,0.1496208371058076,0.13820793373887577,0.12838064478984657
0.13517591884423708,0.14962309770292348,0.13803884751207002,0.128366526003387
0.13503032083363126,0.14961282446044963,0.13787163844272332,0.12835767943484802
0.1348882545468354,0.14961451804376927,0.13770114847331152,0.12833199628558728
0.13474980506149997,0.14962516085185137,0.13752762717601358,0.12830165186072517
0.1346148561452799,0.14964248608959638,0.13735125854218522,0.12827377620562022
0.13447804025327284,0.1496667429152709,0.13717812543247596,0.12825007684147283
0.13434225918559992,0.149697483443552,0.13703452212583117,0.12821762911219847
0.13421040243695995,0.1497364515022531,0.13688752890833686,0.128175067841638
0.13408241646535712,0.14982526469712681,0.13676320100967518,0.12810863097230418
0.13397485204302442,0.14993855261010117,0.13664657063658978,0.12805955714392003
0.13387661207619672,0.15006053653867132,0.13653770998319692,0.12801044954448265
0.13377870915037737,0.15019154510185456,0.13642882818718036,0.12796123846490512
0.13368043810546565,0.1503323894034489,0.1362865027614849,0.12791913668027538
0.13358620548344943,0.15047251099749015,0.13614855440730503,0.12787813959550204
0.13349597940648855,0.15057405639658766,0.13602928513248694,0.12784054577827317
0.13341783478004,0.15065259781881682,0.1359092778455482,0.12781545797895658
0.13335008214836105,0.15074049118552985,0.1357896231087735,0.12778919577356815
0.1332873744555858,0.1508348979354448,0.13566759428850653,0.12776354125476977
0.13323137416109082,0.15093750822769658,0.13551928287363024,0.12773303648834466
0.1331874425542297,0.15106797313340092,0.13536274078590466,0.12760364894037518
0.13314555157316696,0.15123181538740363,0.13520437883561176,0.12747407658730345
0.13308189933827294,0.15140202460983343,0.135044117488122,0.1273362117734341
0.1330196135877706,0.15158932645676196,0.1348938784423163,0.1271885557371663
0.13296140917570395,0.15178360550783843,0.1347687848237375,0.12703796272856166
0.13290703382406657,0.15198308355675094,0.1346575589465124,0.12688410838575512
0.13285353439292943,0.15218560482634397,0.13454675051681628,0.1267267427197263
0.13280137003457207,0.1523905741236459,0.13446173733827518,0.12658079499045433
0.13275179793653846,0.15259335881148034,0.1343924158404291,0.1264370493665285
0.13270474286023254,0.1527146076801247,0.1343225763550524,0.12628909541422093
0.13266408295584345,0.15283184045121323,0.13425225042963768,0.12613645088247216
0.13262961879386467,0.15294746388103725,0.1342032829846801,0.12597926560242825
0.1325684485980901,0.15305994332189385,0.1341551607076009,0.12581795684781286
0.13250268938786197,0.153167199969556,0.13410613531681315,0.12565455205161735
0.13243881504951954,0.1532668808011115,0.13405636545020322,0.1254926427983046
0.13237169850918407,0.1533651958183804,0.13399572806399745,0.12532730332186937
0.1322885684575338,0.15345199185436137,0.1339280029155973,0.12515901551601027
0.13220631747185718,0.1535256252755599,0.13385730235871082,0.12498835818643894
0.1321299558884629,0.15358388230692047,0.1337824223635356,0.12481283374244008
0.13205838055321067,0.15363873817367835,0.13370621934013247,0.12462562838856574
0.13198965938015084,0.15368469747336533,0.1336253966117738,0.12444069254742035
0.1319425773944604,0.1537208724942037,0.13354045364641812,0.12426334829555448
0.13189667601764274,0.15374932849786602,0.13345297619760008,0.12408785392313842
0.13184932603325616,0.1537713277657743,0.13336430815148048,0.12391663744964707
0.13180366991212336,0.15378753580484267,0.13327352534180223,0.12376038440940744
0.13175963892332204,0.15379808785182833,0.1331835533749842,0.12360781975036904
0.13171680272311062,0.1538034188214452,0.1330889150691745,0.12346484162046158
0.13167480104905327,0.15380410915617274,0.13298870511137986,0.12333366723336847
0.1316419045447841,0.15380037793830212,0.13286323065769598,0.12319987162229454
0.13161545570500652,0.15379211410018873,0.13275243675917595,0.12306451933886374
0.13159196575606888,0.15374589505088482,0.13266875211903303,0.1229466030006895
0.13157193804728715,0.1536869357488056,0.1325802328284207,0.12283228702360158
0.1315597507681103,0.15364188355386404,0.13248420389951993,0.12272155451564772
0.13154718941453655,0.15359193102918542,0.132382363944609,0.12261437518682111
0.13153734557144373,0.1535362206247196,0.13227686172837436,0.12251083163765486
0.13155227415801793,0.1534742346224991,0.1321655037745975,0.12241095650635499
0.1315771899408984,0.1534056090102794,0.13204916512272316,0.1223147462528895
0.13160682325862422,0.1533361790362769,0.13192906318245484,0.12222208415767749
0.13163220200006592,0.15326181967769228,0.1318047431445387,0.122132737482554
0.13165133397475326,0.15319816362604843,0.13167701925858252,0.12204640755974872
0.13165229012778581,0.15317012700206653,0.13154675686657263,0.12196271010704542
0.13162694805981834,0.15313660445269,0.13141469000514838,0.12188114560579599
0.13160544571529867,0.15309468411307456,0.13128167569995425,0.12180108322571634
0.13158743612312931,0.15304644032649126,0.13114553063059484,0.12173093870368543
0.13157261667992812,0.15298444371061837,0.13098714428434782,0.12166449842428517
0.13155311351540241,0.15284322632678848,0.13082668893248098,0.12159500260915013
0.13151881529888992,0.15269520755050964,0.13068788521966251,0.12152237501526077
0.13148370302708978,0.15253368229901745,0.13058213832725524,0.1214445769057895
0.13145106035247345,0.15236016248314876,0.13047583659408218,0.12136755110960257
0.13142093503672872,0.152177948372727,0.13036820292726636,0.12129646622224878
0.1313915975380406,0.15198986117638974,0.13026987111237562,0.12121911129694712
0.131360512747552,0.15179876881451668,0.1301176667114387,0.12112929971653648
0.1313326400284809,0.15161807316679682,0.12996213566102627,0.12102708280203314
0.13130806565241118,0.15146614029969638,0.12980218735511131,0.12091164628519115
0.1312868824175096,0.15133169981210318,0.12963652511728802,0.12077497589195715
0.13126830656650731,0.1511999417195573,0.12946436755555035,0.12058398334293806
0.1312520863358302,0.1510831098004486,0.1292934408949836,0.12040269380878463
0.1312396611999513,0.15099075367163786,0.12909895980120303,0.12024002058567279
0.13123477221738455,0.15092069983686374,0.12887091512094814,0.12007794257872359
0.13123332311902278,0.15085579779082597,0.12865715919549323,0.11991455461235107
0.13126346404638856,0.15079031465864726,0.12843760142463923,0.11975399037788605
0.13131322775279392,0.15072697310862027,0.1282124029072396,0.11960118117843056
0.1313644156749263,0.15066642495478044,0.12798192482614368,0.11945469751338317
0.1314142572365209,0.1506146865133718,0.12775381497804814,0.11931520948910264
0.13146835756922662,0.15057279153569364,0.12753567935796595,0.11918320864711443
0.13152677794734305,0.15053746572756693,0.12731180592201047,0.11905907719560811
0.13157335989887312,0.15053021435235317,0.1270812321932818,0.11894310602835316
0.13158592501124908,0.1505382224061222,0.12684040609692715,0.11883541486200608
0.1316030150452534,0.15054496238797366,0.1265803148055771,0.11873612893578273
0.13162624706879522,0.15055056875948733,0.12632948431562996,0.11864526528673346
0.1316556876156823,0.15056674079048313,0.1260737025983769,0.11855109757104842
0.13169133018301732,0.1505945491070487,0.1258119768850796,0.11845527329272668
0.13173797015490607,0.1506443535424408,0.12554984529623006,0.1183697322886878
0.13179054211602498,0.1506875934128932,0.12528813113841505,0.11829110756927447
0.13184813310098562,0.15073181379492162,0.12502743701544172,0.11821132153003358
0.13189763619129677,0.15077070300011122,0.12476700274537651,0.11814033815943874
0.1319603804678892,0.1508008456063565,0.12456952089020952,0.11808348679632691
0.1320325724526259,0.15082128899323388,0.12439203618818909,0.11803674582630475
0.13212282848893228,0.15083130186808008,0.12423751119671403,0.11799836591487106
0.13221799291873154,0.15082692527618782,0.12410397679228617,0.11796810505648779
0.13231801528988543,0.15081166543321514,0.12397260929472675,0.11794570640800181
0.13242277357651008,0.1508145003386971,0.12385380079879363,0.11794587983517285
0.1325321108794206,0.15081255280096542,0.12374349958162226,0.11795528163946892
0.1326502677679096,0.15080153705470586,0.1236384101918954,0.1179722226596628
0.13272511294993689,0.1507823086419464,0.12354904086410048,0.11799616792180363
0.13279199744714673,0.15075568054103794,0.12346138979325143,0.11802747048881426
0.1328643145351487,0.15073792365673638,0.12337959005068591,0.11806587036714264
0.13297235776398586,0.1507245066242262,0.1233013887790604,0.11811103072885519
0.1330879382504083,0.15069960683708208,0.12322647600794172,0.11816370121105607
0.13320741182835777,0.15061352419537954,0.12315759437153062,0.11822206543753024
0.1333454575796139,0.15052313589119654,0.12311342630119503,0.11827642719110239
0.13348942035203878,0.1504275448160413,0.12308994033779573,0.11833795277708334
0.13360458398615668,0.15032609333759744,0.12308496760196375,0.11840997896019795
0.13371917599696792,0.150219980522059,0.12307911125991626,0.11851690885496213
0.13383806556818256,0.15010963041296088,0.1230732879029417,0.11867837559925613
0.13394991144117407,0.1499912107317764,0.12307130723121573,0.11886456798109919
0.1340585800792175,0.14986846806415474,0.1230733809609015,0.11902019055083889
0.13416987791079663,0.14974201827877784,0.12307961226580114,0.11913609898983123
0.13429469819590562,0.14961303407776916,0.12309019251653343,0.11925718042338636
0.13442286654479366,0.14948156258987416,0.12311781017449552,0.11938319562723992
0.13453263889472386,0.14934800999445527,0.12317396494368865,0.11951394605989794
0.134639691624398,0.14921254901409098,0.1232339234940448,0.11964749300305888
0.1347487444404351,0.14907502985945636,0.12330125609645146,0.11977753756651179
0.13486838964285686,0.14893541421566894,0.12337377245633543,0.1199115980300215
0.1350028555251378,0.14879376227149718,0.12344675388766893,0.12004748279242893
0.13513745840145389,0.14865608490381618,0.12352162099640202,0.12019220140148705
0.13527173813107637,0.1485221762642944,0.12360121823384593,0.12033989875635619
0.13540520169339637,0.14838016083740369,0.12368237538702109,0.12049036666258803
0.13553739997722905,0.1482301834092971,0.12375275972298247,0.12064342600118921
0.1356683291059005,0.14807716769483278,0.12382849792666699,0.12079843732631095
0.13579827569395328,0.14792379251099616,0.1239290791442864,0.12095504055641645
0.13592802132279289,0.14777158745698565,0.1240329307729288,0.12111309105879564
0.13605594618838177,0.14761707830064516,0.12413975073010951,0.12127476592978474
0.13618060552760136,0.14745659216234244,0.12424907430282654,0.1214378963582826
0.1363014886735884,0.14725769347226617,0.12436020036730087,0.12160231075251206
0.13641842390622386,0.14707105001449866,0.12447202627036572,0.12176789175451146
0.13653064919694238,0.14688551376908845,0.12459105732190748,0.12193092076836833
0.1366379207029888,0.1466996090162047,0.12470428912010176,0.12209442871983367
0.13674010027002925,0.14651381447896739,0.12479672244412028,0.12225841081969178
0.13683605950147493,0.1463285758080529,0.12483252218454441,0.12242284467574363
0.13691895054402173,0.1461440688631786,0.12482333513682214,0.12258772204788385
0.13700032158214784,0.14596068760647857,0.1247807067780042,0.12275214898076398
0.13708150186185433,0.14577899606361158,0.12472201045032581,0.12291431210105007
0.1371762504429565,0.14558760246757566,0.12465639703817476,0.1230776621705109
0.13727820019560016,0.14538502174789864,0.12455387388668678,0.12324454625035809
0.1373871654193358,0.14518746406361974,0.1244226251784257,0.12341511793509648
0.13744416758666067,0.14499388435437707,0.12428820969976623,0.12358833001025715
0.13743740863283727,0.14480443624578304,0.12415919613453218,0.12376331595423634
0.137431677391696,0.14461959800498936,0.12403066756338789,0.12393906172504579
0.13742667789221522,0.14444133688264532,0.12390124387181443,0.12411768889361752
0.13740469238366174,0.1442895144754873,0.12377109606034688,0.12429704178727681
0.13732626903990824,0.14412884016599156,0.12364053150131521,0.12445287004319577
0.13724605392423275,0.1439812504400126,0.12350988856472786,0.12459024717077113
0.13716655047638363,0.14385056997245196,0.123394500684055,0.12473101181089062
0.13708840517397705,0.14374722388550668,0.12328713035888526,0.12487002249527758
0.13701250653004993,0.14364817275648573,0.12318014742174048,0.12500750065012403
0.13694018018558446,0.14355352994857054,0.12307352011231158,0.1251481712553295
0.13686380265748035,0.14346739211001436,0.12297537904027697,0.12529217996235625
0.1367384757937398,0.1433799957028458,0.1228776802926968,0.12544200527108562
0.13658775349377142,0.1433005301022073,0.12277911942527828,0.12559466667600544
0.13643954527074373,0.14323812511295755,0.1226817323172827,0.12575014202420193
0.1362941839163598,0.14317945599709928,0.12258568723039748,0.12592023076942171
0.13615326318653917,0.1431257320942393,0.12249105647639331,0.12609500953346936
0.136038970528292,0.14307597446435277,0.1223978970438571,0.12625769271201528
0.1359343842350641,0.1430311064918038,0.12230627394413798,0.12638400442566486
0.13583141716685412,0.1429891940255215,0.12221620511062228,0.1265124870375376
0.13572376863744476,0.14295066044071733,0.12212761630476038,0.12661658604759932
0.13559500199438546,0.14292715173704357,0.12204034444366003,0.12672102007017597
0.13546532772383854,0.1429241885952921,0.12195415879126736,0.12682733027014084
0.13533935833776392,0.14293469061347555,0.12185457492709208,0.12693548571489718
0.1352201790051216,0.14294708560621286,0.1217501981561332,0.12704665586550515
0.13510252601192865,0.1429577056146635,0.12163794392424317,0.12716434275580032
0.13498645421745828,0.14297153680115007,0.12152587668256465,0.12730179624893517
0.13487185393184103,0.14299019774295416,0.12141367069502386,0.12744547676911044
0.13475856524429053,0.14301352212906718,0.12130211708597818,0.127598815904051
0.13464647331648166,0.14304826950750546,0.12118900825821395,0.12776458224363227
0.13454909528544592,0.14308702935372397,0.12104979975917887,0.12793948669397162
0.13445435360829033,0.14312802199461774,0.12091242695580204,0.12812527360442696
0.13435697870457897,0.14317096974824212,0.12077277834752857,0.12831876548558802
0.13426154202419768,0.14321556260561624,0.12062700281329371,0.12851977684187002
0.13416701842228693,0.14326476465163343,0.12048066956809843,0.12872663136150098
0.13407179993979826,0.14331482678531138,0.1203439200590587,0.12893933144326725
0.13397448445599536,0.14336572828519767,0.12022665048549196,0.12916129118781236
0.13387433696110748,0.14337677630271678,0.12010977903147756,0.12942620655538706
0.13377092935257384,0.1433706373812389,0.12000960775714632,0.12969732390413488
0.13363623868088195,0.14336409516016924,0.11990861238820798,0.12997460190516688
0.1335079759806032,0.14335634240172518,0.11980265857514351,0.13025799860462403
0.13338428673093783,0.14334695251408927,0.11970182119061422,0.13054749660173925
0.13326597054562503,0.14333478499092103,0.11960493789078616,0.1308623679282915
0.13316325661412048,0.14332230130566895,0.11950883900873621,0.13117322791049216
0.13306031914266991,0.14330757790702262,0.11941364792223469,0.13148172822232299
0.13295721161033425,0.1432884145847461,0.1193195362272588,0.13179619559657707
0.13284941792508217,0.14326601889547613,0.11922745574811669,0.13211628706243073
0.13273227559292256,0.14324023781545536,0.11912882284457597,0.13244178549562743
0.1325913582888139,0.14321033724308524,0.11903438211055715,0.13276946966167924
0.1324354285973167,0.14318059816133935,0.11894801693814389,0.1331021590716221
0.13228163085312863,0.14314692731937656,0.11886387916450983,0.13344005633471348
0.13213068284857543,0.143110565217151,0.11878217553182518,0.133745998356905
0.13197778001717192,0.14307196017137372,0.11870293830834423,0.13403305702407464
0.13182321599178404,0.14303361874606774,0.11862624035808693,0.1343363990719581
0.13166802635193756,0.14299406269624276,0.1185521464073986,0.1346593062914405
0.13151584146567247,0.1429537260646632,0.11848469065172126,0.13499008341871077
0.13136695390741052,0.14291216316737057,0.11842139439359091,0.13533010671602758
0.13123114836137473,0.1428694663493879,0.11836105358419155,0.13568387332680498
0.13111904062814936,0.14282591021461022,0.11832189271982696,0.13604330700332146
0.13101498365434833,0.1427817725840578,0.1182873624570574,0.13640661085175274
0.13091307412116174,0.14273779697853833,0.11825618606409376,0.13677800108328755
0.13081747159447904,0.14269507303717224,0.1182284516228477,0.13715950838593552
0.13072349658562996,0.14266844361018421,0.11822835473189457,0.13754557774541346
0.1306353935563981,0.14264605761107985,0.11824624047351623,0.13793824462989882
0.1305510332492063,0.14262595915475695,0.11826566888093096,0.13833429571408204
0.1304710662294964,0.14260793471118072,0.11828900825253924,0.1387310505546158
0.13039763485651482,0.14259323183478376,0.11832163243733872,0.13912739946918118
0.13033098587088626,0.1425799172038832,0.11834908882201871,0.13952199538567184
0.13021936669129297,0.14256838844020328,0.11837710852012309,0.13991264972122722
0.13009779912060468,0.14255902755923464,0.1184098066280787,0.14029636064146594
0.1299891928911159,0.14254669680862248,0.11845135589034082,0.14066901416411814
0.1298957975135227,0.14251024878394467,0.11850350941591624,0.14102523170692968
0.12980723477940398,0.14247651333248765,0.11852342899145807,0.14136297022719665
0.12972197741255453,0.14244902231926138,0.11853172002077349,0.14168080433595057
0.12963870601236763,0.14242421167263375,0.11849550148206013,0.14197605670547045
0.1295462035461848,0.14240011687583204,0.11846049131285584,0.14225640868604864
0.12945333981412754,0.14237403679151045,0.1184267959697932,0.1424983663390652
0.12936338629270952,0.1423495302237454,0.1183944512166216,0.14273005880941167
0.12927601892863375,0.1423430987329139,0.11836346582940663,0.14295646401499087
0.12919081305711774,0.14234474008406492,0.11833375688110445,0.14317934437349267
0.12910772846324528,0.14234982383490888,0.11830801346298238,0.1434009566611659
0.12902683258957232,0.142373424274967,0.11832586063564432,0.14362192156887332
0.12894803553798895,0.14240253105788245,0.11835739680863466,0.14384277366417317
0.12887289179918585,0.14243529244384617,0.11839116431281915,0.14406321596579647
0.1288083166980241,0.1424660248452614,0.11842728689081433,0.14428492213359512
0.12875427888188584,0.1424900928758599,0.11846580110493439,0.14450855491706668
0.12870253404157198,0.14251528523792728,0.11850731710804445,0.1447332431637557
0.1286527937041451,0.1425438972867799,0.1185856781329001,0.1449584427208851
0.12860490710992598,0.14257179121058774,0.11866607005330457,0.1451837884170513
0.12855862254689,0.1425988757868793,0.11874839517916987,0.14540871182166173
0.1285138010838322,0.14262383162476772,0.11883272366669123,0.14562500856425398
0.12847061099388243,0.14264248238439076,0.11891868460503222,0.14583659901596965
0.1284286736040967,0.14265740549667444,0.11900597048535975,0.1460465474249575
0.1283875009188848,0.1426716372986996,0.1190943150383467,0.14624917442409757
0.12833724126583498,0.14268907304354225,0.11918338894976861,0.14644047208554023
0.12824452973917833,0.14270638168513333,0.1192728920301408,0.1466155586742139
0.12815596892450998,0.14272902123795483,0.11936266959956066,0.14676917560389702
0.1280954923582547,0.1427535748533018,0.11945264638553717,0.1468975760426125
0.1280341561192289,0.14279049308322714,0.11954573075429183,0.14699837013768424
0.12796779414060552,0.14281682209872937,0.11964092811577742,0.14706514816607608
0.12788789953468155,0.1428243156349365,0.1197224391730531,0.14708162203683775
0.12780219182917904,0.1428215407944235,0.11976734417033183,0.14702729961436337
0.12770815280334163,0.14281108886418756,0.11982576225405456,0.14696174141203552
0.12760937238377687,0.1427892655866007,0.1198852305197139,0.14688747681285486
0.12750766313359901,0.14276024949207441,0.11994587718631478,0.14680783156832733
0.1273953281960109,0.14272338847932833,0.12001839528134747,0.14672446527664137
0.12727882279176775,0.14265297853653444,0.12010552783744911,0.1466319435070455
0.12716026175425954,0.1425064021036512,0.1202197366051123,0.14653219215735813
0.12707110891025558,0.1423530634716708,0.12036451878499221,0.14643058507140744
0.12698326710023441,0.1421944044502574,0.12051853628128578,0.14632721029908366
0.1268955833910402,0.14203099205721725,0.12067884271150625,0.1462220993444421
0.1268093796951353,0.14188008332296784,0.12086527358225634,0.14611878888739255
0.12672701184296462,0.14172613618983432,0.1210713060953645,0.14602431486039194
0.1266494694635731,0.1415681199341603,0.12130086580616008,0.1459282635417341
0.12657730219137073,0.14141164514789192,0.12154153070438986,0.1458438833408042
0.12651095123879166,0.14125244670069556,0.1217853163366487,0.1457738207547472
0.12645084358868464,0.1410898721813249,0.1220315622328055,0.14570018722835046
0.1264004502693408,0.14092899284996258,0.12228031984930075,0.14562779085959407
0.12636471901169835,0.14076719218186218,0.12253161482098228,0.14555571379059773
0.12633691372734382,0.14060301418882815,0.1227853915630119,0.14546517356521763
0.12631807583292978,0.1404365827637714,0.12305556007964318,0.14535624987805915
0.12630856118906833,0.14026803644505298,0.12331217462513892,0.14525083052509308
0.12631005774551943,0.14009748298773275,0.12357010520729271,0.14514508504876147
0.12632024463277375,0.13992523474729462,0.12383158697655502,0.14503231441569628
0.12634200625428565,0.13976387136818388,0.12409540465766299,0.14491508560482846
0.12637524360431404,0.13960048621982957,0.12436150371591206,0.1447915225428185
0.12641718681220165,0.1394342799890474,0.12462979506570819,0.14466341107408884
0.12647366519054218,0.1392654641497835,0.1249117265517005,0.14453637116770482
0.12655198719326735,0.13909414928052752,0.1252053520485758,0.14441149398041878
0.12663908128629145,0.13891493979926112,0.12550110745989887,0.14428483804988013
0.1267318528725264,0.1387230685404056,0.12580280449892906,0.14415655109378128
0.12680741581232566,0.13852702091106237,0.12611560724195087,0.14402437191034195
0.12680636597827377,0.138323495805492,0.1264485633036455,0.14388856134174785
0.1268335701501931,0.13811433625841263,0.12678170912096084,0.1437482921649712
0.1268566750774583,0.13790228556809603,0.12711393512441077,0.14360766507435718
0.1268600903172462,0.13768785648918747,0.12744537155770438,0.14347504284288287
0.12688130005127235,0.13747217321735192,0.1277745502080627,0.14335569381137717
0.12690478817917009,0.13725673392963542,0.12810507439789812,0.14323658033526343
0.12693697046388525,0.1370399606486592,0.12844119400619658,0.1431167161747891
0.12698189228273868,0.13682186798855134,0.1287721220745357,0.1429917731456672
0.1270319857625663,0.13660243001479017,0.12909687449046164,0.14285954154354416
0.12708100672271203,0.13638128818640094,0.12941062266689723,0.1427306924007947
0.12713021640151653,0.13615836466240766,0.1297099972895648,0.1426011193482768
0.12717812461011743,0.1359362532967401,0.12999070519220587,0.14247059430323755
0.12722495416120824,0.13570985668096455,0.13024683111437987,0.14234032916047534
0.1272709095992049,0.13548257991719956,0.13047107636606786,0.1422124112392384
0.12731611103569854,0.13525457179896241,0.13064294004213722,0.14209820067309697
0.12736926013672653,0.1350265442079397,0.13076548143936487,0.14198622791050952
0.12742493567226956,0.13480623725982768,0.13086180449940965,0.14187765743786757
0.12748116768165055,0.1345933203118596,0.1309396799328711,0.14177139703362893
0.12754087579490397,0.13438240332305446,0.13100436805783533,0.1416687006612125
0.12760565140672928,0.1341822928108,0.13100864908566295,0.14158004869318513
0.12767188301194968,0.13398328378110097,0.1309972251237599,0.14147651803700192
0.12773339842093237,0.13378577919706536,0.130980956728805,0.14137791022111434
0.12779420467114966,0.13358924964461366,0.13096094805989839,0.14127490735089315
0.12784914590286323,0.1333934248760448,0.1309364182956336,0.14116655564784789
0.12790255860434824,0.133187599821145,0.1309054239852704,0.14106594480250595
0.12795705749822034,0.13298053347460878,0.13087290032259988,0.14097838044050792
0.12801255765464659,0.1327741718632294,0.13083925519285777,0.14089503671785322
0.1280704539601473,0.1325733025060436,0.13080655640589856,0.14080810283711087
0.12810388077422205,0.13237524818194066,0.13078034249857326,0.14071947157046535
0.12812961910373283,0.13217799457944754,0.13075392675592212,0.14061764809903415
0.12815516798898155,0.13198206739270693,0.1307276964513326,0.14052525098737814
0.12818313255509378,0.13178812090837502,0.13070192847551038,0.14044642012539693
0.1282131784293938,0.13159609875265088,0.1306764499090278,0.14037129721912858
0.12824508032455714,0.1314058051542729,0.13065125011689796,0.14031018046203408
0.12827842446509402,0.1312182185932518,0.13062601302873364,0.14027092165757324
0.1283133402964763,0.1310383642945298,0.13059859653255482,0.14023879548400722
0.1283484583388202,0.13085971977007457,0.13057159628295292,0.14021653104794368
0.1283609280842226,0.13067368088094303,0.1305467416152313,0.14020314134394066
0.12835694199377715,0.13052447319738356,0.1305269350405841,0.14019481647708704
0.12835055590731156,0.13038701746043582,0.130507104048032,0.1401778628712614
0.1283376814350065,0.13024644657668996,0.1304864618634763,0.14013010181769986
0.12831627377213467,0.13009964725344902,0.1304692685147394,0.1400867431246152
0.1282849081560401,0.12995475604705461,0.13045577773965863,0.14007413752524692
0.1282106067960995,0.12981675789655436,0.13043424486922506,0.1400696921209156
0.12814057771416482,0.12967185711139043,0.1303632023189239,0.14008595528666437
0.1280574835110915,0.1295163885294403,0.13031143494522918,0.1400830771979017
0.12796081167173973,0.12936198447967076,0.13028931862320858,0.14008449805082276
0.12785453872224922,0.12920843956479247,0.1302734280002602,0.1400881154871414
0.12774234673233104,0.12905538835874858,0.13024125660509497,0.14009470219884884
0.12762708637382486,0.1288926713103515,0.13021539849370148,0.14010393253451273
0.12750847791640432,0.1287287516179133,0.13019597596984767,0.1401155446692533
0.1273893474054374,0.128564860071496,0.13018328291160502,0.14012938300985253
0.12727692838461765,0.12840074957351305,0.1301776783728789,0.14015052189161578
0.12717260813515377,0.1282436610770029,0.13018030913488987,0.14017419275498638
0.1270028378157257,0.1280907358577794,0.13019587588418818,0.14019966965890548
0.1267625071881745,0.1279359765999782,0.1302149170165655,0.14022671826479322
0.12652579987045248,0.12777880216182497,0.13023802936522538,0.14024888576016853
0.12629320379235032,0.12761909385224024,0.13026246285005436,0.14027432324366992
0.12606489027508003,0.1274562664992304,0.1302589688262558,0.140300578242546
0.12584053305801798,0.12729889021315963,0.13028415394913173,0.1403253184944661
0.12563654273993002,0.12714171229595492,0.13032345569540357,0.14035164562701652
0.12544466306331584,0.1269802381679566,0.13036643360257485,0.1403859460171899
0.12527273708024603,0.1268109029341855,0.1304157619563952,0.14042486803541254
0.125105435575772,0.12663692836024806,0.13048181557870586,0.1404601868048107
0.12494394741089802,0.1264721721942128,0.13057076367337592,0.14051903191828055
0.12478863504928021,0.12630655223683135,0.13066137642043357,0.14057930862421497
0.12463932007723898,0.1261412368053873,0.13075918896299982,0.14063874373316262
0.1244956804264655,0.12597356624763495,0.13086303927060142,0.14069670756394284
0.12436125608764996,0.12579910213576204,0.13097256316551736,0.14075299270242658
0.12423896825088629,0.12560688505819947,0.1310897461767047,0.14080689482226855
0.12411656005001048,0.12540498024547567,0.13122057028243034,0.14085915874355354
0.12400960067457698,0.12521744467210974,0.13135767146151067,0.1409098132351547
0.12392720884758598,0.12503074570623848,0.13149941723065603,0.14095064274433056
0.1238509856912032,0.12484128391588806,0.1316442882695025,0.14098466421852485
0.12378106599726159,0.12465229584140679,0.1317920663398988,0.141016392440529
0.12371791871520149,0.12446692584804604,0.13194233679246137,0.141045880294329
0.12366053223250742,0.1242733554803234,0.13209391011281496,0.14107324114553416
0.12361476465376929,0.12408182545736336,0.13224722331185185,0.1410988160767452
0.12358714900553645,0.12389208356831964,0.13240291735201262,0.1411230982699041
0.12356503448950976,0.12370352363000683,0.13256246822724127,0.1411458382404295
0.12354873756515918,0.12351799962040073,0.13268210560340954,0.14116717452056615
0.12354000989293362,0.12333446578870992,0.13274619775390334,0.14118722932217542
0.12353645741915498,0.12315483574513589,0.13281510179288258,0.14120832989595647
0.12356129972116155,0.12298047660675415,0.13288782058023227,0.14122994596851376
0.12358943872518083,0.12280961369048232,0.13296426143726184,0.14125065042005522
0.12362043728665588,0.12264158431153255,0.13304448197694646,0.1412707669608017
0.1236555917828489,0.12247621057816381,0.13312850048639144,0.14123144383960032
0.12369626068216517,0.12232714932191721,0.13321610205205808,0.14118539968282842
0.12373404981342165,0.12219433879845937,0.13330719112071807,0.1411391174414832
0.12372601298942427,0.12208098856427858,0.1334029689515783,0.14109266912253499
0.12371975343487969,0.12198874596098529,0.1335002999976016,0.14104619206123312
0.12371754085794992,0.1219072143720389,0.13360055771985938,0.1409998402154677
0.12374268360819708,0.12183549898952752,0.13370167227426213,0.14095378579230755
0.1237710487496818,0.12176700152681681,0.1337996291216142,0.14089497677244275
0.1238014332026379,0.12170271713185621,0.13390295955619477,0.14082305458615324
0.12383076530716834,0.12164136872033733,0.13400972169439035,0.14076611991713847
0.12385908705940686,0.12157672040776774,0.1341193765164874,0.14071086055546703
0.12389901607757355,0.12147017598293593,0.13423143423710973,0.1406574230066807
0.12393795296652617,0.1213662374709146,0.13435796421112273,0.14060590513288956
0.12397234277984905,0.12126444811281906,0.13445410004167244,0.14055573740013821
0.12400519369900659,0.12116784372232524,0.13455352746173369,0.14051168316640378
0.12403592584449188,0.12108435891131675,0.13465687850692296,0.1404843249209714
0.12406388186424919,0.12101471504301921,0.13476165589213207,0.1404624167174211
0.12408913079723184,0.12094907149270125,0.13487487204592188,0.14044383723837872
0.1241117285514484,0.120881098865628,0.13498915437786554,0.14042991149072018
0.12413224477061792,0.12081365663523203,0.13511173091863574,0.14038846012114836
0.1241676624074003,0.1207471741951007,0.13523775905058444,0.1403434518044279
0.12419986856848494,0.12068161168800123,0.13536206946586876,0.14030365937583775
0.12422835213998752,0.12061704297347813,0.13548394976070716,0.1402817309824652
0.12425308694086001,0.12054923721177603,0.13562426947287798,0.14027930874153563
0.12427402129680948,0.1204410938593727,0.13576395570343752,0.14028659367372806
0.12428962264429787,0.12033346616657868,0.135900407259589,0.14029775490635815
0.12425801109650927,0.1202266336353304,0.1360336219446378,0.14031257285378448
0.12422170614882463,0.12012003571645512,0.1361636429389063,0.14033081897069705
0.12420179683223215,0.12001424870997096,0.13629206435613622,0.14035339027270136
0.12418030484083623,0.11991069056552774,0.13639830912727136,0.14038020197010367
0.12415453645211923,0.11981129350381446,0.1363539408538283,0.14041005332408799
0.12412510269928104,0.1197184819685339,0.13630802138978104,0.14044276388093888
0.12409333966574795,0.11964114965989302,0.13626056358755637,0.14048726683235507
0.12405796402820916,0.11956762556229225,0.13621152578592646,0.14054303868510748
0.12401840992819908,0.11949849794000497,0.13616237694777064,0.14061262832964694
0.12397062405162286,0.11942607093055183,0.13611949872548443,0.14069656633791458
0.12390850248462672,0.11935585524179872,0.13608110820917785,0.14078326063113178
0.12384598058063055,0.11929110084690962,0.13605167447030708,0.14087171895309478
0.12378148105913457,0.11923143592001122,0.13602198606925292,0.14096030395155743
0.12370544701855078,0.11916735225091184,0.13599191937734198,0.14104568790421404
0.12362271040028072,0.11911870294546249,0.135961303036856,0.14113575347639762
0.1235025570379792,0.11908508569202801,0.13592994716246812,0.14123129714641994
0.12338051865059758,0.11905708291758461,0.13589777384403975,0.14133046301723018
0.12325588634912261,0.11903754533341304,0.13586461946585932,0.14143055974736676
0.1231310543798343,0.11902194373090283,0.135838059242075,0.14152586495323458
0.12300852777427239,0.11902287582514975,0.13580781506657344,0.14161476344868099
0.12288486818666869,0.1190206779626641,0.13577742223520592,0.14169618102716422
0.122760467469261,0.11903572497949,0.13574705478229013,0.1417690390792101
0.12263073814727374,0.11904577978666747,0.13571524576512192,0.1418189287523332
0.12250166115483256,0.11904500979819445,0.13567749556192626,0.1418591717755111
0.12237326387226058,0.11904009333194648,0.13564197269980133,0.1418893996132138
0.12224584907301146,0.11903050048556835,0.13560493396641357,0.14190883922447417
0.12212269096012159,0.11901525151724622,0.13556600058986307,0.1419191641379833
0.12200386041409221,0.11900274254454468,0.13552799987171527,0.14192107019363182
0.12190467283406653,0.11899514977157996,0.1354916250179328,0.1419175027407438
0.12182339778909562,0.11899448217520375,0.13545023765670117,0.14191996530300865
0.12175138189037411,0.11900152572092532,0.13533259626748437,0.1419173605587432
0.1216833152165127,0.11901284413335814,0.13522171662822727,0.1419119568776997
0.12161966887963431,0.11903335962961045,0.13509437032081742,0.14190294808724624
0.12156087954878912,0.11907914000105572,0.13492373512965733,0.1418908861052715
0.12150729399175934,0.11916069420121114,0.13472381425537655,0.14187617793016777
0.12145225973827607,0.11926985879924433,0.13450873981380634,0.14185913730370503
0.12139818583222961,0.11938630617612574,0.13428491143934887,0.1418407763050533
0.12133717660862388,0.1195103367818903,0.1340516927976633,0.14182029371200783
0.12128200803793071,0.11963304292014847,0.13380916482762964,0.14179774160728106
0.12123360625953944,0.11976101701479794,0.1335677443803306,0.14177339122425175
0.12119209722919853,0.11989663314262378,0.13331618972527584,0.14174857051715337
0.12115787372141963,0.12003269124306434,0.13307007310099064,0.14172200479422348
0.12113051418967793,0.12014877737605668,0.1327559265546091,0.14169422467454765
0.12111009026549296,0.12028124733615898,0.13242371037001724,0.14163233231673275
0.12109681625359106,0.12042616875410186,0.1321115112085514,0.14155360419155788
0.12109090330074042,0.12058535172032524,0.13179951699763415,0.14147494216058717
0.12109290151973336,0.12075233854182867,0.1314996866804455,0.1413967122468961
0.1211035575495363,0.12092638709713224,0.13120116001190724,0.14131937877232995
0.12113989628153181,0.12110717974538764,0.13091937916008847,0.14124339892568288
0.12118548237168157,0.12129459317890438,0.1306611396773715,0.14116916457117448
0.12123724831626846,0.12148879377587804,0.13041231054152644,0.1410972240988944
0.12129641976857672,0.12163656124742987,0.13015976607564295,0.14102816640789503
0.12135206716484909,0.12175965308008527,0.12989941384064435,0.14096231783492744
0.12141546305058558,0.12188573254783924,0.1296046593927745,0.14090388667325413
0.12147846253889645,0.12201457320496202,0.12929420879557324,0.14085204334946178
0.12156490370967322,0.12214972613244152,0.1289746237965262,0.14081270750162606
0.12166342594891262,0.12225742381321955,0.12864491860095992,0.14078310293621357
0.12176986557062358,0.12237528037387524,0.1283110746318977,0.1407430777788975
0.12188392374620886,0.12250059820028054,0.12797349332100452,0.14068873382661726
0.12200384880085403,0.12263340106871927,0.12762468869486218,0.14063745949916165
0.12212919832182374,0.12277330875132217,0.12729718184352345,0.14058643661220746
0.12223999249646318,0.12292597921129575,0.1269597878596047,0.14053795057587307
0.12229658026440714,0.12309400725954592,0.12661194909730983,0.14049815715877736
0.1223560093969168,0.12326255748867487,0.12622641679896093,0.14046958652030642
0.12237395327939578,0.12343038176632123,0.1258001055108006,0.14044442781578637
0.1222678538994491,0.12360354984864816,0.1253684452312283,0.14042212012753286
0.12215046512744931,0.12379359500011236,0.12491860961957052,0.14040396514363823
0.12203497509610814,0.12398987423265899,0.12446559487692055,0.14038245935995305
0.12192244518112616,0.12419000720815263,0.12401862052583267,0.14036254104042417
0.12181265765248481,0.12438889335469296,0.12356761965415639,0.14034515676713497
0.12170523066366565,0.12458720387264617,0.12311624289025418,0.1403299818674505
0.12158632832319874,0.1247871230895195,0.12267685716543815,0.14032089001762219
0.12141289985408893,0.12498813003405986,0.12225063314442619,0.140319161162803
0.12116500149183398,0.12519954276202344,0.12181632179464492,0.14032535250145317
0.12089194676764448,0.12541617515474146,0.1213873836744465,0.14034363840285555
0.12062819368908383,0.12562788987902399,0.12098960854897443,0.14035478866394818
0.12037623138514952,0.1258411326447307,0.12060495026116398,0.14035930866848714
0.12012612535290774,0.1260604645646942,0.12022392308973534,0.1403641635884727
0.11987765836467423,0.12627737288261107,0.11983863051922991,0.14036903585584787
0.119630003156655,0.12648503743759706,0.11951206025079268,0.14037367547906993
0.1193982523767987,0.12668043708954085,0.11918990608085425,0.14037871347594
0.1191739075240049,0.1268592839116812,0.11886938601911058,0.14038625276819447
0.11895639541636932,0.12700923661971228,0.11855585391648062,0.1403933193195271
0.11873976751384127,0.12712087018753476,0.11825694791281702,0.14041161464641666
0.11852408479198187,0.1272066087288961,0.11798319339544627,0.1404424070825569
0.11830947389213227,0.12728462552744135,0.11774076918864292,0.14047161563217558
0.11809573745836394,0.12735378467806763,0.11753895452077767,0.14049903943483757
0.11788262088155096,0.1274110238002919,0.11734333688849641,0.14052163790129338
0.11766990173319654,0.12745682082812218,0.11718678234737084,0.140541941288952
0.11745746737329255,0.12749059762159512,0.11703491467563745,0.14056149663577264
0.11725644771759404,0.12751342312036504,0.1168870867973488,0.14057898620122114
0.1170787555912179,0.12752704021075353,0.11674296866924447,0.14059527055743926
0.11689356637922348,0.1275348468802463,0.1165792241339354,0.14062371900253468
0.11670516156994833,0.1275377278293738,0.11639031039962698,0.14064843317957115
0.11651130371160481,0.12752225479518095,0.1162007019089857,0.14068473162639863
0.11631371796798179,0.12732760180693384,0.11601073915211663,0.14074867910124136
0.11612549212258304,0.1270983328075593,0.11582002436621285,0.14082193366419996
0.11594439956504886,0.12686642559762404,0.11562818531281874,0.14089529658154815
0.11576346615167316,0.12663110153782636,0.11543491294740268,0.14096870534620196
0.11558912860287861,0.12639290289826163,0.1152398242982155,0.1410346923245056
0.11541941223371562,0.12616039198689924,0.11504234473020905,0.1410999543429723
0.11524980359730688,0.12594187803337162,0.1148415524593942,0.14116563965493295
0.11507970504090081,0.1257269535660597,0.11463632946244579,0.1412408057370479
0.11490807027061203,0.12551386490676114,0.11442529165297213,0.14133543303428223
0.11473309855943975,0.12530593399192422,0.1142065161539899,0.1414479054829674
0.1145555603072622,0.1251010884917829,0.11397782986418875,0.14156172315838042
0.11437626025168322,0.12489946505090695,0.11373923291125647,0.14167678524255548
0.11419512651766188,0.12470108186487382,0.11348846941215301,0.14179411155870686
0.11401926182286419,0.12450596309429912,0.11322113481999342,0.1419093248851666
0.11384377149199015,0.12431396171962796,0.11293434972754257,0.14202243796939798
0.11366923974859301,0.12412504129411289,0.1126284229990343,0.14213482148945614
0.1135468721160425,0.12393975509076846,0.11231646420828029,0.14224548851102728
0.1134222755097843,0.1237570072747633,0.1119912414143117,0.14235407848491272
0.11329524822500865,0.12357603006258944,0.1116524909972185,0.14244045821698464
0.11316567943402987,0.12339552918148179,0.111303899111605,0.14253978683182325
0.1130342696136566,0.12318019945452321,0.11093862088908289,0.14263780078122928
0.11290249679307063,0.1229385420801203,0.11056053341586003,0.14273453131369923
0.11277001958812657,0.12270572119969106,0.11016088087615804,0.14282975186106664
0.11264162159566814,0.12248496525849516,0.10973787210282848,0.14292799833742
0.11251234248490685,0.1222485051882256,0.10931830038100605,0.14302590300146054
0.11237993949411987,0.12203125658396045,0.10889615982995265,0.1431264868373342
0.11224339139993568,0.12182339601942,0.10847859047695772,0.1432263895089649
0.11210220237951557,0.1216221330390535,0.10806682715837426,0.14332433759801746
0.11195585575879198,0.12143435731248525,0.1076623711570305,0.143420550607657
0.11180376886282621,0.12126368941054201,0.10727153605781652,0.14351503517932665
0.11164533326759145,0.121128570759493,0.10692341654027461,0.14360812997345768
0.11148022828488174,0.1210050483813355,0.1065855619638808,0.14371813563746902
0.1113049357576243,0.12088944286599392,0.10625928442410974,0.1438431592656805
0.11112174374051946,0.12078385017788687,0.10593755726678676,0.14397356758175658
0.11093047867240731,0.12068829796232107,0.10563393239491596,0.14410329324129023
0.11073050151384098,0.12060160592777065,0.1053567302060869,0.14423247985719218
0.11052124499888652,0.12052052012487106,0.10509740933457881,0.14436125349609613
0.11030245952592022,0.12042871263417924,0.10487183101498324,0.14448966064265512
0.11006991873869856,0.12029292983445992,0.10466793873531355,0.14461743080837508
0.10980998279642766,0.12016445395327018,0.10449300613829209,0.14474463122570935
0.10953637264396163,0.12005060376636792,0.10432883034282049,0.14487132640757966
0.10925735581582949,0.11995636867928156,0.10418061027782491,0.14499755230347594
0.10897399307354881,0.11983695915231649,0.10403059144310337,0.14512353348333187
0.10869079106126403,0.11971500033838622,0.10388853781485963,0.14524931955401238
0.10841440470422904,0.11959741780316459,0.10376334029621669,0.14537079910058856
0.10807818491252223,0.11948621349761246,0.10365139639113705,0.14548350066662216
0.10774199163170459,0.11938218700707968,0.10356380508168601,0.14558788812958917
0.10741780753030811,0.11932100131241835,0.10349708149179236,0.14569328854978375
0.10709577808423464,0.11928390598030206,0.1034232715234722,0.14579986915876744
0.10677643282025141,0.11925728552496767,0.10326425945417006,0.1459078096228348
0.1064610150460359,0.11922933650042448,0.10311876186622025,0.14601713815101078
0.10615262078013782,0.11920022414093004,0.10299108689184854,0.14612892979910078
0.10585153283739614,0.11917651794796257,0.102910504073407,0.1462468969216909
0.10555583497259954,0.11915926128129593,0.10284457188022145,0.14636824099842954
0.10526543503799081,0.11915695376866589,0.1027910204735008,0.1464822035238737
0.10498039803490473,0.11915777319012445,0.10275136536090804,0.14659723161410673
0.10470084008847512,0.11916313317639869,0.10270671299460057,0.14671326151736425
0.10443769627297825,0.11917296719109717,0.10265031869832826,0.14683031164257468
0.10417935148163729,0.11918602052933386,0.10260180246176176,0.14694842125623012
0.10392842311477879,0.1192088709492862,0.10256569233125258,0.14706763676285034
0.10368562289740041,0.11923635125642733,0.10254370840576249,0.14718053975519002
0.10344749702277596,0.11928344050402395,0.10253410795474968,0.14728954141262773
0.10321383154380433,0.11934322565390333,0.10254445326952641,0.14739987511695182
0.1029843270976498,0.11940749978662354,0.10257863419949692,0.1475115887935153
0.10276842617678575,0.11947414048729124,0.10261864547020215,0.1476245667303721
0.10257216717855996,0.11953629265317223,0.10268168983748775,0.1477390010423805
0.10238073727912557,0.11960317231224904,0.10274755568988031,0.14785616517101963
0.1021810491664414,0.11967606789444812,0.10281545455982136,0.14797471882655425
0.10197806369009706,0.11975233832119223,0.10288459924738737,0.14809297231307217
0.10177740810913186,0.11983112730516271,0.10294086288501392,0.14821188702831145
0.10158346912718215,0.11991473444237766,0.10297813163358847,0.1483315445019666
0.10140444174133727,0.12000333413791141,0.10300973925691094,0.14845196283390338
0.101226584993102,0.12009521844940402,0.10303492030819625,0.14857325570936455
0.1010476871371181,0.12019809757461819,0.10305775063977897,0.14869541290806484
0.10086722458278126,0.12030424365409449,0.10307791003222617,0.148822717664017
0.10068358426049115,0.12041308269545585,0.10309520265167245,0.14896212908733314
0.10049622409252663,0.12052467035491668,0.1031093529523988,0.14910170634770223
0.10032817575939848,0.12063949640555541,0.10312029050219372,0.14924148643828516
0.1001724696395992,0.12075564413976896,0.1031136742114352,0.149381268109835
0.10003543643072194,0.12087637193673864,0.10312417517028205,0.14952115241641264
0.09990590715501123,0.12099895133121984,0.10314802185344135,0.1496612014669509
0.09976361364596686,0.12112423511038213,0.10314195411291704,0.14981928001445985
0.09961641136478583,0.12125222218764829,0.10312373033321469,0.14998337534480252
0.09947529834401155,0.12138296535390067,0.10310430316285824,0.1501472225530619
0.09934751939066687,0.12151687609076187,0.10308399674973102,0.1502800805967257
0.09923309068850916,0.12165425135015841,0.10306297999030947,0.1503740156713391
0.09912541436374746,0.12178785239623324,0.1030409107490276,0.15047309824635
0.09901700926141489,0.12192452081380034,0.1030216435876626,0.1505734389216759
0.09891587817476996,0.1220618911078475,0.10300722311525433,0.15067279386720975
0.09883478559465879,0.12220268546966266,0.10298918735325231,0.15077002407139847
0.09873916003810129,0.12236105779441878,0.10296285498860674,0.15086767123915254
0.09863297296906065,0.12252436371697838,0.10292334708479797,0.15096556491638288
0.09852499989365918,0.12268993189527422,0.10285552287726489,0.15105962239177603
0.09841124497965739,0.12285788782053719,0.102765284355589,0.15116035880995934
0.09829426847253206,0.12303247172053115,0.10265621306866711,0.15126740516421885
0.09818706653499058,0.1232086215216397,0.10251653430217883,0.15139712264826496
0.09808947194295765,0.12338594698629124,0.10232072492296232,0.15154596055465663
0.09800971627254543,0.12356204568549913,0.10210518102486801,0.15169688540055373
0.0979339299512434,0.12374252782013075,0.10187573195080406,0.15184933557006794
0.0978588888141947,0.12387615977359406,0.10163020089798634,0.15200990738977016
0.097783798101051,0.12400829867924221,0.10135800559090001,0.15218597691068267
0.09770793193847253,0.12413897512511161,0.10108118021256501,0.15236477011063823
0.09762406229098584,0.12426952726977708,0.10080177898031809,0.15254461277600512
0.09749803468899658,0.12439920593439856,0.10051880695948419,0.15272591787282122
0.09729162290378805,0.12452408886366888,0.10023312986408059,0.15287196047248047
0.09706864865590811,0.12464404611882837,0.09995442905399131,0.15300822480773832
0.09683942152896734,0.12476462658250831,0.09967555684701015,0.1531428226647716
0.09661987342339261,0.12487894628911288,0.0993950273460871,0.15327540011059101
0.09640870345116892,0.12498825139630253,0.0991024767796753,0.1534053022091615
0.09620296486700086,0.12509370048252824,0.09878795781038908,0.1535316765400026
0.09601112735469744,0.12519590720341522,0.09847453271617129,0.15365406269660703
0.09585054607246145,0.12529158821154898,0.09815766160498633,0.15377233022974302
0.09570896146129007,0.12538177946596174,0.09782927156765486,0.1538848228901026
0.0955800607967954,0.12546846342584075,0.09750598042490262,0.1539910610592106
0.0954588175070833,0.12555180671042326,0.09719049730620627,0.15409114177317024
0.09530418168747078,0.12563586736941815,0.09688202024712529,0.15414645978998393
0.09515142248321239,0.1257187535996864,0.09658170097864396,0.1541829767420841
0.09501488869401921,0.1257946386856227,0.09628896579276706,0.15421253751492983
0.09489738493971936,0.12584664672494755,0.09600048116110735,0.1542372969759162
0.09478769201775498,0.12589658172247228,0.09571862761008819,0.1542648621413483
0.09468578007723055,0.12594471283637687,0.09544987796125812,0.1542842947554359
0.09459163230693626,0.12599128162618445,0.09519573768129358,0.1543002641555818
0.0945049265062829,0.1260363659920285,0.09494932617274653,0.15429057552131673
0.09442551732724616,0.12608007655270892,0.09472047956408688,0.15427243077233915
0.09435330284709642,0.1261261232369889,0.09450438425311472,0.1542461202649153
0.0942879136905302,0.12618010671183763,0.09429357609830488,0.1542119220372084
0.09422883198158832,0.12623142147961466,0.09408945222067512,0.15417017629385768
0.09417575035976164,0.1262802288169967,0.09389610424166554,0.15412244092138874
0.09412787940442145,0.12631230403144977,0.0937131611045246,0.15406849672214656
0.09408406417812265,0.1263384982705466,0.09354430737496558,0.15401312145053594
0.09404330820071996,0.12633782368602953,0.09338912925145113,0.15396055962111677
0.09400324677095771,0.12633151841530907,0.09323872735144521,0.15390328071860498
0.09395991962907972,0.12631542469335266,0.09309018689304306,0.15384222753980784
0.09390906622316213,0.12629397828940486,0.0929425967259314,0.153778140659504
0.09384559637138189,0.1262678892188502,0.09280028665547208,0.15367866452768675
0.09376480436858341,0.12624564670918573,0.09267402523094076,0.15356479917424035
0.09366425125441716,0.12622575897293767,0.09256125026268433,0.15344940469222756
0.09354450184668392,0.12620524554297088,0.09246505666377301,0.15333305816212064
0.0934059956696396,0.1261854001050511,0.09238551288975176,0.15322056769185027
0.09325719148438169,0.12616695223321261,0.09233162848394628,0.15312410136225188
0.09310279536497182,0.1261666679324647,0.09229441210369718,0.15303532178803755
0.09294869013480749,0.12617783277961048,0.09227387036905305,0.15294884783829837
0.09279630596230884,0.12619602123545462,0.09227026257593945,0.1528770168995217
0.09264626367117623,0.12621609277512316,0.09228341133281195,0.1528090828382855
0.0924985031445486,0.1262402594027813,0.09233187997662161,0.1527431307256306
0.09235585996833358,0.12626871293426312,0.09240811266948665,0.15267900816101718
0.09222141893831196,0.12629929183773564,0.09250412502498138,0.1526194307899478
0.09208843078617922,0.1263114824484276,0.09259344420804838,0.152568703458389
0.09194991459285728,0.1263549156178241,0.09263756508717931,0.15253009466755077
0.09181745922930956,0.12640280952893396,0.09268554660437314,0.15249421985202893
0.09169102659259154,0.12645136056217207,0.09274690213913529,0.15246360361009045
0.09157800016583437,0.12650680579908408,0.0928059327578662,0.1524338927669259
0.09147100380089689,0.1265796593525308,0.09286761597352806,0.15240579436312676
0.0913660888518732,0.12665450289164326,0.09293471325951182,0.15238275019896785
0.09126806609119188,0.12673213620902019,0.09302009656559442,0.1523601211015121
0.09118077273781788,0.12681583768284163,0.09311172471705473,0.15235429178060475
0.09110738166457082,0.12690567705726852,0.09324522855522915,0.15235553791215914
0.09104815638452156,0.12703776679361822,0.09339973172486857,0.15236428634894147
0.09099750900271698,0.1271800601312321,0.0934034283586759,0.15239622038205186
0.09095416201425388,0.12733428272664365,0.09337826371829917,0.15246572184870533
0.09091813279785275,0.12750342041692012,0.0933628629701091,0.15254822921435807
0.09088937743267372,0.12767886449190707,0.09335642761737994,0.1526061802381002
0.09087687932521127,0.1278179293351732,0.09336903108063835,0.15266588668778597
0.09087286793285165,0.12792736601937257,0.09338866107524356,0.15273845794954438
0.0908670674928812,0.1280486348567114,0.09340828443140202,0.15282832382933245
0.09085109970031416,0.12818251181323176,0.09343365737496431,0.15291912608680158
0.09084369204185128,0.1283331706327422,0.09346402232247539,0.15300979679395846
0.09084456865408849,0.1284931205481819,0.09349870083702393,0.15309932556881833
0.09085359281528856,0.12866924480716427,0.09353686847091922,0.15318751635699535
0.09087084531920714,0.12885825412629454,0.09357734762819134,0.1532748192975413
0.09089352572208208,0.12905504109360585,0.0936201043867067,0.15335961642301763
0.09092045515621956,0.12925665416657936,0.09366526579102152,0.15343950994632674
0.09096194995662013,0.1294622535074009,0.09371221714674122,0.15349682643075985
0.09101025619200709,0.12967144858009963,0.0937750341804659,0.15354155669780928
0.0910638649599746,0.12988406721191312,0.09384631688665857,0.15359020861181052
0.09112156012304451,0.13009920894666108,0.09392736681922847,0.1536444681126881
0.09119043130061259,0.1303211413006319,0.0940136265067257,0.15368697366710843
0.09127438887169817,0.1305542759172612,0.09410220185753036,0.1537197544479039
0.09139433991945427,0.13079048501238458,0.09416342698518108,0.15376347442235055
0.0915163958434711,0.13102944555420518,0.09421481099998727,0.15383280820722994
0.09163996153879374,0.13127074547948528,0.09425142342371069,0.1538988264702136
0.09177145338678845,0.13151975301357308,0.09427632277077105,0.15398491109287277
0.09190132861494249,0.13177296064943783,0.09429630410026332,0.15407457387302986
0.09202875396684435,0.13202995300933087,0.09429764977589933,0.15416543673120423
0.09215346413656267,0.13225451862940152,0.09424081936310916,0.15426373070710772
0.0922755867015853,0.13239933224345848,0.09418719017820763,0.15437810287994816
0.0923950289267148,0.1325453433811605,0.09413972858989447,0.1544959438437411
0.09251400138235498,0.1326872982994909,0.09409206718274409,0.15461665720081402
0.09264637298156614,0.13282473639050896,0.09404404335875037,0.15473933526742292
0.09277638271058322,0.13296019586784258,0.0939955438143273,0.15486278120260918
0.09290509483876819,0.13309401152213882,0.09394430484630695,0.15498490215523303
0.09303357875779367,0.13322632355542463,0.09389122419476147,0.15510027704420232
0.09316215993267345,0.1333625322570964,0.09383859350495924,0.15519493047885125
0.09328837724796758,0.1335117845751285,0.09379354677722496,0.15523534940563172
0.0933719328797601,0.13368618386867503,0.09376923948803309,0.15523040029033217
0.09343623973965907,0.13386276331615515,0.09374596502684011,0.15520988718775383
0.0935024491726242,0.13402914061905327,0.09371744819807398,0.1551819438007732
0.09357014625346784,0.13418682013021024,0.09358875154542892,0.1551429473682027
0.09363795324375507,0.13433733024830505,0.09346815774086266,0.15504473049566017
0.09371083015082807,0.13447995970994664,0.09336245618535167,0.15492225958673997
0.09378818013199992,0.1346187302703282,0.09325983544166677,0.15479341249834752
0.09386757906468719,0.13475411466288045,0.09316075991480172,0.15467010449077018
0.09396138689322998,0.1348858222536012,0.09306537193264733,0.1545325632375282
0.09405441303525872,0.13502275071927328,0.09297415650370072,0.1543853888196848
0.09414638718555542,0.13515430875538822,0.09288484640419012,0.15423283185516848
0.094236809611388,0.1352851476809281,0.0927956565797896,0.15407689158433954
0.09432474737876281,0.135435143218971,0.09270908773476502,0.1539156676594427
0.09444374870970092,0.13558020472062904,0.0926244793738904,0.15375011727453725
0.09455968933093645,0.13572986084876465,0.09254124039183698,0.1535808341312345
0.09465928685933082,0.13591254708637562,0.092457782722426,0.1534084130360324
0.09474103982507075,0.13607497598088486,0.09237318574918262,0.15325770379680428
0.09484372029441378,0.1362128571766488,0.0922864343001198,0.15310654568862084
0.09494264882555731,0.13634951789944713,0.09220697750160416,0.15295253304601183
0.09503608838702451,0.13649723243372297,0.09212508015842666,0.15279698700360989
0.09513209567214369,0.13663767122976664,0.09204321253413572,0.15264040916911165
0.09523080778405986,0.13676954673506803,0.09196418739884162,0.1524830951545525
0.09532649802593815,0.13689737063385107,0.09189549829384411,0.15232190528825082
0.09533144246808949,0.13702881774512882,0.09184708186716167,0.15215889286419826
0.0953165889178391,0.13715978939044499,0.09180982570218495,0.15199564377298347
0.09530630401275536,0.13724729988525058,0.09177887908067191,0.15183792328477855
0.09530106878034748,0.13728313239898654,0.09175096548546308,0.15169960910380534
0.09530068532537936,0.13729347661524205,0.09172513226886252,0.15155258861232476
0.09530412800009076,0.13730088510402524,0.09170885516554582,0.1513955294713033
0.0953147437838355,0.13726703041987567,0.09170300830415226,0.15125275078636352
0.09533275631598147,0.1372232796687621,0.09168939710763672,0.15111789691299057
0.09535813969718392,0.13716899541571426,0.0916632572818116,0.15098719313281736
0.09538861314034643,0.13710634453908874,0.0916474694685776,0.1508503015474749
0.09542070331112369,0.1370593493299656,0.09163969247495657,0.15070649641906456
0.09545896507849073,0.1370034494940165,0.09164410963705624,0.1505755159717501
0.09550260903765588,0.13695029622347132,0.09166935746566456,0.15046878600540853
0.09555071309065033,0.13689833914992816,0.09164864560709941,0.1503633844708086
0.09560222905952818,0.13683900232384374,0.09159946781177856,0.1502615921641269
0.09565591298735068,0.13677260713432188,0.09156396604957645,0.1501480897696508
0.09570544139244064,0.13669904289660248,0.09154015109170469,0.15003778398998788
0.095667102516867,0.13662089946512498,0.09152748697715875,0.14993276744508535
0.09563676131700319,0.13656185140050187,0.09152546794955749,0.14984249196797914
0.09561475500501779,0.1365149386846487,0.09153356730661882,0.14974916393975132
0.09558608130819664,0.1363943560184015,0.091551185198267,0.14965925156322493
0.0955527401500816,0.1362680008040808,0.09155857288131386,0.14957168451357805
0.09551291913347369,0.13614499017777115,0.09155136032123112,0.14948836482296218
0.09546079457016582,0.13601857891490035,0.09151952644371436,0.14940361131059077
0.09539247919898822,0.1358886437143076,0.09149345192504067,0.14933584216028073
0.09530612845031822,0.13575309029020668,0.09147257897084786,0.1492784821579038
0.09518084978006915,0.1356173196895674,0.09145747463287321,0.14924817572993326
0.09495280661182247,0.1354835497191246,0.09144826611112272,0.1492235489920353
0.09470833743760203,0.13534708736772577,0.09146545479386209,0.14919671245201996
0.09443517030850934,0.13521241775105822,0.09149744491859725,0.14918178559570794
0.09414003627277269,0.13507856649877317,0.09152838133282637,0.14917500740290673
0.09384002476874023,0.1349283780504377,0.0915559998190679,0.14917528221623785
0.0935330925987698,0.13476607380480152,0.09158282979704593,0.1491780015488009
0.09320454414145093,0.1345934437908814,0.09166952927147803,0.1491830844755048
0.09287209429689733,0.13441637418869556,0.09175693769104509,0.14919134893303254
0.09253898863656634,0.13423450656340966,0.09184335290698853,0.1492039267660851
0.09220693817443618,0.13404935922579297,0.09189830700949607,0.1492262685460895
0.09187714557137962,0.1338610996764107,0.09191068934163937,0.14925144408204188
0.09157773702746497,0.13369847704888888,0.09191706717125958,0.14927517884345817
0.09133159383148189,0.13353328556415126,0.0918959818462436,0.14930047506544175
0.09108647911702789,0.13333636469210927,0.0918363973439305,0.14932771272076192
0.09084166973147391,0.1331207343074063,0.09177200578659289,0.14934943134904827
0.09059621514216441,0.13290102070479692,0.09169173375504586,0.14938589827189364
0.09034927117102791,0.13267605380430567,0.09158865917249964,0.1494197695980085
0.09007616441888013,0.13244648261709166,0.09148765568191629,0.14944404234339823
0.08979620554246022,0.1322126753902067,0.09139757436580385,0.14945744818328965
0.08950688966682416,0.1319735635968105,0.09132167175879724,0.14946107238516812
0.08918221580657555,0.13172789888131503,0.09124969179957221,0.14945142781036075
0.08885527633534802,0.13147727751200036,0.0911815008704792,0.14942825555477443
0.08852649120151206,0.1312222274685259,0.09111667286683903,0.1494055559658695
0.08819706129675492,0.13096330579827034,0.09105827743133733,0.14937868726865755
0.08786844901642155,0.13070130290290735,0.09099101489244536,0.14933815931951208
0.08757256071184923,0.13043701447182693,0.09090597759804989,0.14928220419402638
0.08728973501488159,0.13017043866341368,0.09083404399386408,0.14922786227721818
0.08701255206670945,0.1299038676672579,0.09076984403451084,0.14916587314471985
0.08674284696880588,0.12963888886437672,0.09071812182512136,0.14909821651074026
0.08646449611892093,0.12937707191407113,0.0906831391441687,0.14902701228109283
0.08619798975726631,0.12914543658405567,0.09064073750139265,0.14895815403433296
0.08594644999462989,0.1289193310250987,0.09059615736009877,0.14890099468400592
0.08570887592353801,0.1286946943776683,0.09056855482490757,0.14885823174345736
0.0854893296352776,0.12846644683000227,0.09059506554478648,0.14882550035957978
0.08528731649645485,0.12825019324217354,0.09064885380158962,0.14879829104872574
0.08510216907223911,0.12804006365123557,0.09070948494761913,0.14877359299321177
0.0849374288020049,0.12783304997722802,0.09077004951935465,0.14875439018594994
0.08479076128199736,0.12763771898243315,0.09083029085571791,0.14874090701759957
0.084662623100539,0.12745201180883325,0.09088423700248469,0.14874259615874633
0.08452298074008271,0.1272721814982907,0.09088315315644525,0.14876975874556286
0.08436029894895816,0.12710978888528152,0.0908795646112555,0.14880408538159262
0.08421678404983947,0.1269534637762776,0.09086993840229382,0.14884544382217793
0.08409143943621454,0.12680283700664174,0.09085029912022058,0.14889429999351153
0.08398549127491238,0.12665789807764463,0.09082792786738328,0.14895381844913466
0.08397447144724327,0.12651857703161323,0.09080283573955464,0.1490445178865324
0.08398766138894512,0.12638472594451777,0.09077642247796176,0.149147861960734
0.08401759161874447,0.12625620191649817,0.09074059459560534,0.14925543298474678
0.08405974879018188,0.12610909239429544,0.09069151985962368,0.14935615168464111
0.08411323380861573,0.1260402138964186,0.09064046008109537,0.149460716238732
0.0841771428264008,0.12598438228002387,0.09058690275341202,0.14956681867493332
0.08424922859467814,0.12588797434137686,0.09051410716312674,0.14967805353257208
0.08432611628495047,0.12574992690141112,0.09044199827703758,0.14980577638263454
0.08439965402087068,0.1256033766365344,0.0903713745455631,0.14993283937283955
0.08447173439079217,0.1254611758328251,0.09030174969108705,0.15005840264917922
0.08454096031186273,0.12532302420333769,0.09023348425159872,0.15019294367784997
0.08452114147413761,0.12518862363434313,0.09016679777318426,0.15033532200889227
0.08448017751073084,0.12505767365469866,0.09010167445369119,0.15047678672149212
0.08442543694085995,0.12492987600404083,0.09003522851735488,0.15061152720416177
0.0843517213501271,0.12480293634914764,0.08990455830718708,0.15073597205818515
0.08424974600528362,0.12466697010043888,0.08975886686144562,0.15085852241338119
0.08412945441588604,0.1245343159793736,0.089616201235246,0.1509538892105822
0.08399623692699443,0.12440663050109453,0.08947013013813902,0.15102311535481347
0.0838417570271628,0.12428490350835447,0.08927782554815113,0.15106372467913273
0.08367614475157875,0.12421187369044004,0.08907822257552406,0.15107346176217823
0.08350643902773226,0.12414492386905446,0.08887559298276573,0.15105078674702369
0.08333624702526247,0.12407982367647163,0.08866841197336527,0.1509985160409351
0.08317361548753803,0.12404982012042907,0.08845807003589463,0.15091960703625018
0.08300950749577855,0.1240523944130596,0.08824465631770705,0.15081780533615755
0.08284517865839915,0.12405911820059917,0.08804241491623085,0.1507048390038451
0.08269465892186686,0.12406320802793953,0.08783418520419324,0.15057939758500896
0.08256148078691782,0.12406112211497326,0.08762010488104606,0.15046131810640842
0.08242079343642056,0.12404636563775343,0.08740267303208533,0.15034133812838102
0.08229061569504682,0.12398122722607467,0.08718079617524704,0.1502152503095357
0.08218077034884985,0.1238837946851573,0.08695979764660636,0.15008510936556993
0.08209647862137182,0.12375365631833722,0.08672215241819589,0.14995231586772143
0.08202416500022207,0.12359984905184015,0.08648797893506299,0.1498175650693962
0.08196626907776403,0.12337388896800851,0.08625941030855722,0.14968937438660085
0.08192454206170244,0.12312043606612082,0.08603317202379428,0.14956546217289254
0.0819023406223931,0.1228579513002265,0.08581115458548134,0.14943970463946193
0.08189019583534508,0.12258655537511849,0.08559758408466514,0.1493099968685939
0.08188798277664568,0.1223052493443108,0.08539328574175575,0.14920224255348236
0.0818948205692408,0.1219900096413886,0.0851989573321639,0.1490983007572519
0.08191117592898743,0.12166044388917413,0.0850151524904553,0.14900492125059328
0.08193671840823437,0.12131583816054571,0.08484221452297927,0.14893139410690148
0.08197126115265153,0.1209539104176243,0.08468024770963044,0.14886123899165263
0.08201446852238554,0.12057979656975365,0.08452949413244883,0.14879579021618516
0.08207946231223538,0.12019056258068843,0.08439637777513503,0.14873889040911278
0.08215737371773543,0.11979312050619664,0.08430347415507725,0.14868994432350727
0.08224547824275033,0.11938967621973491,0.08422285701694211,0.14864464766026397
0.08234401400187272,0.11897679512618525,0.08415275684103307,0.14859700111500485
0.08245284708486027,0.11855619667838073,0.08406337459500433,0.14855755958417596
0.08257182003850548,0.11812936639621521,0.08397367716361707,0.14852624569328282
0.08270077992556547,0.11769760671644,0.08385629815850204,0.14850297421677316
0.08283956617870737,0.11726189007226229,0.08373418584545586,0.14848761312329678
0.08298798392577603,0.11682414110836663,0.0836165341220917,0.14848001695346774
0.0831456240302595,0.11639268640930167,0.08350889246624484,0.14847987341673252
0.08330030718537121,0.1159740908969518,0.08340909386834953,0.1484869382738267
0.08348178273773157,0.11556061794834294,0.08331968397741156,0.1485002992729873
0.08367304557365908,0.11514784407743613,0.08326141613000834,0.14851869966178785
0.08387398666290702,0.11472766516097033,0.08320852235354854,0.1485412637139529
0.0840858316816111,0.11431746691155245,0.0831550494400585,0.14856612327204044
0.08429872388374982,0.11394662451662761,0.08310659034475615,0.14858994452600763
0.08452155067541822,0.11358216827070608,0.08306406083494808,0.14860681266523276
0.08475598775158305,0.11322062979396046,0.08302744618964583,0.14860510422792442
0.08500352824152128,0.11286241265278131,0.08298015207847818,0.14857824106464904
0.08525756557732457,0.11250311962151478,0.08293405855209339,0.14853222106123734
0.0855123377214856,0.112147882895225,0.082896233177655,0.148477760112949
0.08576628742727364,0.1117942910725938,0.0828551845321025,0.1484248603001728
0.08601776122280566,0.11143978014646481,0.08280467779989278,0.14837682778714562
0.08626440906204251,0.11109260214272472,0.0827553236921499,0.14833360566369805
0.08649517040040701,0.11076698857442739,0.08271358032756211,0.1482957350551662
0.08670769979025121,0.11044118702087476,0.0826825364275653,0.14808213290628755
0.08688229785004288,0.11009998191359442,0.0826695859757019,0.14787664203348497
0.08688653954923511,0.10980302636449833,0.08266417512987732,0.14767668209900425
0.08687518647683182,0.10950024427030423,0.08266614291235123,0.14747455471312262
0.08684861499867512,0.10920071953231109,0.08266321339153121,0.14726882911720843
0.08680761612351086,0.1089062876863489,0.08265569367928756,0.14706851474485325
0.08675338987797636,0.10859644783819707,0.0826494976680102,0.14687415080794064
0.08669579459762271,0.1082588262357321,0.08266309742412718,0.14668933672226486
0.08662124169205018,0.10792288761655053,0.0826785042263986,0.14651558738459558
0.08653027693473703,0.10759075394321294,0.08268439186728024,0.1463471284445493
0.08642935998402482,0.107258001216708,0.0826983913611924,0.1461840023560833
0.08631887587996928,0.1069194315499973,0.08271941113508101,0.1460237826778003
0.08619905653998422,0.10657402013586711,0.0827471879819231,0.14587115695122857
0.08607004412894181,0.10623585628114288,0.08277943100546407,0.14572015658834375
0.08593184363620655,0.10590005409838597,0.08281840831966941,0.14557299034825136
0.08578434994590356,0.1055663463941028,0.08285762403828952,0.14543421355518657
0.08562982579066412,0.10523615915005106,0.08289102942411873,0.14530081531417005
0.08546806682720803,0.10490880287852482,0.08285987693397219,0.14518220810063243
0.08529794999871411,0.10458312267666973,0.08282379846274167,0.14510360115017615
0.08512030225018291,0.1042588618501011,0.0827958714580749,0.14503016508052946
0.08493615038696051,0.10391374703699399,0.08277590078023192,0.14496149815988651
0.08474639653867745,0.10355736680181292,0.08276793732310313,0.14490201719630985
0.0845519597784001,0.1032021910886213,0.08276811358438649,0.14484754174593495
0.08435395261913421,0.10284799653791478,0.08275123845152126,0.1447964489638317
0.08415346342940092,0.10248090070534852,0.08274216662097368,0.14474701553553604
0.08395693555527109,0.102090116068174,0.08274578092790148,0.14470025012851867
0.08376146869934185,0.1017056862989238,0.0827628854428059,0.1446548973423713
0.08356625819784048,0.10132304255217817,0.08280003261812756,0.14461092258049668
0.0833720834872986,0.1009404383638113,0.08284076520107152,0.1445688409096245
0.08317542082363366,0.10054580327341642,0.0828769787775305,0.14452428279634488
0.08298239866364052,0.10016058290691059,0.08292706412467614,0.14448251780688562
0.082823264956762,0.0997841900439989,0.08299041845751154,0.14444918372116286
0.08266781398848655,0.09941294281717032,0.08308752822094712,0.14442042496416554
0.08251597265483947,0.09904749581939405,0.08319476863155517,0.14439165948020935
0.08236796863015772,0.09868676605928683,0.08331158457816014,0.14436225596160865
0.08222419776516654,0.09832647748939799,0.08341989429109874,0.14433076035383108
0.08206472234688923,0.09796654609677839,0.08353571161548054,0.14429650359487126
0.0818655485639421,0.09759382734308103,0.08366107624524276,0.14425887286359002
0.08166429123343114,0.0971841227323784,0.08379624883137207,0.14421648361865083
0.08146158869627605,0.09675234009069812,0.08393815795026359,0.1441551348694721
0.08126215844229541,0.09631774808665959,0.08408602748045448,0.14404618303991812
0.08106725562648741,0.09590527344135727,0.08424767954941965,0.14388353008327928
0.0808768882348117,0.09550903393372985,0.08438330799773547,0.14370550692743314
0.08069152022019678,0.09512936948348931,0.0845244067937329,0.14349276693645407
0.08050655753742428,0.09476542222072282,0.08465656196420683,0.14325428505297272
0.08030694194854478,0.09441512732239994,0.0847914211758949,0.14300171794608102
0.08012416852428861,0.09409276104958232,0.0849257992217393,0.1427275474750029
0.07995479160942107,0.093810341689588,0.08504833093664649,0.142440695665978
0.07980370392445556,0.09355677570311281,0.08516494058229312,0.14215738517695828
0.0796616746348048,0.09332614497366748,0.08528340868593753,0.14187102481181282
0.07947897531342898,0.09311519097842189,0.08537340386574543,0.14157487443436353
0.0792847588967483,0.09292417231033055,0.08546822557956041,0.14127287652579906
0.07908696692142549,0.09275316328474084,0.08557195922509198,0.14097626465546556
0.07888138135613378,0.09259904904657021,0.08561867410754236,0.14067177381899265
0.07869103613389863,0.09232461052361568,0.08563991123251567,0.14037188443646764
0.07848589828561418,0.09200038298718007,0.08566749547596303,0.14008073894328282
0.07820837268872592,0.09169497571527772,0.08570173307183225,0.13977882040168527
0.07791372344775624,0.09142583678815788,0.08574849067348693,0.13946915516321182
0.07761062260902787,0.09120473708045498,0.08580395514535709,0.1391861902747562
0.07730472311643992,0.09100329580772397,0.08586685319710333,0.1389335264625161
0.07699964399212399,0.09081280226624197,0.0859505200862903,0.13868322608070138
0.07669744080436111,0.09063340182899009,0.08604359478690206,0.1384360368397423
0.07639982167918864,0.0904711288937757,0.0861438999571459,0.1382008803047368
0.07610883371081295,0.090325146308597,0.08625144021443469,0.13797847017108522
0.07582223656356746,0.09019390719201484,0.08636609617994563,0.13776303954754823
0.07553433821144533,0.09007037744578458,0.08648763011694603,0.1375531309938782
0.07525161338650638,0.08993566914123553,0.08661043401165218,0.13734883017215546
0.07496995949976464,0.08978049379666275,0.0867697894137973,0.13715018389487066
0.07469039079468696,0.0895653716213366,0.08694311179937342,0.13695821600738545
0.07441786692623324,0.08930660411302256,0.08712419955684665,0.13677599481539432
0.07415241811503057,0.08904764857870325,0.08731256394279784,0.1365261964534149
0.07389368682730463,0.08879395992850828,0.08751176557508741,0.13629179183870152
0.0736417740883615,0.08854760028874263,0.0877326703300428,0.1360757153379465
0.07339662654702804,0.08831090211238841,0.08795891965547337,0.1358671436215794
0.07315801179546541,0.08807983574124105,0.08819052892965012,0.13565779338898615
0.07292527568275231,0.08785850784024962,0.08842708103378046,0.13545482088910568
0.07268686880026479,0.08758571105969261,0.0886682161927852,0.13527025944323187
0.07244839676106382,0.08731589989412512,0.08891154024002743,0.13510774586512825
0.07221423170692892,0.08705916577442205,0.08915403790627059,0.13496773532070994
0.0719836638631464,0.08681120096716269,0.08940055787932512,0.13485010148690804
0.07175004022199644,0.08656729479706593,0.08965044073183638,0.13475389070537094
0.07151400201769591,0.08632274437358398,0.08990953551537352,0.1346787085769287
0.07126001195391149,0.08608242832192624,0.09017492192931133,0.1346191674308065
0.0709862069537248,0.08584953550356829,0.09044348083132174,0.13457100497478836
0.07069926464983352,0.08562391092653968,0.09071501623833848,0.1345264959724357
0.07041812388115457,0.08540462997692365,0.09098233781278257,0.13446072271116644
0.07013243751293718,0.08518761434277025,0.09124620573189463,0.13438904686513384
0.06981232891529965,0.08495620469738926,0.09152511225535317,0.13432603046417732
0.06949856185604311,0.08472946378825222,0.09180828907557717,0.13428231783870317
0.06919152356590934,0.08451662574950018,0.09209362988501754,0.13424776498827526
0.0688916675337898,0.08433623692298287,0.09237937795756244,0.1342197354665309
0.06862138716984872,0.08415368229661357,0.09265684442213315,0.1341702003647839
0.0683628245258741,0.08395095796687199,0.09291057480208541,0.13409134961445457
0.0681125073125775,0.08373977914025861,0.09315807685521822,0.13402655742931563
0.06790867188413514,0.08351670145512681,0.09332582608496237,0.13394678506291616
0.06773043634793566,0.08327830028022287,0.09350127972650252,0.13386211371079293
0.06756027890214424,0.0830240629180319,0.09368185987254726,0.1337749203350833
0.06739815845402718,0.08275156634919473,0.09387627836793466,0.13368604147955962
0.06723705837278643,0.08245010999608238,0.09407530733486912,0.13359292621770896
0.06705659905422069,0.08212798936912925,0.09426798346120252,0.13350092137598593
0.06688392044671235,0.08179405630904087,0.09442162055460396,0.13340830649666316
0.06671873128256295,0.08147184254962464,0.09457776566045174,0.13331249056092148
0.06656083489733414,0.08114975755306562,0.09473316177448012,0.1332154337410883
0.06639769993509288,0.08082599499037911,0.09484645777601047,0.13311820412713285
0.066201226029294,0.08050354026470496,0.09497621416442202,0.13302078376011361
0.06600067906066374,0.08019017726312393,0.09509205031819763,0.13292832977183888
0.06580900733829842,0.0798897877848687,0.0951781658517625,0.13282990741198142
0.06562116697797263,0.07959758296571492,0.09526770909418047,0.13273952688401444
0.06543307341947177,0.07931429031864518,0.09536144576155092,0.13263309779374796
0.06525359094616949,0.07904766417311015,0.09546887854426257,0.13251351551878243
0.06508149209501202,0.07880248585442572,0.09557024880299142,0.13237243132475285
0.06491491485801511,0.07856558194566833,0.09567215062786034,0.13222313274504863
0.06475623815670133,0.07833599341764065,0.09578215858731277,0.13209201998523237
0.06460490178571358,0.07812375461112532,0.09591686671462885,0.13198391381538907
0.06447239412563162,0.0779251620926556,0.09604992592887417,0.13188430517696995
0.06436708367541898,0.07774053720162745,0.09610939907694449,0.13179583811665768
0.06427316345579726,0.07757013028173348,0.0961450050941144,0.13172031086005415
0.06420642302607728,0.07741427278044247,0.09616368960951577,0.131657902889762
0.0641484231692313,0.07726543025300797,0.09618222344848854,0.13161030799527376
0.06409993217949378,0.07712340114737803,0.0961999953185322,0.13157493676587634
0.06398973776117146,0.07699220736135047,0.09621571830690026,0.13154769278497733
0.06383152443700081,0.07688707003743274,0.09623326805351647,0.13153618684681012
0.06368231010972769,0.07683187023912809,0.09627023343779711,0.1315410496689312
0.06354985731722286,0.07681675685771089,0.09629916199692075,0.13156205261033868
0.06336800051014818,0.0768092844980837,0.0963205502475037,0.13159888941216386
0.06319431533980514,0.0768120171005663,0.09633428953279541,0.13165112985880179
0.0630262548951407,0.0768356152623383,0.09634195159612695,0.13171845775878377
0.06286262830752341,0.07687946569089259,0.09626182586647691,0.1318003056545661
0.06271003316521052,0.07694567273647061,0.09616289028857977,0.13189478196482102
0.06256243311667439,0.07700300665123155,0.09606722395803108,0.13198172360558127
0.062421838102667486,0.07706868683153752,0.09598403777093563,0.13206936292529664
0.06229224739798963,0.07714750675127002,0.09589296121502702,0.1321725536298743
0.06217849446852376,0.07724552553808191,0.09579916992053585,0.1322961623525856
0.0620451200247304,0.0773795385535612,0.09570335740063501,0.13242799844381353
0.06191058116172259,0.0775390655310758,0.09560312571521236,0.13257459541262936
0.061795105942493336,0.0777079954551032,0.09549772360242088,0.13273600933102603
0.061690280542296846,0.07787822036177856,0.09538585519647073,0.13292982940484518
0.0615999555414425,0.07804659210545949,0.0952659276520885,0.13312537290730833
0.061524902474695824,0.07821703352195696,0.09513598526237067,0.13331721676694236
0.06146505182524188,0.07839609393348669,0.0949946034623272,0.1335069208516932
0.06142055836685354,0.07858397376063712,0.09483981379384901,0.13369360808943226
0.061391403124832045,0.07878106137881304,0.0946610516020636,0.13388049433375146
0.06138389203657591,0.07898768810407394,0.0944530302577967,0.13406303239948264
0.06140429197833959,0.07920416307152496,0.09420054673653344,0.13423763722548818
0.06144037624570292,0.0794315345740403,0.09389629539651415,0.13440347446822082
0.06149090665536106,0.07966889995550537,0.09357455096382987,0.1345585892357805
0.06154922889556582,0.07991615552035883,0.09323612066866167,0.1347019697877602
0.061607530040913606,0.08017349890573822,0.09289205472183877,0.13483290178585364
0.06167914277660416,0.08044037574966406,0.09254530232553775,0.13495527084866396
0.06176377806120793,0.08071394868440308,0.09221097178454866,0.13506451479603154
0.061885278355317215,0.0810008450149536,0.09188655550542749,0.1351600324064839
0.062032873343750405,0.0813119546040214,0.09155273562590757,0.1352423377743648
0.062176455367200706,0.08165876458320447,0.09121960879620299,0.1353146408042788
0.0623440644466467,0.08201194106431949,0.09089208512760656,0.13537833091080956
0.06250585581031601,0.08237918716675678,0.09057090027416545,0.1354442153862597
0.0626798289440468,0.08276030688777848,0.09025559468867604,0.13548229825341987
0.06286248618426851,0.0830252681079209,0.08994225138051232,0.13541818401716638
0.06305391425351663,0.0832897293566642,0.0896452844402149,0.13535173558357796
0.06325436719445941,0.08352330884302972,0.0893674035765681,0.13528356961302468
0.06346294803992042,0.08376479475248824,0.08909696977285878,0.13521636904030052
0.06367831606880847,0.08398006348965695,0.08883089679687736,0.13515115000676375
0.06390052651949824,0.08417967214272783,0.08857505310554561,0.1350888347477298
0.06412861091303579,0.08438130882595597,0.08832423411602852,0.13503000831775294
0.06434831548216693,0.08458468499487433,0.08807780372486834,0.13496820400414217
0.06454566643919259,0.08478711884143558,0.08786015042301744,0.13490334695005532
0.06474226815273824,0.08494355418261285,0.08763822801904719,0.13484538588730485
0.06495103348119605,0.08509625710380458,0.08742357538529662,0.1347925136748929
0.06515379786627341,0.08527306431424382,0.08722315535300905,0.1347447537929716
0.06537391981797454,0.08547232186122673,0.08704732545738326,0.13469101814405762
0.0656026451239099,0.08567525657701529,0.08688239342459463,0.134615945791793
0.06583248638707134,0.08588209184490421,0.08672676134329327,0.13453239311212828
0.06605940229785295,0.08609941404709125,0.08659608126204253,0.1344473508118165
0.06628814035690905,0.08628290399525847,0.08648994878198306,0.13438315204042478
0.06651887829226921,0.08645669598602404,0.08639130868353821,0.1343145417584914
0.06681450316502305,0.08661447009392591,0.08630877806309259,0.13424437376580628
0.06713127299852847,0.08677223835462188,0.08624089760736206,0.1341544215409245
0.067452882822298,0.0869338398178958,0.0862127463402758,0.13405577058695772
0.06777900998326389,0.08711317266995089,0.0862166173103916,0.13395908276408158
0.0681090988648679,0.08728243588562602,0.08623087926364822,0.13385320953203275
0.06844042366506016,0.08739146092491637,0.08625283503991975,0.13373859616422853
0.06877632685151397,0.08742932813722203,0.0862921354653914,0.13362434595438313
0.06911625874381992,0.08744963721212115,0.0863586229972698,0.1335115417263867
0.06945957687641402,0.08744841094521622,0.08644156872891617,0.13342820338951347
0.06980547954451109,0.08743830644158511,0.08653321684519041,0.13335891700348712
0.07015297168650285,0.08742000788171717,0.08663620139374278,0.13327792879796746
0.07050090418182918,0.0873783899799281,0.08678249888594566,0.13317396280276655
0.07084784736632739,0.08734602343814028,0.08692228827525766,0.1330587318971178
0.07119154612971224,0.08731263305469328,0.08704710842218416,0.132928998649521
0.07152434930107761,0.08727677319167437,0.08718021663099111,0.1327850676898141
0.07186635792642049,0.08723605193487534,0.08733450727163561,0.1326497991679142
0.07217334238691221,0.08717222251159489,0.08751007542025344,0.13253384403000545
0.07249554957354346,0.08709384566800683,0.0877215032938837,0.13241277397820228
0.07280231278243496,0.08700684587481201,0.08794097847697732,0.1322858017487776
0.07308162591233294,0.08691788009545556,0.08816424083802019,0.13216558134005343
0.0733047209417644,0.08682723225551722,0.08833978946860123,0.132059659569767
0.07350396352554227,0.08673435462816802,0.08851611125993988,0.13198010110243358
0.07368254315043445,0.0866260561641515,0.08869556723601481,0.13189225039046662
0.07383746001240311,0.08652182697807415,0.08887882152022823,0.13181222930217665
0.07399159932770019,0.08642231054401969,0.08906526072111501,0.13173394844277533
0.07414385079664407,0.08632799679985466,0.08921229644083739,0.13165084894049775
0.07429264940934424,0.08623928153895866,0.08935767772329735,0.13156313094961603
0.07442729796175983,0.08613506087108115,0.08951710363889531,0.13149535543171872
0.07456052515598781,0.0860364399583409,0.08969153965688959,0.13145564834386478
0.07467054249918778,0.08594496540909276,0.08987123403206118,0.13141440942514043
0.07475838748164804,0.08584531754698249,0.09008811640770778,0.13137033204297183
0.07484741307088243,0.0856679404686469,0.09032877519659474,0.13127964322865476
0.07494237106596931,0.08549697756171674,0.09057295095095746,0.13119035664585982
0.07505222446840237,0.08533282757341766,0.09082541895446035,0.13109937600501298
0.07516830636250817,0.08517586180590934,0.09108771372266698,0.13097832629086645
0.07529106766184047,0.08503171992172755,0.09133674293904687,0.1308379567355822
0.07540342062484712,0.08490921417703962,0.09159435876708698,0.13069707916029033
0.07549199536841038,0.08478541178368959,0.09185225790071103,0.13055298030764
0.07558410826264675,0.0846688827836546,0.09210618660602753,0.13040472329264471
0.07568187778165109,0.08456329536249471,0.09235479260615957,0.13025379711194968
0.07578032664869218,0.08448994380501351,0.09259635165044552,0.1301003798725649
0.07587182277459571,0.08442012634666164,0.09282901651738815,0.12995120237340113
0.07596841182987946,0.08435927299501098,0.09302138217851254,0.1298084292571019
0.07607108616782185,0.08430973399230528,0.09317643940865099,0.12966421633827876
0.07617697604124953,0.08427619486439111,0.09331961987254853,0.12951871464820797
0.0762317400900952,0.08425409337079591,0.0934509960063814,0.12936736948435984
0.07624181508886693,0.08424759072251947,0.09357178230273955,0.12920804905999475
0.0762530498589458,0.08425335159252183,0.09368533842225962,0.12906086045432377
0.07626558442499633,0.08427145541460397,0.09375507805014488,0.12888475460983245
0.07627902596403023,0.08433633413575997,0.09381600164915292,0.12872277659731365
0.07629335452331282,0.08443460804729454,0.09386906993899748,0.1285663249436652
0.07631246805157244,0.08454579900593483,0.09388731887325037,0.128406231108279
0.07636767498568708,0.08464847813081887,0.09391681462218444,0.12824804627418282
0.07644650618802507,0.08475606690488073,0.09395245784124065,0.1280929367514105
0.07652315089956564,0.08487193079140457,0.09396416055666554,0.127940285046016
0.0765973778720434,0.08499199867816096,0.09397475004118393,0.12780008371998292
0.0766689802949859,0.08511724826717768,0.09398346239836465,0.12766502132109378
0.07673780286836623,0.08525306338833533,0.09391391189189287,0.12755075280375608
0.07679968850320566,0.08540040401423397,0.0938642596557307,0.12744293534053433
0.07685438716695553,0.08555868077070157,0.09371227245040888,0.12733704973812618
0.07690508791834705,0.08573570699016579,0.09355685863462355,0.12724245066286072
0.07695094367446562,0.08593906842512897,0.09340504120078211,0.12716440033366247
0.07699430457047897,0.08615041505834077,0.09326572926924234,0.12708384496027206
0.07703358970322821,0.08636556096606121,0.09317453603412054,0.12699506328189578
0.07707100279475312,0.08658816320045896,0.09309843744343549,0.1269380890047265
0.07710543123572408,0.08683427953535229,0.09303418412962873,0.1268788079367599
0.07713978247812237,0.08708475948995258,0.09295098654769726,0.12680460400418828
0.07717247908564855,0.08733748061616939,0.09287368334442905,0.12673250554633314
0.07720288733327745,0.08758883448012054,0.09282593194630165,0.12665700296577512
0.07723250044170835,0.08783576489127465,0.09279300892250486,0.12658519223230777
0.07725818145172729,0.0880399942458347,0.09276427988804914,0.1265265775413625
0.07728441395448796,0.08818165321609725,0.09274462796828153,0.12648212102002535
0.0773162023301478,0.08832029073569055,0.09273451066962245,0.12644134642918045
0.0773515488300857,0.08845753322429872,0.09269954253038111,0.12640240731632024
0.07739037151001224,0.08859897177690879,0.0926834007421804,0.12637092792839721
0.07742958226130096,0.0887390771246667,0.09265967805315675,0.12632103060808805
0.07746798492460275,0.08885118833200881,0.0926500324473778,0.1262831249046631
0.07750677865056418,0.08893864098720954,0.09260142275147025,0.12624664578927322
0.07754972247240868,0.08900238038988983,0.09257524139366115,0.12620822501439558
0.0775969448125834,0.08905869053075098,0.0925304943353023,0.1261655670479902
0.07764740745375502,0.0891174672198055,0.09245204666058873,0.12611818708687292
0.07771140782196777,0.08918080872946742,0.0923531525182887,0.1260649245813725
0.0777789961045764,0.08924361550595135,0.09225044908688802,0.12600669280649737
0.0778507265075872,0.0893120877255165,0.09214690909899889,0.12596872142468343
0.07790963695490745,0.08938792903708634,0.09203760633028214,0.12593046812265613
0.07795653242288791,0.08949011503170294,0.09192775977582911,0.1258710257662953
0.0780057456085055,0.08961174908189597,0.0918207743031519,0.1258059487301917
0.07805864527729132,0.08974264783941834,0.0917213443219738,0.12576823649844335
0.07809648295581834,0.08988083356139857,0.0916194830274536,0.125751695581454
0.07810366301117143,0.09001655863746666,0.09147380777617084,0.125729137070638
0.0781159418031664,0.09016169156816707,0.09132992815779714,0.12569011161553906
0.07815352885063795,0.09031636525798928,0.09118192341621166,0.12565122900448975
0.0782178380461017,0.0904645867129636,0.0910303578734104,0.1256114400075675
0.07828630385424129,0.0906020761561484,0.0908221494522248,0.12556226880414456
0.07835875096537538,0.09075067714563972,0.09062246322525697,0.1254986683438093
0.0784329592492801,0.09087576780590612,0.09047208380368041,0.12543399504005306
0.07853517116103195,0.09099040522046382,0.09036591944206149,0.125366152805961
0.0786316868959612,0.09105781283866358,0.09027225473445959,0.12530710859528058
0.07870812491968701,0.09111244047996594,0.0901747240666936,0.12524148000598542
0.07880530381519403,0.09117076887051882,0.09011858630789431,0.1251682389751603
0.0789123942861915,0.09123456623974564,0.09010939289161278,0.12508996653186888
0.07902342541258021,0.09126654491093013,0.09011425077289957,0.12500898695486207
0.07913808526411358,0.0911968661573204,0.09011770228767851,0.12493332011573963
0.07925595607770457,0.09107669093236215,0.0901410279671882,0.12492924174450994
0.07937526310975115,0.09094631192481735,0.09017312118492515,0.12492868001159228
0.07950389537005492,0.09084373262281319,0.09020742270911043,0.12492637710372918
0.07965150796379916,0.09075787529448015,0.09023776323071164,0.12492228345793749
0.07980594253693223,0.09067801057905564,0.09028806775969295,0.12491867295240454
0.07996260441116945,0.09056627673834564,0.09035771986929107,0.124915947798561
0.08010419862158694,0.09046171737936709,0.09042553808994411,0.12491549120946252
0.08016724107078356,0.0903573580621809,0.09049469414283438,0.12492235420913658
0.08020761182099499,0.09026551884726176,0.09058709345100435,0.12494971631969544
0.08024996079444441,0.09018289601327399,0.09065712594037809,0.12497987270715247
0.08029407071071347,0.0901087697868023,0.09071587868635415,0.12499081580300304
0.08033805382073393,0.09004190028572785,0.09076850598636153,0.1250038395885371
0.08039307922842613,0.08997992165422214,0.09082246734484631,0.12503873583375927
0.08045949625491439,0.08992792580659192,0.09085172191662098,0.12506066572973046
0.0805214582828863,0.08987575788133864,0.09086533666680069,0.125090450816585
0.08058266603794927,0.08980609514012297,0.09086611866433839,0.12512746983745257
0.08064294982382897,0.0897342195852864,0.09088106258375139,0.1251719625424959
0.08070205702422206,0.08965898300421928,0.09089711126742966,0.12522449148143627
0.08075980966387508,0.08959315157078095,0.09091475072586694,0.1253023382139445
0.08081625378218651,0.08957632872028479,0.09089088387421852,0.12541975394313062
0.08087106239270753,0.0895846601323391,0.09087161015592532,0.12554995642017602
0.08091497068075755,0.08963851788702297,0.09086594599063698,0.12569286875490726
0.0809469060812546,0.08971556104413796,0.09086975721798844,0.1258495196408127
0.08097972123620971,0.0898041859020011,0.09088176928835363,0.12600895369452367
0.08101307659740817,0.08992597486714275,0.09089662107657154,0.1261829419568772
0.08102006844362136,0.09006689015858534,0.09091430092119245,0.12635619121726896
0.08099857558404339,0.09020887796385862,0.09093482880582344,0.12653568544198537
0.08097650633275294,0.09035070317924511,0.09095938080054185,0.1267206700332931
0.08095679363516602,0.09049099265263645,0.09099085649975971,0.12689887588161586
0.08094015898403392,0.09062845093304306,0.09107722149552135,0.12705952114940483
0.08092727730409432,0.09076158381434511,0.09112294633985109,0.12717569594333572
0.08094633020100905,0.09088927539527537,0.09116628653166448,0.12725375041546846
0.08098016837408463,0.09101060990801595,0.09121257328304166,0.1273178302157288
0.08098824216052501,0.09112495509863917,0.09125830901307765,0.12737291358732616
0.08096064855606823,0.09121148196055857,0.09129940825593065,0.12734941302450806
0.08093890796687872,0.09127541013093879,0.09133877178419816,0.12729632243913344
0.08091116509352553,0.09132699481939734,0.09138211720440707,0.12723948891628953
0.08086984372088622,0.09136947278669129,0.09134942619048195,0.12717241175113136
0.0808359803859274,0.09140364060749609,0.09126978161279434,0.12709505709384458
0.08080932667333669,0.09143417235464259,0.09119022227756524,0.1270283607291134
0.08077776922625313,0.09146235276337329,0.09109395166448796,0.12695754650096552
0.08075148299035798,0.09148374381266729,0.09095674929693935,0.12684717369706802
0.08072678971109724,0.09149895541951261,0.09078818119304112,0.12675647683711588
0.08070142302848712,0.09150845773668845,0.09060622368749432,0.12667256819181255
0.08068599554436315,0.0915128764232928,0.09043072086876777,0.12659397791786065
0.08068107044025351,0.09151287616006139,0.09025947485704912,0.12651641915091047
0.08068598440598611,0.09150909692290222,0.09009310143620843,0.12644016492582705
0.0807009793459852,0.09150461251748403,0.08993425318019177,0.12636797252400112
0.08073031335273112,0.09150647292639064,0.08978132160881717,0.12630879831206124
0.08077083511751104,0.09150626558463629,0.0896351080830205,0.12627799195620512
0.08082214169617273,0.09151379155648666,0.08945912321668714,0.12621501678627003
0.08088112661215631,0.09153879176516613,0.0892030240154397,0.1261130535549275
0.08095003018196716,0.09156365615867555,0.08895299653235947,0.12598774197411258
0.0810287199382145,0.09157779369288173,0.08870930908014653,0.12587029256336102
0.08111882642120147,0.09155285495211031,0.08846974940474596,0.12574875892256815
0.08122173028243267,0.09152754564425097,0.08814544143151132,0.12561897783077877
0.08132424187255226,0.09150431411911333,0.08776203444527422,0.12549284569361663
0.08142884012688693,0.09148632966108834,0.08729849188073845,0.12538154269328378
0.0814901116680819,0.0914822563888069,0.08677533084699379,0.12516251477440318
0.08153010919973322,0.09148285286211241,0.0862466218904527,0.12489948868616539
0.08157634994487319,0.09148942190488203,0.08572149271829635,0.12463587372903626
0.08162975564014743,0.09149793847729659,0.08521184045522179,0.12438698938949831
0.08169482457681893,0.09150966812486282,0.08471997033105799,0.12415589718630801
0.08178447980334687,0.0915285790315405,0.08424202345385108,0.12391992389958012
0.08188502016416042,0.09155176615434149,0.08373794784140455,0.12368599593582787
0.08199205109185648,0.09158746097830757,0.08324975344400318,0.12344487517711353
0.0821055509754865,0.09162854238851559,0.08278682439480185,0.12319599312463377
0.08222551460912939,0.09167289434723319,0.08234013252719567,0.12294670283445051
0.08235343122142078,0.09172056611019494,0.08191244340311331,0.1226975410482933
0.08249042015434986,0.0917688084055327,0.08154486751692855,0.12245124969656782
0.08263256803038276,0.09182220623444812,0.08122351261251093,0.12219841412592303
0.08277834626207657,0.09188323916574308,0.0809496491685901,0.12194600383861832
0.08291252691828485,0.09189632062246246,0.08069443425157703,0.12169613978336437
0.0830424643911813,0.09186577707863662,0.08045130595776641,0.12145995925538447
0.08317790733742009,0.0918354526695806,0.08022744906667974,0.12123296490580104
0.08331851664716994,0.09180964923323344,0.08002263938477354,0.12100839471865336
0.0834641155444924,0.09178736743800278,0.07985050085818905,0.12078703274769761
0.08361476531666073,0.0917685083394966,0.07973686283583471,0.12057154925579602
0.08377048359797527,0.0917531229513441,0.07965358114824417,0.1203618352209202
0.08393109395037814,0.09174127513921046,0.07958678888897298,0.12015363469252278
0.08411703400881504,0.09173159121362855,0.07953580961785785,0.11996038540726427
0.08431782131363548,0.09172784460559949,0.07950036094230493,0.1197713946863105
0.0845497693216947,0.09173902833167293,0.0794776321811976,0.11956925408442198
0.08476014440546348,0.09175596433463974,0.07945889507386611,0.11936141445884915
0.08498388706438456,0.09177871035063025,0.07943228747758488,0.11913707937343743
0.08523380442286223,0.09182322972938674,0.07941844967947928,0.11889567291698905
0.08549217619460574,0.09187708509165282,0.0794155231071888,0.11865926320795268
0.08575472487572514,0.09193771049366672,0.07942119243966234,0.11843764132299958
0.08602058479047152,0.09200520705846654,0.07942928212691501,0.11822492521405413
0.08627655356080939,0.09207948393396312,0.07939448162358012,0.11799553519383073
0.0865176796237238,0.09216022232485802,0.07936218633309158,0.11777357203838552
0.08676059329954176,0.09226538751302732,0.0793058753189749,0.11755606284942369
0.08702962887994158,0.09238396278893363,0.07915805093817793,0.11734892283063324
0.0873059310391093,0.0925074894772968,0.07896029650490848,0.11715531801395034
0.08753437409268755,0.09263821488236892,0.07875336406936814,0.11696806129029848
0.08776096906826744,0.09275766287690747,0.07854721528162609,0.1168009042166666
0.08798794755950311,0.09284630728352605,0.07832231861576412,0.11664246974406393
0.08821494618930184,0.09294862157983588,0.07809342360982663,0.11649350061721493
0.08844740433771214,0.09299924195941821,0.07785223444826685,0.11635699035950313
0.08868230703905243,0.0930540803259649,0.0776186614248033,0.11616714508928305
0.08891296078349692,0.09311861029246152,0.07739491292074153,0.11586600890365278
0.08913888720765555,0.0931940988768488,0.07718139263287735,0.11558107336270332
0.08936010181074842,0.093281168574051,0.07697833068200054,0.11531206473754407
0.08957620439596975,0.09337193853967024,0.07677212571566511,0.1150466812823367
0.08978709603275471,0.09346563317804066,0.0766252379006108,0.11479262499618892
0.08999298614667259,0.09356237575029054,0.0765133938807473,0.11456002901607137
0.09019408191214455,0.09366197149990167,0.07641396399680618,0.11433736969241587
0.0903885053139471,0.09375995190557661,0.07632764615491819,0.11408891013698995
0.09057848259533778,0.09385236384057873,0.0762542133119542,0.11383204128702132
0.09076380754827572,0.0939410305645595,0.07620191031008261,0.11360837441005356
0.09094340508285602,0.09402193757380088,0.07617668267064942,0.11339283291846336
0.09111618602369825,0.09409857884532997,0.0761701643065862,0.11315277096621804
0.09129765661136749,0.09417587084429996,0.07617290016857906,0.11286983579330648
0.09146181665055365,0.09426301987757754,0.076185514893924,0.11261544198328459
0.09159966473661722,0.09434516236391592,0.07619907197154668,0.11236682936386137
0.09168845666123197,0.09442856778020196,0.07620375190219687,0.11212719615700953
0.09173497235580108,0.09453559810388297,0.07617543426178347,0.11190019001882427
0.09176053988722321,0.09464027617989904,0.07609670271762253,0.11167725488263573
0.09177655709752995,0.0947424951253957,0.07599008926107245,0.11145734132884454
0.09176243123784825,0.09485184918868773,0.07584421932288485,0.1112409200597803
0.09168105771863032,0.09496569068733111,0.07564641927964862,0.11102480445642023
0.09160012555645612,0.0950797628324406,0.07545590862027376,0.11081696738577809
0.09148168138372671,0.09522586858694328,0.07527599030737513,0.11061404700407661
0.09136108703392752,0.09537867888000745,0.07511504624431069,0.11041312540573647
0.0912508920528597,0.09553050787382246,0.07494842307229244,0.11022407711782707
0.09115706531809516,0.09568301175237173,0.07475208271145847,0.11004280588852777
0.09105324686940981,0.09582871984006705,0.07455706134057284,0.10986340095977475
0.09096726607749625,0.09594794232482164,0.07437436870696582,0.10970031109371527
0.09088551047333321,0.09606966215626256,0.07420298242914417,0.10954026157226981
0.09080822509444297,0.09619951595586665,0.07404349036527362,0.10938804466559533
0.09073560163270483,0.09636300955224855,0.07390750432588887,0.10923854075133527
0.09066776887311799,0.09654643222543856,0.07378226105724038,0.10910618443870555
0.09060484441361255,0.09673684319734696,0.0736772212938451,0.10897602426135146
0.09055971536033558,0.0968975539712788,0.07359697722226649,0.10884068112404197
0.09052617557359606,0.09706695469858598,0.07352777377023338,0.10870152910860453
0.09051882794016565,0.09723580267521283,0.0734803564111108,0.10856411568242867
0.09051686500731908,0.09740287004319398,0.07345452789958824,0.10844135553808802
0.09052016988147416,0.09756691872012933,0.07347044297205538,0.1083288641095583
0.09052875651520867,0.09772653591410926,0.07355961242856193,0.10821853156045469
0.09054237215991055,0.09787955109299827,0.07368025813694204,0.10808771779405692
0.0905654974507239,0.09802364833948397,0.07383985432182344,0.10795543197554439
0.0906243571764997,0.09815863383297495,0.07401600345943506,0.10783629239452396
0.09071188124808031,0.09828273124002071,0.07420937793690717,0.10771960135461978
0.0908137574321949,0.09839398531603397,0.07440907477980525,0.10760332166952373
0.09093675443882601,0.09849040671760664,0.07461565995066251,0.10748936999788228
0.09108432993641076,0.0985608805413877,0.07483499730432146,0.10738476665441746
0.09121062732236984,0.09856740207927721,0.07506578458261608,0.10727717945254607
0.0913248956173699,0.09855444523974567,0.07530660418035486,0.10716901965438999
0.0914438263145313,0.098521259586596,0.07555606294237212,0.10706450010074345
0.09156275445302554,0.09846269886998368,0.075810919777365,0.10696424384051258
0.09168138949910119,0.0983837854593685,0.07606071701335448,0.10688455592584559
0.09179944285243942,0.09828803350596475,0.07631325285608913,0.10679858635644922
0.09191663481681657,0.09817650424644203,0.07656792532180379,0.10671537059397875
0.09203270687096285,0.09803589376770191,0.07682024267234973,0.10663300900029984
0.09214741487947897,0.0978390902637944,0.07707357469180127,0.10655078333590164
0.09226069888910411,0.09762826821196248,0.07730347442164831,0.10646347787895256
0.09237604267289852,0.09740498047441203,0.07749321941730151,0.10635519527389006
0.09250174849332207,0.09716562962558918,0.07765619364656365,0.10625747255728116
0.09262728225816376,0.09690848472099395,0.07781206656457632,0.10615663374476009
0.09274965909695147,0.09664559305308158,0.07785370199347019,0.10605725692231173
0.09288010510750189,0.09638073262967368,0.07783355759899144,0.10595704253267779
0.09300844987866665,0.09611224276348397,0.07778277069110415,0.10585690770737032
0.09313646805330772,0.09584139827019104,0.07771319824580221,0.10575809778930377
0.0932640923457269,0.0955275230366494,0.07761078711074874,0.10565105108854524
0.09338556633500478,0.09519446883039968,0.07750642157670193,0.10552905532541573
0.09348750097341192,0.094859807218979,0.07738275478191058,0.10540933402651101
0.09358814612210532,0.09452427279041983,0.07723564812304508,0.10528982118782113
0.09369110662223705,0.09418791247940667,0.07706514023176061,0.10517087594154415
0.09379174435095701,0.09384529012289408,0.07682310330201753,0.10505516246355966
0.0938898181930647,0.093503838706177,0.0765336544479254,0.1049442928911881
0.09398570864450556,0.09316338733875579,0.07623834584076537,0.10483523220979585
0.09407909841954615,0.09286179180520719,0.07590191268892757,0.10472815533163658
0.09417022364930296,0.09257255337690419,0.07554838600118544,0.10461989670329226
0.09425964274752732,0.09228371616544266,0.07516382685551183,0.10449428954787764
0.09434676675032526,0.09199455436271481,0.07477761701607324,0.10436877072300337
0.09443482759120124,0.09170528596857302,0.07435623411160011,0.10424698397852994
0.09452329077507486,0.09141925577861727,0.0739115197961648,0.10413090684846862
0.09461143224386796,0.09113144240500856,0.07350604572626428,0.10402367638955765
0.0946998270400346,0.09084017760389052,0.07309533783824958,0.10389481523617632
0.09478518271080046,0.09054433394219233,0.07270412333538219,0.10374635685995671
0.09486881951354194,0.09024998058469615,0.0723319906459425,0.1036036573404579
0.09494650179115727,0.08998653875176572,0.07197341644683145,0.10346702490519548
0.09501570227917074,0.08972034861427534,0.07160994020423299,0.10333740669037793
0.09508127643319784,0.08945887096334726,0.07122809579718979,0.1032360184409348
0.09514240135418493,0.08919352946238972,0.07086280039384697,0.1031532863870137
0.0951984643664683,0.08892278312910135,0.07052836056728842,0.10307892001519761
0.09524888457052243,0.0886448926284467,0.07023095631930498,0.10301027761511972
0.0952932816156481,0.08837001682265092,0.06995397396093578,0.10295080933973737
0.0953355736095849,0.0881119137743482,0.06969792761573756,0.10289986006126643
0.09537875930909503,0.08785787846675354,0.06944697175627974,0.10285801042667271
0.09541362461725236,0.08760599144939109,0.06928115247681599,0.10280547918892188
0.09544653431535212,0.08736040613572199,0.06917574635660745,0.10273782103989926
0.09547419364198956,0.08712314384060305,0.06908883053649867,0.10268715518281255
0.09549448776848415,0.08689797347136125,0.06902878815716776,0.1026503633116098
0.09547056783185585,0.08668538173889509,0.06898497524764602,0.10262872747798191
0.09542873139199708,0.08650215505259866,0.06894870278723703,0.1026344191119315
0.09538185311588224,0.08634620846367093,0.0689224763918477,0.10265163478114814
0.09533123382666855,0.08619811062040786,0.06890313516956627,0.10267137818197748
0.09529164737555793,0.08606025105944418,0.0688877868977987,0.1027114211660039
0.09525203046988967,0.08593399474396304,0.06886827106734057,0.10279184853185096
0.09520984691463011,0.08581843458084995,0.06883523065472835,0.1028779836486288
0.09516527645443865,0.08570112629883629,0.06879720591828987,0.1029631070115619
0.09511843511785836,0.08559651659998853,0.06873727703392926,0.10305914033608805
0.09508959165114558,0.08552218360389707,0.06862728767802066,0.10315694303480744
0.0950656539242023,0.08545691139724045,0.06851433546249977,0.10326171446114026
0.09504076485253607,0.08539934831527692,0.0684011871281534,0.10337734117625784
0.09501398501892608,0.0853548908757938,0.06829190298389715,0.10350300585238598
0.09498582062505657,0.08532538193029325,0.06818598721520229,0.10363687635999562
0.09495667455713042,0.08530766636421738,0.06806880856134599,0.10377803513806177
0.09491993505672087,0.08529966263859197,0.06796533403548667,0.10392853075572554
0.0948759021984958,0.08528073594695179,0.06789240226190699,0.10408586930338991
0.09481293183795302,0.0852668769611603,0.06784801005264178,0.10424897166971317
0.09474584084494973,0.08524408067967149,0.06781193823436736,0.1044171049261543
0.0946787137827132,0.08520182201271488,0.06778539305899638,0.10458954425752248
0.09461524457730391,0.08511572011804823,0.06776875836263106,0.10475058713043396
0.09455594766432611,0.08503798221792411,0.06775473368608145,0.10490936313671431
0.09449288688515907,0.08497915365971274,0.06775181704933934,0.10507489777209236
0.09442573676384095,0.08495850379697063,0.06776122232817897,0.10524430764715677
0.09435338350643803,0.08497204890342681,0.06778367110222125,0.10541785039810353
0.09428155309421148,0.08499354613083714,0.06781945469011197,0.10559736384447606
0.09421025490473345,0.08501527573845291,0.06788132231901277,0.1057772481310206
0.09411521343287277,0.08502083656563075,0.06798155974978584,0.10595000913344489
0.09401325309677652,0.08507179698090489,0.06809870683226533,0.10610108881914515
0.09394135950516427,0.0851347409565176,0.06820993935094273,0.10622398675630446
0.09383099664569165,0.08518265991282284,0.06830825544898327,0.1063317197206699
0.09368457468056761,0.08520666557187043,0.06842242588568888,0.10640144025819723
0.0935369345010876,0.0851865293863447,0.06855167675542323,0.10646973280667918
0.09338955935103734,0.08515802828673022,0.06868644748828708,0.1065458676034866
0.09324282261041766,0.08512750280208213,0.06880102008505569,0.10662480145157144
0.09309387850253388,0.08509852560739012,0.0689416584283302,0.10671654132302569
0.09294253435982727,0.08507981311818297,0.06906413780595907,0.10682170342980427
0.09279514193766979,0.08506915689169668,0.06918884021839442,0.10691117369776035
0.09266218452348526,0.0850596921375659,0.06929265080121606,0.10698783713007036
0.0925251312479595,0.08506683050633163,0.06938693022145083,0.1070609256564121
0.0923710210661886,0.08508800902966655,0.069521642496751,0.10710854264823391
0.09221195983624705,0.08512831332520238,0.06969672062575864,0.10713838344599028
0.09205043062205998,0.08519083546719865,0.06988167877727947,0.107156856700979
0.09188669546757867,0.08524970033953995,0.07008530828575175,0.10716856935407933
0.09172191262403576,0.08532830139650575,0.07033698617377723,0.10717681210125243
0.09154755352581716,0.08541344245557062,0.07059872590767766,0.10718426168336663
0.09137175184789491,0.0854957358556919,0.07086734079114489,0.10720349990082657
0.09119153462049742,0.08558333507698423,0.07113683355360484,0.10722568215568944
0.09101092249043158,0.0856805479108759,0.07138969142647053,0.1072437677528013
0.0908299293781164,0.0857833990210023,0.07165994687490342,0.10724573152290581
0.09066236604131275,0.08589380292894896,0.071942263536555,0.10724499841652865
0.09051307378499371,0.08601652940436628,0.07223701460380916,0.10723601156477484
0.09037005608951705,0.0861443839799141,0.07256393578014433,0.1072169491752569
0.09023709207891784,0.08627093435672127,0.07290046774779825,0.1071356798297762
0.09010315716547478,0.08639943701372463,0.07324047288361009,0.1070319037738089
0.08993282274843764,0.08651318126073322,0.07356204705222637,0.10692655301723403
0.08963122165434617,0.08660608713109517,0.07382713471384282,0.10681967113277094
0.08925916692138844,0.08667931053662285,0.07399405441558574,0.10671146058860759
0.08888662161860143,0.08670081944147254,0.07413683570541614,0.10660272743899084
0.08851386818060838,0.08670974021048544,0.07423916521258242,0.10649625161537896
0.08815572126056094,0.08670469820076242,0.07432951120771067,0.10640923358307589
0.08780567714091318,0.08668482744797996,0.0744116302155174,0.10632117716903795
0.08745786406367986,0.08665083663212585,0.07448211928116942,0.10623242922079808
0.08711539196226538,0.08660268636572649,0.07453323830396641,0.10615526636323946
0.08677681760101626,0.08654566786899101,0.07457774588079219,0.1060964348668849
0.08644211731831816,0.08648097802609013,0.07459921592543717,0.10604732026471764
0.08610897617312047,0.08640902915126321,0.0745297599821732,0.10599821581090581
0.08578109622333577,0.08631937922230663,0.07440643849691658,0.10595021077065642
0.08544434751980588,0.08622713468365116,0.07427678531544624,0.10590339847609348
0.08512367744293367,0.08612705431536864,0.07411545571244862,0.10585758265650852
0.08481667222767077,0.08602380149628416,0.07399213168598195,0.10580814176100635
0.08451661458070835,0.08591908082014153,0.0738628821502657,0.10575945810503481
0.08424283437789516,0.085824873676265,0.07380397648790965,0.10571678172968128
0.08399467064831204,0.08573558935101804,0.07378795829928021,0.10568888765869282
0.08376046923980052,0.0856439976740198,0.0737806539316572,0.10565911178784539
0.08353571853203696,0.08554992708314334,0.07377646645128341,0.10563315723478088
0.08332088169345372,0.08545313858127664,0.07377306295340036,0.1056098945079559
0.08312034255634498,0.08535327139066973,0.073760920182772,0.10558959364341873
0.08296453195785528,0.08524738746640544,0.07371126015224777,0.1055691309954552
0.0828379861379746,0.08513866769112985,0.07364906547677837,0.10553554096734442
0.0827227186978768,0.08502686089995853,0.07361124778672533,0.10551131892029354
0.08261989532254643,0.08491148814241785,0.07357959752039134,0.10549891723896568
0.08252940318680292,0.08479260934169026,0.07352052609800358,0.10549773133274802
0.0824507777590767,0.0846704590163016,0.07344050585076019,0.10550155507146436
0.08238362862235432,0.0845455650789866,0.0733458834135889,0.1055104075708825
0.08232813939478308,0.08439967723687072,0.07324348439847798,0.1055246612693636
0.08227675212334017,0.08424127994943086,0.07315231508655753,0.10554645635386335
0.08223797695906411,0.08408338523142779,0.07306353862641612,0.1055817196867039
0.08221082906487123,0.08392031879023476,0.07297104091815347,0.10559151843985463
0.08219519554493339,0.0837523366783018,0.07282528902893355,0.10560749547358587
0.0821911817730901,0.08358773129005796,0.07264781175180919,0.1056391822534253
0.08219929831470422,0.08340230754993898,0.07249759047129309,0.10567657770877055
0.08221933684209168,0.08322109582501318,0.07235899088149511,0.10572190055522397
0.08224697558675509,0.08304676804602086,0.07222339741033694,0.10577166409447326
0.08222849115088049,0.08289294276233287,0.07209154499540699,0.10580655499681454
0.08208468601761262,0.08272150669491914,0.07196490702610117,0.1058423168803934
0.08193186801410332,0.08254766200112401,0.07185498903155377,0.1058873215178374
0.08178671448676565,0.08234306219458157,0.07174672400811283,0.10589905520735078
0.08164820447748308,0.08213221276160897,0.07164478425632526,0.10586829809288548
0.0815157148349661,0.08192668394370843,0.07157050617774438,0.10582047812385932
0.08138851471157242,0.08173766407610931,0.07153790365515733,0.10575857225785695
0.08126526798526726,0.08159104759728848,0.07153185578331976,0.10568798494535236
0.08113303502339822,0.08146867676602224,0.07153377348202189,0.10563116136662294
0.08099748088556265,0.08135165000904789,0.07154431076047447,0.10557938440036761
0.08086351725744458,0.08124748753395196,0.07156600586716982,0.10552672900894149
0.08073026149728853,0.0811476846085388,0.07160456562488637,0.10547502485230437
0.08059674114255755,0.08104675769562047,0.07164821244465297,0.10546573145954607
0.0804618852352525,0.08094475745990878,0.0717006796232951,0.10549086932656668
0.08032414851765772,0.08082775085969307,0.07176307077822404,0.10555694103890427
0.0801830614799682,0.08068585851637501,0.07183506797253443,0.10564261144701137
0.08003696544881647,0.0805465208550674,0.07191627928935579,0.10573677508453784
0.07988437622751886,0.08038701750605098,0.07200511470273126,0.10584652896223276
0.07972391501983912,0.08023607600715611,0.07210322208129676,0.10597538496006186
0.07955516168523506,0.0801105887644601,0.0722102932340995,0.1061112723978026
0.07938004989868315,0.07999714701062359,0.0723258690633599,0.10625286368765775
0.07919876904629113,0.07990641138658561,0.07244925274962141,0.1064020344797745
0.07901278243760748,0.07983319706490861,0.07255636440250532,0.10655784159346927
0.07882340125678033,0.07976970904929279,0.07268046500143656,0.1066977525326102
0.07863639615781201,0.07971194030969132,0.07281248305191093,0.1067841881047571
0.07844858291368281,0.07967756341702592,0.07294221364752124,0.10687540998870633
0.07825917595500398,0.07965703821302923,0.07306431342475785,0.10696589158826031
0.07808099518650945,0.0796447796040611,0.07318930658668937,0.10706103782868932
0.07790464291227998,0.0796418488841481,0.07331911810878061,0.10716653602281345
0.07772170995577453,0.0796509067823347,0.07345347677772246,0.10728616903545993
0.0775408153235259,0.07966559821980133,0.0735921180650949,0.1074122855823892
0.07736443196056152,0.07968605098838016,0.0737346998305104,0.1075397363494231
0.0771937617819762,0.07971180504701653,0.07388091937898687,0.10767182565827405
0.07703004026293228,0.079742207960373,0.07403036151036756,0.10780651595370187
0.07687436660534638,0.07977853999256045,0.07418263696937613,0.10793766297948221
0.07671589509043639,0.07986044358656186,0.07430450506056416,0.10806842181812662
0.07655792540009052,0.07995098425712865,0.07440294893409614,0.10820190806527474
0.07636909414939667,0.08004574642726313,0.07450284168147035,0.10834398058907932
0.07621150711624249,0.08014043518953444,0.07460329407277735,0.1084645768391885
0.07598881100500379,0.0802379715733603,0.07471250179638497,0.10856992050556438
0.0757804880561488,0.08033857503688407,0.07482453109680502,0.10865582569696096
0.07558821773142024,0.08044131551375969,0.07491831453563413,0.10873516728539866
0.07541421264335872,0.08054688128179954,0.07498655763840126,0.10881519573791353
0.0752499068374918,0.0806551626318328,0.07505038050461536,0.10889152259302343
0.075079685355574,0.08076619480352874,0.07511357556729265,0.10897098816029811
0.07492615706306799,0.0808826642940956,0.07517502668811626,0.10905463542278655
0.07476511008386799,0.08100896392711154,0.07523370094827178,0.10914160058000964
0.0746126510056622,0.08115108738578829,0.07528787121928494,0.10923870623928643
0.07447791646858286,0.08129998133643486,0.07533719452670387,0.10934317838197025
0.07436128688126697,0.08141257653733423,0.07538363623906977,0.10945173640580531
0.07426361187339943,0.08150299412158812,0.07539437690274696,0.1095352742762927
0.074170621859241,0.081596331709884,0.07539820375528108,0.10962164446271448
0.07409123688500233,0.08170072588857584,0.0753941797340281,0.10972893153901198
0.07402835811692532,0.08181360476196173,0.07538894597115002,0.10984753705377877
0.07398494908242718,0.08192494690869631,0.0753823360245411,0.10997748015593342
0.07396056054923268,0.08201988747019905,0.07537424776553002,0.11011361735436243
0.07394989788869906,0.08210336256212676,0.0753647716122084,0.11024493759391732
0.07396256092628105,0.08219223572668279,0.07535422617185096,0.11038557002713718
0.07400528957052116,0.0822741334611675,0.07534535546196611,0.11042997481419953
0.07407087823934694,0.08231297857915656,0.07534778538573639,0.11042091037854108
0.07416026340869346,0.08235695750736585,0.07530742725331258,0.11039534754216374
0.07427398633989446,0.08242231468183912,0.07523622498594407,0.11027215706925557
0.07440776362064655,0.0824725583257261,0.07519165447197543,0.11012501217598422
0.0745582080398581,0.08253149955061684,0.07514643056538961,0.10997752595342983
0.07472499580914775,0.08259891100941814,0.07511347025452834,0.1098355815045358
0.07490777166728628,0.08266982531235095,0.07508316043104342,0.10969916253323993
0.07510583085909947,0.08274518927829433,0.07505563540953823,0.10952642491611475
0.07530697625864073,0.08280747896268441,0.07503072593566769,0.10936187074685542
0.07549944468065115,0.08286604065003413,0.07500564552863306,0.10921683773093752
0.07570465793198267,0.08289376355371218,0.07495523366235986,0.10906950054608344
0.07592166417318989,0.08292325761238767,0.07488071639590424,0.10891833128618296
0.07614644565110654,0.08294157658569741,0.07477492169862061,0.10878404828719974
0.07637843522848085,0.08295351338042614,0.07463855866241162,0.10864532732076523
0.07661824020673938,0.0828869321161856,0.07449836590381259,0.10848072048216015
0.07686930311295712,0.08282882122586128,0.07436068171068856,0.10836825717879169
0.07712454548686824,0.08277735454277639,0.07420696094604703,0.10827277308928343
0.07738217457113312,0.08273398070364958,0.07405485603480175,0.1081873209854183
0.07764062786888894,0.08269777060768232,0.07390654128685441,0.10811283614271983
0.07789858830981412,0.08266830139800553,0.07376496153647977,0.10806459324665071
0.07815072721568346,0.08264495503717938,0.0736303999397945,0.10803060315096105
0.07839371946564197,0.08262309496199215,0.0735033064801225,0.10800932991154834
0.07863431266410859,0.08259912850079305,0.0733840676176014,0.10799634043460611
0.07887250748380362,0.08257267080614711,0.07327233692579929,0.10795315860555657
0.0791078094730288,0.08259028039306454,0.0731673365461239,0.10789883163559842
0.07934051876518644,0.08264457438881584,0.07307141785767726,0.1078541427069349
0.07957142731874678,0.08270019764313002,0.07297285161209174,0.10780058573425738
0.07980296465761956,0.08266341663642587,0.07288472839241136,0.107714680408652
0.08003280089035517,0.08262113421534753,0.07280801015457211,0.10764002789570605
0.08025295406038359,0.08257633609838788,0.07274669668650861,0.10757494710373768
0.08044466631994247,0.08252828123752913,0.07267955199343527,0.10754836725538412
0.08063371187332484,0.08247684864230757,0.07256784895970914,0.1075327273279184
0.08082132160443196,0.08242204607170726,0.07246679252811448,0.10753759544126743
0.08100724479039634,0.08239921553059666,0.07237673276816696,0.10758506795633933
0.08119135670908977,0.08237281690214858,0.0722979888842732,0.10762064951367072
0.08136387364759724,0.08234939134644996,0.0722310236097968,0.10766178062402434
0.08153245329845438,0.08233828206825289,0.0721673278803939,0.10770842231207588
0.08165529196074665,0.08229533680003052,0.07211316552192597,0.1077585896576543
0.08172976872822754,0.08221899899481723,0.07207207101916038,0.10781072056623292
0.08180094441989331,0.08213875126412132,0.07204353725441887,0.10785348292456136
0.08186818828041281,0.08204038828997055,0.07202670551137233,0.10785155111627605
0.08193083199434989,0.08193269381335735,0.07202366095271473,0.107817321951385
0.0819883139445454,0.08182217776444752,0.0720493045537879,0.1077604129544465
0.08204037904284435,0.08171226180944145,0.07208462685035265,0.10765788560424613
0.08208648255700199,0.08162529826635298,0.07212686416303447,0.10750927019358537
0.08212615306631481,0.08152117040805844,0.07212713155446766,0.10732854266653308
0.0821590996625755,0.08141660246725405,0.07214298633979903,0.10712237672780613
0.08218475595939678,0.08131128619630182,0.07216768739284438,0.10689087039683429
0.08220269915058867,0.08120091894574676,0.0721997241211963,0.10663586365523599
0.08221268043818565,0.08108659049847926,0.07224066913045149,0.1063652035740117
0.08221543808787599,0.08097001145249241,0.07229610820424559,0.10608076582526525
0.08221202565246445,0.08086372984795127,0.07236837772076604,0.10578109743162686
0.08220017395946781,0.08075354204356022,0.07245372540111342,0.1054520147199404
0.08217973555483803,0.08063737014310692,0.0725483662749871,0.10510561286811168
0.08214501456551056,0.08050252420949976,0.07266218199903277,0.10476827102194121
0.08210261220585158,0.08035745929833404,0.07278585268611437,0.10441142456081058
0.08202344585672922,0.08021230445194832,0.07293259240825313,0.10403373257147963
0.08188527752172851,0.08005914479117732,0.0730893844187812,0.10364301226224429
0.08173001178123841,0.07990361722428678,0.07323956258746564,0.10328083599568792
0.08156010540710786,0.07974938268583831,0.07339271939201907,0.10291958490394817
0.08138683624098406,0.0795925807299148,0.07353512315916458,0.10255268203680593
0.08120973238452295,0.07940417304354014,0.07368391815123275,0.10218253019351992
0.08091905997323767,0.079211768991851,0.07384069953914492,0.10181069127086322
0.0806187998066537,0.07901657465549738,0.07400543145818952,0.10144391466850332
0.08031827941343726,0.07881961314157086,0.07417820947758659,0.10108776374312321
0.08001684814620957,0.07862128780729635,0.07437602196127349,0.10074944283437923
0.07971523326120791,0.07841533045417744,0.07459276090549419,0.10041213316401827
0.07941602874341112,0.078214267596773,0.07481788975124423,0.10007302291503824
0.07912032345861303,0.0779918663022982,0.07505060314917071,0.09971212842240021
0.0788292356950347,0.0777591166386116,0.07529042804781823,0.09932896591693167
0.07855383871975571,0.07751542739314571,0.075537000129535,0.09895464806646075
0.07829633946794194,0.07727712762718375,0.0758022117805117,0.09855755856042428
0.07807216690503596,0.07706162679533386,0.07608293242444693,0.09815306300762416
0.0778616010061903,0.07685707744268226,0.07637026464345557,0.09775105848737858
0.07765778546065649,0.07666441474292635,0.07666397976271642,0.09735999187245804
0.07746115827879006,0.07648515855946486,0.07696381967988403,0.09695363833144549
0.07728109929371212,0.07632565815655132,0.077271202808467,0.09658144607389403
0.07709003460201402,0.07618023036323192,0.0776014138941899,0.09622535146211973
0.07689857875028612,0.07604150762053014,0.07794300054958075,0.095921600879171
0.07671542576251951,0.0759133807925855,0.07828663341574087,0.09562198821586092
0.07653971562452926,0.07580579567870188,0.0786355214584776,0.09530103060926744
0.07637173370902178,0.07570607199616448,0.07898912990667406,0.09496606408199579
0.07621159912519514,0.07565344552076597,0.07934697098641867,0.09463933139854783
0.07605927343340957,0.0756206369091287,0.07970858888655008,0.09430551099145991
0.07591474238811824,0.07559736082490523,0.08007418284968863,0.09395533519765582
0.07577777354286758,0.07558328311251233,0.08044564866137531,0.09357987073763696
0.07565018877364141,0.07558426527033645,0.08082190727426804,0.09319105111109197
0.07553403857798659,0.07560289607765493,0.0812008252748306,0.09282019660455272
0.07542573611146784,0.07561293683231309,0.08157868894091595,0.09244638512074671
0.07532533692628281,0.07562426153689211,0.0819449914178342,0.09206089454949733
0.07523189898732961,0.07564361273053635,0.0822916615286786,0.09168379245758611
0.07514003251774913,0.0756710446627747,0.08263778907263553,0.09130740266005245
0.07505641986543428,0.07570660270698198,0.0829818886762393,0.09093336189830487
0.07498191337319897,0.07575057302748793,0.0833126923485275,0.09055847415439731
0.07491415466116766,0.0758038555828509,0.08363928452667282,0.09018438171815436
0.07484978590644095,0.07586611581400163,0.08395685037994007,0.08982030035299891
0.07479305249690149,0.07593848053631083,0.08425159466186366,0.08946309983972604
0.07474796683691973,0.07602114311273953,0.08450901137286124,0.08911027883568857
0.0747149242798774,0.07608366761465955,0.08472894721320634,0.0887520714987344
0.074689571177362,0.07614545899853635,0.08492247845272621,0.08840261270058956
0.07467414494937578,0.07622759952164451,0.08510250085355785,0.08806084093877901
0.07467650204752016,0.07632187449637029,0.08526634875367718,0.08772560336313005
0.07468524868610595,0.07642734629184447,0.08536975349322905,0.0873984854866459
0.07468996260382416,0.07654081675634697,0.08547143264574639,0.08707886303515502
0.07465557603040944,0.07666647054629862,0.08557190856808174,0.0867666802530865
0.07463422307628158,0.0768015455714968,0.0856720960013184,0.08646228159415174
0.07461682164370778,0.07694866510777836,0.08578032043916084,0.08617396953445473
0.07460223266963173,0.0771185384052952,0.08589512337564752,0.08588484684762793
0.07459167174715566,0.07729136255378082,0.08600903989966727,0.0856572608901921
0.07458576874315638,0.0774098360942507,0.08612180123200613,0.08537885516530513
0.07458172608762562,0.0774692401085665,0.08619622527297208,0.08510200687742575
0.07457874143066788,0.07747093581361608,0.08624997143506959,0.08482126414181217
0.07457604433350215,0.07742018536609567,0.08627873519144062,0.08453914945028462
0.07457535286663645,0.07734020916332103,0.08630451681059874,0.0842579104774377
0.07453888464982075,0.07723766849987201,0.08632758737660712,0.08397493893529308
0.07448935844260114,0.07712029767870593,0.08634460330022037,0.08369222849194582
0.0744384487862474,0.07696727839698865,0.08635841345571729,0.08342572754664056
0.07438586055632486,0.0767884178346546,0.08633223597841504,0.08316400310565672
0.07432955494496851,0.07661750773178355,0.08629601852444856,0.08292895763364101
0.07426864616274689,0.07645578504780332,0.08625063993296778,0.0827179133202062
0.07422486544408828,0.07630346662869802,0.08619792417317451,0.08250568533064824
0.07419628124730873,0.0761631031141766,0.08614451197706144,0.08228727856984831
0.07418705219699147,0.07602223732680906,0.08609065659842516,0.08207274555660365
0.07413657008897104,0.07588186672469131,0.08603374878655423,0.08188118588668966
0.07408909870272463,0.0757418081188426,0.08599516082479242,0.08169196551893457
0.074046124857408,0.07560758259416167,0.08600870835898618,0.08150436376533252
0.07399923235144065,0.07548621768567623,0.08602403368666243,0.081304269677047
0.07395615767577424,0.07539931280387537,0.08604904198066173,0.0811091839827667
0.07391784270465643,0.07532676306528029,0.08605003178297337,0.0809188105949785
0.07388522663124211,0.0752576878730174,0.0860729489775641,0.08073568996857469
0.07385768501723261,0.07520151272134196,0.08612364091782855,0.08053308455832413
0.07382559504610604,0.07515907319944551,0.0861868067674746,0.08033169415798376
0.07379417614934394,0.07511737926693084,0.08627190200766137,0.08013815299683721
0.07374180598877615,0.07504546646601798,0.08635743957265356,0.07995824492293499
0.07369321943739451,0.07499088373456426,0.08644570271705335,0.07980420659671154
0.07365079112866185,0.07495330601470225,0.08652848828093884,0.07966125530056375
0.07361475837485348,0.07492225800875188,0.08660491700253997,0.07952808647585351
0.07356790279592092,0.0748955375884208,0.08668534644630406,0.07940362748928737
0.0735077326288099,0.07488317647968461,0.08679888556261721,0.07929376341876901
0.07345542633467693,0.07488803375969341,0.08692650575526802,0.07919679179385626
0.07339523395288566,0.07489881244047651,0.08704178879142907,0.07908091598008392
0.07332874139784798,0.07491414389955993,0.08715964220833396,0.07887658541046484
0.07327138463903445,0.07493375588457217,0.08728082079072495,0.07867287143474985
0.07322421911884303,0.0749573894558772,0.08741521982161476,0.07848106607142606
0.07319591066729392,0.07498494391666033,0.08756898378887076,0.07830150624283737
0.07319672492060848,0.07503100672383665,0.08772369846010142,0.07813735871522211
0.0732088582761404,0.075115215016959,0.08780657394024219,0.07798892909676075
0.07322707572922084,0.07522130752815735,0.0878667004916106,0.0778563271727704
0.07325332341636713,0.07533246647414371,0.08793021669489662,0.07775503037941212
0.07328972561940744,0.07544749129697946,0.08801269846364056,0.07768443288229154
0.07332732270005672,0.07556637868315716,0.08810130296930278,0.07762624609732453
0.07341603286723894,0.07570875285276259,0.0881929303644948,0.07757719767915712
0.07351738988825524,0.0758431465123309,0.08830369498016577,0.07755540117187182
0.0736311761764255,0.07597444269610806,0.08841402887163224,0.07753355199059864
0.07375760093723095,0.07610276245848152,0.08849342220655629,0.07751147132162498
0.07388554615532052,0.07623585729500675,0.0885700237922714,0.07749244092774664
0.07398344047767742,0.07636416393701623,0.08864877014219434,0.07747427486386471
0.07407934082588352,0.07649631064870961,0.08868624926406277,0.07745969107385668
0.07417627779450442,0.07664203736820602,0.08864472757489975,0.07746792908322962
0.07426381769951136,0.07679530479480144,0.0885978694991417,0.07741922841597097
0.07432457150443193,0.07695638506624253,0.08855060744676392,0.077383542705754
0.0743527333955517,0.07712560061950237,0.0885027311465881,0.07735626798227366
0.07435672806665859,0.07733757761983501,0.08845404079972362,0.07733474062035305
0.0743330428899005,0.07757656505282545,0.08840462749583626,0.0773208154746394
0.07429581819347016,0.0778167747452229,0.08835468573801854,0.07731639273926764
0.0742550207520525,0.07804498671161988,0.08830283814813529,0.07724856411922505
0.07421604761010397,0.07827163280886065,0.08825385906497699,0.07717269188330822
0.0741821056120343,0.07849789216662356,0.08823183393915292,0.07708955911919978
0.07415486860333355,0.0786911746328875,0.08821112502715225,0.07698537743170858
0.07412203817067055,0.07886452455222537,0.08819715376266139,0.07685077986287293
0.07400593903701512,0.07904353374310662,0.0881860550645945,0.07670056692603114
0.07388413202331633,0.07920418121942523,0.08816996389596625,0.07653885504645587
0.07376832083273584,0.07936793817534912,0.08813693428774087,0.07636521899212254
0.07365822149681109,0.07955093187352796,0.0880994712783677,0.07619092697208454
0.0735533670464957,0.0797186321922865,0.08806719628165685,0.07601588534888674
0.07345344374536135,0.07987324721850068,0.08804138603790396,0.0758356094383606
0.0733625785030341,0.08003711145868653,0.08801922093947906,0.07564428181973645
0.07327633587366222,0.08021964175404488,0.08800189818609891,0.07540562339421693
0.07318368677012586,0.08041595372056563,0.08798837680555104,0.0751376132461978
0.07307790280858355,0.0806203974796005,0.0879825795911087,0.0748780361778332
0.07297064762688385,0.08083288017605889,0.08798024095388035,0.07462607839678012
0.07281040785865939,0.08105311456546758,0.08798201128372928,0.07438252636811118
0.07261563775031252,0.08127814736595958,0.08798303775052234,0.0741485293404211
0.07241474003908102,0.08150340344266484,0.08797150692882717,0.07392518692520086
0.07220702533480787,0.08173054211262328,0.08796157120273057,0.07371351249116326
0.07199098239188208,0.08196071304951802,0.08795134069724782,0.07355256958825017
0.0717593546933443,0.08219047850600626,0.08790597144625027,0.07342939749792934
0.07149985715904311,0.08242428699069727,0.08786737554647989,0.07331845936942367
0.07122110644762575,0.08265887947503697,0.08783157684799257,0.07322044736513572
0.07093939194123525,0.08289695877536156,0.08779866900878897,0.07314476248198776
0.07065976366656762,0.08313705305426673,0.08775900007707693,0.07309849026830216
0.07037493176954801,0.0833785525513491,0.0877148123710681,0.07307184325002766
0.06994887030612995,0.08361482187355043,0.0876274967256744,0.07306422002790314
0.06953345513383846,0.08383126801188567,0.08754285670666892,0.07306962703684301
0.06914788252946773,0.08404991636968809,0.08746265046987071,0.07309162247929543
0.06877839980336649,0.0842709606250502,0.08739588137539342,0.0731319453604903
0.06841077458461939,0.08449487881493935,0.08735571729824083,0.0731769481869616
0.06805170091509627,0.0847172726656602,0.08724922774712217,0.07323992776939409
0.06770324024561511,0.08491395500033201,0.08714748970955608,0.0733191635801271
0.0673657976399338,0.08512325740560764,0.0870568101278568,0.07341442197482394
0.06703264644158523,0.08534446935357293,0.08697170124494212,0.07352269289390001
0.0667071386127939,0.08556430864756345,0.08690022557884339,0.07363608520875992
0.06639589298176816,0.08578170227134962,0.08683242264527269,0.07376462910148214
0.06610950788763738,0.08600044166323147,0.08676591311268528,0.07390852862762066
0.06583684182963084,0.08621730606883116,0.08670907716523885,0.07406759859868839
0.0655866006128907,0.08643201626473365,0.08663973362030629,0.07424165035450414
0.06534386024499524,0.08663896179578497,0.08658252479891378,0.07441608420067856
0.06514946833180696,0.08683211272231295,0.08653948897984612,0.07459332125311233
0.06497340065932565,0.08700840606543514,0.08647562143298151,0.07477757619574442
0.06481064853459002,0.08717057472218454,0.086415423406151,0.07497259645489326
0.06465864973429558,0.08732255563162046,0.08635861613280367,0.07518156873933986
0.06452079100014997,0.08745754940385785,0.08632563952719739,0.07540451082775582
0.06439693497637163,0.08756889195722599,0.08630833149126141,0.07564287122763144
0.06429496494297735,0.08767952459391683,0.08629220978509221,0.07589259829624181
0.06421936802618265,0.08779512619101415,0.08627628696748907,0.07615364604581501
0.06415956791756192,0.08788614925986132,0.08626032673128563,0.07642474165120221
0.06411209994689542,0.08794271646195476,0.08624379505337891,0.07670227123108514
0.06407685819891605,0.08800493691483034,0.08622649663316956,0.07698811656746443
0.06405389438599203,0.08807246780620333,0.0862082443467357,0.07727166335576195
0.06404302842212121,0.08813972987493823,0.08620538209962048,0.07755954337976183
0.0640248088360366,0.0882126713871451,0.08624961362021642,0.07785344313116299
0.06400938414313326,0.08829271755649051,0.0862982302654247,0.07815113239699549
0.06401597791481346,0.08838261383502424,0.08636500686113636,0.07845698007109503
0.06404239038324737,0.08847232873005796,0.0864163701793639,0.07876504410608452
0.06408100584729146,0.08854786197752743,0.08646184588125203,0.07908261573133625
0.06413096860398725,0.08863796144590286,0.08649241966913328,0.07939483516124632
0.06419216548770114,0.08876586853903895,0.08652049555575063,0.07971149953167736
0.06426271004252543,0.08889041654876272,0.08652847558631493,0.08003057060340789
0.06433251496162759,0.08900306857139151,0.08652485848129038,0.08035275877047865
0.06437979413988401,0.08910008526956481,0.08650797335777903,0.08067825324959242
0.06432098281465719,0.08915652534822137,0.08649416647097699,0.08100385081489389
0.0642524357113227,0.08921465834209041,0.0864250010351487,0.08130045541192016
0.06413870984437056,0.08928997676647613,0.08630885082107642,0.08151741588640014
0.06403638326872957,0.08937996214394699,0.08618467680893978,0.08170733104859106
0.063957042711829,0.08946985137266009,0.08606320580208773,0.08190323286790574
0.06388491615489807,0.08954392167066337,0.0859461646461976,0.08210630555679893
0.06382006313585366,0.08963409227712313,0.085841580053908,0.08231827863157706
0.06376151600297551,0.08974287364043797,0.08573783063718667,0.08254912025510028
0.06370890754569067,0.08988545723000152,0.08564115619547691,0.08278834510921124
0.06366224107879544,0.09002829824541485,0.08554716656231239,0.08303588260127732
0.06362129246383134,0.09004078094490545,0.08545302684920862,0.08327784888640727
0.06358589322556456,0.0900075323629826,0.08536415363420885,0.08350397050903395
0.06355570108433416,0.08998717631226442,0.08527983792278092,0.0837291213378405
0.06353045996752994,0.08997949517556213,0.08519942495975621,0.0839452537579338
0.06351171630898354,0.08998030764971265,0.08512220606847189,0.08414933431311745
0.06351531599500508,0.08997595849636168,0.08504196055595216,0.08436609776221658
0.06353683309451212,0.09002324588277406,0.08494012948521111,0.0845930646521558
0.06356847035211202,0.0900687644223778,0.08484888501237862,0.08483090093209941
0.06361990954264668,0.090113175489375,0.08475666450671845,0.08507944198073801
0.06369462458425029,0.09015754737708975,0.08465979309466694,0.08532278622631369
0.06377540990006435,0.09019981858489216,0.084583118608518,0.0855403305394706
0.06385756060460925,0.0902362157150608,0.08452042544870943,0.08576152597655189
0.06394551994631842,0.09029773455836282,0.0844741602596059,0.08593036515599518
0.06403906388436091,0.0903099640770461,0.08442460855571324,0.08602209078574065
0.06413751750977585,0.09031705037279983,0.08436341932855204,0.08614164492980315
0.06424130522314792,0.0903269872461099,0.08428959360920572,0.08622164559625413
0.06435110084452901,0.0903288635926146,0.08420365807800742,0.08627803504869656
0.06446706715372785,0.09031603103762145,0.08410471399180364,0.08634773792745633
0.06457351141276242,0.09027920703831467,0.08399202998212867,0.08642953368597318
0.06467169129178545,0.09020887849518776,0.08387342265949163,0.08652660513078245
0.06476463758395301,0.09010743743324352,0.0837528010728181,0.08663849558898544
0.06485255423648502,0.08999174276484827,0.08363142604153055,0.08676538901588536
0.06495135525524555,0.08987118147153633,0.08346886739471693,0.08690717057788849
0.0650621178059373,0.08977467973916285,0.08329557719678916,0.0870720599240433
0.06518544543953554,0.08968845409268421,0.08310787185344849,0.08725739819655233
0.06530920254594348,0.08959127934658974,0.08289429575044725,0.08746134866341516
0.06544655755119631,0.08946434333900698,0.08264681594452862,0.08767769317200373
0.06559866163071842,0.08932472108429586,0.08240586873286568,0.08794609227491768
0.06576644219839081,0.0891960394500991,0.08217165268274716,0.08824925585829774
0.06595034397902012,0.08907035345934905,0.08194457820699398,0.08856214351881708
0.06615064736760734,0.08894526963257354,0.08172490065778851,0.08888609093125496
0.06636457542050309,0.08879728690456988,0.08151759555603509,0.0892235932312601
0.06653804002329382,0.08865285145504334,0.0813269731125795,0.08956656602934394
0.06671266169875788,0.08853772589331847,0.08112496390254259,0.0899235577001253
0.06690274660641823,0.08842177897578539,0.08093787021301654,0.09027998527996524
0.06710828122821885,0.08830354885632444,0.0807524686798229,0.0906080355419774
0.06731311740179502,0.08818366718977058,0.08057403845234676,0.09093725781754157
0.06746494488177593,0.08805736196045669,0.08038810564881188,0.09126723152279181
0.06763214025020084,0.08792601250763364,0.08018791255153336,0.09160019762303495
0.0678145200295769,0.08779863663015518,0.07998574739965986,0.09188094621702107
0.06801002412586474,0.0876704949755306,0.07978843152784376,0.09211324274260253
0.06821373442390068,0.08751681017191887,0.07957207751827856,0.09232687466592
0.06843339408591716,0.08734283681290518,0.07934864178294147,0.09242916824761423
0.06866666118835356,0.08716057976729703,0.07912586327260061,0.0925169768790079
0.06891616961570775,0.08697138666994472,0.07890410390402669,0.09261028461706486
0.06918608185978935,0.086797936624659,0.07868476095807717,0.09265080861544062
0.06946223061847948,0.08662933168645352,0.07846786966668569,0.09265601297052252
0.06974220513013131,0.08645800577999302,0.07825492478273552,0.0926607065809087
0.07002191051904946,0.0862872006174258,0.07806270504442439,0.09268584655975465
0.07028849884681702,0.08608455739030178,0.07788439798965767,0.09270727957442984
0.07051560555046897,0.08584176234921541,0.07771787761146029,0.09272248856873916
0.07072822814222969,0.08560139590472302,0.07755902709435206,0.0927346368784218
0.07092797155827563,0.08536329127689617,0.07739253483728727,0.09274556553157222
0.07111528965008822,0.08513276598476749,0.07722013446594024,0.09275764392095337
0.07128909981225999,0.08491969584633992,0.07704068461513093,0.09277427091447567
0.07145082661327276,0.08472015849923277,0.07685903621061636,0.09278520883657089
0.07159832804795382,0.08455910583791572,0.07667027568762176,0.0927930271620726
0.07172256544781311,0.08441851981728057,0.07647277757549176,0.09280426152301344
0.07177193003856931,0.08428155030943915,0.07626612535109138,0.09283024397357764
0.07172640439005687,0.08411242629388943,0.07603753981757469,0.09286418818772657
0.07163679238851715,0.08395180446265565,0.07579520216764205,0.09290269820532092
0.07148665231626755,0.08380326680339117,0.07552332847424971,0.092945429535506
0.07129113748173503,0.0836385884074756,0.07521650673657816,0.09299039382568788
0.07109691587540025,0.08344136723261628,0.07487955798934781,0.09303819086800333
0.0709081571201478,0.0832574664913637,0.07452863295899315,0.09308943413589088
0.07071962987829276,0.08308519517989307,0.07417751098491356,0.09314407216216716
0.07053264944648754,0.08292868885956982,0.0738132933026689,0.09323347713234646
0.07035557733804634,0.08278744722072663,0.07343168046494414,0.09335510175236407
0.07018849704177253,0.08266431039205474,0.07304956309382923,0.09348346185957272
0.07002598606626548,0.08255085526157738,0.0726700325800073,0.09362172517002662
0.06985943042168852,0.08244615233082953,0.07229576436365709,0.09377091589070331
0.06970288681263319,0.08235821836808226,0.07192943509709543,0.09389178103133147
0.06957032643022634,0.08230097163890356,0.07160347095254448,0.09400217144761727
0.06944906755510348,0.08226070296388072,0.0712482262119434,0.09411311472195884
0.069339275824633,0.08219080748809418,0.07092602618544253,0.0942240400458344
0.06924119264065368,0.08212828043650718,0.0706525786728089,0.09434577388890623
0.0691549396087154,0.08210120698878025,0.07038860622123853,0.09446921960790668
0.06908082345335273,0.08208912168012715,0.07012230620528163,0.09459256925021436
0.06901926783883745,0.08207907188230956,0.0698506206794522,0.09473177627244785
0.06899027132805899,0.08206243914282088,0.06956346795878042,0.09486625585838963
0.06899854145493553,0.08202792801142568,0.06928728568701294,0.09499613134880774
0.06902231320702372,0.08200392572767332,0.06902191300039491,0.09512188015671233
0.06905852045755385,0.08196366712892532,0.06876747628129888,0.09522347837693597
0.06908417685127664,0.08191491403740706,0.06852305796892283,0.095292466665216
0.06910707099362802,0.08185273376615991,0.06828777078172274,0.09534540817374439
0.06913781775500642,0.08178984429357969,0.0680765965931239,0.09539008611381698
0.0691682020993762,0.08174030629631358,0.06788685618774515,0.09542099433631056
0.06919858591086608,0.08159421739652081,0.06771064480017838,0.0954163879808148
0.06923705934510707,0.08141463083872484,0.06753835179304712,0.09539557921061119
0.06928782353518886,0.08126953162164448,0.06737301381190354,0.09536120631671101
0.06935087826023754,0.08114049536116887,0.06722281857515071,0.09530746583972106
0.06944037238897445,0.08106329346772377,0.06708681530793571,0.09524381189478612
0.06958229577612539,0.08101840864090849,0.06696993412033858,0.09517050240771661
0.06972437475221263,0.08098022922293001,0.06683768903214513,0.09508852652928736
0.06987736298681646,0.08095575064981328,0.06672908946920252,0.09499486982095198
0.07004261474610435,0.08094479320390863,0.06663107964300295,0.09491136281444197
0.07022987516511564,0.08094589379793236,0.06654344204665527,0.09482429561784524
0.07042438339175985,0.08095604283960739,0.06646537100023002,0.09473638059764106
0.07063142353278477,0.08097138025246119,0.06639749599351218,0.09464666050438576
0.07085056082912614,0.080989079903369,0.06633874989894009,0.09455651077801253
0.07107473905668799,0.08100796914735636,0.06629074391762706,0.09447266264228647
0.07130848756557188,0.08102700060419417,0.06626559489120891,0.09440333034557848
0.07154962381730526,0.08105580577735011,0.06627014808548376,0.0943390629916562
0.0717899401787402,0.0811026618207998,0.06631092630758907,0.09428072542125437
0.07200241031813927,0.08113514997890357,0.06636149773026635,0.09422901317173217
0.07216196940419721,0.08119117272623252,0.06642095034129801,0.09418460932242506
0.07226418635694584,0.08122923530742926,0.06648905464694395,0.09414791685730893
0.0723539610040234,0.0812486320169888,0.06656581546630351,0.09411919002938003
0.07244734218128514,0.08125667267463212,0.06664812432726752,0.09411658477167044
0.07254046933300552,0.0812449558465641,0.06674081823721399,0.0941429698430239
0.07263901178431602,0.08123757837575274,0.06683982446380905,0.0941923947449127
0.07274725207756405,0.08120774879776431,0.0669468922398475,0.09428113132628547
0.07286464334143898,0.08115060545867103,0.06706150362204119,0.09437577051343336
0.07299058339857209,0.08106292918803458,0.06718470981977208,0.0944756594634095
0.07312498923190994,0.08093951223293044,0.06731635958831707,0.09458057843989881
0.0732629844392277,0.08080035425020131,0.0674536123350864,0.0947040445286237
0.07339880733794267,0.08065744762691858,0.06760077998442106,0.09483564457189507
0.07353127344014064,0.08051042359555353,0.06775398026586692,0.09497001124809083
0.07366942008237193,0.08035519779181986,0.06791968425317459,0.09510685672979836
0.073811701059212,0.08019285022831867,0.06809003448314967,0.09524611680698478
0.07396975460412726,0.08003840006470914,0.0682602184185488,0.09538778800334978
0.07416786291338513,0.07988222566133049,0.06843250744924034,0.09553268428220647
0.07436695982774827,0.07969324249955442,0.06860795647934573,0.09568226703206381
0.0745649928339639,0.07948932075915137,0.06878653758664077,0.09585460278243955
0.07475551911673747,0.07930474898361094,0.06896798770157929,0.09605519803569908
0.0749184856501553,0.07913034525645594,0.06915200424778147,0.09625560683188857
0.07501515281503968,0.07896081316782128,0.0692924929887001,0.09645503889594972
0.07504201761660344,0.07880490466450882,0.06937348943892116,0.09665591567879174
0.07503890013556265,0.07864229849936984,0.06945753889236883,0.09685823133622257
0.0750360682498553,0.07852042433051026,0.06954462017491102,0.09707281558809334
0.07504012650248447,0.0783835866834704,0.06963454351535836,0.09727920958591071
0.07504012323065712,0.07825186256638038,0.0697135218741498,0.0974876291589389
0.07503618288410158,0.07814913536044768,0.06979846456367195,0.09769687541136805
0.0750204611214287,0.07805251241592555,0.06990768446522785,0.09788457271034792
0.07498789690148655,0.0779623245299273,0.07002205014961813,0.0980918147854506
0.07493239861418778,0.0778786983100739,0.07014041448809769,0.09830635679828159
0.07486290320573731,0.07783445026102194,0.07026082493075625,0.09857046022829527
0.0747707967058307,0.07782872362127195,0.0703828211803414,0.09885597298843089
0.07466489924620107,0.07782982581792329,0.07050538000486864,0.0991453065855479
0.07457000947838284,0.07783339651438985,0.07061985486799563,0.0994384757045693
0.07443379878362293,0.07784074509528524,0.07074782100051231,0.09973531244939991
0.07425795835332151,0.07785607003071558,0.07087533095934238,0.1000338114813854
0.07406765475755302,0.07787977203228555,0.07100235449041008,0.1003321606434943
0.07387316500641723,0.07791901742923656,0.07111692645792844,0.1006132215296089
0.0736819007470293,0.07797678823883249,0.07121292015763939,0.10084702389154378
0.07350011980087683,0.07804410365854528,0.07127619690329784,0.1010602017917582
0.07332941526036289,0.0781208979171307,0.07125698916738256,0.10127695186907858
0.07317063031121998,0.07820688344387751,0.07117426616462381,0.10148815801752102
0.07302352034298522,0.07830178168871775,0.07110040713696632,0.10170685139302917
0.07290634274484153,0.07840498275324714,0.07103208075016229,0.10192621963308574
0.07288563506442569,0.0785076304720195,0.07095699897757896,0.10205307688672521
0.07287071077883465,0.07862439375775658,0.07085142105401407,0.10216448221381597
0.07284588241513916,0.07875043899946883,0.07075396355031667,0.10227364351235964
0.07271630572546682,0.078882334076737,0.07066518884701302,0.1023800432900408
0.07259483023178046,0.07902648526003642,0.07058583793379342,0.10249796606911543
0.0724799052541845,0.07920112031627916,0.07051091990691667,0.10262359813749013
0.07237598082324087,0.07939339415999846,0.07042340040746603,0.10275160434369898
0.07228267618279284,0.07959484016260705,0.07032858865030393,0.10286991155952589
0.07219636946041408,0.07982396210661898,0.07026138703096364,0.10294029168197062
0.07212883296232055,0.08005588350245342,0.07020265496331843,0.1029631934713348
0.07206506200585597,0.08027710146519469,0.07015524254114862,0.10299192806559408
0.07200967855493877,0.08050280121484125,0.07012003231564928,0.10302542324759754
0.07190897926489281,0.08073520291286376,0.07009686223906902,0.10306859805847861
0.07177936919422365,0.08094795004086905,0.0700811010752495,0.10310603794180709
0.07161532999447116,0.08102644036626244,0.07005011438165828,0.10314274081838946
0.07143698127309857,0.08107900437683077,0.07003155446474807,0.10317794818905897
0.07125940652527493,0.08112572830798706,0.0700260314073259,0.10321687175952707
0.07108549193087148,0.08112884700249076,0.07002637245399898,0.10325955263260814
0.07091668432906746,0.08113225551307915,0.0700394554045745,0.10328787000073779
0.0707531319236295,0.08113955134574495,0.07006572544896633,0.10330376464594976
0.07059539965304976,0.08114622270875653,0.07010537217026729,0.10332318323697261
0.07043810394993828,0.08115216507917589,0.07013178278479199,0.10329835631637295
0.07029866550500796,0.08114808215447691,0.07015635277432203,0.1032435629755527
0.07016785835078791,0.08113390748786617,0.07019566983066743,0.10319438043260479
0.07004558360525463,0.08112545000089044,0.07024920291455829,0.10314560346075244
0.0699319617473994,0.08111758108399479,0.07031707029696727,0.10310337542764107
0.06984528993688405,0.08110758222107635,0.07039933990164764,0.10306939002976306
0.06978028412796172,0.08110210326723814,0.07049616194958977,0.10308894509754879
0.06969530293616515,0.08106402541784986,0.07062323158766365,0.10312642667236685
0.06960532924104998,0.08100766643056925,0.07077124215401422,0.10317769569008722
0.06952034990554928,0.08094907383349063,0.07094878443772039,0.10324378581022198
0.06943787758188362,0.08088980017707117,0.07114032294601016,0.10332659428116281
0.06938165539296037,0.08083588154207835,0.07134758018439623,0.10341912581550397
0.0693350183484192,0.08077967066987339,0.07156975750578273,0.10352115976805092
0.06929559673638867,0.0807310047803377,0.07180669732375691,0.10363192345261106
0.06925895980926754,0.08068767363879811,0.07205575285010372,0.10375116214526173
0.06923703998596872,0.08064952548661407,0.07229022657081484,0.10387793330782914
0.06924714069421646,0.08066389091857115,0.07251743499608641,0.10401115997197277
0.06925434595510357,0.08069251514561353,0.07275577216082266,0.10415131338042892
0.06925805582584492,0.08072602789449236,0.07301452358672052,0.1043064844469806
0.0692871583960562,0.08076365611523197,0.07328882066050879,0.10446709254850015
0.06932330057765555,0.08080219541844882,0.07357781241240494,0.10463916153138508
0.06939764877721169,0.08085160849981278,0.07388146500631758,0.1048198051996409
0.06949508270991157,0.08089874543528719,0.07421220762675362,0.10502149162544508
0.06961738305852966,0.08094141593679655,0.07458265583237958,0.1052399397371126
0.0697349184826106,0.0809831786822742,0.0749654591459536,0.10546201103862134
0.06984793417762299,0.08102389860428068,0.07535478977474355,0.10568779321689119
0.06997152296762411,0.08107332165842496,0.07576918839808638,0.10591590126521686
0.07014621686808024,0.08113630892206461,0.0761962515361157,0.10614443448171808
0.07037081080231408,0.08120574358205793,0.07663597886104255,0.10637170617031706
0.07059734614601484,0.08130461173504665,0.07705789728126859,0.10661279602917031
0.07082337072131384,0.08141743231219317,0.0773995650511465,0.10685279825136773
0.07106127225535874,0.08154169960884072,0.07774881207236824,0.10709573286138226
0.07135140597919255,0.08167790042519374,0.07810527613328822,0.10732761240508655
0.07163452227586557,0.08183118793671357,0.07846835640651618,0.10753695422076003
0.07194317392333062,0.0820211422313068,0.07883752736636358,0.10768195845980333
0.072227702302435,0.08222426690370906,0.07921515799981821,0.1078311696821063
0.07247604346637743,0.08245472292207424,0.0795985966087963,0.10799903727185259
0.07270799618503127,0.08267408547460339,0.07999461086638043,0.10816561654265919
0.07289441883396386,0.08285198212816158,0.0803970935718385,0.10834111320938387
0.07301513201705905,0.08296513486886008,0.08080043268647312,0.10853256561860317
0.0731062845772989,0.08305391966667494,0.08120346474906417,0.10873290180814064
0.07317124575973592,0.08311776012348505,0.08160542703801214,0.10893388776771518
0.07322898069799035,0.08320697198995526,0.08200511945493698,0.10913378704126878
0.07329237520939312,0.08330544349437857,0.08240102845376676,0.10933228952092865
0.07335174938970487,0.08341422108640617,0.08278106323162973,0.10948897002359251
0.07340170300223693,0.08353335064437263,0.08312164613026989,0.10964296011104285
0.07344195801808073,0.08366251439900806,0.08345120806784934,0.10979641629225016
0.0734534027722702,0.08380114061964453,0.08376583365246447,0.10994952993062633
0.07345942755783506,0.08392022117271672,0.08405959944590098,0.1101024691105398
0.0734818980704792,0.08401808080868706,0.08429845280154764,0.11025561710627549
0.07348921740653286,0.08412433880024842,0.08453059371508517,0.11043572452003642
0.07350165102858015,0.08422982741211536,0.0847427760912048,0.11060500437265877
0.07350241975577416,0.08432491386443357,0.08489410539876863,0.11074107501015033
0.07348430152014357,0.08442763349306981,0.08502573510055841,0.11087668928643009
0.07345216957916066,0.0845074490956136,0.08514102139532602,0.11101869872443068
0.07343161998662782,0.08459090004112398,0.08524654898946593,0.11115847853945594
0.07341114412939752,0.08467788716299299,0.08534538560374462,0.11128595596230315
0.0733757089110431,0.08476809526356478,0.08537684114449433,0.11138798604022628
0.07334203372153457,0.0848608934378426,0.0853629896948754,0.11145625344656776
0.07330095463220308,0.08495651782612611,0.0853211701565738,0.11150285458548531
0.07324975504574205,0.08506144375413881,0.08527868750736901,0.11154204049700867
0.07319093866689688,0.0851874411593741,0.08522506455558039,0.11158570895810999
0.07312725845804563,0.08532272968381577,0.08517881728692511,0.11164405985574273
0.07308279486979441,0.08547138620532198,0.0851397580813253,0.11171833439166273
0.07304065490848874,0.0856192427504437,0.08510957415547125,0.1117990852570267
0.07299145381030024,0.08576946017172885,0.08509348853321333,0.11189808281418455
0.07294292905131973,0.0859009551767413,0.08508436402518861,0.11199897784885966
0.07289705100089265,0.08603746837601944,0.08507978171058395,0.1121061825672718
0.07284488865526043,0.08617894675252225,0.0850801016135036,0.11221873361290186
0.07279902152457864,0.08632794004837492,0.08508562459939713,0.11233604291288717
0.07276064054584053,0.08648543624742924,0.0850991464450051,0.1124632002516276
0.07275540587589308,0.08664743510552798,0.08512000247879417,0.11260623755356962
0.07277003432264088,0.08681420816141218,0.0851421035045942,0.11274292041013674
0.07279261680611838,0.08698540319057664,0.0851719898106825,0.11286675747912363
0.07282143348299688,0.0871608869492904,0.08521076658167583,0.11290596221287644
0.07284412077606149,0.08734730663173726,0.08525716082432418,0.11289331088685993
0.07290109589266776,0.08754152314826005,0.08531586415282004,0.11286044223225773
0.07297084494234338,0.0877543774692682,0.08539026180739162,0.11283000623021269
0.07304246166909685,0.08797312061586762,0.085486008570185,0.11276688389056641
0.07315988858797878,0.08819491187351002,0.08560183684944299,0.11270062448791568
0.07328732976565838,0.08842679853504071,0.08572473042414495,0.11264267079521705
0.07341004445547289,0.08866856050068264,0.0858538447931861,0.11258391687014217
0.07351719975595879,0.08891590329149153,0.08599004561392079,0.11252721321670282
0.07360973011579099,0.08916766697844317,0.08612263157931643,0.1125031575431633
0.07368994243618708,0.08942423348924602,0.08625990158463145,0.11247805758027955
0.07374295231994048,0.08968521596024444,0.08640305287220525,0.11244070115987201
0.0737918425430951,0.08995099116412632,0.08654922402210395,0.11240128364428131
0.07383977456005368,0.09021311548978084,0.08669621946143755,0.11238621340682158
0.07388944627320179,0.09047568793974715,0.08684414130787402,0.11236948701565415
0.07396015059235672,0.09065044098210452,0.0869844619383122,0.11235023660148194
0.07407150005318112,0.09079021677920934,0.08710441297857974,0.11232722825514016
0.07421296729201904,0.09093843452113443,0.08720942206439447,0.112306080395286
0.07438760027228276,0.09108788664156708,0.08730087225776664,0.11229230543704917
0.07457976530399803,0.09124336733958492,0.08738966603102434,0.11227750394171812
0.07477688021621802,0.09142911247340951,0.08747783123037822,0.11225868803559996
0.07498390938745034,0.09159267913802704,0.0875676543071554,0.11224000895156556
0.07519404828453978,0.09175072362147814,0.0876549724074555,0.11214744772324103
0.07540673932825633,0.09191660706927585,0.08766708199001332,0.11204948207781192
0.07560324487340385,0.09209985591680776,0.08764952766890935,0.1119459160494035
0.07580748565109081,0.09228949762845494,0.08762922080195251,0.11185589968087624
0.07601859636934352,0.09247034532597581,0.08761770241183311,0.11178234109273366
0.0762278823667863,0.09264191845935255,0.08760400746049483,0.11170386521678774
0.07644146743577802,0.09285389582572999,0.08759034708253799,0.11159681049864725
0.07665562697322605,0.09308499100139686,0.08757921427327842,0.11145812546349305
0.07686937952094161,0.09331792554198583,0.08757195176941941,0.11128211301489488
0.07707803820934325,0.09355148610405105,0.08757536231316707,0.11109182796067406
0.07725428513454971,0.09378159977072116,0.08758483025492676,0.11089887661379567
0.07738585978445826,0.09400913721591952,0.08760003269928957,0.11070849599761066
0.07750090272644103,0.09423560693998366,0.08761941977102311,0.11052451813265393
0.07759911832639498,0.09446031290575051,0.08764053290519982,0.11038450047886686
0.07768806232191887,0.09468058403918943,0.08766368162680942,0.1102787494418913
0.07777391415868048,0.09489849910736016,0.08769738610389725,0.11018019154695993
0.07785901792833491,0.09511332668378883,0.08775758236215797,0.11008900929772114
0.07794512671693302,0.09532453435885072,0.08782737962629653,0.11000526372431098
0.07803342926145014,0.09554681384831636,0.08790642140194246,0.1099067689772633
0.07812398915987005,0.09576835925743783,0.08799155425321656,0.10983346817315116
0.07821684012157841,0.09599172524223877,0.08808629194515134,0.10977580521482017
0.07831189110679605,0.09622523330195375,0.08819090479726525,0.10972624628844509
0.07840813863773145,0.09643422068600734,0.08830530921626867,0.10970667239544585
0.0785042359101641,0.09664648046429206,0.08842953065344229,0.10970504073041852
0.07859803649530624,0.09686977447095727,0.08858669375704493,0.10970673921923269
0.07867670727982429,0.09710363917043441,0.08878348741213496,0.109698744822452
0.07876750279137802,0.09735239051758546,0.0889881106690712,0.10963268560633105
0.0788426875040083,0.09760184861243465,0.0892073398830079,0.10951402620934687
0.07888467123368569,0.09784817032882773,0.08942784084495002,0.10938731330406731
0.0788608169235499,0.09808730056831984,0.0896126999365285,0.10926205026327689
0.07876781778451208,0.09828351287919451,0.08980404849566731,0.10913972354819305
0.07859018386051421,0.0984808826399514,0.09000153306852152,0.10901600357528074
0.07837123785498457,0.09868376850966964,0.09020558999373576,0.10886062384791503
0.07812116129861549,0.09889039295239628,0.09041567103389826,0.10873394260074057
0.0778583840500864,0.09909894877819346,0.0906305373271279,0.10862230657520101
0.07758591334625663,0.09930900576820362,0.09085793960989541,0.10853358993303155
0.07732203336158168,0.09952122140033008,0.0911014012612177,0.10845000483395566
0.07707258001282989,0.09973596169188,0.09134749874632218,0.10832682091855587
0.07682548406753441,0.09995345061746516,0.09158165338129579,0.10821339469159312
0.07664495618433498,0.1001741708994764,0.09181534961703472,0.10808666336690842
0.07649123746635125,0.10041175580079625,0.09206735284867526,0.10796897934093606
0.07634521570815088,0.1006620032687455,0.09232008316287167,0.10784721246032908
0.07619628426743175,0.10092378800278018,0.09257294349929551,0.10773233593512813
0.07605336352074545,0.10119515366666078,0.0928253984163816,0.10761637731342984
0.0759176430905699,0.10147010476120481,0.09307690603570398,0.10748695785048382
0.07579491565439098,0.10174504660637462,0.09332386429726608,0.1073421068396014
0.07568518512471577,0.10202027994827488,0.09356057140869702,0.107173405109396
0.07561346419978453,0.10229534787105153,0.09379331884529146,0.10698817309141008
0.07553934916071788,0.1025710170776969,0.09402551164925389,0.10681341962586552
0.07546463428885927,0.10284725415819694,0.09425647140592054,0.106660442002219
0.07540853054868892,0.1031213970059673,0.09449452420773059,0.10651322591798361
0.07532518090666727,0.10339419606627656,0.0947334722237347,0.10639969938985558
0.07519214094845339,0.10366794373403442,0.09496323485341876,0.10633039849766929
0.07504075040528863,0.10391507164156034,0.09512590152722213,0.10626842513809814
0.07490299713224566,0.10415801402528416,0.09515021894765122,0.10619014272062126
0.07477869606611057,0.10441964152927939,0.09516857645268938,0.10609083563102535
0.07464817291319784,0.1046794235896278,0.09517637534635731,0.10601320560953027
0.07453119562331365,0.10492524329901161,0.09517553261174641,0.10594471875573319
0.07445891709667,0.10510635943409938,0.09513779143997471,0.10588956450174687
0.07438785414648964,0.10528110926827348,0.09508321255173904,0.10583394815966199
0.07431764901868365,0.10544530864492269,0.09497811366136724,0.10578363120564921
0.07426740980451009,0.10559367604520246,0.09485512022893615,0.10576714600900285
0.07421368283866504,0.10573344038291038,0.09471232257838791,0.10578744037058739
0.0741544798303298,0.10586247217587483,0.09456131795580326,0.10581086160546138
0.07409249839242753,0.10597787782220446,0.0943936981299256,0.10583737677891057
0.07402642170142859,0.10607597249417823,0.09421249616428318,0.10586803984910001
0.07395652418503226,0.10613522850639952,0.09402319120473575,0.10591727108671994
0.07388303226415915,0.10614017588847727,0.09382471902555628,0.10598481897278594
0.07380272401239123,0.10612132336201913,0.09361883190547081,0.10605833748278223
0.07371173984750595,0.10608090240704933,0.09339774451888538,0.10613467275224048
0.07361559710861725,0.10602865866048046,0.09316558683823921,0.10621366055846994
0.0735059710711431,0.10594784434324094,0.09293576600863086,0.10628963295554449
0.07338222114078873,0.10585088795006865,0.09270199628391139,0.10640084507167433
0.07326805697262372,0.10574092744412678,0.0924676694166369,0.10652760296634037
0.07316668725856869,0.10561842705434149,0.09223245305016997,0.10664454986488021
0.07306755391748511,0.10548658834088535,0.09199915263028775,0.1067623367309383
0.07297182100731076,0.10535050629778485,0.09176860193060908,0.10687961569564322
0.07288206723985544,0.10520537403114952,0.09154155507087884,0.10699358670712411
0.07279880545992294,0.10505175382347669,0.09131189536170946,0.10710359274695432
0.07270227905100037,0.10489031407598548,0.0910677813252556,0.10721210456122068
0.07260831080740941,0.10471877076220769,0.09082901869994456,0.10731988674348675
0.07252572724823753,0.10452832025853802,0.09059606656373542,0.1074367659519473
0.0724207821766552,0.1042671440590661,0.09037798063490768,0.10755119008434835
0.07228949239055328,0.1039940985117604,0.09017701676518923,0.10767327158651971
0.07211997482625185,0.10373314349616551,0.08998389979013285,0.10779521768342877
0.07191304389371173,0.10347346939058384,0.08979879198225772,0.10790717147418075
0.07168657206045251,0.103212065827283,0.08962189032840216,0.10801425926991459
0.07145066175913278,0.10294978658493888,0.08945287386775926,0.10811633840053748
0.07118885505677054,0.10268738608347543,0.08929236825683888,0.1082235058172844
0.07088994115076099,0.10242098751073331,0.08913595133792517,0.10833772467155992
0.07059546323953461,0.1021509793457161,0.08897383907444316,0.1084474709549587
0.07030717144602094,0.1018857893476866,0.08880468856973668,0.10855146798033224
0.07001932965032394,0.10162153969996537,0.0886278531359461,0.10864977368496632
0.06969829246742831,0.10135882856435006,0.08845007247470164,0.10874348050298195
0.0693841015933814,0.10111598428926169,0.08826874544413822,0.10883374272313262
0.06910394028172209,0.10090316045068676,0.08808936233325779,0.10890479909257716
0.06885557493048575,0.10070887829054084,0.08791785334540703,0.10896500722930921
0.06861286440471653,0.10052017382685297,0.08775365248007978,0.1090250330870119
0.06834533070727829,0.10034248133125341,0.08762504981522612,0.10911653482728449
0.06808429583984366,0.10017554159226853,0.08751042758266066,0.10919542050481065
0.0678299748736171,0.10001987544905729,0.08740432607851147,0.10926019473352738
0.06758265492887315,0.09988019436616413,0.08731303915584786,0.10930781915692613
0.06733990257173739,0.09978625985493962,0.08725220563025285,0.10934094349727931
0.06710280727930247,0.09969872235821013,0.0871976352768621,0.10936006870748409
0.06687292252778408,0.09962241610847616,0.08714208572506205,0.1093671005965097
0.06664323228139812,0.099554132039363,0.08710133621458573,0.10937586869642285
0.06642133190308687,0.09949175962083669,0.08704512370236175,0.10940398703024767
0.06620809754444701,0.09946086945759712,0.08699058716635916,0.1094271714942965
0.0660432093629781,0.09947314077155868,0.0869498473317459,0.10945916109911641
0.06590613226887618,0.09947632631306909,0.08691331140745988,0.10951152686928904
0.06577657627011572,0.0995004994068958,0.08688090849665661,0.10956203417386347
0.0656580645728643,0.09947637343865226,0.0868556822625979,0.10960878903813853
0.06554671234690265,0.09944526433051973,0.08683393814752431,0.10965481186890924
0.06542193134628678,0.09941401101581372,0.08681961195883872,0.10970072635331402
0.06529901636392044,0.09938258549718133,0.08681147411970272,0.10974080371181254
0.0651857224356351,0.09935075183717701,0.08680925401419999,0.10980111143633818
0.06505360496507502,0.09931961590351186,0.08681240656954714,0.10987856166998629
0.06489937595926681,0.09928977297701373,0.08681879450330841,0.10995797895471261
0.06472566376918963,0.09926523672546399,0.08682846883128616,0.1100398693651009
0.06456215570488079,0.09925461875498749,0.0868435977981421,0.1101245070015057
0.06441642235568862,0.0992504309390829,0.0868643768278636,0.11019855803765086
0.06429493578088435,0.09923053081476643,0.08689074440179885,0.11025069592774732
0.06420406993004188,0.09918144830183595,0.08692271801539632,0.11030652113780613
0.06412996842231328,0.09912919117604947,0.08697209913090927,0.11037513492232442
0.06411922856561596,0.09907394232254138,0.08696494875156556,0.11044857378038425
0.06410707703641645,0.09899825916980637,0.08691837379716397,0.11051113726818367
0.06408315121612604,0.09891825738292206,0.08687493904358115,0.11054780227522445
0.06407351877473771,0.0988335379108452,0.08684245227438128,0.11059583791263877
0.06407803628730364,0.09874402286874417,0.08683572652880069,0.11065467492345608
0.06411642158780595,0.09864957796418716,0.08683561727313222,0.1107286398270662
0.06417421222636088,0.09854545688272817,0.08684182947905089,0.11080085492738038
0.06424925732070338,0.09843341388363323,0.08685439201103386,0.11087927627163123
0.06433720987236442,0.09831697547912858,0.08687469890741528,0.11098048881013177
0.06443285591012206,0.0981956966469847,0.08690267410655127,0.11106645639038094
0.06456130541931174,0.09806037561580719,0.08693737428100874,0.11115985737629593
0.06470188414121113,0.09791951423437881,0.08698684570369841,0.11124833034713785
0.06483017902851466,0.09777211272554436,0.08701216625746133,0.11133622509242314
0.06495878078863661,0.09761404847439477,0.0870361362936867,0.11142881867543869
0.06509663718844284,0.09745324445317952,0.0870657550563401,0.11152777936176887
0.06524236449737122,0.09728938942324393,0.08710112876600243,0.11159868356808934
0.06538016172251189,0.09711290435784532,0.08714278433629784,0.11169047282571255
0.0655179337998615,0.096916863345466,0.08719976665301803,0.11179137682963598
0.06566079376188341,0.09671774876595428,0.08727671290199117,0.11190205917639151
0.06580784261836883,0.09651638972437104,0.08734993659294492,0.1120225808121536
0.0659584269408746,0.09630903944410027,0.08737015817991893,0.11215288527798462
0.06611196685618413,0.0960761827894733,0.08739546512566185,0.11230695437067273
0.06628079975332439,0.095843356686053,0.08742581976521777,0.1124738805704529
0.06645653482259002,0.09561259184663828,0.08746270620167888,0.11266332538729594
0.06659838830127886,0.09538771141106629,0.08750657709257355,0.11286161970657428
0.06673197547904805,0.09516465584970553,0.08755650246352553,0.11306890097377084
0.06686812517035297,0.09495305842880529,0.0876123928930293,0.11328884682714402
0.06703336384237864,0.09473824654104361,0.08765595978881721,0.11353578384374903
0.0672171301694567,0.09453017178800344,0.08767596897553823,0.11378204793999809
0.06740497621265763,0.09432913617552302,0.0877066839668478,0.1140362143832475
0.06759696388411582,0.09413511945639577,0.0877437750101464,0.11429825342041261
0.06779897558443577,0.0939453342828214,0.08778863329371364,0.1145678425728125
0.06801006367818002,0.09375115878342931,0.08784729801570347,0.11482206709438507
0.06823642771187827,0.09357187660331664,0.08792239942146432,0.11503213948290163
0.06848586315577304,0.09338873895083355,0.08801805994420052,0.11524605745757434
0.06871544498031537,0.09321134656676267,0.08812105328545704,0.11548407789806195
0.06895243606058603,0.09303992842369724,0.08821471311037857,0.1157736391144858
0.06922877273353677,0.09287446953525125,0.08830985424377387,0.11607321427576692
0.0695048718986067,0.09270698945442579,0.0884123313865725,0.11638205624812015
0.06980056443386211,0.09254701794560681,0.08850440027704903,0.11668918039284164
0.07010502487651554,0.09239215289845834,0.08860390227339296,0.11699380005630988
0.07040618784621815,0.09224404552088582,0.0887107684032968,0.11729510080406996
0.07070464006559592,0.0921027790377462,0.08882344218982284,0.11759217401279949
0.07099847337129822,0.09196852472816704,0.08894231173119056,0.11788413603599843
0.07128677355020956,0.09184450371731478,0.08906801052477367,0.11817409451527403
0.07157609416159229,0.09172504734093959,0.08919990553821676,0.11843604803323377
0.07186711210133248,0.09162897973904678,0.08934075003137158,0.11868682559166938
0.07212840837825163,0.09156906194530237,0.08949048094499058,0.11892651705186898
0.07236265540332278,0.09151720818295062,0.08965218863861667,0.11914554364180148
0.07260222641637085,0.09147457564672672,0.08982488641176697,0.11935154935828068
0.07285221034186587,0.09144561516989423,0.09000631258560665,0.11951904941071573
0.07304882408291367,0.09143095171958122,0.09020009891628161,0.11965984668775982
0.07322072248789227,0.09142531293501377,0.09040771142979334,0.11978645158018242
0.07338335645644627,0.0914325323913528,0.09061760708462356,0.11989687001619607
0.07353768529713356,0.09145795434356963,0.09083453139797319,0.11999185484005558
0.07366607075882045,0.09149187910162966,0.09105819313819652,0.12007009407478558
0.07375778079939894,0.09153386823266287,0.09124037876155588,0.12009432457270466
0.07380921996559685,0.09157121105118388,0.09141501717365061,0.12008163722156784
0.07385966975526631,0.09161541431547193,0.09160141383619867,0.12003901059579135
0.07390634489091222,0.09166698647252053,0.09179895931426689,0.11996310315033201
0.07396720035183753,0.09172560084512671,0.0920012543338846,0.11981304084454591
0.07402010017559182,0.09179678353828359,0.0921962445282381,0.11962525298247391
0.0740560036835171,0.09185425627066321,0.09235074706812607,0.11941121385208517
0.07408587336073731,0.09191652353191955,0.09251487144233002,0.11913681745530956
0.07407381887023173,0.09202227770404156,0.09269318599574466,0.11885102809300697
0.07400011175691186,0.09215383340052118,0.0928749802651547,0.11854619956653986
0.07389463893980737,0.09229550054278743,0.09305350265100454,0.11823994021442348
0.07372136031770221,0.09246160443490328,0.09322724071577386,0.11793029005443145
0.07349112756896466,0.09263465831031965,0.09339522628650793,0.11762548741492346
0.07325625785945405,0.09281008276214911,0.09357384193504678,0.11734047378132198
0.07302319644625765,0.09298765180654989,0.09376295482263276,0.11705627363743128
0.07279251955191716,0.09316935272624105,0.09394823886831612,0.11677349546080454
0.07257992848355789,0.09335213370979559,0.09413391803404092,0.1164924186154693
0.07237333796310845,0.09353480872242098,0.09434144877895885,0.11621373685669494
0.07219869932846253,0.09370490964200774,0.09461369483985674,0.11593806143009242
0.07202304277853831,0.09387346090175096,0.09488570871386448,0.1156657870640746
0.07185210765390201,0.09402254793499018,0.09514973932631456,0.11542187662812677
0.07167778213997508,0.0941767782357967,0.09541396225429831,0.11519446134607716
0.07149780457716631,0.09433353250163806,0.09567812346535404,0.11497388804379843
0.07131611693223269,0.0944927804544684,0.0959433373906833,0.11475782194149435
0.07113876593896308,0.09465438761006785,0.09620863114745416,0.1145528990465878
0.07096317059241054,0.09481785905952195,0.09647757778076503,0.11437966286343151
0.07078974960653997,0.09498111947742344,0.09675528171027338,0.11421235886345489
0.07061811349485601,0.0951456925015026,0.09703314583086121,0.11405196482112197
0.07045744372886871,0.09531733683164974,0.09731366120983645,0.11389873405286353
0.0703329206177916,0.0954930490452004,0.09759136329149667,0.11375063383241607
0.07022208780878339,0.09568120540254102,0.09786787392802153,0.11360879851634414
0.07011099433242035,0.09589694660553023,0.0981360219433747,0.11348151992350328
0.0700021320344323,0.09611681085020005,0.09839424388943363,0.1133840300695448
0.06990442402915484,0.09634040090386706,0.0986506172891056,0.11329739354307507
0.0698020146573778,0.0965450412853538,0.09890529211487725,0.11321648200534348
0.06969854948868702,0.09674570436373114,0.09915785732889505,0.11314238677685316
0.06959330147334161,0.09688558155924817,0.0994080463700152,0.11307200952335776
0.06948356603177365,0.09700620711051364,0.09965619988231618,0.11298001392858163
0.06937040985246604,0.09712535017363165,0.09990261715923435,0.11289031095940366
0.06923235690102954,0.09724764546482095,0.10014759285586874,0.11280438307645489
0.06907781332395686,0.09737124332853532,0.1003767060826593,0.11272747277424193
0.06894303332157692,0.0974952701978785,0.10059420925355221,0.11264510431544505
0.0688200433519228,0.09762005698271116,0.10074596259105457,0.11256612528753514
0.06869371951584048,0.09774491886204874,0.10081104170627232,0.11250680334505707
0.06858179876970688,0.09787723937751747,0.10088357741551744,0.11251006644881234
0.06848414421478502,0.09801006172810911,0.10094477074390079,0.11251841173143257
0.06839712477942803,0.09814165709887238,0.10099888847485167,0.11252735322792065
0.06838138159253415,0.09827116760905473,0.10105704279616673,0.1125367815205205
0.06837723691493972,0.09839526957152923,0.10111954486579852,0.11254273706035714
0.06835276491725772,0.09850284776487028,0.10118668198730335,0.11254356333784041
0.0683441983637266,0.09859796356438849,0.10126179716500384,0.11253811388978802
0.06836725445868076,0.09869731829068565,0.10137915653565525,0.11252478408101899
0.06841199987936251,0.09878716723811966,0.10148580772024875,0.11250295451465216
0.06847116630245455,0.09886352723113634,0.10153092988356684,0.11240434774928583
0.06838133385347818,0.09893296694605001,0.10158345644568798,0.11226657432572691
0.0682680681840708,0.09900526105489657,0.10168361478114317,0.11210520933008984
0.06821109234959725,0.0990765844997227,0.10181573719560329,0.11191493178837023
0.06816754938281537,0.0991431042579895,0.10192958454990748,0.11170873351066167
0.06813526112265247,0.09920090926665728,0.10196754340714698,0.11149232952811673
0.06812705567528224,0.0992583308540752,0.10201306545611359,0.11126157998770426
0.0681468368407721,0.09929124556490754,0.10206544912100259,0.11102968249995344
0.06818552631618835,0.09933631114893632,0.10212396099687457,0.11078292631862455
0.06823763514891715,0.09939275938993596,0.10218740190291067,0.11049860848345634
0.06829725657668968,0.09944587735098602,0.102239845102672,0.110215303707063
0.06834867230729962,0.0994394582708692,0.10228309107569794,0.1099408592802852
0.06837931661772283,0.0994246097879664,0.10228734082498567,0.10966756542629494
0.06841627780597095,0.09940693044509953,0.10229447888857618,0.10940482451663455
0.0684520940327056,0.09937261453017934,0.10230407826323568,0.1091535801629814
0.06856941582597796,0.09933260043246799,0.10231539033507737,0.10888011898516851
0.0686881144421237,0.09928474272178693,0.1023330158724643,0.1085892188854486
0.06880909304190658,0.09926021011839886,0.10237628349229147,0.10830317990286689
0.06893132418499737,0.09926238918461924,0.1024231793367819,0.10802128120797004
0.06905058096634462,0.09929415732711742,0.10246763361635737,0.10774360662764607
0.06915851840087164,0.09935274202427363,0.10250888289934187,0.10746925427535775
0.06925623197617158,0.09943442129120084,0.10254874961644816,0.10719880652073611
0.06933871921255504,0.09953117382831911,0.10258534858584359,0.10693783598700933
0.06940898098736813,0.09962363742455546,0.10261567505129887,0.10666847801835999
0.06946675750275748,0.09964304061260251,0.10263919452684149,0.10638228360088815
0.06953082256897909,0.09967327293258721,0.1026595569423291,0.10607258921132993
0.06959783208164422,0.09972630810598102,0.10267363869206604,0.10574760783199054
0.06967522025184752,0.09979722193126646,0.10268146387666298,0.10542632378941874
0.06978387338125608,0.09991681706635372,0.10269194198317487,0.10510522022850328
0.06993188877790898,0.10005226566853745,0.10269317937369521,0.10475860049992018
0.07013175668468874,0.10019104000883852,0.10268550491905903,0.10441386204276691
0.07029987439134275,0.10033466096076644,0.10269175694695928,0.10407320825678382
0.07043037533663946,0.10047957767167291,0.1026952036248431,0.10374203907720668
0.0705370231080459,0.10062935955008102,0.10270118848009786,0.10341516338575658
0.07063002149091549,0.10078334360733267,0.10270403949773758,0.10308951573873024
0.07074678041983157,0.10093981881730764,0.10270558655415829,0.10277161529192799
0.07094194453261893,0.10109975352145821,0.10270436094297834,0.10246016903868295
0.0711440915495022,0.10126146509033114,0.1026607831696802,0.1021475305846004
0.07135963186139373,0.10142134056714883,0.10261266098264193,0.10184249074326328
0.07158519486743593,0.10159943328377312,0.10256050921376578,0.10154539494376419
0.07179545199222218,0.10179688961511572,0.10250819414085667,0.10125597943493815
0.07198773741990441,0.10199544970356424,0.10245698810257686,0.10097841821958803
0.0721812290391866,0.10219135991792296,0.10240846628352678,0.10069327745468311
0.0723482606145897,0.10237336018047612,0.10237180670368604,0.10041423288927487
0.07248522719251506,0.10247568966599428,0.10233944839493099,0.100141403465472
0.0726134849928005,0.10257462479541722,0.10230959462635467,0.09987774741226432
0.07274525305112012,0.10266959729362188,0.10228383186032443,0.09962357591017745
0.0728703125453314,0.10276292950878803,0.10226464977454995,0.09937895172259135
0.07301652265722793,0.1028621526264807,0.10224787401556092,0.0991438906575656
0.07316447561056438,0.1029564551511383,0.10225551983656303,0.09891847154510068
0.07328518832681034,0.10306341631808232,0.10227293539655263,0.09870290112358289
0.07338189386605234,0.10317560940710968,0.10225350296673436,0.09849579950744432
0.07346996834804627,0.10329208630769814,0.102238967278719,0.09829824244358108
0.07355490905422991,0.10338976368763944,0.10223504876666423,0.09812576733038564
0.07363849108467779,0.10346881737138437,0.10223175962523108,0.09796471056128694
0.07372250912362953,0.10352897345986166,0.10222859624862694,0.09780479747225954
0.07380856862725324,0.10358476526844351,0.1022255119846074,0.09767664897912236
0.07389007601938631,0.1036561387028277,0.10222260233791024,0.09752160153713382
0.07395399374525079,0.10371209471486977,0.10222880925438578,0.09734319979368605
0.0740626590976891,0.10377644996037054,0.10224675782824397,0.09719523648271701
0.07423821568825581,0.1038426337602466,0.10227831687640032,0.09705742951686167
0.07445865511676597,0.10391572597280024,0.10229583540983787,0.09693214694709137
0.07467383594822223,0.10399596090361506,0.10226219373419877,0.09681737741906471
0.07489807914103332,0.1040766766664,0.10221293621180771,0.09671254158409565
0.07514681646556176,0.10415254509373557,0.10214821992197412,0.09662431599707463
0.07542869941497474,0.10422273130898063,0.10208254719120155,0.09657578515994841
0.0757188849349853,0.10429688616136105,0.10201467966320941,0.09658970528212128
0.07601623149995539,0.10436731762559735,0.10194505703750949,0.09661751240687905
0.07634483298004352,0.10442983007624913,0.10183902812014702,0.09664289311289977
0.07668458522392052,0.10445340142224609,0.10172298960496325,0.09667224006766655
0.07702534943768578,0.10446886878741901,0.10160690548060848,0.09670670625941197
0.07736475906302948,0.10447883128863902,0.10148168586993957,0.09674051393082679
0.07770068251032038,0.10448432387376158,0.10134076154796248,0.09676689680922423
0.07803334012296732,0.10448403304488074,0.10120011229204434,0.09679792172794031
0.07827945046213367,0.10446392621539209,0.10105995383981149,0.09683290679900196
0.07850403877553579,0.10442988142610901,0.1009393703540007,0.09687266997532372
0.07872725993538636,0.10438962635376726,0.10082438617243114,0.09691584915421525
0.07886479059347272,0.10434473884464569,0.1007110527655799,0.09696198517826012
0.07899857534558376,0.10429209387926455,0.10059949006860978,0.09701337923747834
0.0791440668906755,0.10423657283009836,0.1004996997456805,0.09706839458534765
0.07929924811183979,0.10417909713952657,0.10040514811909171,0.09712521603853717
0.07947055922276688,0.10409753929702008,0.10034294474711009,0.09718980888198635
0.0796758241376572,0.10397245781039689,0.10028434224415222,0.0972575482982324
0.07989549878130958,0.10384705408177801,0.10022943340357643,0.09732758762962498
0.0801592863982077,0.10368287729814273,0.10017797734333461,0.09740405914478664
0.08046749143589124,0.10348180512819202,0.1001129457941895,0.09748073681407157
0.08078479609213478,0.10326767768164002,0.10001797351115695,0.09755777233940346
0.08111111010649318,0.10307824084187042,0.0999229817306278,0.09763872683642048
0.08141292611084196,0.10289087271163054,0.09985022681932665,0.09772129081353442
0.08170812931893792,0.1027052008309657,0.09978518947414311,0.09777098030989553
0.08200948810893338,0.10251743082273881,0.09973508697975395,0.09782094408302407
0.08231508111725236,0.10235864507194116,0.09966380483731933,0.09787882674857125
0.08262377603015736,0.10220093435954467,0.09958155736012436,0.09794619791833842
0.08293428359848479,0.10204751173761016,0.0995151504463881,0.0980143851953064
0.08325087286937555,0.10191374258504415,0.09945638130965587,0.0980730483704496
0.08356781448664798,0.10181670056688091,0.0994022549201154,0.09812199324532829
0.08384251743758783,0.1017231062684579,0.0993549851421082,0.09816608241644055
0.08406851934136579,0.10163985601895326,0.09929153583687327,0.09820420695947452
0.08425789312955898,0.10156764358845416,0.09922422690074886,0.09823566317149361
0.08445311834139016,0.10150701678943044,0.09916314256578104,0.09825988187370463
0.08465115540810904,0.10147657518993991,0.09910809268605374,0.09827639464397346
0.08480550981595723,0.10149058894753443,0.09905895065314511,0.0982850859685016
0.08495023843036455,0.10151564031476598,0.09901576410457726,0.09828834187174057
0.08511461488270548,0.1015501494939523,0.09897873264079857,0.09828471504046553
0.08528496612082632,0.10159556616202618,0.09892957676252288,0.09826843714407667
0.08544734965621573,0.10166518876724903,0.09886896180110918,0.0982417556142629
0.08561034056700172,0.10174537841825301,0.0988068788512333,0.09820823486081429
0.08577803075141892,0.10183603406035643,0.0987548129525033,0.09817071782872887
0.08599887308053031,0.10193526189629248,0.09870564022967172,0.0981302405038497
0.08616865729639553,0.10204313885846358,0.09866210038540633,0.09808811832219173
0.08631616983423936,0.10217491510189475,0.09862593503544774,0.09804540564863111
0.08645282820138583,0.1023342642585328,0.09859425232246039,0.09802151743067358
0.08660373122453872,0.10250873966920081,0.09856812357531955,0.09801486938553283
0.08676371609755637,0.10269216213450465,0.09854709107993953,0.09799157684811412
0.08692530862441611,0.10287496431239801,0.09853149013692503,0.09799262064649628
0.08706251316979997,0.10305536703530256,0.09852155043440705,0.09800426631014465
0.08715902052164262,0.10323412087854927,0.09849794205542677,0.09802452204514986
0.08721825628816793,0.10340521416610646,0.09848576932819271,0.09806633264968699
0.08726845898141783,0.10356845103592943,0.09847702221911211,0.09811307740271165
0.08731821970422916,0.10372461585288192,0.09847130493334401,0.09815655883993314
0.08735754439634327,0.10387765067776063,0.09847866106128805,0.09820315030580554
0.08736524733664128,0.1040120557567311,0.09843622174948419,0.09825247542430181
0.08734184875129762,0.10413977380181474,0.09837833094591297,0.0983038600513217
0.08728104474972345,0.10426765619354378,0.09833447862446122,0.09835676634831471
0.08721127076688212,0.10438496168065377,0.09829635596286658,0.09841059248839339
0.08713320342038046,0.10450690963447855,0.09826334914694751,0.09846442325482162
0.08704447096292676,0.10462541903224305,0.09823552658889109,0.0985142913091488
0.08692214341923668,0.10474796783562187,0.09820661391399634,0.09854958144162011
0.08679816985927448,0.10485431048613815,0.09817993334778369,0.09858194709655646
0.08666042779017863,0.10494489953045538,0.09815874737187585,0.09861283617796975
0.08651975341513851,0.10503434604328027,0.0981425706422206,0.09863232352798544
0.08637997709464844,0.10512794077081758,0.09813519176973252,0.09864824517497146
0.08624519104003628,0.10520719370877006,0.09813604303464389,0.09866402862840215
0.086122066511536,0.10528403613907064,0.09814187069486233,0.09867677833959818
0.08600706771819257,0.10536265447956675,0.0981523021669695,0.09870923025446861
0.0859003128909226,0.10543797333104366,0.09816713469526624,0.09872798898546285
0.08580668310219984,0.10550579614248728,0.09818642437893581,0.09873240226412931
0.0857248302289452,0.1055498574249925,0.09820979466994911,0.09873459072846083
0.08566572114499427,0.10555823340498267,0.0982405005204825,0.09871854901838398
0.08564383702845783,0.10555638722295421,0.0982760042191575,0.09868674150852712
0.08562946088858639,0.10554318212957534,0.09831540313853303,0.09865242354830253
0.08562678974366852,0.10551373369034645,0.09835841853096522,0.09861624646638686
0.08564037471404037,0.10546581332030447,0.09839339364245131,0.09857916339248288
0.08564753689241449,0.10539867239751198,0.09841814800756139,0.09854165519845369
0.08565620655096218,0.1053261417320809,0.09837065432755396,0.09850377945044894
0.08561768706139251,0.10524806363384848,0.09831486780530015,0.0984734529419759
0.08557059022036427,0.10515951926267506,0.09825895040964193,0.09844964588624089
0.08552901700611723,0.10505354498089486,0.09820295556605906,0.09842606557489204
0.08549229119709358,0.1049123882883348,0.0981408889154267,0.09840278945541978
0.08545414041550378,0.10476037529010383,0.09806764084752129,0.09837989788349491
0.08541355448461574,0.10460511081773886,0.09799477092867874,0.09835748098566682
0.0853862965092386,0.10445219787014355,0.09793118042446133,0.098308774633506
0.08538268330670257,0.10430837602253633,0.09786771204902801,0.09824769246105929
0.08539419679159593,0.10417570960892955,0.0978025960756426,0.09818673880627174
0.0854189487678091,0.1040518008184603,0.09773460818092145,0.09812606828643723
0.08545439054995933,0.1039545127389577,0.09766694760898427,0.09806422409099856
0.08549250955631253,0.10386967862113622,0.09759981905561314,0.09799604630944173
0.08554220304488266,0.10377596678518623,0.09753345562006677,0.09792713012854816
0.08558700724150868,0.1036884136270079,0.09745386853897015,0.09785781827532133
0.08562000180953401,0.10360467908740198,0.09736588266911181,0.09778868575839066
0.08566078114961262,0.10353714099775188,0.09727931251597673,0.09772129906382869
0.08570886264482372,0.10347236289304282,0.09719439801511359,0.09766429844555895
0.08576833589776735,0.10340086257624312,0.09711240375929506,0.09761075465392048
0.08586791192965229,0.10335724319199745,0.0970348062104519,0.09755846255398726
0.08598564853260686,0.10335998578051785,0.0969592912907699,0.09750776321690938
0.08606730573105917,0.10336376029337148,0.09688894653531151,0.09745776191581941
0.08613043111458024,0.10337265425659645,0.09682738724041279,0.09740463343244116
0.0861854776933962,0.10336420775806905,0.09676783192412965,0.09735437386969324
0.08624906827479069,0.10335198392829993,0.0967101162808356,0.09730719224962188
0.08633199249361823,0.10333909961131295,0.09665493952533581,0.09726969893548378
0.08642816634430664,0.10331351991655822,0.09660269643972169,0.09724574859742934
0.08651922875026578,0.10328536876572239,0.09655099712566348,0.09722131303950458
0.08659471141192358,0.10325212791704608,0.09648096025038971,0.09720960616301774
0.08666553223268965,0.10321319838355292,0.09641435901082863,0.0972310279909973
0.0867383667899112,0.10315942353868604,0.09635062863867078,0.09726040581428018
0.0866925989597108,0.10307700605141903,0.0962779278051283,0.09730607566643956
0.0866412484588249,0.10299398504828997,0.09620085345819251,0.09738749658072883
0.08658938035090813,0.10291012740865094,0.0961256397194287,0.09746771608337411
0.08653631280859114,0.10282800441951015,0.09605148807537998,0.09754677526820066
0.08648315402864214,0.10274840951191067,0.09598199761789583,0.097622670178202
0.08643010864654695,0.10267572121749635,0.09592354684636144,0.09770059808559418
0.0863769459781529,0.1026176373207257,0.09587131719646223,0.09778270603871464
0.08632644111501256,0.102561429532012,0.09577938868514453,0.09785576618953841
0.08628392033015476,0.1025081088760029,0.09567823986212351,0.09792095711107546
0.0862796639176667,0.10245044788653186,0.09557811930320277,0.09798574427582539
0.08628383158223872,0.10239315891343181,0.09547774620354042,0.09804427786656947
0.08628566763910944,0.10232059686585024,0.09537987889257632,0.0981040987922975
0.0862960181758773,0.10223020576499149,0.0952824455460059,0.09816905584822248
0.08635752067100322,0.10213310348066292,0.09518234883560499,0.09822843140267648
0.08642691862494878,0.10202608361298923,0.09507915571468252,0.09829360564713197
0.08649199298026214,0.10191399440547906,0.09497279698487913,0.09835988260153895
0.08655277962969206,0.10180100471216658,0.0948635489341322,0.0984276192877333
0.08660915896125,0.10168710604132628,0.09475169709544215,0.09849846800837518
0.08666083449969628,0.10157269241054699,0.09463465363624964,0.09857169950962368
0.08669359887978213,0.10145823538261782,0.0945117783910167,0.09866577340981209
0.0867039515202802,0.10134453942216406,0.09439222893494746,0.098765629323159
0.08670558195435119,0.10123172668847896,0.09427367973177703,0.09886513268536005
0.08669464090910096,0.10108885542032145,0.09411072498516997,0.09896468797042134
0.08666683699643621,0.10093612729308729,0.09394522946336661,0.09906434098266
0.0865835869095637,0.10079055846443802,0.09378257999212715,0.09916365191998064
0.0864627237730928,0.10066658613937346,0.09362471478208609,0.09926328672236294
0.08630201959274886,0.1005583673954559,0.0934723464062779,0.09936736288514175
0.08614160061244139,0.10045709494813158,0.09332324060418928,0.09947112908290612
0.08597156139212465,0.10036270903093869,0.0931785715058956,0.0995745907614839
0.08573910657338621,0.10027556177297896,0.09303896732761684,0.09967788280524209
0.08542913036838028,0.1001951589198632,0.09290425763019369,0.09980114541576784
0.08508116304231862,0.10012108046002892,0.09277439760766117,0.09992797261871364
0.08474772244715743,0.10005047040173816,0.09264959026764097,0.10006837599899185
0.08440986197324789,0.09998087069340138,0.09252317828829744,0.10022654535120905
0.0840815243167025,0.09987673178350262,0.09235075980166259,0.10038700703775126
0.08376378244013284,0.09973055828660093,0.09218302447405051,0.10054774340428692
0.08345708278609508,0.09958948960239675,0.0920204094335921,0.10070733846624824
0.08320064160464155,0.09943724428899252,0.09186426808696689,0.1008652254647736
0.08303771892078572,0.09927822854744367,0.09171334050960453,0.10102077774058679
0.08290223582749273,0.09910696513624383,0.09156731636285033,0.10117347266281525
0.082782329619178,0.09892851553180611,0.09142634009514165,0.10132269090709423
0.08267707957369697,0.09874541605973845,0.09128701173377994,0.1014677902246955
0.0825922482833334,0.09853118418748501,0.09111971645172348,0.10154732028691241
0.08254746474283485,0.0983189926134482,0.0909576011257185,0.10164203389207296
0.08252820343371192,0.09812264698510577,0.09080532162734534,0.10173242122322375
0.08252850053489742,0.09793404526249427,0.09066179794166156,0.10181572119331565
0.08255955715684309,0.0977487061056602,0.09052401632147293,0.10189349112171163
0.08263038797724791,0.09756639387219106,0.09039366700411285,0.10196645828876323
0.08271861344424887,0.09738729639719979,0.09026862791275939,0.10203419146519972
0.08284091836550289,0.09721165083494558,0.09014935781521362,0.10209662892685444
0.082966985962943,0.09703353253125299,0.09003612072443977,0.10215185800709996
0.08307684695542124,0.09684116110584148,0.0899294469447467,0.10220208686249661
0.08320481108636503,0.09663900495840204,0.0898231843903703,0.10224757376704548
0.08332732581008379,0.09644255775204681,0.08972384978964663,0.10228874016517112
0.08345875822137093,0.09626873707386362,0.08963955562171766,0.10233088874663339
0.08359739084069442,0.09610742331601778,0.08956086486959271,0.10235191292733187
0.08374108111537248,0.0959599611971291,0.08948739042175258,0.10234135112067988
0.08387974001978152,0.09583248972549802,0.0893772434311382,0.1023061421633109
0.08396953036860483,0.09568824340866837,0.08921476610013779,0.10224738691100461
0.08398399025597121,0.09543484612177001,0.08905194930176358,0.10217705189365925
0.08398889503160703,0.09518990621970298,0.08889549919081034,0.10211189394027193
0.0839285988183572,0.09491764771909826,0.0887444015942463,0.10204773968920049
0.083828477470202,0.09463106429304204,0.08860514936142129,0.10188570386591082
0.08369056055097268,0.09434059526302385,0.08847247898807956,0.10164124451292421
0.08356039237586282,0.09407337522116802,0.0883337554422836,0.10139437137232842
0.08344480604854869,0.09381750338585129,0.08817022537622696,0.10114516180319065
0.08332234394281464,0.09357230226357668,0.08801693845644089,0.10089387187343427
0.08322736188087652,0.09336305792085747,0.08786923328213311,0.10063636320993116
0.08313867933777057,0.09316750648343965,0.08773591341712884,0.10038293610281694
0.0830484935057605,0.09298227183937564,0.08760188408948212,0.10012089419557045
0.08297071587755915,0.09280690420480342,0.08747740545621564,0.09985890204385181
0.08287173340858675,0.09264195670250602,0.08736129300003047,0.09959173588789026
0.08274140404721887,0.0924889037929698,0.08725614376350704,0.09932563567181268
0.08256727943177808,0.09234923748088664,0.0871632832277604,0.09906083815941856
0.08236159997197448,0.09222035053036794,0.08707932219646698,0.09879355699744938
0.0821354815282946,0.09210286055154542,0.0870053176338706,0.09852857395046098
0.08195290011071245,0.09201365850807333,0.08694250708443686,0.0982655832942175
0.0817569026554124,0.09194739998820849,0.08690332938644463,0.09800478748821564
0.08160052574615902,0.09189276738995557,0.08688857607582852,0.09774355587720142
0.08149559459183207,0.09185000075602899,0.0869022756706379,0.09745247312149283
0.08139226712680668,0.09181969863148086,0.0869275955780232,0.09716443771074779
0.08127461850479016,0.09179502666069465,0.0869633763320188,0.0968796351819542
0.08113993740827875,0.09176544705799485,0.08700811273276535,0.0965981582740636
0.08101202621855322,0.09174903074209041,0.08706307518273247,0.0963202136273955
0.08092803836638904,0.09174566747685114,0.08712881778646361,0.09604654873997152
0.08085310347827711,0.0917578691250602,0.08720524154506804,0.09577690470845486
0.08077540923149956,0.09178601173269767,0.08729247482446784,0.09550890302621616
0.08067309524558305,0.09182938167973206,0.08737559569709924,0.09524571437748096
0.08052721359232122,0.09189209128747604,0.08741648560350904,0.09498834447318283
0.08037504836269231,0.0919706036474365,0.08746673326138779,0.09473548420765703
0.08022088839007085,0.09199353510353407,0.08751726592272076,0.0944762303710879
0.08010610330662606,0.09202154429380188,0.08756574398035441,0.09422009941134554
0.08000649053552913,0.09207879105349269,0.08762350895279705,0.09396740538430906
0.07990625881893602,0.09214454201077539,0.08768982696355117,0.09372321527521858
0.07977366593454648,0.09223220187718363,0.08776449359313974,0.09348473455662588
0.07962281248287419,0.09236001424140497,0.08784749609261079,0.09324926652497335
0.07945878432844296,0.09250392173617894,0.08793849594282169,0.09301822673036039
0.07927295567553028,0.09266237493086517,0.08804730366193131,0.09277565909456821
0.07907575429973994,0.09283219940940261,0.0881637289316441,0.09250488739619
0.07888178767204718,0.09300545012056824,0.08829617107465784,0.09225519707172074
0.07868445795684693,0.09318053810817557,0.08844049290313989,0.09202042269754242
0.07848450683178293,0.09334685987033815,0.08856316835468214,0.09179040114971988
0.07828229726713397,0.09346090489520857,0.08868443349898489,0.09156701877314924
0.07807805686667528,0.09352650817148651,0.08881366771175508,0.0913482327451717
0.07790069218973364,0.09359188161567315,0.08895091854696834,0.09113702955500827
0.07773519938055024,0.09367217397307748,0.08909628316235634,0.09092565041995292
0.07759873055522287,0.09376084606288784,0.0892536900093224,0.09071801730671049
0.07751317364769279,0.09387288212589846,0.08941866538908363,0.09052070733931954
0.07746067777622347,0.09401183768654243,0.08959083231006947,0.09033932776861686
0.077358076824471,0.09415932079003816,0.08976975266894077,0.09016733227874334
0.07725865606535018,0.09431768437030291,0.08996228522940294,0.09001915173605932
0.07716105340197424,0.09448040001009785,0.09016428218425174,0.08987688135419339
0.07706391629023099,0.0945138194133429,0.09037155150707069,0.08974765755319487
0.07695865410207774,0.09453278365465881,0.09058498883605103,0.08963786113438407
0.07681095847649368,0.09460681752908286,0.09076929452341184,0.08953672275957694
0.07665969611908538,0.0947042446843857,0.09093558571835011,0.0894736986565113
0.07651262293602253,0.09482403984582129,0.09110569930154391,0.08936139277095968
0.0763758926414128,0.0949446902960429,0.0912770162675891,0.08924839860251844
0.07624646416444872,0.09506756017005802,0.09145821767629639,0.08915814188564124
0.07610088648518423,0.09520626441297107,0.09164452242657492,0.08905022725087618
0.07597683239578226,0.09535471486579421,0.09181004582810802,0.08893352282161476
0.07585688317060185,0.09551730647857647,0.09193077757265862,0.0888256575737686
0.07565463488445284,0.09568251485077639,0.09198902441891078,0.08871959026794472
0.07543688468009022,0.09584925566740621,0.0920416117866701,0.08861477043167525
0.07524221316117058,0.09601646444819878,0.09208740201830756,0.08850484183324017
0.07505557062073843,0.09619847716956266,0.09212584815279193,0.08839490663408915
0.07488224921929615,0.09639533023971775,0.09215672626955389,0.08828538252296891
0.07472138523290907,0.09660105328824362,0.09217877345615251,0.0881791527665644
0.074577140360261,0.09681147014224799,0.09218352068663381,0.08806705045781406
0.0744597747236794,0.0970823852529508,0.09218232012254737,0.08796262388085672
0.07436527045427582,0.09735635535926686,0.092175753189598,0.08786581812773805
0.07427611451691112,0.09763435947980986,0.0921447662157479,0.08778099978011694
0.07419612787730656,0.09791644098059502,0.09211069043887805,0.08770040669960388
0.07413135469331802,0.09820304088428669,0.09207467529260532,0.08761560135678645
0.07409008655050979,0.09846737237061824,0.09203794148574647,0.08755924226095237
0.07401032885529674,0.09872122645691855,0.09200207967083003,0.08751703163922235
0.07390767503285862,0.09896565529168075,0.09197115592238556,0.08748175343645191
0.0737940989307262,0.09921614115410973,0.0919423781841779,0.08745240604204806
0.07368160662554968,0.09946192451071285,0.09191629072110662,0.08742121989617399
0.0735735157429834,0.0997098780816835,0.09189337038437422,0.0873816183512695
0.07345761137366177,0.09997633385563624,0.09187410739256564,0.0873309953307088
0.07333370820661902,0.10024990057718705,0.09185241939063624,0.08727667646179646
0.07320253663587264,0.10040188954101559,0.09186148119972026,0.08720545873850784
0.0730732139064254,0.10051996162083672,0.09188827804445372,0.08710435936231106
0.07296694359956306,0.1006062356224949,0.09191995506175703,0.0870059234218109
0.0728736766513295,0.10068612200146358,0.0919559775029021,0.0869083612042884
0.07277845973865454,0.10075468382994628,0.0919917075147358,0.08681485957190292
0.07268111724529984,0.10080627178111883,0.09201910047609864,0.08672719317036866
0.07258090798226952,0.10084227564923903,0.09204941604037221,0.0866471900713347
0.07249107680861729,0.10087218617446375,0.09208168208149281,0.0865779072428388
0.07241490070736288,0.10089929436478591,0.09211242757907641,0.08651891036569748
0.07234048838245997,0.10092721298111271,0.09214359109444485,0.0864662589122639
0.07226450168384878,0.1009635424323163,0.09216704255764899,0.08642661409417726
0.07217433180868106,0.1010105181244338,0.09218605962297993,0.08638082600226225
0.07207886859854444,0.10106491067692017,0.09220251896293671,0.08639163353004717
0.0719789073267924,0.10112906048012194,0.09221123309212598,0.08638611903209585
0.07186484996238969,0.10120667376232334,0.09216566222590908,0.08636214462834096
0.0717310216726999,0.1013112484120049,0.09211633585234326,0.08632507210392303
0.07158808101741816,0.10143473482786997,0.09206203887223756,0.08627523966137032
0.07139683623758933,0.1015784770955436,0.09199330120329298,0.08620843203285006
0.07118203823381236,0.10171002085902042,0.09191412438116972,0.08614873833103459
0.07096762410947183,0.10183994060707204,0.0918298963700168,0.08614256547171364
0.07074672461357798,0.10198366098480068,0.091741426740856,0.08613779472428039
0.07051006531691878,0.10214088419211699,0.09164024993399388,0.08612555545168175
0.07027842563254695,0.10231100749516849,0.09140854470308415,0.08610266188170372
0.07005442313243432,0.10247971656399646,0.09108479539389955,0.08606993348851935
0.06983899636355409,0.10264787161373973,0.09076566129270855,0.08602411809269013
0.06963287595216637,0.10282942443845983,0.09044987111127012,0.08596961420477016
0.06944063878562727,0.10302113037256778,0.0901431671545936,0.08591008946331904
0.06926859519694756,0.10322161173114247,0.08984004307634404,0.08583978409605339
0.06910380355757936,0.10343057259036527,0.08954141588678038,0.08575773085636551
0.06891576477014531,0.1036514117467859,0.08924645102150168,0.08567864850094821
0.06875893669605737,0.10387851398015069,0.08894644112078089,0.08560502205565552
0.06862463296829853,0.1040886042888737,0.0886529115135822,0.0855249889547077
0.06854721627663214,0.10427120948671821,0.08838251482988868,0.08544408398859211
0.06849990660872893,0.104476771629157,0.08812189375723549,0.08537268009903462
0.06849382451862589,0.10469507568160541,0.08787036735793637,0.0853641741959265
0.06850533218340789,0.10492554926604167,0.0876149524551116,0.08535929557360626
0.06851854975319681,0.10517235227179536,0.08736277106948093,0.08535021362884186
0.06854208353704977,0.1054198829422157,0.08708663858044861,0.0853366459348159
0.06857764935811979,0.10566832317301247,0.08679242546428259,0.08532160759733468
0.06862789223321256,0.10594792639920793,0.08650800242673257,0.0853049443168653
0.06869755219145747,0.1062189963892695,0.08624741536309408,0.08528459947053527
0.06878496364370809,0.10643373243299727,0.08600379714168324,0.0852583235755265
0.06887264711194586,0.10663237404013931,0.08577078480386706,0.08527215228451078
0.06892505051862724,0.10681985174597261,0.08554866256790955,0.08529205482936542
0.0690107302942378,0.10700929346720152,0.08536717709057491,0.08534331036673659
0.0691187522032529,0.10719063666764828,0.08520054159534875,0.08544553989245957
0.06923060892893775,0.10736116042800747,0.08505401363504136,0.08554848167973882
0.06934568934577434,0.10754121512874168,0.0849493600894994,0.08564638055822564
0.06946416275490801,0.10768573839478113,0.08486028137916612,0.08575934081037662
0.06958689009714043,0.10782033474266957,0.08479557536797165,0.08593242064100229
0.06971574869593423,0.107943025842145,0.08474273869464768,0.08610654321047777
0.06984963208525906,0.10804903326096316,0.08470427663299616,0.08628149219101586
0.06997958522910175,0.10814722860018332,0.0846763374790136,0.08644392544970403
0.07008374536915563,0.1082378029311979,0.08465884989708598,0.0865817779495924
0.07019057165826531,0.10830385117762067,0.08465129022706634,0.08669134468010373
0.070299998660359,0.10833892462229437,0.08465529917553667,0.08677725487970821
0.07039887358047776,0.10836603071676895,0.08464263077492304,0.08684739745123463
0.0704725051875881,0.10837894251474775,0.08463071180243344,0.08690527009345675
0.07054703787405281,0.1083785481164621,0.08462785072482559,0.08695653261153617
0.07062203260264523,0.10837049084456984,0.08463783595503407,0.08701472764182114
0.07069925594690774,0.10835442225468526,0.08465715256679789,0.08706359371758485
0.07077674779707428,0.10833849187578852,0.08467788460881838,0.08711690354213524
0.0708384513776765,0.10828534337275966,0.0847137180295743,0.0871646616237069
0.07090562703323856,0.10822379827266462,0.08476088079324418,0.0872086073624074
0.0709788910763457,0.10815831579475475,0.08482050501192549,0.08722572370386913
0.0710583121364003,0.10810031110136756,0.08489433945319268,0.08721450501057801
0.07114517904217921,0.10804189752926513,0.08497461613398227,0.08719382524481901
0.07124074492726568,0.1079831117945638,0.08506101930194393,0.08716943457780553
0.07134110988370103,0.1079020354516803,0.08515147523153885,0.08714680180983475
0.07143507604189703,0.10780834597959178,0.08524584385064088,0.08712851490151007
0.07154924521846891,0.10771090918644384,0.08534398328332421,0.0871175880301705
0.07169998935985708,0.10762590880865967,0.0854485243801964,0.087114338812918
0.07186390318447074,0.10755426523791449,0.08555871917726465,0.08710721455249622
0.07203994629655414,0.10749631041374672,0.08567103938450556,0.08710489033715518
0.07222492204680059,0.10744994859604858,0.0857850143608424,0.08710670396488761
0.07241975388630444,0.10741140611502831,0.08590051513671253,0.08711424912620244
0.07261618682202758,0.10738588608907841,0.08601726011958255,0.08712670115514948
0.07283417879682022,0.10735786564504282,0.08613792461483838,0.08713486662867342
0.07305629708919371,0.10731528133092073,0.0862499640330603,0.08713271133120624
0.07321263202567817,0.10729353537944865,0.08636109152250677,0.08713160038715219
0.07333295935418006,0.10728131156071809,0.08647310384481523,0.08711836348476568
0.07345878027654072,0.1072576362138911,0.08658729623653783,0.0871043969595112
0.07357423344608335,0.1072404622329266,0.08671919580824623,0.08709438471812479
0.07365569084101081,0.10722862745605449,0.08685046406698031,0.08708540004785231
0.07370117676841269,0.10723680522928816,0.08697850248349992,0.08707792616319288
0.07372083124763325,0.10724907296273004,0.08710614347564291,0.08707241536252115
0.0737386846486877,0.1072623303412509,0.08723308154565255,0.08706950344363042
0.07375727165854574,0.10727828676113996,0.08735938176788853,0.08707511604919198
0.07376941534768565,0.10729404635653655,0.08748511333227696,0.08709776382195264
0.07377478685475464,0.10730638519130552,0.08761060813374921,0.08715268354625824
0.07379198402640628,0.10734403547545522,0.08773628564189753,0.08721553667299703
0.07382006366309248,0.10735914251786349,0.08786276493940039,0.0872829456368049
0.07386323492066761,0.10735348983112478,0.08798333237524542,0.08737387132257438
0.07390868248344357,0.10729481976326598,0.08809103794953634,0.08748440677264972
0.07395429962604314,0.1072346588569159,0.08820583835141328,0.08759955119701046
0.07399446108948463,0.10717160952556554,0.08832056227977018,0.08772194078791433
0.07401904475126984,0.10709657984964435,0.08843525179215811,0.08785047547971145
0.07402290770503175,0.10701683079000918,0.08854998183810096,0.08798208910641461
0.07399620042705851,0.10693317968370418,0.08866330307785295,0.08811334469583448
0.07396302761128351,0.1068456615837975,0.08874188780148692,0.0882445799936349
0.07391621427296387,0.10675367408028232,0.08881460648436994,0.08836352015331081
0.07388108994524846,0.1066551348531972,0.08886769776473798,0.0884657587240503
0.07385675986074261,0.10654560256105651,0.08891589192638522,0.08856144452780876
0.07383789991990374,0.10642060027942525,0.08895322097914256,0.08862394082560744
0.073821119717798,0.10626703197693513,0.08897952668807077,0.08866220056548559
0.07379588545552382,0.10609090123761074,0.08900827120462174,0.08864606827077064
0.07376521255646758,0.10590541880987439,0.08903879073463856,0.0885601710269784
0.07373954099074598,0.10572018126065524,0.08906307181845696,0.08844903864890602
0.07372657488581826,0.10555534440903434,0.0890766071069108,0.08832217808233522
0.0737220706228608,0.105355544020858,0.08907960743901554,0.08818886626356705
0.07372328760789403,0.10511998256698707,0.08908353987738266,0.08808274160520528
0.07372917050786647,0.10489082126526936,0.08908236804451021,0.08799988727702289
0.07373966175821933,0.10465016924454211,0.08908384830712487,0.08790994164830396
0.07375519185090267,0.10442035786517688,0.08907418788944578,0.08780398591105859
0.07377561031621231,0.10420622285351394,0.08905592687512243,0.08767881611828736
0.07377563057897568,0.10400827866361359,0.08903328672876558,0.08753090217304273
0.07372895594207299,0.1038265923353293,0.08900632596864273,0.08735772437523648
0.07370792613798359,0.10367059836663928,0.08897766291861212,0.08714054873811139
0.07368514468135312,0.10352706447917072,0.08894637206551088,0.08687635196408264
0.0735947721040722,0.10340008890822566,0.08891942362475704,0.08656428899518527
0.07345755158032821,0.1033115354384088,0.08888822105630177,0.08624336017306387
0.07331024473564843,0.1032317589417595,0.08885722032681072,0.08592466104199149
0.07315375217737631,0.1031623686298723,0.08882848502158168,0.08560812598698421
0.07299559462798212,0.10312172181603169,0.08880146141261437,0.08528645419073469
0.07284592830422329,0.10310001155893257,0.08877615946807273,0.08496200031024384
0.07270419093444003,0.10309859366597199,0.08875241915096413,0.08463912058148647
0.0725712624732523,0.10311549305397384,0.08873067949467241,0.0843304387611936
0.07244769709442124,0.1031818762809384,0.08871135630813931,0.08402124109655139
0.07233406130633213,0.10327038884914055,0.08869515119423252,0.08372304414643295
0.07222783544073318,0.10337542115493369,0.08868262045281249,0.08341455192052173
0.07213835782672454,0.10349707109941933,0.0887040102802436,0.08310570760315825
0.07205721386009735,0.10362826986485799,0.08874751754382831,0.08279427070167376
0.07193459403488026,0.10377143562117512,0.0887956998922873,0.08250186950379401
0.07179950256601123,0.10393822045535489,0.08884889135792659,0.08226071012099748
0.07168318124590752,0.10411921404299235,0.08888372470134326,0.08202129618143437
0.07158387834457117,0.10430481519648396,0.0889188549465298,0.08177701922479434
0.0714974602392585,0.10450323140215843,0.08896193641937551,0.08151616435909212
0.07141868806422906,0.10471195885385684,0.08898231463814896,0.08123643508570678
0.07134305875486502,0.10492454971362629,0.08898764304825563,0.08094430394361002
0.07121654878641256,0.10514169337811567,0.08899781257260275,0.0806403184569936
0.07109922684185035,0.10537070165113492,0.0890154512403073,0.08032924481143827
0.0709630821152581,0.10561048089763948,0.08904071967185932,0.08001462586028937
0.07084176189501176,0.105854836362597,0.08907137113516923,0.07969197382505512
0.0707363872961833,0.10609893354231371,0.08910792474556567,0.07936374790530508
0.0706576607699665,0.10635651124963359,0.08915153161275417,0.0790476322711719
0.07057415088173863,0.10661610295248539,0.08920255166847584,0.07876635883894001
0.07051621167111505,0.10687220270886326,0.0892523927176483,0.0784834000408976
0.07045640077526877,0.10702221636158626,0.0892901851325071,0.07821370734423616
0.07040037897001471,0.10716163599582262,0.08933024775070121,0.07797729355256999
0.07033415034031291,0.1073115384639369,0.08937827138056403,0.07776840078395733
0.07029513401454213,0.10745298096329818,0.08944974803282382,0.07755096370283393
0.07027828178380063,0.10759492769829956,0.08953360545801073,0.07734238483282949
0.07028177018712806,0.10771979575983194,0.08962114396168458,0.07714970515905967
0.0703049407859615,0.10782353484136449,0.08971887324596195,0.07697274150676635
0.0703490677516711,0.10790599410723685,0.08981630692501101,0.07681730505655582
0.07041360731841802,0.1079671897593177,0.089911148807088,0.07666808273127594
0.07050979677968316,0.10803256854974125,0.08999804982754314,0.07652830398093258
0.07063173557976672,0.10809028130137611,0.09007472597291073,0.07637492007896157
0.07078884497192423,0.10813718942703338,0.09014034669002777,0.07623986706901505
0.07096051053786512,0.10816463930847853,0.09016393281861412,0.07612595934596257
0.07113897274465505,0.1081795059421253,0.09014073679251208,0.0760182135729242
0.07130795565565094,0.10818429116394822,0.09011261173564486,0.0759140302021346
0.07143834949170846,0.10818539921631021,0.09007679048020928,0.07582550131910201
0.07159654574548423,0.1082219968498311,0.09003445499083422,0.07573173377524617
0.07174812101654235,0.10826128678320099,0.08996450143009492,0.07567965047173819
0.07188878164227434,0.10830499050650706,0.0898956548864866,0.075644704527073
0.0720392149266688,0.10835260682521883,0.08983141056723572,0.07563850531693664
0.07218882265045813,0.10840431367233412,0.08977425364983092,0.07565688198983568
0.07233215608830074,0.10845574824531,0.08972340772653324,0.07569396791660689
0.07248048032754942,0.1085105523774765,0.08968124337454637,0.0757373729071875
0.07263257579043715,0.10856843893029126,0.0896481983154254,0.07578433001837327
0.07278770364216573,0.10862411163679851,0.08962365223010507,0.07583389097260262
0.07294600249432334,0.10868909676034606,0.0896079967094064,0.07588368202854776
0.07309063895893399,0.10874922640333487,0.08961162214594494,0.07592509603043227
0.07322073479826323,0.10881095350564357,0.08963138437268256,0.07595646993413988
0.07335088205536416,0.10888213826117543,0.0896605863772177,0.07600284351136934
0.07348120698642396,0.10895517440948499,0.0896993839404493,0.07603864548218564
0.07361254828364412,0.10901960712338885,0.08974793462082807,0.0760715324757573
0.07376200589468786,0.10911089144658866,0.08980637979022306,0.0760945019659011
0.07391564010529335,0.10921871947363927,0.0898826510527181,0.07610529182880708
0.07407112899612149,0.10931812115636355,0.08996004133750367,0.07610490739793509
0.07422939574333415,0.10939522744130278,0.09004715448808742,0.07609735620530925
0.07438358060105803,0.10948197178544951,0.09014468628618716,0.07610649058304277
0.0744887859342892,0.10957988918041806,0.09025355444277604,0.07612258527720582
0.07457984538389502,0.10961040053858519,0.0903736861306695,0.07613284108823141
0.07467240735383297,0.10962706643424405,0.09049949255790218,0.07613636990599103
0.07476697128460601,0.10964606829633904,0.09063736923662628,0.07612771896724317
0.07486560508445426,0.10965878259364359,0.09080375577445078,0.07610817233852502
0.07496799058064925,0.10966528853109891,0.09102505352672965,0.07606353667990423
0.07509200706301948,0.10965536665898298,0.09126610864123935,0.0760073221917447
0.07523006578298042,0.109608832516536,0.09150129172036489,0.07594735161795538
0.0753702145888095,0.10951617086627664,0.09169203569170838,0.07588163152173441
0.07551239628740046,0.10940112837598438,0.09185308443109866,0.07577704688694736
0.07565640294683025,0.10928864198166614,0.09200982702021956,0.07567320890464695
0.07580286294262996,0.10917029055772005,0.09217723940042398,0.07557075604388103
0.07595255605370461,0.10905504678930669,0.09237496153021359,0.07547067607612076
0.0761094627476893,0.10897853742819884,0.09259339493132386,0.07538493835320807
0.07623826651909298,0.10891280097547665,0.09284180072206968,0.07531704172867859
0.07636966877889032,0.10884148274509305,0.09310935318313607,0.07524954466592197
0.0765025987630782,0.10878845167832155,0.09341198239403853,0.07518356989986491
0.07664868669081179,0.10873386576633452,0.09374856955278746,0.07512429329450186
0.07680009042136139,0.10867242553410422,0.09409492897781517,0.07509537847952377
0.0768735137540215,0.10858440257427276,0.094431579450765,0.07511423102729531
0.07695601577817872,0.10850122528931444,0.0947594680289388,0.07516728259335437
0.07704408966979842,0.10843934752878084,0.09499970145425053,0.07523416317216301
0.07715308492807407,0.1083875402681915,0.09522111295859928,0.07530220617005655
0.07730470777719402,0.10834345183989275,0.0954446639365453,0.07537231574099318
0.0774618755084659,0.10831598528557752,0.09566757626224202,0.07548169679071132
0.07760536600350267,0.10830159417659588,0.09587644481189302,0.0756553152288671
0.07773483256819222,0.10829621051375411,0.09608186971580644,0.07583966544270805
0.0778726030952394,0.10832509455296932,0.09628524341799204,0.07600084085375336
0.07801855240383725,0.10838529571198567,0.09648625831742821,0.07617549285723706
0.07817520855997931,0.10843506359931039,0.09668440809004371,0.07636621258048425
0.07834076534021005,0.10849530510996278,0.09687916157892301,0.0765556943989098
0.07851335433189802,0.10856248474693297,0.097070943954948,0.07675457893068989
0.07869267855584824,0.10863752194228211,0.09725585938259672,0.07696550926362085
0.07888117981337521,0.10872088405354118,0.09743515733298375,0.07718786495563999
0.07907669016031962,0.10882191812443653,0.09759851368776776,0.07742032224724975
0.07925553056488545,0.10893146445109014,0.09775865301415392,0.0776715716076141
0.07943836084427092,0.1090438919914264,0.09791396050590999,0.07789253926974511
0.0796226042792265,0.1091118882633548,0.0980359247999988,0.07808569678270678
0.07980809256081164,0.10916125466539563,0.09814510714122156,0.0782708556541585
0.07999548132831341,0.10921965865606469,0.0982302533409147,0.07845430454370633
0.08019015407914637,0.10928904987324187,0.09831269290981466,0.07864191888908849
0.08039895276738533,0.10934668609689667,0.09839267544921387,0.0788302941904446
0.08062358376794838,0.10940452115514648,0.09847097766887762,0.07902689112607585
0.08085035736325259,0.10945847615531885,0.09854827190498926,0.07923112387620734
0.0810801581630082,0.10950978433918916,0.09861548434337063,0.07943952683693552
0.08131640300297649,0.10955969663172677,0.09867803277316478,0.07964952463888421
0.08155759835869178,0.10962331795478392,0.09875537520455431,0.07985170254647941
0.08180292246571438,0.10971054898291109,0.09884143200974833,0.08004228537746955
0.08205181237087857,0.10979529665024834,0.09893145501471891,0.08023836550358976
0.08228378528039734,0.10987976952941958,0.0990226199079916,0.08043712132066842
0.08249633915372896,0.10994894617766526,0.0990947963341667,0.08063481736242252
0.08270390312261666,0.11000760369387742,0.09916937625059902,0.0808318716669648
0.08288847559810901,0.1100559032336409,0.09923964228462728,0.08101741651753284
0.08302871251537101,0.11012536872882912,0.09930599247537057,0.08119354141739346
0.0831180196187039,0.11017141191868056,0.0993615466092317,0.08137730207581122
0.08318487133053505,0.11019566683852319,0.09936581207491796,0.0815865217960897
0.08324522166437724,0.11018372912331745,0.09937462864266955,0.0818031806808737
0.08330646548008967,0.110155445983708,0.0993897085046429,0.08202477327397759
0.08337161969574333,0.11010634398357225,0.09942264978116493,0.08225648236969439
0.08344571185048441,0.11003817271104162,0.09947837223725783,0.08247885522140282
0.08348593086444304,0.1099489327926321,0.09958066662788688,0.0827322027185993
0.08353249714480382,0.10982045536896727,0.09975793700991611,0.08300492788024699
0.08358577786098942,0.10967929894059925,0.09995320349827375,0.08328104570870895
0.08364633599911375,0.10952276665596611,0.100094722084104,0.08357021748665466
0.08371512346683266,0.1093265913751173,0.10023670141603859,0.08388584281701814
0.08381146103609867,0.10914130395170808,0.10039177712461757,0.08420625337817657
0.08389058645921281,0.10893209885018659,0.1005480401376598,0.08455212946033942
0.08396580246785226,0.10868800167561207,0.1007046923490623,0.0849062389231022
0.08405621274063596,0.10840883050313097,0.10087804777682921,0.0852276101434898
0.08417518252246425,0.1081269965406426,0.10105076094312584,0.08550905585579367
0.08429032260192422,0.10786913074323384,0.1011636757084287,0.08577886131494698
0.0843996553884309,0.10755162896988203,0.10127314086294154,0.08605300262509598
0.08450368970284967,0.10724178992210222,0.10138642818061219,0.08632313343684384
0.08458345750423532,0.10693958910041843,0.10150267305919142,0.0865885570159416
0.08470641121563213,0.10663600608836737,0.10162517939195519,0.08683973520815289
0.08488533692658358,0.10634594435999818,0.10176109286035222,0.08706327831923524
0.08508891910369078,0.10612131930030097,0.10190051880235498,0.0872817450183953
0.0852981348925929,0.10595078081905562,0.10201143912008835,0.08751176931139645
0.08553027319751161,0.10574813820354632,0.10210836838560988,0.08773463300204686
0.08578465584067124,0.10550770555087707,0.1022086507660017,0.08795407192274841
0.08604480708758652,0.10529728759659437,0.10228494233126634,0.08816369653503517
0.0863094734279229,0.1051017973795272,0.10233087006054577,0.08836807851166194
0.086607611352457,0.10493299223117203,0.10237553970227713,0.08856887479618857
0.08691392953583803,0.1047744820496352,0.10241760126594861,0.08874475107453626
0.08719842333424802,0.10463606465045687,0.10245582439897226,0.08889893339257655
0.08748731596313312,0.10450932337001934,0.10248825929951981,0.08903624139829555
0.08774576779313566,0.1043814464242609,0.10251569247547729,0.08915976925211572
0.08799440217444247,0.10425944443728327,0.10254725104607669,0.08928207615701553
0.08826530941866176,0.10414019993304284,0.10256783858633113,0.0894174394153285
0.08853015916173367,0.10402641455213667,0.10257890603076897,0.08955056515829421
0.08879475277128152,0.10391955712666988,0.10258537412457518,0.08968170422095219
0.08903869365896673,0.10384284368018713,0.10257935325453493,0.08981140000753249
0.0892731716423438,0.103793523374109,0.10256162323890618,0.0899397185633225
0.08949269544426756,0.10375101122710995,0.10252836021768565,0.09005686399259767
0.08969799845816397,0.10371529067167999,0.10248235533206616,0.09016546030563183
0.0898761649595767,0.10368245157690685,0.10242398650717689,0.09027195323089081
0.0900518692361854,0.1036373032187711,0.1023539526355778,0.09041421330821496
0.09021071519198445,0.10361620862268321,0.10227362023578498,0.09059474552776471
0.09033606411506054,0.1035927198031609,0.10218426705737373,0.0907787144707058
0.09042781552914267,0.10356227324959383,0.10208709608035887,0.09095447272659331
0.09049867394290781,0.10354058905322207,0.10198361777640526,0.09112933197385151
0.0905536182454341,0.10354254511437397,0.10187519876924815,0.09128161795177432
0.09058901241379076,0.10355981613738767,0.10177952150867069,0.09142369029053879
0.09060746522470763,0.10359425228862362,0.10169773341472307,0.09155986751957189
0.09061513162491722,0.10363807896052653,0.10162076630685289,0.09168918584516869
0.09061753451229627,0.10369160023070442,0.10155452857746787,0.09182114003299335
0.09061545266405574,0.10376382664252694,0.10148874715995368,0.09195230380221994
0.09060583398540462,0.10387276589419779,0.10142383750220366,0.09209912245179362
0.09065130171281352,0.10397111609206369,0.1013601036185717,0.09224868201867413
0.09069137883244469,0.10393336374556102,0.1012987922210345,0.09239870034861832
0.09073296103632887,0.10387437412339615,0.10124617353272705,0.09253095337454381
0.09079397525129981,0.10381782574113739,0.10119568957705975,0.09264664848931536
0.09084882279939098,0.1037732316696695,0.10114764101547363,0.09276201603843609
0.09088493442900593,0.10374109371106852,0.1011026390382486,0.0928828439417189
0.09089898504781871,0.10372143030074424,0.10108024221903918,0.09301727011892069
0.09094552977999229,0.10367972690072025,0.10106867892286008,0.09317192068853355
0.09100938743879214,0.10363792032511662,0.10105892132807902,0.093322458031486
0.09105928438930601,0.10360829530369618,0.10105012183498352,0.09346831898294232
0.0911628549864277,0.10359051073693948,0.10104622675647963,0.09359539809610731
0.09127579491392704,0.10358419788301021,0.10105730884565414,0.0937116886162462
0.0913948588030345,0.1035872667181059,0.10107594091453648,0.09382978307691169
0.0915183714111246,0.1035985522886326,0.10109723874677665,0.09395521823598227
0.09163698400677953,0.1036204596851546,0.10112134467886125,0.09396179058503959
0.09176576732538642,0.10366761426616984,0.10114843463981496,0.09390633155359988
0.09192264250332563,0.10371984377017722,0.10117571811459904,0.09385984049809569
0.09209636232239733,0.10378950001580003,0.10120164299031933,0.09381503509308134
0.09227545336359728,0.10386780054942099,0.10123093429108887,0.09377034947382355
0.09246199847599063,0.10396782169926301,0.10126546349987306,0.09372045807774192
0.09265688867686021,0.10410677152134455,0.1013035214066046,0.09366252381098124
0.0928485065155909,0.10425088574933243,0.1012752403770117,0.09360507085095979
0.0930256398696229,0.10439938262389126,0.10122872213786473,0.09354803623988067
0.09316672774045182,0.10454748224616756,0.10119005775728808,0.09350162381349007
0.09324246679226392,0.10469862342139122,0.10114277226979858,0.09345705670754557
0.0932925311557741,0.10485807095033157,0.10110179670686718,0.09341240247990205
0.09334863047259193,0.10502069979268028,0.10106725520502902,0.09337194781136096
0.0933563233573949,0.1052083006441618,0.1010336078471118,0.09336180358591872
0.09330828678861965,0.10540424650901689,0.10100073194643651,0.09335559062965414
0.09322432107880413,0.10560665813983698,0.10096866745589547,0.09335821391688069
0.0931411725475456,0.10581419931278638,0.10093978397460432,0.09335999693135584
0.09307366389963861,0.10603281636415424,0.10091157521942294,0.09336280859043602
0.09297195977870004,0.10625861584265126,0.1008858983289632,0.09336371227660235
0.09283571814731195,0.10649603160839467,0.10086018165952322,0.09336275667452473
0.0926917621751692,0.10674129920305345,0.10080715375252575,0.09335818649101715
0.0925450939791507,0.10699098904128417,0.10075239474262909,0.09336977354589597
0.09239571491174853,0.10724221115525519,0.10069920866326958,0.09338429345066729
0.09224447969764758,0.10750222737665198,0.1006474628868689,0.09339039720254182
0.09209446071260413,0.10776736977107643,0.10059455170496273,0.09339236593525956
0.0919446459884081,0.10803659910342096,0.1005404087117896,0.09339505206762007
0.09179472921730449,0.10830952036978789,0.10046802913548471,0.09340639030677875
0.09164557488423941,0.10856937225465504,0.10033029772747401,0.09341524511318428
0.09149680972100667,0.10883673873720649,0.10019152165885627,0.09340742109326097
0.0913473513874456,0.10913112379749057,0.10005164733854242,0.0933835150806891
0.0912113114780842,0.1094685061715704,0.09991084750916804,0.09335173018525404
0.09107268839774617,0.10981484248970007,0.09976939878709111,0.09332135468554167
0.09089619470588835,0.11016111746495172,0.0996404903758804,0.09331009045180776
0.09062230815360481,0.11050845701101845,0.09953689088041984,0.09329831692890454
0.09029747752123951,0.11086179613231721,0.09943869359588708,0.0932879107498394
0.08997563428912905,0.11121127465995485,0.09934498968713915,0.09328424165137678
0.08965024791633727,0.11154905109442127,0.09925368533274417,0.09329659477055514
0.08933116768533599,0.11185515167516406,0.09916482463199533,0.09331869410133865
0.08904006498138373,0.11213776219206116,0.09908431753942781,0.093308288525157
0.08877986655197921,0.11240912455662165,0.09899800027748805,0.09328919049082376
0.0885336755548319,0.11267242416620818,0.09887896250259194,0.09325691806263525
0.0882954457458663,0.11292884650112286,0.0987432684110914,0.09321814208095931
0.08808095990120153,0.11319714829896511,0.09860945876164535,0.09317321736663771
0.08788265108935878,0.11346848237017415,0.09848073117971197,0.09312389770999004
0.08770063978233653,0.1137389824432147,0.09835447859448869,0.09307947002658722
0.087519393758101,0.11400911275635461,0.09823184978224621,0.09302071796022392
0.08738741077325325,0.11427913048821925,0.09812440829134034,0.09293012671316978
0.08726506331605938,0.11455045900466339,0.09802271224248013,0.09285180488796956
0.08715152944564492,0.1148272994993632,0.097926484864311,0.09279882227335372
0.08704441858094797,0.1150989492733916,0.09783526228271086,0.09275541340247745
0.08690536183847326,0.11537198582297062,0.09774655053282037,0.09270890531285553
0.08677035956398872,0.11564809537736008,0.09766781823641409,0.09266084097396536
0.0866525165053696,0.11593354308626803,0.09761467078468977,0.09261180905553282
0.08654027941175943,0.11622336938689659,0.09756006927548141,0.09256742039914655
0.086430866729808,0.1165146449947236,0.09753532460731777,0.09252989389822047
0.08633641756868293,0.11681734740342734,0.09754145290711803,0.09249478282884135
0.086250242251757,0.11711161943015957,0.09757064079974198,0.09246202450120455
0.0861442429073177,0.11738237528327256,0.09759075503762701,0.09243157738806337
0.08600541062529862,0.117659559971997,0.09760401544025121,0.09241437689882495
0.0858328557440311,0.11794260566957097,0.09761797442338255,0.09241181500656491
0.08567565504855626,0.11822579191812131,0.09763227745701025,0.09241623074365729
0.08554323193486457,0.11850648469227525,0.09764721886686813,0.0923908364497952
0.08541238011884719,0.11878083091390716,0.09768346577749773,0.09236532932037765
0.08528605731256153,0.11900534160833134,0.09772755511066468,0.09234234325105488
0.08516805605960924,0.11910836589340965,0.09779140460698313,0.09232165043435363
0.08506852829290999,0.11920529166353057,0.09786536384027252,0.09230301764866952
0.08499839085411118,0.11930278786136474,0.09794120330919799,0.09228626769732415
0.08493080562136017,0.11940017071018205,0.0980175185268714,0.09227137109533047
0.08487194235288281,0.11949698718149124,0.09806362421571231,0.09225719311764231
0.08482842435000068,0.11960565472079614,0.09810074425622548,0.09224435387553404
0.08480024984082177,0.11968317462376821,0.09813059021049114,0.09223181803740496
0.08478733172264638,0.11976135642866333,0.09815430115230196,0.09223237993931128
0.08478161550612119,0.11984294761750157,0.09817630042739324,0.09224083465536752
0.08477431656606928,0.11993937498782242,0.09820853920661535,0.09225060827264218
0.08475566454662785,0.12005370875345726,0.09824513593562412,0.09226181312407751
0.08472231883328199,0.1201662780101011,0.0982745787081678,0.09227478631969929
0.08467453088194336,0.12028510748385378,0.09829808857269669,0.09228754275290706
0.08462971584022101,0.12041692662981238,0.09830137395343021,0.09230749241106932
0.08457935747038312,0.12058342393165689,0.09831301557389191,0.09230909706832842
0.08452802906101523,0.12074567061137555,0.09832687777548242,0.09232305230945652
0.08448900856760817,0.12090254714004826,0.09832839273257882,0.0923337892259557
0.08445385771243008,0.12105359937949749,0.09832368767682927,0.09234088662866083
0.08442282951067376,0.12119892233675107,0.09830921261051875,0.0923578850631704
0.084419445120273,0.12134247769800403,0.09828688128758306,0.0923739398977552
0.08443519289287248,0.12147859674209836,0.09825695555832174,0.09239941997575546
0.08442123666301662,0.12160668900897863,0.09821974713925768,0.09242381533823163
0.08438089713516449,0.12172617519295868,0.09817569342842175,0.09246910966585481
0.08433882444188244,0.12183359709872724,0.09813243354069243,0.09253499933126291
0.0843121527870845,0.12193409497072194,0.0980735816460511,0.09261364449591966
0.08432380957957551,0.12202922148108875,0.09798500135396498,0.0926879045831489
0.08433884406284406,0.12211156893770514,0.09789547516094846,0.09273206840938543
0.08435407845433426,0.12218669902933127,0.09779699862585317,0.09276852855499436
0.08437019095122883,0.12226588981876864,0.09768855700932783,0.09279402109415796
0.08439825718380127,0.12235811962302257,0.09757330034373268,0.09282450268728328
0.08444429818349496,0.12245332619566181,0.09749293847625558,0.0928596514566763
0.08449585296321506,0.12255152869471389,0.09740307395234005,0.09289972424420267
0.08455109695760148,0.12262298697826092,0.09730729043649083,0.09294933551417425
0.08460383287210192,0.12266207675539935,0.09721116596377537,0.09300920706438796
0.08461789796365524,0.12268941225568529,0.09711332998401333,0.09307500358407951
0.08463643593663488,0.12270543843252547,0.09704821559166148,0.09314723306734855
0.08465984567738984,0.12273980258772593,0.0969797734850311,0.09322720086414812
0.08468721571998494,0.12277734705896286,0.09690824535329978,0.0933098388329742
0.08471826319521333,0.1228028420432577,0.09683874551630169,0.09337484204126012
0.08476375245713416,0.12281935895297773,0.09676247066208793,0.09344604730553921
0.08480224676440305,0.12284132680651728,0.09668252645536,0.09353058992005554
0.08484914389023461,0.12287384337608338,0.09659961170942322,0.09363610322296632
0.08490087334925359,0.12291404174953527,0.09651338496011205,0.09376260941013304
0.08496732989023471,0.12296621784725172,0.09642439930965291,0.09388988058716448
0.08503487459860637,0.12303985179353702,0.09633308084756442,0.09401806878535239
0.08510182203232215,0.12311872115367804,0.09623655233884663,0.09415266014213655
0.0851677855752354,0.12320293370136381,0.09612358695080694,0.09428558238219402
0.0852572150402943,0.12329253568406909,0.09601024124846086,0.09441491617237129
0.08535787550084206,0.12338745047356499,0.09589612987489521,0.0945468152022344
0.08542485108915347,0.12348757669939878,0.09578248049795747,0.09468631521757581
0.08549147664678755,0.12359266159781575,0.09566870994506392,0.09480797589863424
0.08555763578307674,0.12370619595957816,0.09555575069639341,0.09487672199519495
0.08564740657834588,0.12383253097716,0.09544922761769653,0.0949387792749032
0.08575752397960136,0.12396488926359922,0.09533182094322476,0.09499642895834579
0.08586900266462066,0.12410357452748998,0.09521451160996174,0.09505067268913339
0.08597858861859872,0.12424832288020184,0.09509893880918147,0.0950987471230547
0.08608121953865364,0.12439486032203545,0.09498587323952921,0.09515330358244153
0.08613870682224327,0.12454096851288267,0.09487599103416694,0.09522745719018677
0.08615653400066466,0.1246848808940972,0.0947699146223542,0.09531576485592276
0.08615872909582467,0.12482864737189478,0.09466820496199624,0.09541655184667046
0.08614080033975481,0.12496966136314214,0.09456271501561955,0.09551893184914072
0.08605012370302367,0.12510789334504216,0.09447631828072148,0.09563790813981837
0.08595662816869708,0.12524215340735237,0.09440338545743206,0.09575134352553236
0.08585907558171112,0.12537542498202678,0.0943378108061233,0.09586228879492296
0.0857701634741622,0.1255312001429563,0.09427958263805138,0.09596543494543698
0.08569577388134096,0.12569231897775196,0.09422841612289214,0.09606111367556933
0.0856302631880492,0.12583620523602895,0.09415778222407925,0.09615585354228447
0.08556213933395339,0.125969089511132,0.09400814456733876,0.09627250484521757
0.0855114736588437,0.12610071356824074,0.09385545137031344,0.09639628477395579
0.08544557478447576,0.12623226415783328,0.09371014417080288,0.09651681861981834
0.08542250611298995,0.12636344873908448,0.0935825402902447,0.09658237923701518
0.08539012506953515,0.12648632469343898,0.09347646605819324,0.09660095771156621
0.08537108558998065,0.1266049515696023,0.09337898176715988,0.09663167152881455
0.08536252730148139,0.1267138726211865,0.09328983519515564,0.09664551463525256
0.08533693550596189,0.1268293116530658,0.0932123261193472,0.09664714881073563
0.08531593129773728,0.12691407132484786,0.0931418541249066,0.09667313970644974
0.08529888968013005,0.12699187990297334,0.09306152510704065,0.09674120918939041
0.08528488286538609,0.12706874072360086,0.09298868414528416,0.09686966568784015
0.0852733241167247,0.1271787765823933,0.0929077169945686,0.09700852703212558
0.08526342927779228,0.12729356509024334,0.09283330295314446,0.09715210209495986
0.08526449490004992,0.12740718402272,0.09276538957416304,0.09730967010517223
0.08528374769177734,0.12752652207300685,0.09270410541720248,0.09748436831448716
0.08529733900850789,0.12765008452300142,0.0926370346561472,0.09767519069591389
0.08530594139071336,0.12778259467842076,0.09258036854272789,0.09788269033909615
0.08530128549490651,0.12791842069529372,0.0925341643871541,0.0981094766090274
0.08528678836068071,0.12805717072622297,0.09245016809980923,0.09830898768915537
0.08526165007075116,0.12819832115423824,0.09236379171721822,0.09851931974043106
0.08520784114828427,0.12835969083440005,0.09228073907854392,0.09874176362691892
0.0850524069436474,0.1285246240451395,0.0922014080842901,0.09897509172123287
0.0849146483102454,0.12869121869059685,0.0921253701237208,0.09921812547358372
0.08477111898318368,0.1288615764447039,0.09205138375479104,0.09946949495119767
0.08461940856870415,0.1290322018429165,0.09197820695823059,0.09971990389432529
0.08446656050455574,0.1291952519307927,0.09190628045498321,0.09997511178569808
0.08431364161969165,0.12935077046770835,0.09183452467343178,0.1002337150941748
0.08416402899012734,0.12951931173984593,0.09176168583632581,0.10048790931915184
0.08398749393974843,0.12970181841900988,0.0916928334851417,0.10071505200808605
0.08380569134995938,0.1299071376644006,0.09162581081700996,0.10080684687682323
0.08362648573735353,0.13012065183428492,0.09156912190135327,0.10086378802370834
0.08347376653337278,0.13033566852514483,0.09150019581655673,0.10088401760276929
0.0833166450319839,0.13050946938735222,0.09142073897898412,0.10090483676067413
0.08315675003583546,0.13067606282910763,0.09134027966100122,0.10092254090149533
0.08298263346939797,0.1308414189578288,0.09127670298112074,0.10092148156749227
0.08286139453805405,0.13100421843200186,0.0911970587748691,0.10091886484753776
0.08274741898173005,0.13113894309317725,0.09111316631861201,0.10091428543026996
0.0826412216165477,0.1312684092798564,0.0910254683613378,0.10090543789857379
0.08255692591485558,0.1313981130507061,0.09093871580163519,0.10091502234381225
0.0824946090858402,0.13153197779734369,0.09087247171226864,0.10092420073976524
0.08246081056627644,0.13167099973958118,0.09080681689134706,0.10093662057211795
0.08243286719304803,0.13180877724072265,0.09074141794578412,0.10094930595178152
0.0824100889969228,0.1319444209024865,0.09067502002926116,0.10096198241397926
0.08239171522560867,0.1320770277519378,0.09060727031192238,0.10096958807112877
0.08237646010542686,0.132206538832498,0.09054005628669147,0.10095897430182717
0.08236293323591462,0.1323555359058669,0.09045083006127784,0.10094870670954068
0.0823494667909948,0.13251247103783345,0.09034352167137132,0.10093905268850593
0.08233584383630173,0.13266663439445706,0.0902315003203531,0.10093592972409283
0.08232481367523295,0.13280498277246083,0.09011727432935693,0.10093840808322606
0.08233401933723805,0.13293057577915074,0.09000206517935186,0.10094624443614594
0.08237246056921267,0.1330453391338438,0.08987959834557811,0.10095374346784199
0.08244503050141504,0.13316735176717864,0.08975701309064266,0.10096059756055763
0.08249640958797885,0.13328730446611284,0.08964403188662899,0.1009633977637573
0.08252741001475257,0.13340409525167998,0.0895676941552334,0.10096307083277815
0.08254094299682324,0.1335229158529498,0.08949961529003493,0.10096090140385433
0.08251126652442542,0.13364566845280085,0.08944748170527819,0.10095657033446515
0.08246380260241674,0.13372338524239172,0.08940929335875461,0.10094997183461459
0.08237429253922804,0.13382653464134953,0.08937721377082357,0.10097470114649253
0.08227582116689938,0.1339251214306053,0.08935962937976911,0.10100307796632092
0.08221753375218524,0.13402148464956998,0.08935306035539335,0.10100396608165585
0.08217098302575072,0.13411629629631677,0.08935044145213171,0.10098568662232814
0.08212812017762526,0.1342100327566914,0.08934953807912649,0.1009578606358928
0.08208919611503043,0.13431094067613106,0.0893487795385352,0.10092403253539009
0.08207339233457253,0.13442213743663836,0.08934823691871308,0.10088613717802085
0.0820615399109716,0.1345304177414995,0.08934827342582631,0.10084485435004183
0.08205241514972127,0.1346313492834699,0.08935410300289418,0.10079555601791244
0.08207173881512377,0.13470638904912366,0.08936768707100833,0.10073998835641568
0.0821158180235107,0.13476583986243088,0.08937823358619283,0.10067953034247167
0.08218955982849077,0.13481861046818217,0.08938473722715551,0.10061355986245044
0.08228313943187161,0.13488648984300894,0.08938910865084473,0.10054386856092487
0.08240705376842862,0.1349597644510945,0.08939818354510842,0.10046102668071145
0.08254118197970076,0.13502560594868832,0.0894106419376744,0.10036195138235804
0.08269225489550172,0.13508903751176532,0.08942326914695703,0.10026923348243602
0.08283482416600611,0.135148945103426,0.08941742177399846,0.10019924226307375
0.08292482663839802,0.1352077728381538,0.08940145235958909,0.10014724358491259
0.08303836671918012,0.13528309473203248,0.08937111914689055,0.10009037267842613
0.08315197165810147,0.1353433631618849,0.0893262983611588,0.10001522137306446
0.08326124022702511,0.13537888253437982,0.08928528493465067,0.09994553460522247
0.0833688742503632,0.1353676485342066,0.08925045071308531,0.0998793989034311
0.08347456417008702,0.13535440376232089,0.0892100334623536,0.09979700563758336
0.08353952857812862,0.13531141634838134,0.08917749833963974,0.09967680779199037
0.08359254941382302,0.1352404008635961,0.08915426758083465,0.09955247100356933
0.08363795283764218,0.1351406164987406,0.08913847680113439,0.09944503600403468
0.08370568359608725,0.13502455984758505,0.08913998563310235,0.09933900076752042
0.08382743344124718,0.13490253622257237,0.08914881186280608,0.09923507294981089
0.08399883347431825,0.13478562434631022,0.08916539776592157,0.0991338692118546
0.08416347497018824,0.13469310388478994,0.08919080439770158,0.09904931114818281
0.08435109255513788,0.1346062710679001,0.08922900192980744,0.09897913429788938
0.08456883528045303,0.13452290839135006,0.08927436150207146,0.09891448801387798
0.08481547070346707,0.1344488049457875,0.08932639687138218,0.09885375776685539
0.08507173788424235,0.13437737952107945,0.08938482235186744,0.0987914442213048
0.08531101866547157,0.1343100040674906,0.08946660222268853,0.09873554591979256
0.08554566123034037,0.1342341573332277,0.08955575708533867,0.09868382476630591
0.08578961195643416,0.13415577272092194,0.08964976697280264,0.09863585784858601
0.08604990359406815,0.134096951956505,0.08973449049232785,0.0985901106608604
0.08633208518616634,0.13403848822543687,0.08982278256671082,0.09854613962108202
0.08661516525471302,0.13397574946853524,0.08991406542286176,0.09851529735357167
0.08689764924723602,0.13390543838664362,0.09000797857389625,0.09849412019897606
0.08716844080680156,0.1338242994677682,0.09009169853908894,0.09849725303465423
0.08742394006152757,0.13372919489067142,0.09017379339980504,0.0985012274311972
0.087636367213656,0.13362187721779661,0.09026223982908686,0.09849310167076841
0.08783747648508652,0.13349898129042334,0.09036823380023773,0.09850990875184268
0.08803166349171578,0.13337147081535372,0.09048768475069775,0.0985297735853325
0.08820876953565279,0.13322630450780337,0.09062570213253006,0.09856009201578395
0.08835975558024717,0.13306725172975556,0.09078017123526784,0.09858510649315096
0.08848352239238774,0.13290823404201405,0.09094895210709955,0.09861835949987574
0.08851648884880463,0.13275217057590147,0.0911187084263185,0.0986954885911035
0.08848611822668238,0.1326085557584587,0.09128875594830187,0.09877685459788686
0.08845649668282857,0.1324689856111807,0.09145868347110941,0.09888864708324531
0.08846547489644012,0.13233563192551387,0.09162791407829,0.09901035770759412
0.08848620600313027,0.13223153284125916,0.091795960183974,0.09913094953565413
0.08852810080345583,0.13216527830063182,0.09196209444102088,0.09926634764888849
0.08856071453366983,0.13211432548356805,0.09212824072902508,0.09931347402821449
0.08854361472248465,0.13208944407789416,0.09229219247409146,0.09931239868237482
0.08850537099502137,0.13207132731725962,0.09245346387107299,0.09931642720962408
0.08842201641202084,0.13205860996861285,0.09261770139662662,0.09934698629614437
0.08830930186963222,0.13204995832715785,0.09279934990476994,0.09939140885001269
0.08819341213336519,0.13204644652564185,0.0930294630814915,0.09945205663226224
0.08808317854752899,0.132042250543101,0.09326143949914804,0.09951423029640852
0.08797123712946799,0.13203959889424666,0.09348016113543486,0.0995815477764875
0.08777200052619757,0.13202765500177563,0.09369708813498433,0.09970596244702333
0.0875526119794873,0.13200679449609318,0.09391146620023326,0.09985194872243679
0.08733820371724445,0.13197991713025498,0.09411569023390937,0.10000474818358948
0.08712839058603945,0.13195101607019638,0.09428490290035557,0.1001685571033485
0.0869234826136998,0.1319151910352124,0.0944534083451284,0.10033334928351638
0.08671230548180002,0.13187837100558555,0.09461563087160747,0.10051089536880403
0.0864929256640882,0.13185044724805342,0.0947629185383763,0.1007183269616209
0.08627406312073538,0.1318323051029875,0.09493418538421075,0.10094067870698009
0.08606020640298241,0.13181965140991983,0.09511297552340157,0.10119945665252172
0.08584751684300723,0.13180760737069389,0.09529764886786309,0.10149935123084027
0.08557933268774554,0.13179170617442373,0.09549324094620662,0.1018080053204697
0.08530419190439746,0.13177582265417337,0.09571494761268302,0.10214048440323541
0.08500667288692841,0.13176106532253123,0.0959840174199046,0.10248836763216937
0.08469777440549842,0.13175731390380077,0.09629895449613302,0.10283798837033119
0.08437571368431826,0.1317647034543084,0.09661460975652797,0.10317075383899733
0.08404276272606413,0.13178316611341248,0.09692944228618187,0.10346623510729763
0.0837446820863911,0.13183644348776324,0.09724150841795055,0.1035902264657133
0.08346313218223603,0.13189955540277382,0.09752445788368384,0.1035762112155899
0.08321526803140653,0.1319883081693123,0.09775469371624908,0.10346755845609235
0.08302515027151652,0.13207897494446016,0.09796448105132541,0.10334870169491253
0.08286497638348438,0.1321777163789545,0.09820104648886355,0.10322015395639164
0.08272079176594604,0.13228125288575915,0.09844003714611316,0.10308611338133049
0.08256873417795213,0.1323853894048248,0.09867942081474858,0.10295457205212755
0.08242571531463708,0.1324859404464291,0.09891679612747885,0.10282888398605873
0.08229264970842738,0.1325776071406312,0.0991594372323256,0.10271190669368671
0.0821691955036014,0.13264967280627538,0.09940615271077204,0.10259538741100799
0.08205592947731612,0.1327335981357202,0.09959079354120394,0.10238293643693296
0.08197710577290805,0.13281590533494103,0.09967396701772842,0.1021637779149643
0.08192116428315573,0.1328703394371623,0.09974622292287155,0.10195232115028083
0.08180856017900594,0.13291315263570405,0.09981315488851664,0.10174101648974426
0.08168161263801245,0.1329565934393355,0.09988521312841601,0.10154206583546489
0.08156447627019801,0.13300314949740705,0.09995803950434165,0.10135669796963312
0.0814552799058047,0.13305496494553096,0.10002966549338828,0.10119166611884506
0.08134838154505683,0.1331068086868395,0.10010534582278521,0.10104627482585797
0.08124772736667157,0.13315875205794464,0.10018169157938211,0.10093057910266649
0.08115736469383285,0.13320884833822375,0.10025461614248368,0.1008194328804734
0.08105852267953532,0.1332583449703332,0.10033545622681324,0.10072183010755308
0.08094923581616674,0.1333281645026622,0.10042484739986532,0.10063735577565817
0.08084067515465218,0.13340178356116236,0.10049929743949375,0.1005519001062326
0.08073863695717896,0.1334758784144154,0.10057323247845658,0.10046640022043823
0.08063124001681762,0.133548525320997,0.10065462047132949,0.10037973773622512
0.08051133928047198,0.13361852390773535,0.10074318736044258,0.10029285095518295
0.08035990342110925,0.1336535651653289,0.10083938421822748,0.10019666953222921
0.08021103632178016,0.13359550092376093,0.10094247452169457,0.10008379563348961
0.0800661753838463,0.1335445924158095,0.10105027869525385,0.09996979861027658
0.07993522590400705,0.13349373772051637,0.10116061375621281,0.09985166276810559
0.07981110675399052,0.1334403418409685,0.1012684755034952,0.09974907319252235
0.07969397441769574,0.1333810405424298,0.10138977408530091,0.09965919707554238
0.07960051809106711,0.1333140896398286,0.10149227459951654,0.09956644803302203
0.07953382012879157,0.1332392074066125,0.10158033107204628,0.09948393791674993
0.0794691955126311,0.13317227494391118,0.10167110223448327,0.09941336523489244
0.07941895972358785,0.13310058771398886,0.10178128943138004,0.09934163624457416
0.07939132961057455,0.13302736240414784,0.10190649731867453,0.09928934252011741
0.07938223895979106,0.1329503458286649,0.10201535198080203,0.09928225863690991
0.07938639677274345,0.132874626543577,0.10211277103452926,0.0992995177297767
0.07942058674421956,0.13279828786193282,0.10219917417764075,0.09931334106467853
0.07945626908001617,0.13271557191510486,0.1022804884539908,0.09932694551820007
0.07949231270670068,0.1326276225574297,0.10234900334207034,0.09934264373276905
0.07953554337698775,0.13253500049361727,0.10241260854335277,0.09935990457865775
0.07959897814070177,0.13243796050943826,0.10248872035328693,0.0993662384279973
0.07968680294002199,0.13233649834231004,0.1025670170604259,0.09938086957104199
0.07982278484250878,0.13223155974137416,0.1026401785576936,0.09940459359240315
0.07997095355900134,0.13212356707491538,0.10271833830545608,0.09943497084241687
0.08014549295843726,0.13201299156129165,0.1027839992076219,0.09945389150242061
0.0803260720864905,0.13190190120115705,0.10280157513056594,0.0994514667749041
0.08051228830733516,0.13179029588769986,0.10278018587692228,0.09944761606197582
0.08070494682288422,0.1316745770652349,0.102759179714748,0.09935751696087354
0.08090978515682715,0.13157766778641944,0.10274077760672892,0.09924070153928131
0.0811260950839892,0.13148328265848339,0.10272364561442517,0.09910455875357296
0.08135405283394005,0.13139868545047495,0.10270806299432847,0.09898052040997149
0.08159976648295147,0.13131367868159532,0.1026945153968653,0.09886629683855278
0.08185622688518464,0.13122853540522153,0.10269082505751528,0.09875264591752364
0.0821335617712807,0.13114390900165146,0.10269101958274988,0.09863883853681028
0.08242868239063954,0.1310605882524675,0.10269416914350742,0.09850684156178915
0.0827362484833322,0.13100022586405002,0.1027122464052237,0.09836186606602482
0.0829988891359134,0.13095900719808887,0.10274563450892096,0.09820989082757935
0.08311293425824916,0.1309189527534243,0.10278275044791428,0.09805548397606646
0.08323001632133299,0.1308820797536227,0.10282341328895175,0.09790504250291335
0.0833780818265437,0.13084868277606812,0.10287181197469247,0.0977609008849994
0.08352704438346897,0.13081523556973085,0.10292496085230181,0.09762550447087473
0.08367473089181426,0.1307796158498787,0.10295874443677856,0.09748312162321449
0.08380594286208698,0.13073498886933843,0.10294793459356796,0.09733543023799394
0.0839267673290277,0.13068904277782836,0.10293606987330402,0.09716993055598416
0.08404085490832902,0.1306785078155187,0.10292163854615433,0.09698668058567295
0.08414190869650327,0.13067924151764446,0.10290633587616058,0.09679096807213344
0.08421202229295824,0.13068650151962596,0.10290694518890695,0.09658153551515317
0.08428894041927229,0.1306999221895303,0.10289918037527143,0.09637362717482648
0.08438609048983875,0.130719073303737,0.10291246513588406,0.09620125317461083
0.08448001132883981,0.1306869064169803,0.10292359201097004,0.0960372520230918
0.08453882424365156,0.1306343201656243,0.10291459957102574,0.09588960646318297
0.08450940781151234,0.13057360179073205,0.10288957304403369,0.09575515277406368
0.08441981918428994,0.13052580026213423,0.10285951929568053,0.09562219763602983
0.08432648133747654,0.1304627836052693,0.10284285368355932,0.09548899614009929
0.08422255118155246,0.13039574223227898,0.10282558910454666,0.09538103435693923
0.08412273029667182,0.13033927362788605,0.10281056276071183,0.09532256895675006
0.08408072385215269,0.13028457953160089,0.1028010485250675,0.0952697184861742
0.08400313551714829,0.13023183744847414,0.10281334853284257,0.09522744106362262
0.08385695512442846,0.13018025689600513,0.1028279220599434,0.09521119304048786
0.0836744931990425,0.13013243982402173,0.10284547890695256,0.09518305283109196
0.0835222866972299,0.13008492994485582,0.10286379439051002,0.09509244391197876
0.08339588108104524,0.1300252322554072,0.10288117109203856,0.09500935076673085
0.08327226150625879,0.12993042655966494,0.10290727911521794,0.09492322836713436
0.0831717170649232,0.1298447635009618,0.10293799003894484,0.0947930127777881
0.08307223952299159,0.1297480084110588,0.10298105154060515,0.09466000044658088
0.08299294673205049,0.12964003566929092,0.10304787170838275,0.09452005485671269
0.08291868415748545,0.1295336151875132,0.10313624590612312,0.09441893908783526
0.08286318445758024,0.1293646159254142,0.10324351122697756,0.0943080890267451
0.08279746449076733,0.1291823849559341,0.10335124725712383,0.09418238559824284
0.08272448442949022,0.12899796142203185,0.10345807527636217,0.09404197668174766
0.08264122401419681,0.12881053147573307,0.10356064775381185,0.09389200191984721
0.08254277901568503,0.12858816782756405,0.10367068255626784,0.09374089874938712
0.08245219143177884,0.12835803214164254,0.10377523347186175,0.09361667714809742
0.08236583670468521,0.12812435336475111,0.10387055958284949,0.09349769163634558
0.08229300905462304,0.12786982432367053,0.10396604983460496,0.09340171665159672
0.0822224384472264,0.12758201079189543,0.10406026989673688,0.09332639609908219
0.0821512257862623,0.12728205009388188,0.1041499247567659,0.09328643964019516
0.08207865618878074,0.12698385131538073,0.10423348598430225,0.0933062682083231
0.08201760816663813,0.1266869871126563,0.10432014400105634,0.09334332552390696
0.0819390927420256,0.12638906361909466,0.10440155714933912,0.09326064759868459
0.0818351197980381,0.12609585679785323,0.10448656397173586,0.09316607875098204
0.08174572629563158,0.1258084714587006,0.1045627926638715,0.09306861807848282
0.08167198385638347,0.1255256856009334,0.10462941804315451,0.09297255910555761
0.08161607842003976,0.12524668265918804,0.10468565739847054,0.09289199943828094
0.08156215013015732,0.12497968652477005,0.10473111704819285,0.09280449543332599
0.08148834664931406,0.12472229774010708,0.10476835468607357,0.09270414738487866
0.08141044606564675,0.12447770942834444,0.10480002522545744,0.09260752151723196
0.08134171031935265,0.12422583655137645,0.10483021754499483,0.09247116542954648
0.0812620752918348,0.12397924429307695,0.10485349056417163,0.09231597346420901
0.08118715149919971,0.12373583592151662,0.10487038417797971,0.09214517015747423
0.08112822926040628,0.12349314178621942,0.10487866559739185,0.0919598533771146
0.0811085806974987,0.12325751478139914,0.10487896699340983,0.09174932433898189
0.08110527074202101,0.12303655496276131,0.1048722102416207,0.09152116850331166
0.08111558105491427,0.12281639386773611,0.10486047926720561,0.09128412600395833
0.08113936074375531,0.12259948846363473,0.10483668096929791,0.09103856094569861
0.08115652173888263,0.1223896480225598,0.10480953827001495,0.09079505217873815
0.08115692236080346,0.12219632973364193,0.10477929823063054,0.09057756579673164
0.08117851692719844,0.1220152215286106,0.10473378514220794,0.09037573989879147
0.08115524839292325,0.12184114209026856,0.10468534877827554,0.0901921171457541
0.08112185618690697,0.12168873732342285,0.10466312983791429,0.09001528318545741
0.08109776701324833,0.12155841162857182,0.10463049822994142,0.0898444850233518
0.08106672843989969,0.12143479405009232,0.10459299098865234,0.08969545037914439
0.08102301035377028,0.12135030961117763,0.10456205685346709,0.08957416071569194
0.08097823604096732,0.12129650021824953,0.10455167022156561,0.08945741694752725
0.08093277771428743,0.12124917331489272,0.10454706396854968,0.08934554029511158
0.08088748838944101,0.12120759050639893,0.10453942204328813,0.08926057075258349
0.08084099157179664,0.1211686078509395,0.10452900227788921,0.08920956479803985
0.08081857329943687,0.12113632075557255,0.10451602584434574,0.0891726576166357
0.08080134816163764,0.12110677087842389,0.10450284887996138,0.08914616721517078
0.08080553639672636,0.12108583132822918,0.10449258312933504,0.08911887307293137
0.0808304445742706,0.1210655046332387,0.10448005242585856,0.08910115100518629
0.08087443346003546,0.12104833849869233,0.1044663709370822,0.08905708761143617
0.08093312652578942,0.12103687281567514,0.10445510382548272,0.08897489587946979
0.08100405018918155,0.12101349903695806,0.10446661146451221,0.08889487288296803
0.08108320831280147,0.12098583200023656,0.10448144240111307,0.08881649888949358
0.0811838418795741,0.12099656981033771,0.10447144682726951,0.08873743108007177
0.08125568112851164,0.12101122649321525,0.1044554735005869,0.08867706061474132
0.08130574310218266,0.12103173152447438,0.10443811085323479,0.08861576089286172
0.08136711725604598,0.12105782966411488,0.10442027445853864,0.0885437450876301
0.0814673060880573,0.12108278844241718,0.10442293580389993,0.08848077445775247
0.08152364035863718,0.12110725916970276,0.10445310762034639,0.08844883528823787
0.08154432580753056,0.1211421278352739,0.10448261416468678,0.08842016759655016
0.08155390406801451,0.12120227988655424,0.10450576232793699,0.08838282117975382
0.08155381006732611,0.12125458392437616,0.10452219592200475,0.08834036876198322
0.08154944441659139,0.12130558373157706,0.10453851689010848,0.0882854540230934
0.08156189517338192,0.12136081692227373,0.10455454720585142,0.08820351044576397
0.0815832022110421,0.12142091516826745,0.1045702079368389,0.08811998629483866
0.08163665504759099,0.12148247223558868,0.10458790875501259,0.08801821418742022
0.0817375775004775,0.12154536524128587,0.10460525623470472,0.08790115669964223
0.0818405192298829,0.12161928176916052,0.1046315077006044,0.08775745042888539
0.08194024114257105,0.1216916157151242,0.1046601396775923,0.08757890142061872
0.08202589754754189,0.12176216580748749,0.1046578242119617,0.08739640473854726
0.08211324322149426,0.12185155755223702,0.10465405219324195,0.08721443299965335
0.08220062959957085,0.12192963609417594,0.10464786322869951,0.08702878436705602
0.08228358270467641,0.12199704688014797,0.10462297713355194,0.08683521816105363
0.0823677866470894,0.12206855337433707,0.10457432049273847,0.08663080753704629
0.08244094952815748,0.12213594346453692,0.10450795131178159,0.086416447674851
0.08249351878683392,0.12219161243754696,0.10443107756469941,0.0861909627113976
0.08251869894402741,0.122237058950864,0.10434659478597215,0.08595367773443902
0.08253395374670791,0.12228450683922383,0.10425435489113519,0.08571462449340544
0.08255110765550816,0.1223484587630784,0.1041539715012089,0.08548236223133418
0.08256658843119172,0.12242167812009083,0.1040431518937187,0.08524926007970982
0.0825904815093285,0.12249738869842054,0.10392664128666722,0.08501458625070633
0.0825940664614296,0.12257854993651729,0.10382450053945365,0.08477789567835348
0.08259916281633219,0.12266193607557815,0.1037152833219409,0.08454161494294778
0.08261247710909159,0.12276014602255778,0.10359281535519052,0.08430645774130377
0.08262849810133131,0.12288028029332565,0.1034705169774447,0.08406838558189805
0.08266619481947399,0.12300185885556243,0.10334868202385858,0.08382181881557635
0.082719698809805,0.12312371631740777,0.10323062584865385,0.08353765528149763
0.0827677548707798,0.12321422076342849,0.10310652213798531,0.08325098374161849
0.08281788396924143,0.12330050587107116,0.10297498134807241,0.0829656923767056
0.08288496932012934,0.12337142933883308,0.10283908610797325,0.08271629527582826
0.08298105542664473,0.12344098799549727,0.10269861788472122,0.08248607747274152
0.08308068436072223,0.12350461637499184,0.10255689725666056,0.0822735573226059
0.08318344852013479,0.12355559800992368,0.1024256392919686,0.0820767350214978
0.08328909308731071,0.12359629122176434,0.10227428780076879,0.08191062199610231
0.08339036782934589,0.12365872454081892,0.10211612205142391,0.08175928704989832
0.08347907020024241,0.12370812373120625,0.10195760014712357,0.08161398623714952
0.08356161926543966,0.12374351073368693,0.10179466542665101,0.08147424776960574
0.0836169014519757,0.12377530157325524,0.1016290794312861,0.08134196364737137
0.08363346962597527,0.12381574652815994,0.10146233119042689,0.08122622694388637
0.08362472294988187,0.12384795587638214,0.10130201071122162,0.08113661234430856
0.0835932540593246,0.12388031971370339,0.10115020645280595,0.08105567852511232
0.08348518173986147,0.12391187561539718,0.10099845852301009,0.08098808430852732
0.0833584050548549,0.12393962128641983,0.10084599979507619,0.08092966302107549
0.08322739172794864,0.12396248091412097,0.10069756939505832,0.08088019544733743
0.08307437396615973,0.12397822978359253,0.1005492205404968,0.0808349355804339
0.08289050503716579,0.124013459208176,0.10039242395665297,0.0808087214561014
0.08264336723200098,0.12404997444899754,0.10024390573808564,0.08081147970875874
0.08239875480438533,0.12409083223391758,0.10010157752857662,0.08081762529799952
0.08216528507557075,0.12414823092161478,0.0999708707017832,0.08082938792385894
0.0819277865684123,0.1242088054706485,0.09985256261045891,0.08084287004841201
0.08169637440915335,0.12429809841578543,0.09975774563760455,0.08086264910438891
0.08150020626354028,0.12439594378501183,0.09970105279298958,0.0808951534269451
0.08135184744606147,0.12449045068970463,0.09964625188218618,0.08093192958093834
0.08122483030614058,0.12457627971511315,0.09959306094843362,0.08092263213893203
0.08113899060821574,0.12466794582275999,0.09954155598916253,0.08086336431790316
0.08106511418989994,0.12477602584748461,0.09949174121286992,0.08078435514601913
0.08100223749951949,0.12489626534824586,0.09944358781715924,0.08070597259862444
0.08094982383190034,0.1250177553802902,0.09939688758898618,0.08062290313411921
0.08091172654834108,0.12514362954238442,0.09935592834885772,0.08053998256753869
0.08087453933119503,0.12522641854054278,0.09934538195550549,0.08045738210143974
0.08084125468632027,0.12528348196848796,0.09932686725378545,0.08037481067437123
0.08081667676634233,0.12534257733692572,0.09933007585710435,0.08028558535479526
0.08080107740932592,0.12540323850863144,0.0993390100340748,0.08020603503174988
0.08080878307458866,0.12546663283628764,0.09935056146887745,0.08012442744559291
0.0808278379561127,0.1255474937736043,0.09936282457213488,0.07994107947517401
0.08085605265271034,0.1255079909971923,0.09937479580815949,0.07974907609298888
0.08089941659137785,0.12549054857039213,0.09938574911775978,0.0795583695710901
0.08095021337863628,0.12544527590511204,0.09939501745684753,0.07935951274845328
0.08101289586159208,0.1253853949994981,0.09940710136695939,0.07916141787776304
0.08107831804973725,0.1253001859547086,0.09942981425531226,0.07894451250027508
0.08114104571318564,0.1252024480243061,0.09945215497158678,0.0787320582286616
0.08120351340175547,0.12510101671253174,0.09946343476947718,0.07851696023566092
0.08125925071521369,0.12500132001986275,0.09946281818006346,0.0783029941134332
0.08129861027309361,0.12491750332296159,0.09943898229313496,0.07808379252902177
0.0813877001282295,0.12484707325791074,0.0993982917638296,0.07785828506785335
0.08150224518493078,0.12478684802633104,0.09934267373921847,0.07766479189594933
0.08156513102713024,0.12475840800889758,0.0992805730077296,0.07748645407385828
0.0816354293301653,0.12472756865545497,0.0992157593577019,0.07731296083993128
0.08169239726152583,0.12469329410891572,0.09914628969508325,0.07715251771774793
0.081750349280147,0.12465446429579048,0.09907314387459225,0.07699784462168259
0.08180909907807599,0.12461494623026655,0.09902383924423216,0.0768481830288415
0.08187980909261032,0.1245834042742397,0.09900758827866475,0.07669539938395963
0.08193052190717054,0.1245719945956289,0.09898645538620506,0.0765557679857429
0.08198616645368816,0.12455626053628592,0.0989541221681813,0.07642181664841803
0.08206112479516657,0.12453322379563432,0.09890989549042938,0.07626381917316714
0.08214613566723132,0.12451347289050592,0.09881063428590708,0.07611897010126002
0.08223424307795084,0.12449027213728908,0.09868291293345803,0.07597777687460822
0.08230684025079903,0.12445232886563584,0.09853702032401218,0.07584089499176311
0.08235879205024266,0.12440096978212145,0.09838361496677342,0.07570829452175447
0.082402676546084,0.12433576106126094,0.09823009995922133,0.07557997518787891
0.08244138101826598,0.1242499209528267,0.09809752452842815,0.07544528021338358
0.08247097004311874,0.12414696108787839,0.09797327932421486,0.07530206686711176
0.08248257374438621,0.12400646916916018,0.09786168882061483,0.07517160312780855
0.08247934067058048,0.12385682838996424,0.09775027069298771,0.07502353552694946
0.08245481316909328,0.12369539325689069,0.09764023213804979,0.07486873371255096
0.08246251059202699,0.1235250887183144,0.09753896226436068,0.07471529945318732
0.08251440732957378,0.12334357064790515,0.09742751003511806,0.07457450694477165
0.08258152121576254,0.12315516239313752,0.09730395280344611,0.07440999132490891
0.08261809768476694,0.12295365813917344,0.09719359640391541,0.07422149052951584
0.0826732216022246,0.12273742134766846,0.09710144250742159,0.07401671465648017
0.08276836520238504,0.12252415319970499,0.09702346617702795,0.07383282400153289
0.08286765891648222,0.1222872043242751,0.09694750913966478,0.07362061924129967
0.08296842795208659,0.12202804817805651,0.09687755339240543,0.07339774725973763
0.08309027899213671,0.12176224598883569,0.09681360857291749,0.07318102318032589
0.08322967333946213,0.12153268348501982,0.09675445479226542,0.07297391738933018
0.08336676408433435,0.12129730142077164,0.09671670481619651,0.0727771791239204
0.08352846307573347,0.12106509264613066,0.0966839938406719,0.07259210389397425
0.0837259022180761,0.12084256248130376,0.09666137772526356,0.0724172671443362
0.08392895204574344,0.12062982013738988,0.09665426061478229,0.07225328118477303
0.08412609596180108,0.12041398606565012,0.09663286910751455,0.07210000133284002
0.08432409150214816,0.12019585787277828,0.09654127458035412,0.07196725035045566
0.08451843549355499,0.11997876504651367,0.09644752060255783,0.07187780131351466
0.0847178504461837,0.11976364989247072,0.09635758681154034,0.07178517800729227
0.0849210134106209,0.11954886325197597,0.09628881575935616,0.07168910338144036
0.08511712474159891,0.11933523690347042,0.09621587741521256,0.07159181083089568
0.08531232734925524,0.11914412399791992,0.09613684972953586,0.07148829198925713
0.085536108123678,0.11896879029453611,0.09606145607398955,0.07137589494113862
0.08575949217152583,0.11879735423375756,0.09599036510736668,0.07127652099862306
0.0859769657145174,0.11864506071103308,0.09591840109605966,0.07117788067351277
0.08608156643906059,0.11851230695659877,0.09584359512595643,0.07108203214454487
0.08616447981154435,0.1183990092042184,0.09577620639542467,0.07098852039396689
0.08622781978647678,0.11828954775615308,0.09573537061903493,0.07089722682759822
0.08628571098049859,0.11819542643943141,0.09571089882381975,0.07081092499383425
0.08637479288916812,0.11810594122546175,0.095680716679724,0.0707363842155013
0.08647174934470371,0.11802148580134443,0.09562855761832505,0.0706844734442285
0.08659527978686084,0.11793701839019774,0.09557274608120304,0.07064214628657176
0.08671568262502453,0.11785410474006072,0.09551905663510044,0.07060863435686084
0.08684925084721741,0.11777417134875606,0.09547168782701805,0.07058733618971827
0.08698962828730444,0.11771571484229898,0.09542886530036153,0.07059168181832287
0.08713450195305109,0.11766567024620332,0.09538327062813688,0.07065838173273727
0.08725667093642614,0.11761632053487552,0.09536184216415858,0.07074852015655621
0.08730656753305417,0.1175672259019841,0.09534685715622371,0.0708511848342474
0.08738800503055065,0.11751810960289388,0.09532747210693664,0.07096693142821318
0.08748052151315436,0.11746848813024885,0.0952991007932455,0.07108526079898675
0.08756463183465132,0.1174168327374286,0.09527774793550658,0.07121155787876499
0.08763761584217002,0.11736657463307296,0.09524882666989769,0.07133898505737904
0.0876891833550273,0.11732242845730648,0.09517353742206944,0.07146976906208935
0.0877298904777286,0.11727580241965527,0.09507610681138638,0.07161228697683875
0.0877656939476854,0.11722933945978277,0.09495282660703135,0.07174849449152382
0.08779383994322175,0.1171803545858653,0.09482354917363299,0.07181878445996079
0.0878643506034187,0.11713669601485505,0.0946810856298784,0.0718457426870953
0.08794544760489524,0.11710423916108371,0.09451739318951236,0.07186329665704086
0.08799928733014059,0.11707463594038967,0.09434367998037547,0.07188326782316785
0.08803993210390586,0.11704834045123369,0.09417041928700193,0.07190411929664374
0.0880836507097058,0.11702583196252647,0.09398938610664907,0.07190838797552139
0.08812726195415437,0.11700640557380858,0.093852189289601,0.0719343462348968
0.08813936890962387,0.11698656675213602,0.09371523023224744,0.07197932509538718
0.08815987169584934,0.11697382444287703,0.09358541814012708,0.07203764444444079
0.08822086472734293,0.116984206412623,0.09343078887902456,0.07211420594124887
0.08829246595992601,0.11699822334569314,0.0932305309443842,0.07219752132524151
0.08837019590816916,0.11700069726391872,0.09302471272435046,0.07228834333677366
0.08845120353813528,0.1169955236152457,0.09280846787279008,0.07238507439608186
0.08853185830223695,0.1169925834489016,0.09258302034744162,0.07248644762540728
0.08859765805775724,0.11698664220620142,0.09233172871015663,0.07260428892465093
0.08867310876197797,0.11698797205151205,0.09204321038784818,0.07273307968805175
0.08874813842902417,0.1169959090404797,0.09171945353713185,0.072848589657168
0.0888220187238788,0.11701258892414865,0.0913861377743574,0.07300158958894702
0.08889242155997672,0.11703588023652164,0.09105568040457646,0.07312165710572986
0.08897126665899818,0.11706166263131994,0.09072674183804445,0.07323417921608591
0.08905440369867738,0.11710168075793742,0.09039638580709902,0.07330559131756464
0.08913697083197018,0.1171951187962339,0.09006753861286673,0.07332330436360766
0.0892121617391659,0.11729602824780501,0.08973356610394707,0.07326119452700165
0.08926784193180452,0.11740333200216341,0.08939920537537217,0.07319205889682187
0.08929413911282637,0.11751467957210596,0.08907903471228842,0.07311032618884022
0.08931983881568056,0.11763008216191384,0.08878183442330109,0.07300429004151836
0.08935743414833684,0.1177559011511971,0.0885017918996933,0.07293128915673336
0.08939561971749312,0.11792550044398994,0.0882359141073503,0.07285177554443348
0.08943580731578199,0.11811361844069856,0.08798109301863799,0.07273672454341207
0.0894790399524651,0.1183030073773431,0.08773475797589676,0.07253766827415115
0.08950345556581171,0.11849397403232481,0.08749429272365405,0.07234318960574507
0.08950264189605354,0.11868626026146563,0.08725939406270834,0.07209992820202392
0.0894215319446735,0.11888034803935968,0.08703043845243306,0.07185213191827423
0.08931798009818835,0.1190761988421722,0.08680141594272026,0.07161001352436719
0.08922750392793063,0.11927678844404775,0.08659080298080017,0.07138091437078405
0.08917971892011617,0.11940377626872622,0.08639252471183531,0.07113284411359448
0.08916687356324118,0.11951458568175063,0.08621722192053537,0.0708848162208472
0.08915907350004043,0.11957140699479692,0.08605807115803027,0.07063856993239714
0.08915701313392872,0.11961415834035094,0.08595247641615815,0.07040618382415126
0.08916399911489045,0.11965931686754308,0.0858569437227373,0.07018975294090248
0.08919338418674072,0.11970585784055231,0.08576367078802435,0.06997929780323286
0.08923652465612973,0.11974971475060422,0.08567687939883983,0.0697829310947196
0.0892472340092541,0.11979864465944962,0.08559143124202259,0.06959337146459307
0.08923865287561394,0.11984869837151875,0.08551147450735348,0.06941987162447916
0.08923136025590517,0.11989805340935784,0.08542972521213997,0.06925647523088578
0.0892283906883062,0.11994714523072897,0.08534910901434363,0.06910911562062769
0.08925019458207133,0.12000730736646073,0.08527369150472912,0.06898636460866285
0.08927752127984093,0.12006745028604943,0.08520381722341373,0.06886996554017771
0.08930484510154818,0.12012764120912581,0.08519479784215438,0.06872259875877874
0.08930943927516573,0.12018614313839798,0.08520892281047962,0.06852955327435396
0.08929728876203856,0.12024332978266218,0.08523174427972341,0.06831767215956445
0.08929759761587948,0.12029950244065529,0.08526258673002901,0.06810488507955044
0.089307816966368,0.12033153847634677,0.08529544464478689,0.06790353118596949
0.08932495802833919,0.12038952104699761,0.08533350052145759,0.06772855334746543
0.08932923168202629,0.12044990577922765,0.08537691497382875,0.0675879828012208
0.08932445624203605,0.12049624340020476,0.08542411531924061,0.06746366992547646
0.08931512552220071,0.12053654447601185,0.08547196174623384,0.06737447371260293
0.08928367316782958,0.12057573502952267,0.0855113955135305,0.06731934291469067
0.0893131494772103,0.12049579937005767,0.08552881815225674,0.0672979859350229
0.08935594648607677,0.1204173122971432,0.08551519810742232,0.0672944349551282
0.08940600628268244,0.12034224027899673,0.08546561402642734,0.06731706620810789
0.08944380268738004,0.12028424075714887,0.08540984747639607,0.06735589990395272
0.08946067861845075,0.1202321552727929,0.08535663894389098,0.06740844766894567
0.08948206228512438,0.12018347908266203,0.08530846550439351,0.06749102767727404
0.08952759973571386,0.12013846414736686,0.0852572188531003,0.06761451120722159
0.08959648986684439,0.12010427723598663,0.08521192361630713,0.06775618896352241
0.08970057794618905,0.1200756339422722,0.08514861442301531,0.06792448062426008
0.08981901272650321,0.12005747916296924,0.0851144592283474,0.06811093988152915
0.08995469324262018,0.12004911618670874,0.08508780681458608,0.0683003400306174
0.09009686573518202,0.12004364730322512,0.08505476064540972,0.068489279605405
0.09026002075753171,0.12004058117888153,0.08503598212273002,0.06867216612454399
0.09042771354760522,0.12004251468035641,0.08502810953523346,0.06884799749269416
0.09060619442145172,0.12005041466090524,0.08502441909385346,0.0690084568516712
0.09081440951965411,0.12000972811640638,0.08505454140032198,0.06915192206469666
0.09102545574220018,0.11987044725791896,0.08509366719850327,0.06924670296837096
0.09120183847589328,0.11968429457445312,0.08513536580443362,0.06932142093740869
0.09137677094387532,0.11948745560904311,0.08516993901456185,0.06938400232967269
0.09157276331472035,0.11928679581861747,0.08519662991652788,0.06942781323234962
0.0917650212461935,0.11909466897030815,0.08522649241123165,0.06944843849279894
0.09195123844327036,0.11892676961434802,0.08526885720500718,0.06944795306034975
0.09211349515103383,0.11877786292718075,0.085316017905309,0.06943001578213343
0.09221553359400245,0.11863491864852026,0.08536877538476526,0.06940112349347749
0.09229718726932318,0.11849727776382461,0.08543858859767783,0.06937355513975836
0.09236205563669547,0.11836510018290754,0.08551595704591416,0.0693544629601984
0.0924063287578771,0.11823860440057019,0.08559972570277007,0.06928262910872697
0.09240782377543638,0.11811361180479873,0.08569408939468483,0.06918050961305561
0.09237320313577507,0.11799402195057716,0.0858006022909027,0.06908381727305636
0.09231241594436136,0.1178708231140312,0.08591289275144079,0.06902148394517038
0.09225069707494689,0.1177584569091905,0.08603661862840015,0.06898110822730634
0.09213818874381625,0.11765377670346762,0.08616373440215919,0.06895099332900016
0.09199199230322255,0.11755485313548267,0.08629738800033976,0.06898298335301224
0.09182036391132826,0.11743633874028415,0.08644725589438072,0.06900847347097003
0.09156912016900672,0.11725400901505871,0.08659977713801661,0.06899228558825977
0.09125933136265618,0.11707706240031772,0.0867733013569483,0.06893742951430412
0.09094855127275465,0.11690626732965465,0.086951837076618,0.06892440823187752
0.0906425880180197,0.11676214303475392,0.08712635997277723,0.06888926885996978
0.09034136263590267,0.11662242492147458,0.08726424158549685,0.06886882028241208
0.09005202307447575,0.11648927062622946,0.08723171493277763,0.06885343479831478
0.0897509187328658,0.11636165779120439,0.08717201889976518,0.06884953695888041
0.08946095702794402,0.1162384654381683,0.08710234392925793,0.06884450742145573
0.08921682990757321,0.11611914865896514,0.08703048317138602,0.06886863676482052
0.08897581768961568,0.11596073050806856,0.08696216962615018,0.06888007585345336
0.08873038227577723,0.11579839229781182,0.08683284664125301,0.06890170310974465
0.08848250707942285,0.11563643604636825,0.08669928757278532,0.06893330807269923
0.08821983006570625,0.11548149580928528,0.08658349619081462,0.06901134592113728
0.08798985613844444,0.11535605007400093,0.08646465689276299,0.06913111048064585
0.08777552743437118,0.11522089250616704,0.0863433216508005,0.06922853470257549
0.08755098345442701,0.11507991666395681,0.08621879297274342,0.06932240978117918
0.0873155131341299,0.11496186570838342,0.0860950904181982,0.0694162541434865
0.08707016085355872,0.11485764592054085,0.08596887856329859,0.06950014859127773
0.08681737567181734,0.11474991752552033,0.08582934774266578,0.0695592382875449
0.08657461050074182,0.11465131449706982,0.08568816964309757,0.06961177484782528
0.08634921781706367,0.11455087091779348,0.08554875424249027,0.06964771340794743
0.08612379171835205,0.1144507330111322,0.08540366714083557,0.06966399344448566
0.08590394867554547,0.11435148383346891,0.08525618474904488,0.06965900409220314
0.08569384188210384,0.11425367472475122,0.08512246369931559,0.06963062017296498
0.08550058836451382,0.11414102625109068,0.08499844377763732,0.06959214153430338
0.08533291061348788,0.11400967690563951,0.08487953906597626,0.06955258037212055
0.08517563537535215,0.11387786975849384,0.08476613577167233,0.06950685203667296
0.08504542811152195,0.11374423116884363,0.084649433136456,0.06941023705697986
0.08492615083824354,0.11362431984597465,0.08455455805525845,0.06921245078759347
0.08483344199322114,0.11351616130148172,0.08445531824469404,0.06895814318897953
0.08475063641436076,0.11340573136108542,0.08436316889347607,0.0687100733448438
0.08467783178966475,0.11329159169535129,0.08430056425177382,0.06848229834011797
0.08461538533989871,0.11319183695608698,0.08426417569459187,0.06825797013599005
0.08456223323515825,0.11311167022941987,0.08423615801429056,0.06803665710544836
0.08451778246612414,0.1130334978616036,0.08421657327279536,0.06784093755987108
0.08443883965684444,0.11295051528771115,0.08420653062509666,0.06768069805290791
0.08433163483814081,0.1128682581715166,0.08420657054812604,0.06753406107966464
0.08423637926569676,0.11277888985814698,0.08421038854057762,0.06741946995413274
0.08415637464252089,0.11263766720013578,0.08423345078892444,0.06727874200140527
0.08409182791382838,0.112479112878736,0.08427585909023749,0.06714302782380233
0.08406125480849272,0.11231985463421663,0.08432180460142129,0.06706151915618529
0.08406343682222941,0.1121630226879678,0.08437112477402256,0.067026963044116
0.08407910556976883,0.11201415886172283,0.08442159489266926,0.06700145221901577
0.08410204544108282,0.11188795135074918,0.0844700274962231,0.0669859485729407
0.08413940114954578,0.11176755211878596,0.08451138410003105,0.06697768436775418
0.08420709876332204,0.1116570059575571,0.08454582843204918,0.06697568402827551
0.08427843249475846,0.11158113290744094,0.08461151594782244,0.06700912517011025
0.0843304516707889,0.11150612353534463,0.08466439277762933,0.06707171242731105
0.08439656531036863,0.11143209521397199,0.0847023346036391,0.06715516313005175
0.08448007881180591,0.11136066246471445,0.08472963496496372,0.06727797559842019
0.08457673044390675,0.11129122626758864,0.08474828723197352,0.06739742533629121
0.08468533819523617,0.11123150942706052,0.0847599834630346,0.06753059542940719
0.08478643762561429,0.11118767033486927,0.08472280678958988,0.06764607227312416
0.08488722739893645,0.11114783328441366,0.08464321505126639,0.06774115652650017
0.08498045505802197,0.11111210742220748,0.08456469732562674,0.06786266357429642
0.08509879609426252,0.11108124804247853,0.08448367099213865,0.06800236924624661
0.08523409753773906,0.11105541535840713,0.08441382143984187,0.06821448638723975
0.08537378587696189,0.11103517030342762,0.08441726480560452,0.06837509179615776
0.08541075545609605,0.11103956614204719,0.08444230435857704,0.06850023807157651
0.08543073116950049,0.11106759922717566,0.0844951264305943,0.06862439887602617
0.0854608036813393,0.11112353631030952,0.08454592448648512,0.06871898511476197
0.08549506867996835,0.11117716528251724,0.08457423095594395,0.06879872025908054
0.0855445046140625,0.11123143950937675,0.08461188636770921,0.06887487247394992
0.08559829585138207,0.11128992772163845,0.08464120925887318,0.06895367828412198
0.08558919149789786,0.11135244198767318,0.08466833792351643,0.069079074443676
0.08559125897693214,0.11141848813441155,0.08470989960637149,0.06923105591155458
0.0855896056691252,0.1114930785081722,0.08476557795971917,0.06940175255086348
0.0855833825554631,0.11156740570389885,0.08481578821795444,0.06956024247135299
0.08553511863987914,0.1116382619523043,0.08484436258845213,0.06968813803093252
0.0854489621162881,0.11171493602933955,0.08484069384315332,0.06978070214610192
0.08535819818435353,0.11179444963075712,0.08483619511098767,0.06987712242217967
0.08525586440297621,0.11185772747368374,0.08484707937886839,0.06999440694412629
0.08517348756647347,0.11190642577641254,0.08486883516376653,0.07015519490352153
0.08506734003309628,0.11195594826024462,0.08489957141949536,0.07032187921292823
0.08492259449079015,0.11200702664625031,0.0849306985353235,0.07049759325282881
0.08477714420913329,0.11206514176595325,0.08496457121848645,0.07069060257085856
0.08462482127413269,0.11214140044196959,0.08500140185640868,0.07088271748515189
0.08446059203390374,0.11220692503959578,0.08505075956522822,0.07109173461435336
0.08429333771544258,0.1122704182562557,0.08511569719709755,0.07131096528091967
0.08412519329473266,0.11233326094755719,0.08519826714783911,0.07155014234368157
0.08397586138182007,0.11239188070468834,0.08528040510215769,0.07181769286847825
0.08387448143616191,0.11244150124619802,0.08532720893347909,0.07207066513441152
0.08377714136708794,0.11247293537183146,0.0853845382698747,0.07233822258762095
0.08369370231089264,0.11249900483000896,0.08546023139882375,0.07261013929153695
0.08365245872435284,0.11251868493911535,0.08556788477000284,0.07289481368851886
0.08360434584932153,0.11253089435040957,0.08568503732933444,0.0731500600072213
0.08355276470097625,0.1125513947261395,0.0858170788557927,0.07332214428182075
0.0834945377861749,0.11260087147055557,0.08596361771591145,0.07350407286049891
0.08343940370663548,0.11263917478942757,0.0861323127721367,0.0737303608551019
0.08337051158433939,0.11266441262884756,0.08633406005308028,0.07398798778606827
0.08327767241511914,0.11268021641359857,0.08656021911176623,0.07426277716345693
0.08318264204657633,0.11267717948680579,0.08679664644886624,0.07455611830586872
0.08308035637742087,0.11266485494998145,0.08704275492359327,0.07485269397212937
0.0829272878155515,0.11264227438245678,0.08729703650098831,0.0751223131154542
0.08276840828027855,0.1126110017611721,0.0875696340252802,0.07538514245594277
0.08259960452620592,0.11259864701390784,0.08782281350568336,0.07565376969587688
0.08240997003441389,0.11258397210741233,0.08806681641376544,0.07592485449246855
0.08221621683044712,0.11257343225689061,0.08830130178690714,0.0762173161101616
0.08200616603479173,0.1125645271970066,0.08854105286733839,0.07651609548616345
0.08175869446286657,0.1125504781779263,0.08878569649781977,0.07680806881521657
0.0815071238436985,0.11254068351746223,0.08903149134854157,0.07709369585279002
0.08125041064098189,0.11253061842567381,0.08925013032675701,0.07736494441732186
0.08098812800005177,0.11251919556658861,0.08939891507482728,0.07761608397989966
0.08076239778357427,0.11252761071617917,0.08956353490484266,0.07786343698369129
0.08053714768756287,0.11255098250462679,0.0897331883454907,0.07806734095037823
0.08030859558899277,0.11256527219809823,0.08990599491429245,0.07827347950285832
0.0800410769277161,0.11257406281862596,0.0900773608975956,0.07848354934983448
0.07975440951692193,0.11258659489714445,0.09023795217527293,0.07869692237053268
0.0794759573841959,0.11259952941596284,0.09040123187147557,0.07887852882554373
0.07919881685803436,0.11260149223032095,0.09057321541004279,0.07906843749022957
0.07891586832756438,0.1125978498481649,0.09074698561392065,0.07925248526455393
0.078626866330965,0.11259678606231524,0.09091956243573045,0.07942018786492284
0.07834130097956042,0.11260166296635746,0.09109009404938731,0.07959073981397255
0.07809034041458073,0.11261857826273652,0.09125757889624758,0.07976839259094032
0.07785776323481135,0.11263601875202252,0.09142274201257994,0.0799623458563239
0.07764494269184659,0.11267318084771558,0.09158482970683053,0.08014004840872786
0.0774559518304587,0.112726829527707,0.09174666313158124,0.08025694940397905
0.07729818763245502,0.11279596855723771,0.09191135820496243,0.08035428757386104
0.0771593832024521,0.11286565483857601,0.09208173210331912,0.08044717163769173
0.0770347040905032,0.11293892139962214,0.0922585281492889,0.08055242397707446
0.07692853876916393,0.11300795212845018,0.09243359804075577,0.080677150242862
0.07683675946511687,0.11304774609821289,0.09260433809703184,0.08081138038660073
0.076758948866368,0.11306786399235356,0.09276507167056355,0.08092737348737691
0.07669502155983456,0.11308447385303644,0.09292052618891374,0.08104280357734947
0.07664489478886911,0.11310278947617024,0.09307265557743703,0.0811280340579362
0.07660837214480369,0.11312614220352522,0.09318239536565551,0.08118244571090819
0.07659188384542631,0.11315689499342366,0.09329047733637694,0.08122888346609868
0.0765776706124002,0.11318824505163595,0.09340870949019109,0.08124660238413423
0.07657450489845752,0.11321112060129145,0.09353630899573494,0.08126722506115662
0.07658124113005096,0.11322468267008552,0.09365273825344911,0.08126153357463303
0.07659664098444295,0.11323327219613251,0.0937564491626782,0.08122569313081905
0.07662203646457934,0.1132454472870326,0.09385707658300381,0.08118822731226004
0.07665073748816756,0.11326222060416517,0.09394970528153809,0.08114306237188464
0.07669573476891027,0.11327339438107094,0.09403593234082715,0.08109436117933101
0.07673588733639437,0.11327967636225166,0.09412158295458206,0.0810171627005372
0.07676713315392433,0.1132760404881226,0.09420556964846638,0.08088130386305656
0.07677591238905077,0.11326342052821665,0.09430163197774724,0.08074648918843408
0.07678789951274304,0.113242261299742,0.09441736675111072,0.08061660572290356
0.07679577247247343,0.1132105661956172,0.09453437684725313,0.08049544854856844
0.07681022585536527,0.11317765379460555,0.09465182537980024,0.08038238426673322
0.07683218209276099,0.11314114865403194,0.09478489797308169,0.08020065376225281
0.07688009895599168,0.11309906208938961,0.09493863949340577,0.08002983756663526
0.07692906966425295,0.11306074944472293,0.09508671882085665,0.0798677655718782
0.07699391817007026,0.11301891513019947,0.09520770285233164,0.07969097798512546
0.07706393024528313,0.11292603487595676,0.09530283975953262,0.07952468339863429
0.07719026928445703,0.11282858014632491,0.09529282212504006,0.07937867866973762
0.07733781226922584,0.11272773130292615,0.09527529893627903,0.07927015111322352
0.07749903470733013,0.11263073948199387,0.09523745911026053,0.07917966920879325
0.07767173156935925,0.11252932953873279,0.09514651350513832,0.07912575464726108
0.07786586634691849,0.11243173346717364,0.09505814711325522,0.07908329421799108
0.07808146403089052,0.11234904199352186,0.09497634485371073,0.07905832891159044
0.07830225208152375,0.1122625415586127,0.09489622514412793,0.07905387568802394
0.07853978059512041,0.11217224015327312,0.09484078138457591,0.07907798505643412
0.0787884194637531,0.11207815899895118,0.09477639235378615,0.07911595019626043
0.07904755766600191,0.11198906351325322,0.09472842971239509,0.07917580992986104
0.0793169736936558,0.11192750813339906,0.09470122203443068,0.07925807034041259
0.07959562921541422,0.11186825523707332,0.09465990470836795,0.07929463982246124
0.07988260047950184,0.11180582033676358,0.09458027282350269,0.07933268254607106
0.08017825947364572,0.11174018277351724,0.0944800836558074,0.07939331809174008
0.08054347392986774,0.1116718932048455,0.09434661989921334,0.07947394705134136
0.08091216239886025,0.11160574356308013,0.09419967229633058,0.07958440896500082
0.08128041855171986,0.11154115413163238,0.09403468404659583,0.0797407359585544
0.08164336728640526,0.1114719869502966,0.09386182255796112,0.07991254845833985
0.08199517861398238,0.11139812077062662,0.09368179951416344,0.08009692510355093
0.08232911712545393,0.1113266581864878,0.09349418007487162,0.08014859164822158
0.08264173711543482,0.11126771364714651,0.09331990663039404,0.08019007366258413
0.08291316491470829,0.11121144742941762,0.09316760575372526,0.08023464285502216
0.08318005927113874,0.11115820830292202,0.09300293703307659,0.08028532880916393
0.08344568437678306,0.11110667199011537,0.09286855938476901,0.08033738063713368
0.08371004036782766,0.11106272014291878,0.09270048697498477,0.08039299714045672
0.08397465231176643,0.11101908428628875,0.0925161941183483,0.0804545617709063
0.08423249201096282,0.1110110561501919,0.09232551318188391,0.08049864368982321
0.08447124266437062,0.11101363033069779,0.09213110620310477,0.08050017481557399
0.08472290571307746,0.11106201476702414,0.09193367030321287,0.08045426457499671
0.08499569049170856,0.11112227651359251,0.09177108149505411,0.08039528459633218
0.08526159626813183,0.11118616605513365,0.09163002800048572,0.08033328283635703
0.08552249374412751,0.11125961332703352,0.09148898734281816,0.08027639419828347
0.08577799512080185,0.11133146099200766,0.09134699471081983,0.08020919735251288
0.08602407728110588,0.11140888818007239,0.09119379963436211,0.08014644214924557
0.08625463205086735,0.11148833138498825,0.09103219461836712,0.08010400646275703
0.08645350318069807,0.11158182205011431,0.09088183789041505,0.08008857024310487
0.0866339082935854,0.11168289921285163,0.09073362096329494,0.08008516351486623
0.0867949846883144,0.11178508202910242,0.09058339257000021,0.08008538403337942
0.08693347025132246,0.11190291797519673,0.09045468443082626,0.0800870445901959
0.0870570614475275,0.11201536055594086,0.09032237034539817,0.08009487093346952
0.08722658860536062,0.11214768174948689,0.09018578115157601,0.08010842138987052
0.08740022575554952,0.11229663191500454,0.09005682834792823,0.08012714227818164
0.08757641768549915,0.1124498553487156,0.08994447415170032,0.08015955224297996
0.08775652977464757,0.11259508660250332,0.08982793320866209,0.08011861363429719
0.08794667502963316,0.1127392079534296,0.08970814271993444,0.08008758806893963
0.08812088224623466,0.11285996376676578,0.08958544163025045,0.08006328555253002
0.08824979069609744,0.11296270024607208,0.08945940316792617,0.0800335615046048
0.08835441357485907,0.11306318878337711,0.08933302894706648,0.08003128487360311
0.08847056856781371,0.11316258808630372,0.08920797692783031,0.0800533417543152
0.08854862025629756,0.11326244463020996,0.08908864316543331,0.08006530863588894
0.08855550773080727,0.11335858083363565,0.08897249918341772,0.08008927844121538
0.08851079961102634,0.1134428119227715,0.08886077489522973,0.08013237899753622
0.08844469602473735,0.11350013644258666,0.08875475410227317,0.08018437572099302
0.08835435494670932,0.11353082737719813,0.08865721806844934,0.0802493707234525
0.0882489731267078,0.11354888308144229,0.08856908077823819,0.08032297682685645
0.08812820899037876,0.1135810949027024,0.08848651091283995,0.08040568670856439
0.08797502703360972,0.11361899556375016,0.08841168788861499,0.08048896727542122
0.0878495635767343,0.11368402735244,0.08833647152179927,0.08059674522360723
0.08775004139011307,0.11376913893940847,0.08825350932165756,0.08071513757731605
0.08766265024125765,0.11388255886121565,0.08819252093601544,0.08085524759608678
0.08756760944263402,0.11401598617708945,0.08814741175628847,0.08099846028636531
0.08744496682777235,0.11418368701089196,0.08810870082861347,0.08114312586946956
0.08727700904078035,0.11434605119993228,0.08807716542344649,0.08127479039106841
0.08710320087021584,0.11449253964293045,0.08805974193122232,0.08135285834319927
0.08691405314072856,0.11465455286141732,0.08807676161596284,0.08136736895868414
0.08673794989460831,0.11482399465532345,0.08812166293537171,0.08137127414418319
0.08658835660428986,0.1149825179431894,0.08815982007888057,0.0813798146725507
0.08646969508509633,0.11512227312416635,0.08820742398425815,0.08138056626403144
0.08642067641299783,0.11524140647699996,0.08824791583965894,0.08137856833494223
0.08637847651319909,0.11534841278407018,0.08819943030098838,0.08138237994836445
0.08634303581065177,0.11544451419251318,0.0881204594118159,0.08140262414093247
0.08631444732066727,0.11554580994534465,0.08805226719559829,0.08143133306935102
0.08629102552573267,0.11564161104049409,0.08798004834933996,0.08147064799117433
0.08626981033241647,0.11573927754518903,0.08790605794862096,0.08152560052993243
0.08625934941191353,0.11583479563152276,0.0878331224308573,0.08159462485720692
0.08625965051274853,0.11591932905849942,0.08776619475887984,0.08166302943635759
0.08629508938754413,0.11598668454127968,0.08767838893238182,0.08172757851120212
0.0863460080276931,0.11600186384723037,0.08759415702296292,0.08179443828587228
0.08638680100217802,0.1159819355834508,0.08751980993943993,0.08187217033149308
0.08647480342444558,0.11595370624174782,0.08742048436570704,0.08194215624261654
0.08656038871018969,0.11591708127314403,0.08728114344084631,0.08200289665879885
0.08665947809558879,0.11587150427046101,0.08713744152302207,0.08204877093295411
0.08674866400059303,0.11581919569735885,0.08699834581526564,0.08208593136661542
0.0868366073832498,0.11576874730774005,0.0868692268708903,0.08208345640187319
0.08695875460039461,0.11571498885044969,0.08675029198938554,0.08203726413090129
0.08709035144038808,0.11566443387253979,0.08664157089124416,0.08196919048782644
0.08723548563568871,0.11561563850839464,0.08654254268774103,0.08189206295577658
0.08740084882319465,0.11557937205583133,0.08645285020206893,0.08179703934892746
0.08756975910264157,0.11555953115558623,0.08637346099141717,0.0817013986304687
0.08774562437813883,0.11553938543465835,0.08629726663914523,0.08160994788078943
0.08791488182353825,0.11551691711101242,0.08622813199071869,0.08154646031014547
0.08807237458593585,0.11550588577001811,0.08616648457398451,0.08148152463148971
0.08823551979978596,0.11549733821128982,0.08611492349675996,0.0814143085131626
0.08840751352248773,0.11549012682382084,0.08606668672141173,0.08134917802094328
0.08858255478215478,0.11549071952115478,0.08600619493423277,0.08127033397710914
0.08881550278320967,0.11549526120866459,0.08598442495060654,0.08120118305588468
0.08905339569005566,0.11551215203873685,0.08599399163516971,0.08113324314951197
0.0892936974691383,0.1155320818175968,0.08594111831668579,0.08108606838265987
0.08953790440458592,0.11555105212273557,0.0858729717774372,0.08105390912853817
0.08980925221510855,0.11556442331785857,0.0858050692682099,0.08104288371459789
0.09005620869266992,0.11554082952814056,0.0857372018949222,0.08102283934864388
0.0902943725197753,0.11550575063454187,0.08566916093575302,0.08098948476597766
0.09050157473970362,0.11547118668885864,0.08559204044339098,0.0809546997639301
0.09066828283689803,0.11545941621362346,0.08550537426769048,0.08094022062999066
0.09081514754076894,0.11545876077520191,0.08541767850353575,0.08094116350123345
0.09093067170242758,0.11546742884832466,0.08532766061288746,0.08096527998065449
0.09103582905717582,0.11547619224504714,0.08523289497900276,0.08102713743023081
0.09115897485295714,0.1154863336010219,0.08513202154782182,0.08111794953812422
0.09128845006690921,0.11545862756949471,0.08502738619954751,0.08120655193760634
0.09140925310539472,0.11543246858521425,0.08491089455064596,0.08129905869948606
0.09152543000932048,0.11540523971715114,0.0847891762374101,0.08139123748100449
0.09170523235711342,0.11537627930935682,0.08466546637587338,0.08147000704184416
0.09190322972684711,0.11535634987868085,0.08453967348270386,0.08155249863862958
0.0920243968308015,0.11532835064052091,0.0844119011280519,0.08163917215342094
0.09208604379859624,0.11529957465155026,0.08428195193561666,0.08172638137221133
0.09211375818776418,0.11526869172817358,0.08415132029019735,0.0817781511394505
0.09212064140847241,0.11524473894536272,0.08401950519371247,0.08183655613028669
0.092105016679314,0.11523407261571657,0.08388683330172246,0.08190847947515191
0.09205207418919127,0.11525287063775831,0.0837615105424411,0.08199820915399064
0.09197495351985485,0.11527336427310943,0.08365194507103486,0.08210186245044271
0.09187366962233913,0.11529947626629782,0.08354818744123146,0.08222158463235905
0.09183043786202814,0.11534005040079803,0.08344737874032603,0.08233399522369902
0.09186160155013544,0.11538217846582974,0.08334782773648282,0.08243530339885898
0.0918939408801076,0.11544690629640174,0.08325728076972495,0.0825151097489678
0.09194189973343164,0.11552361631052538,0.08318681339477847,0.08249273182540898
0.09198679604017573,0.11559737798868214,0.08312920972863859,0.08237690959617536
0.0920195546418819,0.11567767875250706,0.08308428517341569,0.08218889269169198
0.09204489595451698,0.11575960332118629,0.08304398301556931,0.0819364193679867
0.09209030641132482,0.1158519704557999,0.08300843148758741,0.08162747921093808
0.09212973558863209,0.11592608782162796,0.08297168381427461,0.08129291465745546
0.09217470870413905,0.11597990087494217,0.08292287832391601,0.08095314338649488
0.09223388531728784,0.1159960802485058,0.08281765818593473,0.08063704663202508
0.0923168888472655,0.11597214439753457,0.08268861564671454,0.08032423555990999
0.0924148258869886,0.11594268753737329,0.0825713467417609,0.0800226270434909
0.09253775662756827,0.11589503593134821,0.08246226533824227,0.07979470277231099
0.09265685584618089,0.11582158196651324,0.0823573573564847,0.07957253921429196
0.09276551440912363,0.11571543924606795,0.08225691635759576,0.07935338957258455
0.09283100020959564,0.11557176748942408,0.08216894735427575,0.07914139430124906
0.09288520958937461,0.1154199014834824,0.08207833874466425,0.07893550806217912
0.09293997413999604,0.11525102699518228,0.08198923850967572,0.07873669667531916
0.09302108095292787,0.11507492621721276,0.08190575820880111,0.07851843162758483
0.09314305694067947,0.1148881986256214,0.08182737491461227,0.07829994104207427
0.0932829563938397,0.1146891666609515,0.08175344650831855,0.07816112697890663
0.0934168458459165,0.11448071457090635,0.08168528539388566,0.078034765297566
0.09355291700670362,0.11426537734323385,0.08162030645406189,0.07790561414781179
0.0936732006450438,0.11404521261076907,0.08152693382712708,0.07778380516072002
0.0937805139349456,0.11383784153561109,0.08143568869305824,0.07768448048130211
0.09387511002700338,0.11363183182281474,0.08134881662452924,0.0776139785995209
0.0939621154373896,0.1134269282909191,0.0812721179354428,0.0775545354694541
0.09404032448872619,0.1132259578516971,0.08110456161947013,0.07752665389795514
0.09409207894295189,0.11302722674153054,0.08093958345907142,0.07757377136575694
0.09410176865058245,0.11283153250867432,0.0807745496326354,0.07765855701721201
0.09414666294749248,0.11265252643987585,0.0806076271405111,0.07776305402100592
0.0942124127674033,0.11249517128841725,0.08045546135664611,0.07792692984996004
0.09426636726404417,0.11236696731319881,0.08030089850205577,0.07813604564597344
0.09431053028191354,0.11224480703782322,0.08014139905173526,0.07837462509628026
0.09436027166577664,0.11215352146931366,0.07998044281567954,0.07863399398303243
0.09439827398096137,0.11207613336498229,0.0798182076703381,0.07890608075376869
0.09439254564756407,0.11202753222110588,0.07965483882687875,0.0792015636952883
0.09432519468261859,0.11198974643723728,0.07949867816469804,0.07951404084132929
0.09425895341353266,0.11196062402323394,0.07935359631998354,0.07983288819201341
0.09421929232295362,0.11194278170268397,0.07920941188900049,0.08016406353952533
0.09422172827667231,0.1119146619951551,0.07907572439086072,0.08050847048994543
0.09424497021552462,0.11188932516078863,0.07893559896813712,0.08087269363385086
0.09427133011437594,0.11188743562628012,0.07879090661885983,0.08124948317278151
0.09429434562935092,0.11192982423830265,0.07862982715326945,0.08162949106258136
0.09425147506946503,0.11198835594393797,0.07843612698107479,0.08193288263599677
0.09419199009488881,0.11206431177453491,0.07824167669800679,0.08222761011854253
0.0941283113575041,0.11215342264940575,0.07804683156687486,0.08251529015158064
0.09406933429785398,0.11225298459791251,0.07785267482120296,0.08278430580203253
0.0940434745232932,0.11235044004960004,0.07768115455822482,0.08304329435963023
0.09402346370074811,0.11244627223901978,0.07751786863881957,0.08328598773990427
0.09400247640493824,0.11255096472456633,0.07736766400934791,0.08349086334520205
0.09397927600592433,0.11266120114890049,0.07722086976832652,0.08364525942102098
0.0939605661285738,0.11276405445733288,0.07708094718006495,0.08378846043183397
0.0939535528068118,0.11285655765311067,0.07694802367585608,0.08391758189112536
0.09396115666059304,0.11294051136005154,0.07682039302110544,0.08403949140982124
0.09398760906435276,0.1129315612955057,0.07669813068722892,0.08403773236164587
0.09403348728722945,0.11288430471837589,0.0765773605916749,0.08401106526950289
0.09404251925785234,0.11286798895777618,0.07647030695424974,0.08399707988232413
0.09401496352295553,0.11285623982729032,0.07637748044268637,0.08398399034468876
0.09402223812732469,0.11284155015662459,0.07629383190694752,0.08397450460394762
0.09399832257136533,0.11282879449767601,0.07622397306366756,0.08395101791031943
0.09388393270505456,0.11281254392093376,0.07616246564742035,0.08392680998616749
0.09373453779183433,0.11279212232996333,0.07611804002026319,0.08385820059565906
0.09357089822439206,0.1127645787448291,0.07603740927702228,0.0837582069450327
0.09339542991622489,0.11272415004045118,0.0759346189472807,0.08366539927329568
0.09320897211265003,0.11267040614909636,0.07583632199073971,0.08359484020326456
0.0930120694808052,0.11266063800486979,0.07574679404778839,0.083509573255045
0.09280990252658666,0.11264864137162754,0.07565965014687062,0.08341478991333191
0.09260609503025168,0.11264495257463647,0.07557405621602804,0.08330559724765552
0.0924005464305565,0.11256587790489458,0.07549146326878774,0.08320720058588257
0.09220598651322562,0.11236680997694976,0.07541120259984077,0.08310655912895072
0.09204357625527096,0.11220069088651245,0.0753383397148688,0.08300531472255074
0.09191980112214575,0.11204360880781519,0.07526836453210442,0.08287288755282082
0.09182085113146521,0.11184271642148504,0.07519143346568663,0.08272882479498836
0.09173304339696205,0.11155889100231532,0.0750805227269471,0.08259431889257034
0.09159568047797798,0.11126037771374575,0.07495230848783882,0.08246218320811116
0.09148121292655861,0.11096542813463384,0.07482343971358266,0.0823375203543332
0.0913587382277437,0.11065515663221637,0.0746937522727046,0.08228586802168573
0.09124084369384142,0.11035096347901949,0.07456393050600671,0.08234370841840684
0.09113606125891086,0.11003396003759625,0.07443388806508064,0.08248200484747073
0.09107028027711599,0.10971453670499938,0.07430942944561983,0.08264940757868496
0.09101324043076213,0.10937898467293519,0.07418588619656373,0.08283792482947062
0.09096515125529779,0.10904612763865773,0.0740618710843107,0.08304821306721424
0.09089440446779723,0.10871225662796966,0.0739245667722678,0.0832777622912885
0.09079535139003475,0.10835693102580267,0.07378074350074487,0.0835251049568105
0.09066174680318402,0.10796796386308671,0.07363511768215424,0.0838058352770139
0.09053189990562799,0.10758566918852569,0.07348784344220216,0.08412586822418565
0.09042434378238999,0.10721282836048242,0.073344888369713,0.08444228086839534
0.09032948814300441,0.10685196809936622,0.07318740620788984,0.08475606962262582
0.0902679158834568,0.10649304827612001,0.07300789335539445,0.08507196792946332
0.09021747960211866,0.10616126315935537,0.07285248711069066,0.08536686773096801
0.09018045332312534,0.10584656412856264,0.07272012839815926,0.08561132212688163
0.0901500975159066,0.10551021532294937,0.07262404099505852,0.08583280467156995
0.09013460036532057,0.10519396702467489,0.07254999711992408,0.086030237260525
0.09013045519258799,0.10490112206770748,0.0724809756195756,0.08620746127737994
0.09013607697220836,0.10462235900649511,0.072420540216829,0.08637087121325496
0.09013389232556125,0.10437405909082989,0.0723829529516285,0.08651964197078446
0.09015782134658044,0.1041432712810645,0.07235285771127578,0.08665471980711557
0.09016731451417458,0.10391192891601579,0.07235896065121801,0.0867645720319978
0.0901867097924486,0.10367463163303936,0.07237184386370041,0.0868468702871527
0.09019877471495553,0.10343756509512786,0.07239110150251012,0.08690177180609707
0.09022708881878536,0.10316884004327712,0.0724303846500428,0.08693316897892213
0.09027483739290797,0.10287721266436589,0.07246659784105366,0.08694430953292243
0.09032797357741014,0.10258744762380541,0.07251178442899164,0.08692121103056
0.09034151121548098,0.10227739716785163,0.07250583848110013,0.0868667924967705
0.09035331756779098,0.10194685185275397,0.07243721957560297,0.08679007848974488
0.09039146900839466,0.1016296435053738,0.07233201433859132,0.0866985257551244
0.090435857392448,0.10130392863951765,0.07221357405667082,0.08659431426792272
0.0904849783269345,0.10095361244437982,0.07208264172822884,0.08648048771234625
0.09054289113655263,0.10058828393253094,0.0719512549836591,0.0863645121789848
0.09059977776155953,0.10022619105485724,0.0718209683934322,0.08625169225445689
0.09060409913466962,0.09985933888396635,0.07169500933977702,0.08616015870907595
0.09065185408888675,0.09945933335365045,0.07155327522645635,0.08607444757366263
0.09073106352275843,0.09905790893135936,0.0714415554995826,0.08599622124619828
0.0908108393381386,0.09866345757841656,0.07134919803468348,0.08591743722905322
0.09088874581601118,0.0982786413060054,0.07126927760717168,0.08582260206003525
0.09095648940018364,0.09789726711953284,0.07120011299409525,0.085727462035723
0.0910176282312545,0.09752094164796743,0.07113150385978433,0.08566642594985527
0.09108078655788782,0.09715897833113515,0.07106029510918453,0.08560990095798272
0.09114891301931084,0.09681202507669139,0.07100514297636923,0.08558406512286468
0.09121067142809657,0.09647954609455785,0.07089945097184858,0.0855645353414701
0.09127478807753021,0.0961530619805803,0.07073755272254646,0.08556152277496432
0.09134206723771542,0.09585090139006289,0.0705533871092348,0.08558730097238744
0.0914126771563186,0.095576949904122,0.07030977535918732,0.08567001524479996
0.09148510982658158,0.09530999378396234,0.07005468371789193,0.08581814215689332
0.09155183093069234,0.09505060028006282,0.06979640652242494,0.08599681362465676
0.09161894784236238,0.09480844560900763,0.06954647403060474,0.0861848472865064
0.09168342387153693,0.09459043443061665,0.06927968472016806,0.08636381088964436
0.09174466391522573,0.09438610503411746,0.06906222599831362,0.08650177240236127
0.09180460462131053,0.09419312506490242,0.06889261269480759,0.08663618201305252
0.09185223003324927,0.09403061294919228,0.06874612024247241,0.08678817146306332
0.09185550549789777,0.0938939419795263,0.06861218311518132,0.08693624883947047
0.09185653049364252,0.0937653575311507,0.06847175519528431,0.0870653874025363
0.09187367458607215,0.09364348605294635,0.06832811328270084,0.08716987737030629
0.09192358329125383,0.0935246851602865,0.06815940845974984,0.08729315055354553
0.09196206313031774,0.09340972963392843,0.06794699818970253,0.08741337714600295
0.0919934823808133,0.09330231704573712,0.0677099484489019,0.08750941680161442
0.09206383243108594,0.09320083212463828,0.06746023993507602,0.08759755435610334
0.09212356351409283,0.09310200787306713,0.06722800168725696,0.08755278493377233
0.09203288401591402,0.09300280593077942,0.0669790133285695,0.08752708501425012
0.0918707946110617,0.09289230428965789,0.06669622522344962,0.08741796964970618
0.09169561047816398,0.09277994252648818,0.06640366652446217,0.08724860373047609
0.09151876251489298,0.09268767544049347,0.06612237745637511,0.08706844398225833
0.09136289006366462,0.09260126750017204,0.06584747869529796,0.08687707575526799
0.09122274903986555,0.09253576930688681,0.0656197934999386,0.08667933278718394
0.09109138278536102,0.0924641722139121,0.06545655806195742,0.08648526023623526
0.09096385375858217,0.09238445991972519,0.06531118080626908,0.08629463994889021
0.09084044072825304,0.09229302770006706,0.06517240333099274,0.08606045145922428
0.09071502300753881,0.09218705612013844,0.06504008070249045,0.08578736363083349
0.09061106150954469,0.09206552411825512,0.06492567189853495,0.08550107380588184
0.09053446907965314,0.09197624169163109,0.06482991551498662,0.08521347804943788
0.09047230923282414,0.091877737425604,0.06476022430799822,0.08496873331323775
0.09041509753505722,0.09177149605938509,0.06472265997344352,0.08474788305007552
0.09035449056112659,0.09167658388927293,0.06475648390633304,0.08448732585980184
0.09029840162851009,0.09160840069932943,0.06480516743597833,0.08420070767078955
0.0902499960991271,0.09153412871460699,0.0648647269918317,0.08389927875861822
0.09018865831421098,0.09145630775225412,0.0649331066714418,0.08359385854687892
0.09010459791992861,0.09137855892094791,0.06500741307742539,0.08329406818508599
0.09000884497224107,0.09130352604679094,0.06508132702770279,0.0829759615151337
0.08990988361379255,0.09120210754615744,0.06515673753188353,0.08263631819328661
0.08981087784108892,0.09108217357335989,0.06522010192177251,0.08228931173898112
0.08971118764005215,0.09095366819375217,0.06527418921131933,0.08194140929979256
0.08961166396363042,0.09076430441933411,0.0653226397012585,0.0816420827618205
0.08951252352280004,0.09052290502999763,0.0653636586454038,0.08136402955232962
0.08941134802412858,0.09028071672559224,0.06538497653582939,0.08108455547962629
0.08930811848132032,0.09004726691607468,0.06540416137104059,0.08082535644998085
0.08920365330325701,0.0898208055282794,0.06541372565883148,0.08060254215904034
0.08910297009307068,0.08960554524839263,0.06541500297279818,0.08039570161341218
0.08902650715036536,0.08940668047005686,0.06540620528312709,0.08018091256451716
0.0889635378968724,0.0892132366756588,0.0654235095716073,0.07995250882343019
0.08893222681502196,0.08902546929803007,0.06546281524546083,0.07973966593354993
0.08891156661971018,0.08882407709784822,0.06552193801477206,0.07955502090354824
0.08892499508290878,0.08864987638206184,0.06559507304702007,0.07939946987147635
0.08896943937824132,0.08855582216995618,0.06566233590415166,0.07925612596714957
0.08898904624777945,0.08846066740971234,0.0657055074423878,0.07909886807711226
0.08900668515596895,0.08830374281661457,0.06568242459469846,0.07892236112472167
0.08904329646052325,0.08815419824444747,0.06567313094069656,0.07874832087926804
0.08911858912356285,0.08801574601186947,0.06567164053872082,0.07858291774837904
0.08920148271665035,0.0878848784993207,0.0656626911452665,0.07843209124969844
0.0892794869970798,0.08776266186877014,0.06566509020393073,0.0782958296801777
0.08935328619212644,0.08764979919762234,0.06567821555059933,0.07816611263999854
0.0894268142933733,0.0875456096071139,0.06571938611290568,0.07801811443791595
0.08950432948156926,0.0874539585669643,0.06579562925437234,0.07783232977734107
0.08960452859993515,0.08718976006492407,0.06587876788256584,0.07764500409177828
0.08960347920508073,0.08683702796666393,0.0659615591783093,0.07740993650884599
0.08958817189693653,0.08648145335618103,0.06604339584991825,0.0771109916123342
0.0895705240412317,0.08613053841085916,0.06612132226318289,0.07675776578906247
0.08949955830717633,0.08577488520644383,0.06617536743129027,0.0763841788569508
0.0893901215477965,0.08544571626790982,0.06620612807428677,0.07599864134113758
0.08926068862300379,0.08513685003578747,0.0661946790233497,0.07558717109809789
0.0891150435312261,0.08484348237050798,0.06613967888326992,0.07518353167104248
0.08895675151636756,0.08456577620428944,0.06606426207368948,0.07480869723699231
0.08883747077306844,0.08430783901165319,0.06597456774455769,0.0744406348685758
0.08876203528993579,0.08406577548052327,0.06585259889133627,0.07407118157839494
0.0886941860880618,0.08383856707399737,0.06569137595833816,0.07372306182551455
0.08864078755280613,0.08362568459409035,0.06553057841184635,0.07339153958389757
0.08858928219573382,0.08342776495489818,0.0653600210908617,0.07306891653917832
0.08854893944873415,0.08324394952054769,0.06517981717090436,0.07276545392808435
0.08851163451891547,0.08309042545765552,0.06499019565141056,0.07248193846017947
0.08844569818958774,0.08293927202759101,0.06479288214640604,0.07221376726577033
0.08836444345266957,0.08277629503270668,0.06459381035187892,0.07196323820677493
0.08826956000633109,0.08258254281862061,0.06440589919734735,0.07171293226823125
0.08816302267735367,0.082367478458351,0.06422942258891874,0.07149128675142158
0.08806337862752714,0.08211447671165426,0.06405123663134572,0.07128920705761708
0.08797234020535412,0.08182917260452527,0.06387183812254595,0.07110481296908104
0.08788775979606556,0.08153350961291739,0.06372513306756451,0.0709243102074214
0.08779203544514173,0.08126186069307709,0.06360264328187033,0.07075697596824751
0.08771231236184512,0.08105736873322797,0.06347166055191253,0.07062017582249662
0.08771579563154992,0.08089076657147978,0.06328982196667211,0.0705157940986609
0.08775585755817797,0.08073130342288277,0.06313035921809516,0.07042489924625474
0.08780700475717086,0.08060549966530445,0.0629789193419136,0.07034455527804788
0.08786596927227774,0.08048584485403394,0.06279433427416636,0.0702516694594253
0.08793609028926942,0.08038997243497266,0.06260889210017168,0.07014587693813809
0.08803044244551644,0.08030155558646768,0.06241264368460298,0.07001693055594987
0.08816107875863047,0.0802180213610552,0.06222581698826348,0.06990848638365912
0.08833732154200057,0.08014364216491446,0.0620430565907624,0.06982975424042275
0.08852764225678957,0.08009655608833274,0.06186402095233573,0.06976419716588632
0.08874209429155723,0.08005670569755313,0.061708985042107145,0.06971380012268401
0.08893797409065889,0.08002060391233418,0.06156584343545149,0.06968394504534794
0.08913937503802984,0.07999465020609792,0.061445727863233275,0.06967741243763687
0.08934836348880537,0.07997416088443735,0.061355023540810946,0.06971955935710035
0.08957690632471861,0.07997063175835392,0.06126653443411558,0.0697796974012625
0.08980663728009461,0.07997095735990974,0.0611940808936368,0.069862138065092
0.09003797996100112,0.07997771625520966,0.06114764130028895,0.06996494979420743
0.0902699937293708,0.07999214382465461,0.0610997660201064,0.07009017380174914
0.09050159023945147,0.08000266979637125,0.06104905934065472,0.07024174580767012
0.09071537402417974,0.08000383553305622,0.060993682754268856,0.07042065082882626
0.09090523913457134,0.07999083759733475,0.06093004692069426,0.07063929284023092
0.09108922480289247,0.0799441038636335,0.06085717996413524,0.07087778921373115
0.09126124992183808,0.0798558609355257,0.0607711026670792,0.07114242558657802
0.09141035787539033,0.07973741723803862,0.0607079261150799,0.071443414787713
0.09154552033827595,0.07961108972749305,0.06063119475563239,0.07176246619933048
0.0916628622159062,0.07947572623873536,0.0605457504203517,0.07205598577376703
0.09175943761057584,0.07935855796799558,0.06045895252399335,0.07236148267378538
0.09183566428417773,0.0792256496761592,0.06038215086552004,0.07266649223223033
0.09188918763289079,0.07907461427942473,0.060304967973714325,0.07296807504877065
0.09192241916083807,0.07890707076781357,0.06022941743984248,0.07329138660103736
0.09193808369758995,0.07874656461714036,0.060190468363633155,0.0736407309250585
0.09194183794854764,0.07857082501259423,0.06014985799954876,0.0739991347722678
0.09191313246060043,0.07838344812057922,0.06008304806533502,0.07438445161106423
0.09187950041921628,0.0781926219901798,0.060011029995732795,0.07477192933169216
0.09183624486883116,0.07800673318309431,0.05993254789244538,0.07516006715277364
0.09180722966033802,0.07782330004660681,0.05983422391328669,0.07554316140758628
0.09180189984364039,0.07764644315189871,0.059717564674501435,0.07589541329614244
0.09187191120786944,0.0774811779967726,0.059589911993204576,0.07620616612284123
0.09198497144926274,0.07731444004143831,0.05945019079468207,0.07649230039049137
0.09210740163493768,0.07714989574764979,0.05936425207755335,0.0766879454412867
0.09223902743340781,0.07698868963299378,0.059284154424014156,0.0768439397520239
0.09238391626096404,0.07683119250981423,0.059202623214060064,0.07698132500317828
0.0925427708149036,0.07664921345107713,0.05912206223706717,0.07711275071082141
0.09269546128993315,0.07644223617405915,0.05906388476472123,0.07724578997264385
0.09287592203489464,0.0762505744779327,0.05900663246213039,0.07738427067023602
0.09310200491423007,0.07608703618798601,0.05894758335474209,0.07751190150280238
0.09333135762972344,0.07593845301303026,0.05892266822259324,0.07754752552366798
0.09357360944368877,0.07579509828065321,0.058883693332041874,0.07755508284391997
0.09383638941731251,0.07566221117863653,0.05884531908111039,0.07756980646755132
0.0941007581269035,0.07556962197130991,0.058821185339739804,0.07759172304034484
0.09436405508809041,0.07548448769870873,0.058808598693799445,0.07762799102318739
0.09462373841392459,0.07541956223593058,0.05879829757298529,0.07766904457635072
0.09488475396431602,0.07536325220355644,0.05881391049022075,0.07771442886452957
0.09513677357378293,0.07532175966390584,0.05886326177844531,0.07776439193584947
0.09534272720671848,0.07530434419734598,0.058938449302185475,0.07781307612441894
0.09550246685023049,0.07532750873302822,0.05906228384075327,0.07783060497300508
0.09565295203766509,0.07535719666710652,0.0591935558393072,0.07785514754437524
0.09579143655169368,0.07540124720853203,0.059331046115992284,0.07782578308333991
0.09592551426471908,0.0754677564772611,0.05947704040377991,0.07775251155636644
0.09604685202743908,0.07554035285581408,0.05962704814064546,0.07769574847629684
0.09615578575352275,0.07561301746779787,0.059780068346229114,0.077648469213974
0.0962538205654889,0.07569261746341406,0.0599201321228965,0.07761829004036137
0.09634225241152126,0.07577916591613561,0.060040847335827305,0.07759294337019336
0.09645500992171617,0.07589360621219479,0.0601743090229957,0.07757267443435183
0.09658740505379758,0.07602148724942194,0.060324306603684,0.07759282828002383
0.09672162075424183,0.07618081650806614,0.060511647318530856,0.07762023716962
0.09685901633562852,0.07634143939442488,0.060662176599605204,0.07757568777395903
0.09701128791816596,0.07652376989200728,0.060687103702082176,0.07754850426410757
0.09716468887554834,0.07670753576313086,0.06070545742167508,0.07752669034326634
0.09730728625211359,0.07689783959317459,0.06074177413903068,0.0774943901287924
0.09741231964467752,0.07708245019168215,0.06074871406563347,0.07742582459769748
0.0974638398532508,0.07725716239622352,0.06075159478725083,0.07732914944907512
0.09743591587406354,0.07740994415633203,0.0607632556015756,0.07725047609500796
0.09740811772122981,0.07754916265081768,0.06077997342532488,0.07715882719906932
0.09739569898473625,0.07766996832618166,0.06079033141327137,0.07704919929471728
0.09740352334564506,0.07777320017045711,0.06082238122693834,0.07689173259254439
0.09740853256759029,0.07784552509025716,0.060885220589698225,0.07669759824091751
0.0974035216404864,0.07788813874772287,0.060970569008800546,0.0764855270253907
0.09739890547654186,0.07794380711911966,0.06110224260709969,0.07626699645023895
0.09740906289901101,0.07800388603644787,0.0611888965145047,0.07599994594921583
0.09741001894226879,0.07806392181081107,0.061251197877409486,0.07574752246900321
0.09737599558057602,0.07812951714760723,0.06131831650708744,0.07549664351715003
0.09735567231926617,0.07821595619967511,0.06138878774166727,0.0752293624068616
0.0973494573746114,0.0783200031359886,0.06146184830620671,0.07494458784267759
0.09735518676966624,0.07847366033009202,0.061526639903904216,0.07465869182162094
0.09738837476275101,0.07863148888802764,0.06157389980199225,0.0743692685755427
0.09741813510993148,0.07885098244658162,0.06160447732028094,0.07408242454229948
0.09743637435365538,0.07910054111485651,0.06163548665853844,0.07380586289227262
0.09745548234560442,0.07935039511287421,0.06167426720884989,0.07352909781936241
0.09748759865463792,0.0796152010431259,0.06176119813339653,0.073277711158535
0.09751174200627805,0.07988748962045966,0.06184336989779884,0.07307453443270279
0.09753322071698245,0.08015644628968432,0.06192853882634699,0.07281912124425945
0.09754751076300336,0.08043488802829087,0.06201305451273112,0.07256219353658529
0.09755353653716867,0.08071277149130436,0.06207961036496966,0.07229776393354133
0.09754583578815984,0.08100338634348007,0.062093534502880895,0.07202943033449667
0.0975139393352655,0.0812959191101554,0.062076228655709546,0.07175262593318843
0.09746445824989942,0.0815566703047724,0.06207085835786848,0.07146897486706547
0.09740464670557664,0.08179582774203553,0.06207048486293115,0.07115953630350658
0.0973272597187891,0.08204885659343415,0.06208431179640221,0.07084056676744248
0.09725283222245254,0.08229340162527504,0.06210107304756213,0.07051966862046852
0.09713903200756518,0.08253590047552904,0.062066662423508306,0.07020771772711544
0.09692653922785381,0.08277995838495997,0.0620264199529238,0.06989257344690133
0.09671958733395986,0.0830330870283442,0.062008600923141186,0.0695734192035524
0.09651973815786262,0.08329712076546855,0.06200237380612617,0.0692837735207287
0.09631904914539888,0.08357338321088653,0.06200281967083831,0.06898581576190763
0.09611614266013882,0.0838394484707188,0.06206634209801068,0.0687058271095159
0.09593671870547484,0.08407066526285208,0.062170431675603516,0.06842870255023163
0.09576638241390115,0.08424878602545695,0.0622261362411518,0.06816749496993821
0.0956040553362152,0.08439573446666156,0.06229520308318397,0.06793233961458622
0.09544973681653018,0.08454530811280042,0.06238717236808531,0.06771561306268399
0.0953177409595972,0.08469506791215155,0.062485624229863077,0.06751588160335022
0.09521997660025211,0.08484438867645397,0.0625738047255904,0.06733532877551111
0.095149327829953,0.08499751131840308,0.0626682401359438,0.06718306501120991
0.09508931707717976,0.08517528347758109,0.06275844408274225,0.06707249199802838
0.09503922754176512,0.08534072958455559,0.06284604930382616,0.06699519790643105
0.09499841999084391,0.08546955167211595,0.06293287339006778,0.06689948884168274
0.09496768297016304,0.085624225493882,0.06301433938322593,0.0668024565225368
0.0949655753593544,0.08578627717854816,0.06308926852921778,0.06671051142615701
0.09498703904083408,0.08594331990433755,0.06315769431763153,0.06656226233173294
0.09501550114574174,0.086103137506678,0.06322370770548871,0.06643348921795543
0.09504900093506509,0.0863047012383754,0.06329157993912081,0.0663369974234509
0.0950874370792009,0.08646646225581632,0.063383047815405,0.06626104083456538
0.0951433142952406,0.08658946942323954,0.06349448877765956,0.06623053330956327
0.09520455358886679,0.08669539569443972,0.06361795120889016,0.06614532381432794
0.09527192898930822,0.08669765854356616,0.06374285345474018,0.06606540498800556
0.09534336897731076,0.0867196733798216,0.06385036883496262,0.06598999864490375
0.09542495543115043,0.08674662897444194,0.06397391586967652,0.06591974857339615
0.09551764351343357,0.08675837374696703,0.0641035646233924,0.06586268680977665
0.09560289102189733,0.08676805830083802,0.0642440258745094,0.06581243979696977
0.09569097524349036,0.08677840399490032,0.06440160257706452,0.06576657002486888
0.0957731048645287,0.08678675569148124,0.06453593760358287,0.06572204594053806
0.09585030449822773,0.08679675496643299,0.06460618221705465,0.06568914942854501
0.0959233438067542,0.08681228589277613,0.06468015803485651,0.06563812054945269
0.09599735455385867,0.08683870885064736,0.06475052917036175,0.06558589064197266
0.09608456340480923,0.08689373669872738,0.0648164057605294,0.06554180094173935
0.09616374341712106,0.0869817682383941,0.06488099027062684,0.06551453357495915
0.09622978536027879,0.08710898722058164,0.06494299354068589,0.0654850702551488
0.09627330787695819,0.08726003429616055,0.06500969933611703,0.06546682281371737
0.09627963904770676,0.087433176679524,0.0650835743860478,0.06548732567878815
0.09619065509232863,0.08760860250030483,0.06515779675518243,0.06553243064834983
0.09603348263806526,0.0877554615476246,0.06523244545855529,0.06559611156263766
0.09586496750337956,0.08788693454372096,0.06526219705120123,0.06567004955173997
0.0956953302083614,0.08801960851444492,0.06518902369215751,0.06572136504141411
0.09554703742863092,0.08815841990280769,0.06511411986641706,0.06567888564234846
0.0954136217009477,0.08832875504054774,0.06502431685055572,0.06563843879679698
0.0952843338745341,0.08850620847414409,0.0648842115180172,0.06562135056472047
0.09513358773524412,0.08868648380364084,0.0647342138476685,0.06562579641548362
0.09497154123493368,0.08887069659088273,0.06457317982099176,0.06562039240818048
0.09480418213000422,0.08905887018285481,0.06440571869140284,0.06559193128454599
0.09460522865004385,0.08924991680558542,0.06426499348718702,0.06557710848408337
0.09439719564338585,0.08944648702272327,0.06417517380769754,0.06558814903416862
0.09417681569817676,0.08964592622112928,0.06408936967892517,0.06561391079294347
0.09389123852713618,0.08985013961341476,0.06400951828423027,0.06565506695625843
0.09359751463332004,0.0900545966171568,0.06394063444922472,0.06573148664012973
0.09329959943006026,0.09025998129063761,0.06388371122281258,0.06579429882057375
0.09300463029897803,0.09046347983350335,0.06383906613603216,0.06586174979918459
0.09272294556247977,0.09066934602057217,0.06380273398193272,0.06589383275267202
0.09245474333859341,0.09087393652308509,0.06376847085420304,0.06593797028429461
0.09219317387608207,0.0910654631148458,0.06374931429021861,0.06599770722387592
0.091943226871977,0.09122455889010131,0.06375231912872796,0.0660721389509077
0.09173032127457884,0.09136397600252946,0.06376882932459839,0.06615794605919176
0.09152353457782231,0.09146569980160889,0.06379269484742404,0.06624739133357184
0.09134341808676116,0.09154104701323519,0.06382246471967745,0.06635973142774487
0.09119241579001164,0.09160158716491633,0.0638562725712078,0.06647187893115557
0.09105113144419397,0.09166450641391143,0.06387461088971769,0.0665390391788198
0.09093627474601118,0.0917094935385836,0.06389810420778308,0.06662519392944778
0.09083036717446014,0.09165977134118541,0.06392408641087269,0.06675940976086094
0.09074750401548128,0.09160930139328173,0.06394929336794397,0.06692594191447743
0.09068467174369975,0.09156648066351593,0.06397181667008017,0.067097851516333
0.09064400963844552,0.09153063363209109,0.06399088242968502,0.06726979630794946
0.09062935010814496,0.09150231365856924,0.06401066768782905,0.06743134400776801
0.0906243040053045,0.09147293689475908,0.06402246346756954,0.06757227724791628
0.09064817214714944,0.09145822500608593,0.0640069284053917,0.06768819452781126
0.09072314435024875,0.09148601221713851,0.06398287957408563,0.06780280483990565
0.09078960372347428,0.09154296367846881,0.06396375882605151,0.06792178751306714
0.09081773761272782,0.0916033023766634,0.06394687596825621,0.06803356010598596
0.0908559606491683,0.09166984334922358,0.0639195016719105,0.0681332943692467
0.09090289947143537,0.09174173803414655,0.06387818103665956,0.06821906119984147
0.09097733938052344,0.09182138015010587,0.0638348811750052,0.0682848276915696
0.09106982861343489,0.0919048967832806,0.06378682559348146,0.06832396124254342
0.09117054451928396,0.09199168612625036,0.06366308091578601,0.06834060974588788
0.09126549775616576,0.09208837082401372,0.06354560867783873,0.0683320688233759
0.09135566911328845,0.09219884944562808,0.06343431856394718,0.06829699903594734
0.09143585694867293,0.09231447906365933,0.06332776352875905,0.0682271558087014
0.09154326022671735,0.09241803286626156,0.06322581733993525,0.06810383518655508
0.0916358870756952,0.0925520268853838,0.06312834389978635,0.06794332830249024
0.0917265438482286,0.09268942583475479,0.06302588487706459,0.0677608836040179
0.09180562191925767,0.09282966219246688,0.0628263455360632,0.06757405707643664
0.0918943001240544,0.09297584292379751,0.06266164645824074,0.06738806960213618
0.09198520773778085,0.09313094361134382,0.06253473408772252,0.0672047672225245
0.09208110288096308,0.09328234902736357,0.0624117040077696,0.06701861856839529
0.092210332486506,0.0934369052641774,0.062293234509203425,0.06681966921296158
0.09233327827006961,0.09359921114083623,0.0621787155349425,0.06662841673080308
0.09241530058685005,0.09375990154240554,0.06206223118907933,0.06644731472685035
0.09247407598444268,0.09392166880561136,0.061941991950686726,0.06630083403651765
0.09253483564180916,0.09407382494478822,0.061823297072532424,0.06619436654723418
0.09259841740760892,0.0941678516727486,0.06170182051797861,0.06609899304089696
0.09270813711469324,0.09421813192215742,0.061576757925942104,0.06599841290178163
0.0928461628950434,0.09424584684652833,0.0614490878736531,0.06590416756356528
0.09299154444608405,0.094246629935286,0.06131962465137825,0.06582161650033914
0.0931489417690698,0.09421728706213259,0.061189267865458495,0.06573886060265036
0.09333449134373746,0.09415737036077987,0.061058061922250835,0.06565308073720781
0.09346585925202396,0.09407228011776753,0.0609224599954014,0.0655440831338243
0.09346888064517098,0.09395541330074286,0.060786972631236794,0.06543255579769743
0.09341687054331642,0.09381511400190125,0.0606354082283379,0.06532822487133079
0.09330436080660182,0.0936660107554856,0.060467557837993235,0.06525530469757712
0.09317271889960471,0.09353490344899917,0.060301164624722535,0.06519018310535775
0.09304260506581553,0.09338326838014709,0.06015662456638079,0.06499641842500942
0.09291446597962365,0.09323931461644515,0.0600432575235469,0.06476910010321037
0.0927884426357263,0.09310798759448866,0.05993737648605896,0.06454636354081882
0.09267641427039074,0.09297391788446031,0.059840847287382426,0.06431764527298747
0.09252913004152967,0.09284688253783314,0.059743937705725836,0.06409734405907919
0.09239266727282731,0.09273925282078724,0.059646379251674965,0.06385818316585563
0.09222754383547803,0.09263506403519778,0.05955889678258321,0.0636106489278736
0.09204487299972927,0.09250580282230196,0.0595025439047985,0.06334515578139233
0.09184452302582864,0.09238199218323255,0.05944178916538802,0.06308328760656368
0.09161437434657003,0.09226584686313737,0.05940068986541621,0.06285289089795103
0.09135813539844485,0.09216840885276019,0.05941587474305416,0.06265008041291112
0.09107304619211325,0.09208324748391639,0.059442993381200994,0.062467858844171505
0.09076008054573603,0.09201326461365474,0.05948118024487138,0.06229692676145886
0.09043474708226676,0.09195214315081032,0.059570773765145565,0.062130332613648906
0.09008908916932559,0.09190145220704478,0.05966793908822032,0.06196486610890406
0.08972805099594004,0.09183172670091534,0.059764201307218275,0.06182772190292433
0.08939605034154872,0.09174790032907722,0.0598941476103281,0.061718993431251
0.08907390468551246,0.091649617030431,0.06003569055836294,0.06163560287907157
0.08875944045774206,0.09154638539309852,0.060175130055411245,0.06156914514191792
0.08846244955827677,0.09143466414816924,0.06030484270720448,0.06151845412015161
0.08821720535569709,0.09129790361382514,0.060417063159563925,0.06148044796560215
0.08799207187773099,0.0911424281002893,0.060533556310262165,0.061450877990047094
0.0877819895225953,0.09098381384415521,0.06061737170602515,0.06143849696435101
0.08758258866538873,0.09081625970845152,0.0606706802794643,0.06143302246280387
0.08738927651448547,0.09064382178688427,0.06070281181420958,0.061447022709416196
0.08721258124428775,0.09046652982431096,0.060693857154798594,0.06148421138314208
0.0870552913031669,0.09029304096591056,0.06064538686954031,0.06151017498344399
0.0869109436070875,0.09012197523621857,0.060595904741626586,0.06149682416530071
0.08679347246854921,0.08994634101181888,0.0605543054409406,0.06149773487667689
0.0866924672020715,0.08976673052843014,0.06048342461092502,0.061538011182233725
0.08660872942821672,0.08958364493328465,0.0604220984427717,0.06160232270727145
0.08654078418759152,0.08937130044318177,0.06037661603202332,0.06168753400623312
0.08647798828898097,0.08908890149403101,0.060347785538540054,0.061820603370008075
0.08641322633240972,0.08879037384284025,0.06033103697528182,0.06195323450381217
0.08635516967520955,0.08849416151561339,0.06033277779962789,0.06208396051807716
0.0863173964355543,0.08820755681019825,0.060354063000976066,0.062156514749073015
0.08630142572925792,0.08792596854455577,0.06041378671657349,0.062244105144073726
0.08630297177347135,0.08765143055824075,0.060508490256742514,0.062330978962242475
0.08633633702599801,0.0874021383586768,0.06046645831240036,0.06241466652381894
0.08640055229187858,0.08715947491987068,0.06038848020530226,0.06250982600768125
0.086479173268338,0.08692179926656664,0.06032421200024357,0.06261563265896734
0.08659364714237006,0.08669001450024372,0.06027731892925307,0.06268863073319458
0.08674239865373269,0.08649342444323459,0.060268462758010684,0.0627748378857607
0.0869196863966089,0.08632000052851624,0.060251748059626166,0.06287522281606182
0.08707637488315079,0.08618387512292941,0.06018735219771875,0.06298190866768535
0.0872356830207276,0.08601088033848248,0.06012056752151735,0.06311753588506937
0.08740185711225198,0.08580932686795795,0.06005545324477715,0.06327958220166476
0.0876075687716276,0.0856147560457432,0.06003282766464007,0.06347221739535676
0.08781287676591241,0.08542585899368514,0.060031277244762496,0.06367458325393564
0.08800958434649366,0.08523882424176626,0.06004480971084074,0.0638729983153217
0.08814176438619034,0.08506139929645544,0.06005630232296981,0.06411777998196258
0.08825680760742599,0.08490745033541196,0.06006535363737677,0.06437644735721251
0.08834215908237676,0.08481201024180815,0.06008980132693403,0.0646482362740222
0.08839254029573915,0.08474665222906208,0.06012855601094841,0.06493126573000933
0.08841272273918814,0.08471775209635338,0.06018042915627216,0.06516700380028341
0.08842145748197976,0.08470512875310182,0.06029504036147751,0.06537328436952673
0.08841065939699878,0.08469853310058417,0.06043943287131629,0.06558572114807638
0.0883863233503961,0.0846922041831591,0.06059340659796192,0.06580775370932226
0.08835679207577814,0.08468495626545447,0.0607753757869943,0.06609470613429598
0.08832481244383328,0.08466172119186151,0.06096872362816925,0.06641704516099457
0.08827843854289959,0.08462851473208521,0.06116988269431531,0.06672485429928328
0.08822522569259927,0.08457540096814145,0.06137722272931356,0.06703495284915584
0.0881818332328469,0.0844991348944208,0.06158895516192331,0.06734750324770074
0.08815996161651547,0.08441649643409999,0.06180452735088925,0.06767637781291748
0.0881720756795423,0.08432684048172875,0.062024625945694634,0.06801616421282003
0.08818481722948104,0.08422724186462273,0.062244018639653,0.06837293664787232
0.08818779401792,0.08412201912459377,0.06246215172464768,0.06867665030081906
0.08820610656032525,0.08402321667476342,0.0626956949685756,0.06895172760666803
0.08819720459580155,0.08391813673692583,0.06294449307072203,0.06921148764250275
0.08818066378199714,0.08379443747414218,0.06319905093496814,0.06942985488958908
0.08817134120807624,0.08364449460052632,0.06339542455038823,0.06958545801352387
0.0881533689390726,0.08348961256012562,0.0635948151956502,0.06971723980070317
0.08812685787313644,0.08334813475887413,0.06379915687759616,0.06982794113923589
0.0880836192984623,0.08319864607592274,0.06400604726569287,0.06992507872457732
0.08800793908291962,0.08304393435406532,0.06418266737644412,0.06997782662764092
0.08790689375183824,0.08288752145649794,0.06436215495926313,0.07006041526241162
0.08781336194675742,0.08272395658548616,0.06454055266117238,0.07017868548164245
0.08772638587052885,0.08254933625421149,0.06471525198691605,0.07031927048146203
0.08763776326549524,0.08236885333438396,0.06488410461185339,0.0704704774971602
0.08754894857480393,0.08218876222727128,0.06501773775781673,0.07063160205907969
0.08746104586316308,0.08199689305076906,0.06512569711573148,0.0707979118199516
0.0873850229167698,0.08179146780751007,0.06519963769918917,0.07096068706270359
0.0873101950209254,0.08156666652643893,0.06525893147769449,0.0711507187206047
0.08724119794410755,0.08132119313681811,0.06531926737251333,0.07131305717060686
0.08721616905561558,0.08106640948009879,0.06538593237762007,0.0714420986569662
0.08720708446661822,0.0808104307359435,0.06545997605837954,0.07159506864992277
0.08722343150857799,0.08054333261727697,0.06554311487324532,0.07174087037371622
0.08722841272293005,0.08027669842908872,0.06563633408205713,0.07188906516527753
0.08723849485427708,0.0800136373568192,0.06573538530515889,0.07203901777712486
0.08725318251560557,0.07975868467491908,0.06584683249383014,0.07219349246789888
0.08727208557937734,0.07948774340259823,0.06596890767531083,0.0723530036748218
0.08729614187199036,0.07921797472513425,0.06610125368742095,0.07251828687600921
0.08734068597263067,0.07896230265211812,0.06624635295642636,0.07268657477537527
0.08733517567156014,0.07875054702500289,0.06640247373973555,0.07287282016047301
0.0873303316743417,0.07855118540770742,0.06654861925473361,0.07307828966583975
0.08733091965380108,0.07836651282020318,0.066674471997308,0.07329333752838853
0.08734584009823691,0.07819745608407383,0.06673478902102876,0.07351826798353325
0.08735683008617028,0.07804741078668023,0.06676538292919999,0.07375283418902225
0.08737135284901774,0.07791753167766305,0.06680477160711544,0.07399290583924216
0.08736304350010468,0.0778120682774332,0.06685695198887706,0.07422256090837889
0.08733346443322011,0.07772095983403644,0.06690723410397982,0.07446263488282975
0.08729332781087717,0.07764162468147921,0.0669697487125451,0.07470564409593262
0.08725286054158325,0.0775503305021879,0.06704226425187816,0.07495874490448869
0.08721577013916007,0.0774397563445714,0.06718396670890335,0.07522281696596779
0.08719438453983058,0.07735793715426208,0.06730823615392963,0.07550048404432347
0.08712349542132168,0.07732839557264135,0.06745969560297246,0.07580294403296696
0.08706950077566478,0.07735947476737019,0.06762281894239175,0.07611878886054198
0.08703031753618976,0.07740947142354021,0.0677970732153124,0.07643869140376783
0.08699798534995024,0.07746223302338906,0.06796133537453278,0.0767525623986396
0.08697507176583834,0.07752173308195605,0.06813424866169347,0.07699796268166514
0.08697556044134007,0.07758042215539193,0.06831850691099792,0.07718909045918894
0.08698076343107736,0.07766184448040414,0.06851344604494602,0.07736863883132732
0.08698040004127607,0.07774341294011443,0.0687218128630356,0.07754306777884264
0.08698099483258641,0.07779852704201472,0.06894851749151014,0.07772853589225896
0.08698526340169063,0.0779225934332168,0.06916320013198808,0.07788770958127846
0.08700092948638997,0.07805325979314695,0.06938516016216247,0.07800696126811946
0.08701540163512689,0.07816774528400226,0.06961248155910658,0.0781063472515953
0.08703361867201014,0.07830680601518833,0.06984337470392701,0.07821721968351229
0.08703692488356275,0.07845019787000908,0.07007340869504639,0.07832141418737563
0.08702942841328579,0.07859665806236472,0.07030335546865898,0.07838542859572206
0.08702142442940691,0.07869983685257792,0.0705347017703996,0.0784438336791883
0.08701781800853425,0.0787661825669325,0.07078107815229072,0.07850463527697378
0.08698528574545798,0.07883586698524671,0.07106692980784392,0.07856707977452872
0.08694746744047217,0.07890580316673779,0.07135636815305128,0.07861088728733823
0.0868954793969289,0.0789683200081654,0.07163561370656576,0.07857777757733023
0.08682953913481382,0.07902604313398313,0.07191840509827971,0.07853078205588865
0.08675750804134195,0.07909094848204463,0.07220214079101724,0.0784835536320568
0.08665424719773268,0.07916131784936771,0.07247219543806012,0.07844931685923696
0.08650464621703448,0.07919482270123925,0.07265699089015407,0.07842772820354214
0.08633453442145625,0.0792113337027526,0.07282531168889203,0.07842283735875161
0.08615723362597519,0.07922470928448927,0.07299312994235914,0.07842531274045665
0.08599649083761346,0.0792103150955873,0.07318700536834183,0.07842964099887871
0.08585421557834987,0.07917917818089695,0.07336427593673395,0.07842728063986959
0.08571892553763796,0.07913618640778355,0.07353230263157308,0.07843233481825243
0.08557527785680226,0.07907229996301948,0.07370265369149259,0.07846761991647484
0.08532756292508742,0.07893187557594845,0.07385531406424378,0.07852640749362333
0.08505390209078058,0.07877030462093712,0.07404350981852742,0.0785956602174424
0.08478597363627903,0.07859276599333904,0.07424204686247973,0.07869888808613751
0.08453520998373669,0.07839825661852673,0.07444496665400445,0.07883667956089349
0.08430009094570302,0.07819298438506943,0.07464464232264717,0.07901714965810541
0.08408921054363167,0.07798451578100928,0.0748300457281992,0.07920200191735839
0.08390173695454417,0.07777519726691615,0.07499658716211552,0.07940098888572694
0.08374090132357034,0.07750964005355003,0.07514949445860568,0.07961366987890399
0.08359027653999103,0.07721839967640018,0.0752732684184141,0.07983924147673868
0.08345106460050826,0.07696097505298437,0.07539439112323351,0.08007033264904401
0.08332139434344962,0.07669331871776464,0.07552043286146565,0.080256567774076
0.08320167936263766,0.07640254554140218,0.07566267804321886,0.08046010577814156
0.08309660411673488,0.0761789751437782,0.07585136232419167,0.08066812789130892
0.08300644481098757,0.0759681469787744,0.07607636044195433,0.08087516645310885
0.08292714436967433,0.07576781707143315,0.07629555784543787,0.08112972190601991
0.08286603276621743,0.07557533316058525,0.07649133516033016,0.08141468223537927
0.08281442562709906,0.07538857839469898,0.07666406301903844,0.08169764413159067
0.08274235398327291,0.0752062579844984,0.07682924646469658,0.0819870076481366
0.08265805942122413,0.07502833606970204,0.07701066152446177,0.08227508030973048
0.08257811755856892,0.07485821615208726,0.07722677748773221,0.08253160043400114
0.08250114079043962,0.07472412426070128,0.07745948110790703,0.08272366453303859
0.08243750278241456,0.074590697920413,0.07768789403637646,0.08290890343716052
0.08239883814698712,0.07445589251798365,0.07791367853321746,0.08304669984713532
0.08236880283165561,0.07432755914753354,0.07813798163284916,0.0831836923674021
0.08234796923622971,0.07424000278272887,0.07835943773489211,0.08331934753545588
0.08235443785670137,0.07418500951319637,0.07859182732240719,0.0834432941915577
0.082386093742814,0.07414847075248522,0.07883346785037788,0.08357058605914175
0.08239966347440911,0.07411919878345706,0.07906786315186977,0.08370268526819515
0.08241215842013001,0.07408813975380221,0.07930357785604301,0.08381321403251246
0.08241833676453594,0.07406534562377053,0.0795378812588078,0.08393195072676272
0.08239652453891998,0.07405285948231777,0.07976247524172703,0.08406349546631724
0.08236265504580535,0.07405284962796987,0.07997150420023892,0.08420255987697113
0.08230467333126242,0.07404638278788163,0.08006768824654005,0.08435926983839658
0.08223634416221509,0.0740232061234801,0.08015696009905217,0.08453734319412488
0.08215679676593068,0.07400439388745438,0.08023968736946416,0.0847390390845409
0.08207985735708954,0.07396439304047848,0.08022404502772595,0.08490463129787036
0.08200550764748499,0.07391734680659784,0.08021284019293605,0.0850997003080786
0.08194606173355941,0.07384410623412016,0.08022137531640851,0.08531582622189716
0.08188797291091804,0.07375935727480191,0.08022670210526928,0.08553776487666857
0.08182456071786642,0.0736821462535398,0.08022722512667425,0.08576883816742716
0.08176119288005804,0.07359934740368038,0.08021330570764643,0.08600753991712137
0.08170099808782035,0.0735098549537335,0.08013695511176733,0.08625052859709657
0.081632360799831,0.07341046116264527,0.08003123100174006,0.08649470236745409
0.08152088311856469,0.07329103284201123,0.07994729223632556,0.08677016447353651
0.08130904189405748,0.07315800816511496,0.07985417139747772,0.08705565929158796
0.08109845910505087,0.07302026831700148,0.0797361759836925,0.0873464608669998
0.08089568624580094,0.07285421226684845,0.07962233572934338,0.08766476993199918
0.08069641059376867,0.07268291518980395,0.07955501417477143,0.08801068428934151
0.08048615918080959,0.07250714631605659,0.07950223323420674,0.08835874071082446
0.08029233555206962,0.07234863893975162,0.07944161343477707,0.08871561832792155
0.08010024147482284,0.07221116002597341,0.07937420470751248,0.08908820708223701
0.07989850424814347,0.07208567898541986,0.07932403619072446,0.08945440689299941
0.07969593852190113,0.07196202926008238,0.07927860341079498,0.08979568802753406
0.0795033259232399,0.07183107962945912,0.07926653982806477,0.09009326834364768
0.0793327635764327,0.07170558018950474,0.07927316766176483,0.0903276934156326
0.07921664195423582,0.07158879430158277,0.07928134425492639,0.09048699039804599
0.07910173387059992,0.07150575224700184,0.07923495274901522,0.09059375206594956
0.07900600522020576,0.07146727648964561,0.07916906189137939,0.09066547620777456
0.07892106828620964,0.07146716364608786,0.0791040841484167,0.09072866763205127
0.07885597903179807,0.07149053517592263,0.0790401631079313,0.09079570862335208
0.07882957986469283,0.0715575863075424,0.07897864587922235,0.09086893892833448
0.07884503033345763,0.07164866963408113,0.07892501317221008,0.09094902815685126
0.07886198893904588,0.07177711225440045,0.07884863902667522,0.09100344485451495
0.07889470450041428,0.07192081821360682,0.07872468401324148,0.09107438047658169
0.078952054541918,0.07211252414666258,0.07855774502169986,0.09118763653606048
0.07901754922676549,0.07232330852510907,0.0783419537079507,0.09133306060314761
0.0791019385407938,0.07254915719392863,0.07804723904418998,0.09150144261311241
0.07919606539729808,0.07278848760361041,0.07775212202837133,0.09167283371005505
0.0792892669829643,0.07304198519979968,0.07745949308238831,0.09184691699190821
0.07938478782014809,0.07332150242793926,0.07718977483902073,0.09201701416639135
0.07948113543380704,0.07361410459042726,0.0769257370548294,0.0921758729383816
0.07958265066384587,0.07397422098043176,0.07666336317940374,0.09232312666916132
0.07964238742469554,0.07436743378768708,0.07640385731273215,0.09248848861369918
0.07968941641293156,0.07477217508497974,0.07616898653012844,0.09267639927242073
0.07973828682254801,0.0751872366099108,0.07593542347684766,0.09288039929697775
0.07981515874987578,0.07561082933820587,0.07569492835677567,0.09307660649571607
0.07993439596229358,0.07603991411125288,0.07544565053176228,0.09326175374631158
0.08006707564698247,0.07647065701727565,0.07518614627648018,0.09342919071567574
0.08019033189228138,0.07689747256860628,0.07491641747763565,0.09358909376631902
0.08031487736933131,0.0773152286043853,0.07464886285091286,0.093757162163608
0.08043495189871916,0.07771274386511609,0.07438739500692507,0.09392726058259601
0.08057572769733626,0.07808386831213668,0.07414461218946933,0.09409074953125168
0.0807312438679561,0.0784251422963612,0.07392036738726736,0.09425413605143773
0.08089718679698701,0.07873671806633048,0.07368052502150685,0.09443211748722694
0.08107297189451244,0.07903422735646871,0.07342133855826127,0.09461618331740157
0.08127106672853104,0.07930863729901101,0.07313674741295993,0.09480685847581984
0.08147559720095397,0.07957006511610171,0.07284784606517435,0.09501027682088548
0.08166192847942619,0.0798083432111765,0.07253540836915173,0.0952111056298658
0.08184436102424202,0.08003413006827505,0.07219099091230587,0.09540258422739471
0.0820099000364837,0.08022358690828968,0.07186280895706852,0.0956021374536007
0.08216165015386324,0.08039136522712706,0.07153958371053983,0.09581666444120089
0.08231843261434654,0.08053856236562493,0.07123578371138194,0.09604079283367604
0.08246521368616803,0.08065143892604035,0.07092962619753265,0.09625018849862259
0.08257088272897795,0.08072396685757735,0.07062534933916609,0.09642426552992446
0.08263962568472866,0.08076863018930222,0.07032444244969482,0.09661387227858392
0.08268730742715778,0.0807906488465984,0.07004390863128558,0.09676566720088887
0.0826998812623444,0.08079871979452101,0.06977336038196093,0.09696049613160418
0.08268981956824517,0.0808042060007507,0.06950793464587325,0.09715279286042211
0.08266491818019919,0.08085204977057071,0.06925856925867,0.09734841668075686
0.08263683460507884,0.08084895468314238,0.06902830550004127,0.09755092599238586
0.0825073518234174,0.08085099051863065,0.068810845271836,0.09775989966947202
0.08233689676379287,0.08084599262752476,0.06861604915581057,0.09797277878876673
0.08216647129112921,0.08084321520165708,0.06842601644357905,0.098190800252615
0.08199696570195801,0.08084506377133918,0.06824526921224565,0.0984451855022048
0.08183116031060335,0.08082105040711832,0.06809374570076894,0.0987408362197873
0.08167079888647945,0.08076988623836638,0.06795080702293359,0.09907282723336455
0.08151665587736355,0.08073637632958502,0.06782318169032037,0.09942151782459709
0.08129092196702381,0.08069246447792688,0.06770687045837258,0.09978541705885673
0.08098867045248663,0.08067099377423718,0.06759960755256399,0.10014484234131188
0.08069839268277944,0.08067384039068724,0.06749067886470517,0.10049894532856804
0.0804421438769332,0.08071893174581297,0.06739768883438799,0.10073376384365751
0.08019548610461841,0.08077785688696104,0.06732299311239572,0.10096026934973076
0.07994337347487566,0.080847211907243,0.06727009891100545,0.10119964159775681
0.07968394033225237,0.08092253235172717,0.06722419138880498,0.1014550255748507
0.0794319544362188,0.08105317946069064,0.06717161239268017,0.10169240014795158
0.07919197707882773,0.08122467097965451,0.06709303033709466,0.10190628540602889
0.0789539150023047,0.0814178340459088,0.06702199909786702,0.10203034698942677
0.07870837012473852,0.08161627157024826,0.06694572675772927,0.10212617776855504
0.07846090122596289,0.08180123214614389,0.06688061007181104,0.10220495340351413
0.07822241427870893,0.08198600691461506,0.06682520094867929,0.10227473563567932
0.07798985328039065,0.08217784667982678,0.0667750509290423,0.10233856888705119
0.07777489273673231,0.08236428679453159,0.06671510776446835,0.10235732645525425
0.07756364182027214,0.08249608380488907,0.06664633901089165,0.10232712212054385
0.07736662229114556,0.08263082780455985,0.06658398868109966,0.10218516704749603
0.07719262511750086,0.08276852999639008,0.06654268910043971,0.10199226917793318
0.07705352598604585,0.0829166758861411,0.06650696858465074,0.10177667360396958
0.07695484474636916,0.08298376612879642,0.06647150862514593,0.10156867601217934
0.07688166738974211,0.08303307091085686,0.06644397031155047,0.10135742421120798
0.07683698462055046,0.08309099178598008,0.0664142816232374,0.10114264919589411
0.07681133054956095,0.08316384129074991,0.06639041037540114,0.10091381703953752
0.07680305800652458,0.08321909446274105,0.06639311439608112,0.10067795833125519
0.0768156604135417,0.08326906627713718,0.06638464052897126,0.10039553237400622
0.07684294164541906,0.0833205261675432,0.06637557736707922,0.10006841562942273
0.07690953705420704,0.08334121333406386,0.06636718329241047,0.09970404422028487
0.07699772291771884,0.08336992054781803,0.0663562322129257,0.09934179683941573
0.07711854311176432,0.08338674527889742,0.06634996387919548,0.0989831539457168
0.0772578785639385,0.0834059998043222,0.0663223869336658,0.09862874178558585
0.07742095396007558,0.08342339102274048,0.06628472781840085,0.09827974766875604
0.07761694612546476,0.08343502619835122,0.06624563580325427,0.09794640967321762
0.07783431974627435,0.08345058488947439,0.06621831738725997,0.09761399968663727
0.0780772805425564,0.08350420520471802,0.06618808943986855,0.09730597188889722
0.07832662205082554,0.08355066184773598,0.06615619027099656,0.097038848087505
0.07858886750151052,0.0835359181340691,0.06612766892593033,0.09678316322830341
0.07889000244372939,0.08352248501837702,0.06609968446290874,0.09655081224234635
0.07920676235527693,0.08351365012477352,0.06608963967075543,0.09634880721991912
0.07953144739287007,0.08350858169863117,0.06607930784287237,0.09612432401224652
0.07986271654095052,0.08350217165985721,0.06605942722687314,0.09590047104856904
0.08019588067623482,0.08346386997978895,0.06598898474808035,0.09568598991597978
0.08054907434333702,0.0834480079137071,0.06589754153998284,0.09547622921958789
0.0809225557818029,0.08347748754397263,0.0657406888419644,0.09527082285601123
0.08129024973002438,0.08356570100410123,0.06553027408702204,0.09508204439765265
0.08161193479578202,0.08364102694021987,0.06530654141452119,0.09490410165740533
0.08193124503183205,0.08368486568902164,0.06507525202116052,0.09474254095573015
0.08224637219687617,0.08362623849198886,0.06485712207656048,0.09460239101713436
0.08253136446590738,0.08353457735153699,0.06464660417612712,0.09446835271334078
0.08281583055004697,0.08344611285574655,0.06445672084803022,0.09435803875022568
0.08310866968941202,0.08336046758601452,0.06426168593423905,0.0942452374025839
0.08339845691116775,0.08327089347656437,0.0640731487213164,0.09413741284095517
0.08369197015511835,0.0831821921903801,0.06389572329023416,0.09401298744003683
0.08397828151645537,0.08300120814145459,0.06372853872257178,0.09386692217779741
0.08426497998986929,0.08271693592304918,0.06357135527811471,0.09369962912360466
0.08453359259417591,0.08239741749995265,0.06342285060039513,0.0935170990523497
0.08476146868749568,0.08208929097574748,0.0633119008610329,0.0933316620826121
0.08496977530496455,0.08177659882938208,0.06321492592451425,0.09313656903959755
0.0851464567208952,0.08147283198749751,0.0631253756659638,0.09296501625795206
0.08529003907588582,0.08117772695205275,0.06304747375412989,0.09277656474545383
0.08538757248471623,0.08089579467503373,0.06297483850453328,0.0925895158758385
0.08545652124118588,0.08061217031205369,0.06290683129356389,0.09241383756069496
0.08548200569440603,0.08032897510236928,0.06282005493162734,0.09228087132746594
0.08549169134701581,0.08005688214522863,0.06272205135166395,0.09214992408464404
0.08551087421814774,0.07979434320362343,0.0626262443199665,0.09202138479853282
0.08555809782171953,0.07956668932250616,0.06253245655333929,0.09189263123007575
0.08563134491066754,0.07936562092741851,0.06244337496909319,0.09176155093426155
0.08570850250493242,0.07918729319101109,0.06234537464997451,0.0916581259912833
0.08578818754125576,0.07901760790191131,0.06223916747148906,0.09155256793724446
0.08585031598947367,0.078854449312323,0.06212752298203993,0.09144101766002559
0.08586689711833098,0.07869545140433336,0.06200763378257552,0.09134426651269084
0.08585729576154566,0.07856993026542228,0.06187854397945266,0.09124910126274878
0.08582628634603996,0.0784742903734389,0.061739702658787296,0.091147233137353
0.08580275701874282,0.07842165713868553,0.06159146898924984,0.09103850021909136
0.08579364687339407,0.07838227189556703,0.06143506639979956,0.09094612976612174
0.08580750674138002,0.07834593763697817,0.061270663076389745,0.09085971412812242
0.08584117842030783,0.07831179648902913,0.0610996953206001,0.0907840308523818
0.08588615398390517,0.07829201132134579,0.060924433418092526,0.0907379487915002
0.08595721764491682,0.07826575406220708,0.060752971056303944,0.09068125346178652
0.08599816987173661,0.0782264341210789,0.06059958824852641,0.09062529716481307
0.08602125049180888,0.07817287864276441,0.060457639967907296,0.09059129773940237
0.08602634121145804,0.07810872203129719,0.06032352531384143,0.09057106701704569
0.08604039735269026,0.07806928784339595,0.06020106778473662,0.0905051758082432
0.08602502865571862,0.07804934151813607,0.060119418874193024,0.09042808339069044
0.08602695205252756,0.07803694777310816,0.06005429529601928,0.09036384909050542
0.08604144379449655,0.07802652177695787,0.06000069028211549,0.09029800498243094
0.08606902841685056,0.0780132977751076,0.059955040583730905,0.09022872498259578
0.0860171010249555,0.07797010774754586,0.05992083488930116,0.09015382879087959
0.08597224350385,0.07788122330197096,0.05989745835142656,0.0900730073078069
0.08598648619062237,0.07779843399641596,0.059884210480739775,0.08998935629653941
0.08599513873076378,0.07772034528431083,0.059880271134336464,0.08991012730603083
0.08598581285937032,0.07764003020160812,0.05988458973568909,0.08983976455815745
0.0859649195926485,0.07756485330268413,0.05988952361368629,0.08977495974353836
0.08593934350608891,0.07749258177923084,0.059896728671951484,0.08972148590105052
0.0858572737873758,0.07742031673777602,0.05990445084980643,0.08968044168135071
0.08572723608030651,0.07736271068847086,0.05991101272124968,0.08967123729842263
0.0855355316721252,0.07734607233376585,0.05990092168261085,0.08967713519002184
0.08535090672384983,0.07729964554977385,0.05986636943447133,0.08969516634279313
0.08517440751209582,0.0772548198907386,0.05982176781437863,0.08973640329536883
0.08499569078637313,0.07718640767743198,0.059774880378156627,0.08979407781577069
0.08481602384878514,0.07713107432302345,0.05971426712446964,0.0898562762066723
0.08463554254693606,0.07708312371384737,0.05964679292564338,0.0898809311327635
0.08446658068877413,0.07703204957207863,0.059574016337291036,0.089872690959385
0.08429957279956526,0.07697181897760846,0.059500110252988674,0.08986621229787298
0.08413800283091052,0.07690020124928328,0.059429279616087294,0.08986809973652819
0.08398475312299725,0.07679328067662604,0.05936237605063485,0.08988941810591619
0.08386905733913176,0.07667314743984414,0.05930139808238213,0.08994430667115723
0.08374621001398139,0.07657053733912342,0.059213356928724335,0.08997481572271607
0.08362098000833829,0.076465384502283,0.05906776099794716,0.09001678836810725
0.08349952671675102,0.07636711740790206,0.05893599098262376,0.09007523590779175
0.08338140611231859,0.07630105912240855,0.058804337552996175,0.0901448616238347
0.08326449041533124,0.07621395598115938,0.05867361610938334,0.09022123340867576
0.08316142893150043,0.07612641262881634,0.058545605578817744,0.0903060046208351
0.0830606091739131,0.07606361296500488,0.058395606276529774,0.0904115044775551
0.0829453659238388,0.07600309522431664,0.058242159993591565,0.09053954668761002
0.0828552216273175,0.07594546223406284,0.058090864821648144,0.09065329256380004
0.08277947474446694,0.07589042362697535,0.057965647252505935,0.09075768852854685
0.08271582321039954,0.07581243036839755,0.05785891694032367,0.090870042919037
0.08265523061520914,0.07573114513614955,0.05776189190354735,0.09098928326216045
0.08260520063684977,0.07565311888677101,0.057692080527459166,0.09111553377956175
0.08257689524436224,0.07557443489693748,0.057582372341697545,0.09125518323262331
0.08256216529665461,0.07549362623708473,0.05748389492944411,0.09138879554078903
0.0825704509132891,0.07542689822451815,0.057408840681922826,0.09152337761019022
0.08260532562086709,0.07538989827283742,0.057387209428858964,0.0916776075663435
0.08265350581820631,0.07535961689907454,0.05736939254923578,0.09184026256560358
0.0827112520254465,0.07532363422538867,0.057359420085161456,0.09201112840383094
0.08272644668424971,0.07529193307393367,0.057380530983297574,0.09222064618900715
0.08271655376084142,0.07525780335425462,0.05740583760094919,0.09237375733180471
0.08270974590165005,0.07520687357912566,0.05740742830635784,0.09252919208272772
0.08269142891901032,0.07515588660175455,0.05741826213178331,0.09270596983905252
0.08265399339673764,0.0751164622264703,0.057436274789188425,0.092900298044768
0.08262678072383944,0.07508191320005249,0.057494543486455836,0.09309186009717811
0.08262741792778398,0.07504735987941552,0.057599316178415814,0.09328195078544121
0.0826337898477046,0.0749990085385376,0.05768323062338428,0.09347296285496974
0.08266554355561162,0.07493712378860053,0.05776452775551073,0.09368216163234702
0.08271241069644447,0.0748906253280204,0.05784187769655082,0.09390387184775377
0.0827713470345078,0.07486053512788222,0.05791462617377096,0.09411965654691141
0.08283245448286156,0.07482952496006022,0.05796935804545385,0.09432199039526866
0.08289094844836513,0.07480164906056602,0.05799219969695457,0.0945297746396262
0.08295130863043723,0.07480528911063813,0.058036721724802585,0.09469475089896878
0.08301208666677744,0.0747692654516381,0.05810127383214054,0.0948145387719674
0.08308086561757537,0.07470992854345475,0.0581636057990285,0.09492945147166398
0.08316584880666858,0.07461856095768057,0.058223876691028575,0.0950504925148265
0.083233398122285,0.07448926820496787,0.05828173451014268,0.09508470369798405
0.08332158080879239,0.07435291971698582,0.058338530474280025,0.09510569495154424
0.08340918769670555,0.07414764222318253,0.0584007857751585,0.09515027171090948
0.08349297677056408,0.0739312433982889,0.05845699396615807,0.09520639203014801
0.08354898329013305,0.07370589005821224,0.05854313083678608,0.09525563875341964
0.0835719371825878,0.0735235878197301,0.05865931292801067,0.0952927700224066
0.0835737106492971,0.07335283162848427,0.05877234031789352,0.0953071759140773
0.08354765284466528,0.0731656152412535,0.05888127745150066,0.0953112705319437
0.08347522806054669,0.07302024135477642,0.05898602002759682,0.09530264797181191
0.08334180142158909,0.07293163718148542,0.05908757751480036,0.09527985517784796
0.08315836821731011,0.07287452499630155,0.05918735344631351,0.09526439978457939
0.08295191147009529,0.07286089544494857,0.059280004490340946,0.09525751049291631
0.08273155210802285,0.0728789767173941,0.0593934706047022,0.09524848221416686
0.08250721205939429,0.07295214427346403,0.05949977765829992,0.09524594792083453
0.08229815409778911,0.07306842892495462,0.05957356423789683,0.09526262362491138
0.08212817232127806,0.07314692609382313,0.059648348361819835,0.09529622028926767
0.08196270935035928,0.07324502089566659,0.05975179979636319,0.09533711234381385
0.08178458195735715,0.07336280163433856,0.05986988249785275,0.0954022440837372
0.0816145314313855,0.07349953619440601,0.059988068451894895,0.09547357317003792
0.08144808169065364,0.07365447677364902,0.06008869540732477,0.09554716984065598
0.08128036133380588,0.07382653719825483,0.06012758569818651,0.09560869299673799
0.08111089551396757,0.07401442551473386,0.06009577438820761,0.09563075354340696
0.08094392910370574,0.07421612060780146,0.060049836506140535,0.09565229026352468
0.08081084655778192,0.07442994926802506,0.0599967921750104,0.09569992539435185
0.0807011509213754,0.07465546679675848,0.05998974362841862,0.09574774069044757
0.08059037611447942,0.07489032300700554,0.05998354501555006,0.0958017031244252
0.08049479512352552,0.075133803081904,0.059979535690284254,0.09586234358978396
0.08038203107892533,0.0754153575409202,0.059978301806464025,0.09593119637114662
0.08027830070219213,0.07570216835464552,0.05996590328547417,0.09600874172853542
0.08019209077620991,0.07599832490558749,0.05995121446490542,0.09609080301459001
0.08009950071976915,0.07629607922228432,0.05991884954500394,0.09617371441843997
0.08001426383591637,0.07658616365029274,0.05989755930174365,0.09626298542286996
0.07990901563774624,0.07687237340605593,0.059882838965174184,0.09636115135366763
0.07982224341897923,0.07708399706374379,0.05986811941117953,0.09646284056612359
0.0797495815326506,0.07720319486192305,0.05988239468428525,0.0965578869826472
0.07968043293177446,0.07731606012308542,0.05995630911478939,0.09666058051176336
0.07960141317238657,0.07741987521713982,0.06001909392226774,0.09676231262223085
0.07953191232469688,0.07751300977240957,0.060062143055693226,0.0968573695919652
0.07946809058199593,0.07759144873493473,0.060103400638860834,0.09696470737577234
0.07940262532754602,0.07765100956412686,0.06013655342137653,0.09708081364044446
0.07931946392341464,0.07768809020381458,0.060159062830992295,0.09719069666959798
0.0791720064520711,0.07769905009280455,0.060183514026905305,0.09728983699545754
0.07902974877562592,0.07762309995928768,0.06019364690425527,0.09737458109019874
0.07889621834572774,0.0774723347960065,0.06007290590096514,0.0974556882215262
0.07878635217679782,0.07729002305550062,0.059881649453235083,0.09751972749003036
0.07870639313884481,0.07708823967233197,0.05967355304886363,0.09757272489706593
0.07863958101178899,0.07685962504385482,0.05948505171679654,0.09762021625517384
0.07859758230886822,0.07660630022061411,0.05929911967501838,0.09766437240611195
0.07857773262005266,0.0763223277510341,0.059114405832783365,0.09770176376745289
0.0785121490365594,0.07600403116647998,0.05893482211073823,0.09771660482107641
0.07849271759272433,0.07564738229517916,0.05876072796987474,0.09770278408981661
0.07851687013310477,0.07524908366122665,0.05859210536394855,0.09769899076274595
0.07855139398524959,0.07481985484582754,0.05842917993685071,0.09769690021612629
0.0786044629306441,0.07439439947542832,0.058283316899670846,0.09768812105782679
0.07867289834538525,0.07400577346200592,0.058146751355478477,0.09768987658911965
0.07875738611920659,0.07365228119841674,0.05806107388163072,0.09769583312779642
0.07887189789532158,0.07326501584012016,0.05798259730938422,0.09773836244334497
0.0789815669874149,0.07286263897693634,0.05789667438426432,0.09782440441680859
0.07909633196328449,0.07246043944559617,0.0578121223928741,0.09792048203402319
0.07922701543728045,0.07204874097860951,0.05773143083559493,0.09801592391392265
0.07930413943612981,0.07163833093229098,0.05767496239235422,0.09810821848077844
0.07937923132626223,0.07123866579895814,0.057599585238337817,0.09822813811541146
0.07945404787231683,0.07084432889951821,0.05753976098495513,0.09835500643568035
0.07950674591326333,0.07046901728436814,0.057505901377895054,0.09849535310154173
0.07954297346891409,0.07013166534926346,0.057460219567900074,0.0986733290901025
0.07955718040091173,0.0697373283128134,0.05739871501460384,0.09882954681496113
0.07953467389549737,0.06935096429536738,0.05733851223576198,0.09899330623201238
0.07950310344239381,0.06897248841362816,0.05726115388977441,0.09917399284876738
0.079459375052861,0.0685660236146092,0.05721254741599394,0.09935533403287182
0.07940106539300934,0.06816565333455833,0.0571947255301117,0.09953804420370331
0.0793339640444583,0.06779533972527507,0.05720238791577172,0.09972997709298922
0.07925078066194491,0.06747109713012336,0.05720878806424828,0.09993292544503349
0.07915320484205776,0.0671539221560107,0.057218509799591644,0.10013264622649055
0.0790523002448284,0.06687192371650354,0.05723234017256268,0.10028890371330722
0.07894935504805341,0.06663526264782202,0.05724941419857703,0.10036397787138884
0.07884416664409552,0.06642810920516945,0.057269267735301096,0.10045646179699817
0.07873683599401107,0.06622925197023546,0.05729223241041306,0.10056496814866023
0.0786291929928579,0.06604251298755635,0.05732681621911454,0.1006927961794973
0.07852431954337045,0.06585979757710267,0.05737804559237962,0.10082687602991036
0.0784215955451406,0.06568133560891916,0.057430672565431926,0.1009266655709634
0.07831933706547711,0.06551348225576656,0.057457113134645035,0.1010279279565488
0.07822189652823049,0.06534313750405317,0.057477115304748645,0.10113535882768053
0.07817945174623372,0.06516565986171194,0.057492852379814136,0.10121701566929303
0.07813021749192967,0.06498450657140169,0.05751692045611292,0.10128141295275964
0.07811193410188433,0.06478663125588567,0.05755483409935518,0.10134066404913986
0.07806401250954312,0.06455687928265594,0.05749752545110972,0.10139692151307822
0.07804355892502064,0.06432530179031903,0.05736696363803298,0.10143565486500503
0.07801793054100464,0.06410773061691227,0.05725048409479622,0.10145924221935909
0.07799090668449181,0.06386473335236945,0.05714749752341194,0.10141981621272278
0.07795825155703404,0.06358024889037195,0.05705792612183905,0.10135101865092677
0.07792458860257696,0.063297287742264,0.056929203051755604,0.10124696978400279
0.0778911605810681,0.06301754663223239,0.05673843630914589,0.101111046036929
0.07785512504867134,0.0627381312524302,0.05655417271698032,0.10093114457511797
0.07780026477810668,0.062455418397505826,0.05636006790235054,0.10074898926384372
0.07777012390598016,0.06215528715855102,0.05616921593075986,0.10050444269434314
0.07782783840567348,0.06185727121173378,0.055983984993983854,0.1002594585264233
0.07789311078723754,0.061567081698070965,0.05579992325121894,0.100017518769545
0.07798229049971568,0.06127974154489606,0.055620755243477725,0.09973821351825116
0.07809111652095307,0.06100128347359775,0.05543077096803418,0.09945518967999747
0.07820123434370664,0.06073001656038521,0.05523944991783193,0.09919305697206308
0.07825388084870472,0.06046789755435611,0.05507083049613857,0.09893220181741383
0.07829159774776198,0.06021571896293035,0.05490833011759086,0.09866104673496737
0.07830162649888042,0.05997099745378063,0.054768306620040876,0.09837943459997854
0.07827892079844542,0.05974134821344314,0.054663495940366014,0.09810344560209393
0.07822422077062118,0.059528310054870325,0.05457517682143494,0.09785577397392389
0.07812861274255649,0.0593193025228668,0.054496259001356295,0.09761764451267393
0.07799502598249547,0.05908833683752337,0.05442723828791535,0.09737617281786666
0.07784795027547729,0.058873899621003915,0.05436837019357271,0.09712773781122183
0.07771225258565284,0.05868563135663477,0.054331427078960916,0.09687169639307905
0.07757548895995466,0.05855911590975205,0.054327652430589145,0.09660672758963021
0.077419574175857,0.05845601518802392,0.05434369855847324,0.09633424065053149
0.07728051617268593,0.05836518133160187,0.054368217305662644,0.09606259670388884
0.07718047863973422,0.058281706568306925,0.05440388136196528,0.09580124492663422
0.07712290373325162,0.05821587394742881,0.05446132084855723,0.09555617897277587
0.07709297973637243,0.05814153709384354,0.05454356814790741,0.09531825551496909
0.0770822375914661,0.05808698351045392,0.05463616932537986,0.09509851554506964
0.07706833562017532,0.05805686069437738,0.05475066292486248,0.09491159048106602
0.07704883723442292,0.05804527670759644,0.05487095075683671,0.09476106635489287
0.07701963640357078,0.058052234413021236,0.05497328494746889,0.09462123579574298
0.07699799144975415,0.05807835798172813,0.055095904337633346,0.09448521849587585
0.07701676408875224,0.05811973518876152,0.05528262626477634,0.09433708577972022
0.07703871315639636,0.05817950828722988,0.05550278459753724,0.09421281292959674
0.07706228173058993,0.05826783010927202,0.055738691918444036,0.0941152111529102
0.07708634239271653,0.05836884539575076,0.05599102451199974,0.0940138741374728
0.07713576463605999,0.05849160430408608,0.05626342303147153,0.09391147949235444
0.07719671631385486,0.058647711695699385,0.05656363539391028,0.09381473379399873
0.07725059321082894,0.058820014102179165,0.05686956437632914,0.09370198459173223
0.07727035859267918,0.059006156284382195,0.05718031349295274,0.09358776659290505
0.0773212655811743,0.0592118596890426,0.05749837569277571,0.09347580311816425
0.07738785596297251,0.059447194564776894,0.05782491312492017,0.09336323233419863
0.07741566914499584,0.05969763173693762,0.05815110640648196,0.0932831319013089
0.0773278623571905,0.05995843584535048,0.0584742398072527,0.09320677294197549
0.07723771675984095,0.06023320377098611,0.05878940092581517,0.09313344864586678
0.07713173141038997,0.06051688882676706,0.059087160222104494,0.09305308726125452
0.07700234941674151,0.06081449440425384,0.059351058413035035,0.09297860150062096
0.0768234468168832,0.06112950726484703,0.05956427044483251,0.09291539214962158
0.07660169647720318,0.06148093297192749,0.05975617418766079,0.092844418578045
0.07636529011913863,0.06183679863034469,0.05991701527661366,0.09276564090048292
0.0761730523941687,0.06214346634487066,0.06005813022751277,0.09267917832676546
0.0759949474635326,0.06243888724623287,0.06018404240537575,0.09257833853539886
0.07580167844516617,0.06274508753893876,0.06029587444511055,0.09252009192584897
0.07555073743703411,0.06301859322781565,0.0604096329932174,0.09246054891963146
0.07528805454203999,0.06327674105926526,0.060504207535627304,0.09238192718521317
0.07503058556148655,0.06354019808437873,0.06058043398154993,0.09229330477367681
0.07480257509402054,0.06380780148243297,0.0606353837729731,0.09221394417300577
0.07456940499349149,0.06408193955794875,0.06066563027608993,0.09209209498324133
0.07432820619931613,0.06436025723594818,0.060668976941634326,0.09196284268366475
0.07408677827586531,0.06463832841915987,0.060638096968611714,0.0918328142222576
0.07385643981550706,0.06491348713626822,0.06059030710162708,0.09169108711366028
0.07366671299923948,0.06518500087290371,0.0604655446298261,0.0915090836891692
0.07352763863194531,0.06545500325365798,0.060186159094258555,0.09132499627858766
0.07340231526303324,0.06571571431511006,0.05990215649090173,0.09114102989629108
0.07330124622338305,0.06595421779277927,0.059611820029837885,0.09096151390492782
0.07322923961108939,0.06616559962606867,0.05931490191488121,0.09078684775754188
0.07318473686515792,0.06634644856843022,0.05901468046275379,0.09062130500870395
0.0731494967921663,0.06649422218164444,0.05871778468934939,0.09047474766895848
0.07311962315128795,0.06660183557294098,0.05842836984164783,0.09034681763685155
0.07308330602511572,0.0666728699494087,0.05814035009571907,0.09022541820766139
0.0730937154308769,0.06669463145552694,0.05785895538391804,0.09011229236686319
0.07311866574809764,0.06670047052787222,0.05758581166376552,0.08999722031419574
0.07317753107833516,0.06669582719127116,0.05731525237204903,0.08988155302292063
0.07325605022751848,0.06664570729954217,0.05704735267356643,0.08977957454125134
0.07335727675567709,0.06663108403544328,0.05679488115708481,0.0896893422967323
0.07348097652963727,0.06661266982770306,0.0565539453187011,0.0895744817056188
0.07360472913041441,0.06658159368981309,0.05633229645881831,0.08945228582524156
0.07373113370189367,0.06652993127169905,0.056139002716286364,0.0893475097926587
0.07387761794516333,0.06648491897312547,0.05596639794728013,0.08926125020583096
0.07405282221325528,0.06643008272505108,0.05582443804317306,0.08918907675931013
0.07425348012414039,0.06636436501294472,0.055728090205795916,0.08910081624671487
0.07446457862114968,0.06629994094999239,0.0556607281738957,0.08904062012883678
0.07468174817669218,0.06623779538815758,0.055613021988739395,0.08901382785088074
0.07488279423890146,0.0661744135799136,0.05558610735241249,0.08900174222295137
0.07502850317858223,0.06611052408883328,0.0555912019073789,0.08900713586612538
0.07512005943159884,0.06604634120644075,0.0556214384339157,0.08905319086552707
0.07500362276393302,0.06599368842942685,0.05570633683919532,0.08911276241029267
0.0748480926169416,0.06597285932924996,0.055828416243013525,0.08918470078110273
0.0746705988872603,0.06595585285143807,0.055969973664991436,0.08918750322486374
0.0744920578097281,0.06594910083494908,0.056127734464222805,0.08916296266059609
0.0743269925514991,0.06598617453443915,0.05630050994124248,0.08914466952559673
0.07415593540681627,0.0660158762281549,0.056487427471376854,0.08914722378015999
0.07394243957754947,0.06603099862468677,0.05670380003958342,0.08917375330187387
0.07375051658001602,0.06603018223155477,0.05694078793001498,0.08921313795314945
0.0735530560277518,0.066014795755854,0.05717889705044167,0.08925769974121132
0.07336100887716417,0.06597005269816923,0.05742339667494262,0.08929981413812613
0.07320155336900418,0.06590575216911423,0.057677523718894355,0.08935467119766369
0.07306554961422843,0.06581089311876527,0.05787051726056995,0.08940844900772013
0.07294890800081938,0.06569584713487917,0.05798200350673949,0.08944557558665457
0.07285041297322063,0.06561147883797942,0.0581226665440205,0.08947607950904861
0.07279396708511496,0.06553239213430768,0.058269673215903525,0.08951572456179963
0.07278136941763595,0.06548164861974078,0.058421298733506495,0.08955720348909896
0.07280659319874559,0.06543435612467834,0.058575313007482414,0.08959368141760359
0.07284585099701818,0.06538078003445419,0.05873099987485998,0.0895422332296705
0.07289123962243398,0.06531305412022595,0.058877925744229294,0.08948342614488697
0.07294739033816776,0.06523383978574984,0.05903083100776287,0.08941495643912915
0.07299409694160641,0.06514831522387336,0.05917871077999935,0.08932294398219563
0.07305892917482797,0.06505719063336822,0.05934682176457726,0.0892475366869151
0.07315299068033548,0.06495908244490942,0.05950863950077343,0.08919810381988633
0.07324407070168693,0.06486070264376942,0.059662989964956725,0.08915383878987544
0.0733549369847672,0.0647657690098426,0.05979975405761102,0.08910909419180917
0.07348425876148847,0.06467268630254785,0.05992482007763311,0.0890631345782854
0.0736256663112801,0.0645749389331265,0.06003752717395347,0.08902444268122944
0.07377359501111362,0.06448616202000651,0.06013488660920119,0.08899244713753887
0.0738556867208864,0.06442165780071644,0.06020982030060949,0.08895759109964549
0.0738982039999175,0.06433568940072736,0.060258156890274854,0.08894782063652358
0.0739551932779095,0.06425960597338937,0.060288911183127396,0.08895809526071181
0.07400262661153062,0.0642047164296263,0.060302608564609984,0.0889738750043047
0.07404955194596788,0.06415656125279777,0.06027612118066194,0.08897315540587845
0.07408988775018421,0.06411606990629032,0.060232882813991875,0.0889771039064899
0.07406149694318706,0.06408021548943849,0.06017953496364798,0.08899814327318249
0.07400689427746239,0.0639978119541339,0.0601188127519765,0.08900925149373082
0.07393924423660367,0.0638736675342279,0.06005141201350837,0.0890176121819174
0.07385966851852661,0.06379356901307717,0.06000118930253508,0.08901670753642396
0.07381018736728998,0.06372265195531651,0.05997390577904676,0.08900659621176664
0.07378085440637897,0.0636699210110903,0.05994693983220138,0.08899370236083602
0.0737729865309092,0.0636304605605259,0.05992437756027286,0.08898471833120628
0.07374547406497232,0.06364641709886457,0.059953049757082336,0.08897577711533648
0.073761873713341,0.0636718692872311,0.05995827193108762,0.0889126445157685
0.07379348664478588,0.06370293455399188,0.05997099024807123,0.08885261298054747
0.07384905876776834,0.06379881885302566,0.06001000702155671,0.08879021602358335
0.07394143937762954,0.06391967764149702,0.060010456348143365,0.088698467539978
0.07408126063497421,0.06403670518631559,0.060016646478344905,0.08861273371191104
0.07425061912609916,0.06413809535507735,0.06002685355282442,0.0885374918657017
0.07446015656791685,0.06423952973004361,0.06004031903530834,0.08847766264112925
0.0746831878093356,0.06434904356671182,0.060069814451093294,0.08840860671506749
0.07493118620348425,0.06448395164709857,0.06011285765686504,0.08834824351730645
0.07519715848178239,0.06462332435486723,0.06017161923647752,0.08829531611568751
0.0754770437141625,0.06476036182655288,0.06025022724709274,0.08824661600634831
0.07577141300120026,0.06489924537659453,0.0603317565837724,0.08820230887773559
0.07607086153333142,0.06503659146330952,0.060415779473327574,0.08817171287648284
0.0763555553378775,0.06516437007795162,0.060505563623828536,0.08814693024390471
0.07662574396846089,0.06527537840820537,0.06062050423532309,0.08812518361635291
0.07688788589273259,0.06537045378167956,0.0607323715491762,0.08811500396512752
0.07713734579551507,0.06546482990085022,0.060838418678390405,0.08809059860232743
0.0773363761403073,0.06560896583031776,0.060935044040898126,0.08807733857973297
0.0774825043629704,0.065756044060346,0.06101621572686671,0.08808244054030787
0.07766872807079825,0.06590188337678374,0.06105730397442735,0.08808705575496724
0.07782912330757935,0.06602922489444192,0.06106385981896086,0.08809397075380339
0.07791683216985865,0.06613226742364654,0.061050680600973434,0.08812988429656497
0.07802594738030877,0.06623974140332166,0.06094593175363744,0.0881650634763852
0.07815704808003505,0.06635298047932037,0.06077450834152677,0.08820385141516889
0.07832479327489845,0.0664778469667638,0.06054680140013371,0.0882517777102166
0.0785346597461759,0.06660677252749889,0.06031537405712701,0.08830628102270438
0.0787612802654243,0.06673863141883216,0.06007754797602533,0.08834565465552746
0.07897410262459144,0.06686009706036683,0.05985264351552291,0.08837774397292827
0.07918871427061142,0.06698941289625883,0.05963315359167031,0.08842281208643504
0.07941032375215232,0.06712453631580036,0.059509241208727484,0.08849594376266015
0.07964276137444298,0.0672632333607957,0.05939794521759278,0.08858857817368204
0.07987702214219072,0.06743661914071084,0.059292898022191474,0.0886668176407465
0.08010347723795526,0.06764191779318796,0.059193230908332256,0.08864967646016511
0.08037394352197115,0.06790618019707989,0.05906014287363825,0.08863429672957997
0.08065726904971723,0.06818439135419548,0.05891325691080955,0.08861171649774932
0.08089306244266183,0.06846280029607789,0.05869672250481605,0.0885701320304158
0.08104976135167975,0.06874020086140899,0.058461533048432615,0.08847587546309146
0.08119170483888287,0.0690158467384616,0.05821529665037871,0.08833244737982444
0.0812657651572025,0.0692872829838316,0.05799966163736309,0.0881919944841982
0.08134790220891017,0.06953983887684902,0.057815260707013864,0.08806279108058589
0.08139696621295532,0.06976488639432106,0.057658227680591666,0.08794653546127226
0.0814388446607268,0.06999570489977439,0.05752433253574493,0.0878520786974668
0.0814644009918318,0.0702023964049607,0.057409062755326916,0.08776909772857198
0.08132239795710686,0.07040953772200029,0.05731689816052225,0.08769124748151352
0.0811822733368977,0.07059328764504184,0.057243935116712524,0.08761815429193863
0.08106317932594971,0.07075549929535464,0.057186820140573254,0.08755971426780318
0.08096934188086345,0.070898174876261,0.057141709571014665,0.08751657008449464
0.08089392562038823,0.07102584004023872,0.057115485959536506,0.08748954609002667
0.08088554194539242,0.0711406998498926,0.05712662828771787,0.08750653044646167
0.0809012275890418,0.07125101967836613,0.0571499008009611,0.08754042479961331
0.08091852203216351,0.07135179405122673,0.05719559901626505,0.08758580442947403
0.08093920459966593,0.0714615776231435,0.05730987690119957,0.08761635113018182
0.08100804968554798,0.07155825283077394,0.057447582528601944,0.08763387078773158
0.0811164103475933,0.07163965492485844,0.057595639989532633,0.0876632352803361
0.0812311737971172,0.07170899301022726,0.05775405213290715,0.0877216426954776
0.08136657066565185,0.07176884034629431,0.05787926758963947,0.08781006603063546
0.08147104688145727,0.07181981547866113,0.05801851463775392,0.08791304477651123
0.08152264042496953,0.07186306379178369,0.05812902122953991,0.08802760085156608
0.08158926944477994,0.07189785374007095,0.058259933650310174,0.08814333656321824
0.08166021500523485,0.07192411042024509,0.0584036241400401,0.08826615435416979
0.08175510059248829,0.07198128087786708,0.05855209253076713,0.08839673201487196
0.08185430118922242,0.07204640981566435,0.058700883949481246,0.08854693939241118
0.08191529267722646,0.07209327614269459,0.05886618313949595,0.08870948123927874
0.0819332445667263,0.07210683320149622,0.05903590013007762,0.088881001674958
0.08196188739748007,0.07212110591420916,0.05920899673109424,0.08906176714496694
0.082008177962835,0.07212234443791814,0.05941076813908146,0.08925224872652357
0.08204347218916096,0.0720929247290359,0.05961489690757391,0.08945328694807297
0.08205411842667086,0.07200777539550754,0.059817617569027766,0.08966647249642078
0.08210595493014515,0.07188656912248594,0.05998320662620157,0.08989509143644514
0.08218813375252329,0.07176101127575323,0.06007231917982138,0.09015958510626228
0.08231075860743724,0.07165281978064712,0.06016399516807055,0.09044209641349983
0.08245662966523284,0.07156931957235076,0.060243268830061716,0.09072337387602387
0.0826096264218237,0.07147013130191032,0.06030876370349098,0.09099274349989232
0.0827751628416935,0.07138044949532427,0.060360079542462974,0.09127890525880479
0.08296011028874659,0.07130051026625694,0.0603290302361891,0.09158161253698027
0.08312008861849648,0.07122121417206989,0.06027520158200555,0.09185207901265918
0.08326619234299937,0.07117520541028205,0.06020674543307044,0.09205275597325017
0.08340086574803791,0.07113125344660352,0.06012711946948995,0.09225576214747117
0.08355651429522176,0.07112929282729194,0.06004744471719351,0.09243994171052422
0.0837079423086467,0.07113114437578973,0.05996400451482064,0.09257903370771595
0.0838426301149149,0.07118655683263955,0.059878262492924786,0.09261760390975744
0.08395197967865664,0.07125626845061415,0.059810815410727976,0.09265675620428071
0.08402151453778649,0.07133427084407765,0.05974632622926594,0.09268846272773991
0.08403595969450689,0.07137468300360435,0.05968382760556418,0.09271033091015517
0.08404955529664708,0.07141904072984838,0.05962705961369685,0.09272378232327609
0.08406539057849971,0.0714634953911428,0.05957072205862338,0.092712660871043
0.08406569791681742,0.07152208575860673,0.059524276243766785,0.09270868499483531
0.08406352167091528,0.07159371109404579,0.059490664003754475,0.09270786486221913
0.08404306682255935,0.071658668537461,0.05945928092388486,0.09269697752501507
0.08404748150946148,0.071744630850357,0.059430303916020576,0.09266696708405828
0.08404147826789791,0.07184248474306443,0.05939977888168092,0.0926383194495894
0.08403612765799216,0.07193591980850327,0.059368935877522615,0.09262164138782453
0.08403492921711743,0.07202716677623092,0.05935332850156157,0.09260998271585698
0.08404045311139718,0.07213175831781383,0.05933760264458318,0.0926042184817934
0.08399516413679801,0.07223357439954721,0.05933507400189988,0.09260866751396453
0.0838514550279369,0.07232859678317047,0.05933682153366152,0.09262523129109625
0.08370229305067851,0.07237034771560648,0.05937657069736268,0.09263690346964985
0.08356131003297078,0.07238138253084457,0.059389880091346645,0.09265355555344247
0.0833821514196131,0.07239814525211283,0.059381845074264465,0.09264493845504147
0.08319351476266758,0.07242105241149331,0.0593456044804372,0.09263886436814445
0.08302177900419593,0.07245045854019047,0.059313754951802994,0.0926569891663085
0.08282891883953086,0.0724913326687852,0.059284583542071535,0.09266723672556286
0.08269449611324259,0.07255366649780906,0.059259877914962594,0.09266500955104812
0.0825824817167424,0.07262428287793493,0.059240353595391176,0.09267018500981156
0.08247781463970559,0.0727208451234523,0.05922405367152476,0.09266771838662055
0.08231494937942743,0.07283037284483054,0.05920655918448611,0.09266170318197124
0.08212327718023775,0.07294750482424765,0.05918614618620576,0.09267798091704442
0.08188358226205214,0.07307415967801756,0.05911561381819491,0.09271159360064754
0.08169077994676946,0.0732061980636263,0.059003862516762436,0.09276753066865633
0.08155508215467479,0.07334304303861604,0.05888238151260151,0.09282395485678303
0.08143752726580322,0.07348324206399354,0.05874873765691049,0.09287335070312615
0.08133202220643962,0.07360208904921904,0.058604345420700345,0.09293222527682134
0.08122854672574799,0.07371723736472921,0.05846471658130816,0.09299568377210718
0.08111911912818137,0.07383463001300494,0.05833736222783098,0.09306842024708309
0.08100778439780949,0.07400276898705631,0.05823297782797718,0.09314682066130636
0.08088879761089855,0.07417466266439099,0.058132476294338015,0.09320499659014
0.08077527659034171,0.07434439422037434,0.05805485803729758,0.0932665616727481
0.08065820144777963,0.07446738236642163,0.057969869776816084,0.09333491347571654
0.08048142968564692,0.07458808524882522,0.05787741996766456,0.09340731178995758
0.08023807942589781,0.07470188244025326,0.057781010430403415,0.09348472464637084
0.07997631892580818,0.07481336642805442,0.05768937635483401,0.09355149351919459
0.07969842054346526,0.07490640867173701,0.05760327884740768,0.09361927067783467
0.07938422860747472,0.0749796980239533,0.05749588002064854,0.09368786938685922
0.079060170836637,0.07507246226246375,0.05736617435755757,0.09375862679556171
0.07872998284959926,0.07515890451197753,0.05721828890262218,0.09383428144483585
0.07840024454823499,0.07525567169539549,0.05707326278604297,0.0939123761493462
0.07809585803334135,0.07536696992214031,0.05692451786679009,0.09399576105541871
0.0778365024169554,0.07546861988437417,0.05675784877380486,0.09407451874300986
0.07761363082218789,0.07558607801483885,0.056593228272117733,0.09413024995437672
0.07747462599148718,0.07573822015496645,0.056429405443782506,0.09419430389229942
0.07735329518831073,0.0758951390610889,0.05626864645048188,0.09426021487193542
0.07721632972683021,0.07604961751885868,0.056122315751129075,0.09434094855162109
0.07709624773014394,0.07619055245865215,0.05599238057769336,0.09442572587532916
0.07701327528823795,0.07628948321067221,0.05586472096871429,0.09450359439297226
0.07691996204682224,0.07637542652316255,0.05573981923978968,0.09457047050104486
0.07683220636026176,0.07644335304728127,0.05561838831565294,0.09463646465963384
0.07674356604398098,0.07647976633450207,0.05550143375920392,0.09470267616033007
0.07665909355220313,0.0764552761417095,0.0553878323669236,0.09477264582868111
0.07658487614119153,0.07637181055200082,0.055273758101428226,0.09484836118728635
0.07659751243578226,0.07619535673801575,0.05516299189404272,0.0949261271699047
0.07662590319390701,0.07598147520918595,0.05505380283957276,0.09500207091995322
0.07660974147272293,0.07574854969832966,0.05494346977488569,0.09508390275037112
0.07665356256738963,0.07551311382031768,0.05482217195632441,0.09509862266288978
0.07674001724945392,0.07529560060643467,0.05471675656292153,0.09510028526629453
0.07681680601262784,0.07509415990122967,0.054683892083286625,0.09514648561279457
0.07690385746732503,0.07487662756724948,0.054652337279218866,0.09521850902107383
0.07703804441732941,0.07465418718259366,0.0546158525906587,0.09528564339709919
0.0771845363377101,0.0744283504573535,0.054581684289175036,0.09535492622196388
0.07733984723342925,0.07420867482746762,0.05454871478211956,0.09543799230774694
0.07750132245282165,0.07395450179045857,0.05452025339625513,0.09551283919442362
0.07766676975867112,0.07372052009953634,0.0545006032869064,0.09559006218148727
0.07785891109885536,0.07348907138990006,0.054480222741177,0.0956829649809512
0.07805724518044442,0.07326173928880937,0.05443494118631341,0.09577510782962295
0.07825858626441927,0.07305012628393798,0.054317825759751505,0.09589049648970677
0.07845327363785035,0.07283822461921745,0.05419133797579984,0.09601833174347778
0.07866092089763167,0.07262412228267548,0.05404587845094676,0.09615858581899955
0.0788971415876879,0.07240763100476576,0.053901644521136584,0.09632736528852118
0.07915647701342517,0.07218752676639649,0.05375745177353521,0.09652634001300775
0.07943356976218004,0.07196815628462236,0.0536209233084312,0.09673665008070763
0.07977597235773369,0.0717201758100805,0.05349447991817085,0.09695607231664828
0.08007502952786405,0.07143735712260006,0.05338178157641974,0.09718415103917055
0.08038620627578975,0.07116137924300794,0.05328284826275526,0.09742700608799634
0.08065778559888527,0.07090318987194595,0.05319391709829931,0.09767363939992228
0.08093824270612143,0.0706426350276284,0.05311490556646085,0.0979268351083389
0.08121610606464141,0.07038543036854979,0.05304541796277859,0.09819204316858357
0.08148317425834754,0.07012908737409083,0.05297959258285259,0.09846592350522435
0.08174771951085041,0.06987102471258129,0.0528667693071231,0.09876378366190298
0.08198428137622776,0.06958386309892814,0.05280440613832119,0.09909182607358599
0.08217783145452738,0.06930579574570854,0.052749659307060055,0.09940088412568106
0.08235785806410331,0.06903260412419324,0.052694646044568354,0.09969809032459624
0.08252755743674887,0.06877047497535012,0.05265026847628196,0.09999465889173084
0.08268502627942759,0.06852222730930412,0.05261059037545394,0.10028482221404805
0.08281243955834627,0.0683046729309172,0.05256322316342696,0.1005736325615085
0.08294940525190235,0.0681151726437184,0.05248989293767724,0.10084343141197073
0.08307693840550692,0.06795357836648042,0.05235011155302811,0.1011058130266113
0.08320685947122161,0.0678250855890177,0.05218840991411628,0.10135254018274165
0.08332478212668082,0.06771638347584463,0.05201926422806737,0.1015734429281189
0.08340240228139874,0.06764496237812465,0.05182046583876203,0.10171281698043244
0.08347458778094641,0.06759352927108221,0.05165672740337568,0.10182570807709375
0.08354416078045332,0.06757441073074207,0.05149759114627398,0.10193410695301375
0.0835818588548499,0.06761321757239266,0.05134920321367853,0.10202317644537957
0.0836205809370475,0.06766764340169071,0.05121995729134,0.10210640401416914
0.08366954915658824,0.06777116098165875,0.05109664023619018,0.10216487837122487
0.08371557745056023,0.06790855424366517,0.05100896919461971,0.10221075513658802
0.0837538095267242,0.0680581222202305,0.050937318760591134,0.10225432760728578
0.08379862725645854,0.06822320333391395,0.05088055740734535,0.10229456268243924
0.08384530526203231,0.06840016882561369,0.05083915610366254,0.10233810857463509
0.08392978534461523,0.06855197463096449,0.050813351977149944,0.1023789905595093
0.0840349595398093,0.06870330732318991,0.05080321374677754,0.10240793095218251
0.08415103223040024,0.06886329591123078,0.05080827180883163,0.10244932695127246
0.08428051257958377,0.06902502149739498,0.050828085446416385,0.1024986068986802
0.08442236670992306,0.06919921657996536,0.050855949447889244,0.10255676931122593
0.08453542708891976,0.06940567309815132,0.05090042384774288,0.10261585491721789
0.08462297898902296,0.06968071374678998,0.050972888893294876,0.10271193054499868
0.08472952878380278,0.06996323080875423,0.05109640692102685,0.10280846528008078
0.08486877848415172,0.07023002350718224,0.05122385819173349,0.10290591171189556
0.08505167171705298,0.07048486750101086,0.05136910216528614,0.10300480017334386
0.08524819731531683,0.07072317360626144,0.0515275657168608,0.1030727635179801
0.08547795021278752,0.07096198863901167,0.05171083200371882,0.10314210296973458
0.08573195578764672,0.07119816211622404,0.05190381035953881,0.10319319786137934
0.08598543175436275,0.07143529991324515,0.052108540372700664,0.103256345123464
0.08621099591869386,0.07166941351161038,0.05228100736266011,0.1033372599964671
0.08640466710805984,0.07189335398939294,0.052455062831164245,0.10344371035910677
0.08660380691894445,0.07211179447903125,0.05263311166443459,0.10357615030177894
0.08681590160383433,0.07234259628143697,0.05279569033555398,0.10369091320480847
0.08705463171572747,0.07258163430640581,0.05295197978621383,0.10377743550463343
0.087312077922614,0.0728010364996039,0.05308665708485993,0.10385673096062457
0.08757984871901185,0.07298285365727783,0.053201974134369764,0.10392944949301795
0.08783880007514266,0.07316466204568971,0.05332198327937162,0.10399958098235834
0.08805544667706645,0.07332049281329181,0.05343398172338849,0.10406659796938939
0.08822067638408983,0.0734592503490101,0.05354281149430708,0.1041469306112992
0.08838486279523174,0.07359066308847065,0.05366414325968757,0.10421380664228254
0.0885275332663604,0.07371574250519274,0.05379115148246791,0.1042795568360973
0.08865161760770258,0.07383559458641858,0.053873398698569615,0.10435408158112539
0.08877071402730798,0.07395491663035321,0.05392419286339061,0.10443566696653628
0.08890735446855161,0.07406370777362811,0.05397952866492908,0.10453458996507838
0.0890364843614291,0.07416730305950574,0.054039735956158956,0.10464973014331905
0.08912851405504336,0.07426230425103637,0.05407943851748927,0.10477199774293895
0.08920942611593385,0.07435259041182854,0.05412081735793006,0.10489991457088638
0.08931203762776653,0.0744274388616835,0.05415415889578771,0.10503445164192789
0.08941369484714008,0.07448579589377355,0.054178633036658784,0.10517855147779555
0.0895048771230479,0.07452840237778349,0.054231576929811176,0.10532906881278355
0.08960007963331158,0.07455652561047148,0.05427846809500936,0.10543950227748956
0.08970900694256016,0.07457224157395216,0.05430819675678703,0.10542774965790642
0.08985462086888547,0.07457785643241062,0.05433332252130658,0.10544103946107924
0.09000262246535154,0.074581699959757,0.054357316525048174,0.10547488895529156
0.09012537252113478,0.07460991059684784,0.05440333080024972,0.10553234455663459
0.09024273178168603,0.07462713192553054,0.054451325080105514,0.10561090758838444
0.09035818074602972,0.07464304146845843,0.0544973458556525,0.10571022922258594
0.09048336466850568,0.07465945212197153,0.05454062879960518,0.10581699180158499
0.09063025615140496,0.07467991869053718,0.054585418987638995,0.10592277909794809
0.09079402600509,0.07468082715991958,0.0546290758969331,0.10602229330732525
0.09096862919896934,0.07470477824842697,0.05467339548219836,0.10610720163628942
0.09114770923200637,0.07475779870418933,0.05471924060348904,0.10616043364723556
0.0913485733934921,0.07483246793789097,0.05476961696352324,0.10618148096418938
0.09154423802739953,0.07495016088119623,0.05482740474471618,0.10617182826275533
0.09173152078151481,0.07508106031732822,0.054909934321702936,0.10615023451168817
0.09191267207359163,0.0752141463037933,0.054982771426536174,0.10608187263604071
0.09210289699269358,0.07535018263052509,0.0550648578184496,0.10599175403140249
0.0923028677519323,0.07549077148076012,0.05515776587478602,0.10586311009097021
0.09250814278478244,0.07562998673713603,0.05526192894057355,0.10570810882213472
0.09270493542066638,0.07578822911237132,0.05534782034560756,0.10553751037489371
0.09286650204709834,0.07597235562012988,0.05542574394906929,0.1053500374656168
0.09298186908796285,0.0761518612490358,0.05551362446697479,0.10516076590905653
0.09309332022524763,0.07632190143485863,0.055594689483327527,0.10496137339672036
0.09319929880686617,0.07646905507762788,0.05567528620680056,0.10475088386533261
0.09332735813247521,0.07659652733823286,0.05578476189084368,0.10452165239816896
0.09346374703262199,0.07668446931315691,0.05592096415081097,0.10427531990677165
0.09358205126218942,0.07671533996648723,0.05607016038251685,0.10408263530075962
0.09369733192245813,0.07675094934797898,0.05622808691234303,0.10384644490822637
0.09380168300011542,0.07676552411528512,0.056392533412227316,0.1035935474084591
0.09391762321749175,0.0767727496100044,0.05658568940770497,0.10333995318910708
0.09405975548760738,0.07679761820550685,0.056798493982501363,0.10306517831279925
0.0942160453424149,0.07684219646846585,0.056964476636755565,0.10279147399390463
0.09438234061851189,0.07690894808422348,0.05713541284723201,0.10252265227118669
0.09455886211817857,0.07701384868799176,0.05731024458746751,0.1022619035434322
0.09473831874696899,0.07712426324927642,0.05748962421784695,0.10202770491318822
0.09497411772070313,0.07723920714686489,0.057673847118801545,0.10174757622885372
0.0952454052609021,0.077355558102778,0.05786267359427353,0.10146030293375939
0.09551038929897009,0.07748007774759302,0.058055330588180284,0.10116936579189245
0.09577050612523373,0.07761485420400917,0.05825762423667971,0.10086222484935618
0.09602778883062649,0.07776519729146542,0.05847686471802277,0.10057222208918931
0.09628786896096125,0.07797170708170316,0.05873130751503124,0.1002856827623126
0.09652780571359729,0.07819128395946061,0.05900854202689404,0.09999673589027094
0.0967711347093101,0.07843600395725378,0.0592840821410071,0.09975671413014986
0.09700736867598868,0.07862688291618349,0.059569542605097885,0.09954714163177032
0.0972449036757972,0.07881324714877858,0.059858574202682445,0.09934058298120689
0.09749620414871621,0.07897511710230827,0.060149853972648826,0.09913282466699899
0.09774888425774111,0.07909629259887335,0.06044166343947188,0.0989301012782452
0.09798350972714401,0.079179632614593,0.06073564906866451,0.09874291749388855
0.09820908257030311,0.07924350377337971,0.061025936649418834,0.09857199796104668
0.09840479407900139,0.07930312949879931,0.061331869707412466,0.0983826923230336
0.0985729185801608,0.07935946336863885,0.061682082756805014,0.09817604615660622
0.09874783650155974,0.07939655342724734,0.062045654375216405,0.09797148834474313
0.09892595051282249,0.07945634178911329,0.06242571684556616,0.09781092018466477
0.09910055950000513,0.07954476863179688,0.06281196534612005,0.09766518670550493
0.09927382450076114,0.0796163198152228,0.06319950166962347,0.09751605600570458
0.09943914376249244,0.0796805329032818,0.06356440626227632,0.09730970565099942
0.09960606578509365,0.07973829357446888,0.06389135728873278,0.09710047934725341
0.09979276040691781,0.07981074596769573,0.06420739776668903,0.09688790268147983
0.09998469330178711,0.07989217089505654,0.06451435348499684,0.09667252140664992
0.10017666458061839,0.07997865195718117,0.06483546534226524,0.09647169653993003
0.10036573069454469,0.08006135667668494,0.0651439984154979,0.0962762129513956
0.10055520610370217,0.0801254738989154,0.06542971829196237,0.09607142464475721
0.10074508071774278,0.08017687681893586,0.06571694233716142,0.09586976433581319
0.10091822619512077,0.08021071952595393,0.06600625036605923,0.09568604818622535
0.10101828423549161,0.08019679328766485,0.06629150833814514,0.09551593134312543
0.10106958908713048,0.0801315100054772,0.06656271049773331,0.0953380131985303
0.10113737575431993,0.0800667496187679,0.06677049730582482,0.09515008480641875
0.10122637507113319,0.08002667723883136,0.06689143492776106,0.09493060311190879
0.1013261603639655,0.08000346929095775,0.06696096025310731,0.09467222695543571
0.10142927603373375,0.07998384037868614,0.06701760236495281,0.09439676849555262
0.10153282398557863,0.0799679181926985,0.06706846655516122,0.09412673904802153
0.10163343010563453,0.07997994584200768,0.06712795377212609,0.09382609210580106
0.10175966260233951,0.08003285808284688,0.06718675656069392,0.09351507385824813
0.10187806218765606,0.08011828020547,0.06724663670071487,0.09320442466542307
0.10199782756590739,0.08020141834849802,0.06730808827876632,0.09288793947162016
0.1021231412212048,0.08028099110811737,0.0673693097798144,0.09256567827688691
0.10221739712794109,0.08034583348487007,0.06730828475561923,0.09223107608779467
0.10235705071373237,0.08040635667450827,0.0672084266455805,0.09185854215221845
0.10251489617103467,0.08049337980942833,0.06711429629257865,0.09142785360311084
0.10269542859690375,0.08058956255263314,0.06703284832915078,0.09097884149393506
0.10292459712896151,0.0807041436002762,0.06695763206919234,0.09052497018078347
0.10319476519233638,0.08083538981989447,0.0668888308731215,0.09007025237504014
0.10350113254470986,0.08100362689685126,0.0668306204808103,0.0896318518718637
0.10381358905426599,0.08118528220954419,0.06677943436458464,0.089186999330825
0.10412783798111964,0.08136529762416127,0.06673324643124277,0.08875149247179791
0.10445748520892222,0.0815403097313987,0.06669369055990408,0.08831466183809845
0.10479282129257252,0.08170913129802128,0.0666693899048853,0.08787652476372802
0.10513035322008313,0.08186172138507711,0.06667946416537847,0.08743677454046292
0.10546994473532612,0.08199191588877197,0.0666803145622498,0.08702122705389075
0.1057743546611532,0.0820993162377619,0.0666828967862528,0.08661872928388933
0.106061441415396,0.08218225382406888,0.06669261023238622,0.0862197344336374
0.10634424106698108,0.0822570854233154,0.0667150071377381,0.08582349180504209
0.1065835488939105,0.08231299659586198,0.06674752474962518,0.08542876010424656
0.10677875398065743,0.0823683273865496,0.06678957429609034,0.08503630444732864
0.1069795303748304,0.08243265207577169,0.06683826708475388,0.08464677800138631
0.10710370009253148,0.08253005737143305,0.06689358042998202,0.08426008664130064
0.10717716936556511,0.0826288607494644,0.06695705585392393,0.08387157789123131
0.10722835893976397,0.08272991147794413,0.06703011817638857,0.08348332397388473
0.10727296233271089,0.0828206719197458,0.06710960338537122,0.08309584902446396
0.1073002306589778,0.0829118619033355,0.06719674810542688,0.08270464422666304
0.1072496521935816,0.08298249155288752,0.06729178318606972,0.08232418082290902
0.10718646207024797,0.08305548569065169,0.06739496009887136,0.08199433060534218
0.10712284500084225,0.08310028599633339,0.06750730061438506,0.08168282350590805
0.10706561500765405,0.0830869571029969,0.06762997177318,0.08137768824822957
0.10699801640424349,0.08307663274164276,0.06776135533256532,0.08108350907968985
0.10689862397328247,0.08307632496493758,0.06790467364278248,0.08080934433357462
0.1067894306643527,0.08309419808438481,0.06805785495438019,0.08054198630748564
0.10666977024823496,0.0831613335238981,0.06822324970110494,0.08028081825686909
0.10656497023942077,0.08318136595710361,0.06839496840606979,0.08001580491648747
0.10646018930457561,0.08322807459629834,0.0685748412331627,0.07975352858125227
0.10636143259848205,0.08322629403463257,0.0687664033115555,0.07947849143072001
0.10627909046839709,0.08321571883674711,0.06896610012069686,0.07921256903533062
0.10621320842537857,0.08321990505785898,0.06917223703698483,0.078957595118915
0.1061583788279443,0.08321748527710968,0.06938675081875702,0.0787062266921825
0.10610620964625996,0.08313871543975583,0.06960243612038995,0.07846551428172002
0.10607882800561531,0.0830505874784975,0.06982216395411607,0.07823034313986586
0.10609732329152838,0.08297006662805588,0.06997918091001747,0.07800353657586534
0.1061065793590801,0.08295605378120134,0.06998996296347645,0.07778167938771809
0.10611135925236831,0.08297765547506969,0.07001280725326398,0.07758668429280664
0.10613134676361462,0.08302819740935084,0.07004642731040174,0.07740845895842279
0.10616472289623634,0.08308958253218758,0.07008835059305361,0.07724731503870517
0.10624008344718239,0.08318534877664248,0.07013697029247601,0.07709506672739476
0.10630350073773417,0.08328330015289478,0.07017268013363712,0.07695496161473284
0.1063808995961089,0.0833852052366093,0.07020364012652888,0.07682188045305612
0.10647614922067489,0.08346828572334436,0.07024003213576546,0.07663754563854008
0.10656925986520024,0.08350333747057001,0.07028094376516196,0.07644923455023431
0.10665436478518057,0.08358853119106027,0.07033518186888436,0.07625572746036931
0.10665411880966733,0.08370453861164465,0.07039861270545388,0.07609319552839623
0.10662505595673771,0.08382386028674088,0.07047032178566584,0.07597644221494802
0.10658587410117387,0.08396160497152967,0.07053889192111322,0.0758729476159036
0.10654610373434961,0.08410983087999527,0.07062579215806657,0.0757767799760853
0.10650662458749846,0.08427241452396926,0.07072820617347478,0.07568634178444734
0.1065036627834488,0.08443392229274735,0.07085231532777435,0.07560390254500801
0.10652861395142042,0.08457324975161429,0.07099007594604259,0.07552946404391545
0.10655316879247381,0.08471275426517276,0.0711340131821241,0.07546085829337354
0.10661276815483425,0.08484039700718408,0.07127746718636298,0.07538698063949871
0.10671013514633287,0.0849479878151206,0.07142607846431341,0.07532663795577084
0.10678972781188463,0.08504180091699468,0.07158220612214417,0.07528237435278673
0.10684553314415846,0.08512825999590783,0.07174515347594718,0.07525121607174129
0.10688185339989345,0.08518917704901512,0.07191201578403617,0.0752283203062181
0.10694085029888925,0.08524369322748492,0.07208230156031817,0.0752114475150575
0.10702138177363847,0.0852724992088898,0.07225970127254502,0.0752000912027902
0.10710425723907788,0.08512405794042749,0.07244685081180259,0.07514004946590815
0.10716488480622532,0.08499097528689534,0.07265097073075795,0.07510086008873947
0.10712575285497256,0.08483570029006168,0.07285586211881052,0.07507510577296739
0.10707546847449952,0.08464515115000372,0.0730609931212605,0.07504822726156617
0.10702560477563813,0.08439444293615904,0.07326709225454942,0.0749881983677366
0.10697995368896533,0.08406222854507243,0.07347287693408552,0.07491924944890661
0.10693247344656075,0.08368340983797376,0.07367704219155463,0.07486102088503922
0.10685361681445059,0.08327461785276415,0.07387998891665896,0.0748082446026418
0.10675342902430478,0.08288972081385194,0.07408308249468173,0.0747589416118968
0.10664154488205528,0.08249167237726403,0.07428448139274393,0.07471945118327912
0.10653994369111566,0.08209906335333911,0.07448745155814723,0.07467647967665454
0.10642973475790041,0.08171873368355559,0.07468966574658761,0.07461507860746455
0.10629785089072177,0.08134641940863964,0.07488448901331039,0.07456049963423375
0.10615253310660747,0.08098467013782547,0.07507756109308356,0.07450640096362059
0.10596253226376637,0.0806528567668556,0.07526071626059325,0.07445377231427622
0.10575964254784355,0.0803280809052882,0.07543205222395746,0.07440361239947928
0.10556606744213104,0.07998322348885023,0.07559200708287067,0.07436222629510175
0.10536228089363753,0.07963952768121016,0.07573682881360946,0.07429896902083545
0.10514750188408267,0.07929058869012605,0.07586766832749364,0.0742117376015266
0.10493338113433873,0.07893525515868834,0.0758043917905242,0.07414389111151164
0.10472768046550651,0.07861325483233382,0.07570548495392487,0.07411140717187918
0.1045167816699722,0.07831023775074593,0.07559122804014747,0.07409054892091665
0.10428928697658267,0.07800026821006069,0.07540105284009307,0.07408231509529534
0.10405375843142496,0.07769042677913825,0.0752023229777591,0.07402422148887151
0.10382380758547297,0.07737199664596427,0.07499639751818789,0.07396563029742462
0.10357530057555782,0.07703999450445796,0.07478480511050814,0.07393282240020262
0.10331563740471873,0.07670602227134395,0.07446874039609817,0.07394016025954024
0.10304669979242419,0.07638414720793095,0.07414948792507287,0.07400146720156232
0.10278536125147188,0.07606740636511969,0.07384636673932696,0.07406696523424705
0.10255647988336362,0.07579237289112475,0.07354577740349141,0.07408817005104922
0.10234846465540144,0.0754942468107542,0.07324913736950701,0.0740903499634211
0.10210868244330686,0.07520003895082762,0.07295637133717178,0.07409437448634122
0.10185778239318997,0.07490558150392707,0.07266863052109,0.07411063031358182
0.10160702322368426,0.07459854348756391,0.07238719686342282,0.07413236046133405
0.10141213234117469,0.07427939146892154,0.07211196480604239,0.07406902469154111
0.10124268072697419,0.07394890506324259,0.07183808790015786,0.07395911544383586
0.1010061337174335,0.07365190508194422,0.07157007419763246,0.07386626886292137
0.10065932176234806,0.07340390072488118,0.07131027077380812,0.07377787498238692
0.10029979323742022,0.07314573914334205,0.0710590165772934,0.07370297598350542
0.09996104727528922,0.07289962540564747,0.07081581857141693,0.07363081775278922
0.09965130825369412,0.07265828313498826,0.07058115085913251,0.07354631018733895
0.0993459947488404,0.0724271198975249,0.0703557133156411,0.07344697747253627
0.09904764019417367,0.07216416090694332,0.07014016241207648,0.07331892672198391
0.09875813395160264,0.07189272721132207,0.06994146594706022,0.07317101773160976
0.09849169395484819,0.07161902139972635,0.06977028978880301,0.07303780829818798
0.09823050123223663,0.0713604946177945,0.06962085683215181,0.07289957774448548
0.09797448734999543,0.0711345632501245,0.0694838198968841,0.07276684818857287
0.09773300193579398,0.07092100921748358,0.06935899317839656,0.07265022346751165
0.09749236412957017,0.0706840698651016,0.06924681334293997,0.07254496860100047
0.09726669807861686,0.07045419253774939,0.06915072207656771,0.07245642744267611
0.09706893226288184,0.07026321067293967,0.0690708225617942,0.07237971192185613
0.09691374074403851,0.07009811409581466,0.06901262862478844,0.07231201194777763
0.09681532500049893,0.06995227734610765,0.06896768616387466,0.07225115259751894
0.09672713720300434,0.06982197075112842,0.0689342996218995,0.0722005490191974
0.09665145131313865,0.06974433989963921,0.06890178041145523,0.07216767600219491
0.09657505711320694,0.06968972464214382,0.06886080261444628,0.07215449560099342
0.09649710618994256,0.0696490658062133,0.06879938095072179,0.07210936027993875
0.09642526107549584,0.06961896224889028,0.06871078493024314,0.07206498807522241
0.09633975607074098,0.06960677701720067,0.06860590185274507,0.07203138075538283
0.09625465664213897,0.06959935566397031,0.06849390076763628,0.07200141202191357
0.09619166713341348,0.06957918352356832,0.06839323692019177,0.0719374839194051
0.09615176924255249,0.06956867042569363,0.06830408123236456,0.07183182426042498
0.09610669562339536,0.06957549040029407,0.06822131886582275,0.07169630363033816
0.09606311591299589,0.06960036410156004,0.06810381246282335,0.07154956214188506
0.09600767899220995,0.06961020071459506,0.06794300204409874,0.07140470357059601
0.09593784756362721,0.06960585764593802,0.06779576681033823,0.07126711029934792
0.09584548805030735,0.06958038225515617,0.06763975752345895,0.07113688480445156
0.09570614128110656,0.06954209484719169,0.0674894283024747,0.07101214631409959
0.09554860823543733,0.0694704601606998,0.06740449436462878,0.07090518630987346
0.09537617580219497,0.0693982290718077,0.06733132929798401,0.07081483495783866
0.09519749299254239,0.06936524975151168,0.06726955232974778,0.07073935974374507
0.09499545843985527,0.06933643199120125,0.06721862286198436,0.07065566264895334
0.09480625805359695,0.06929605486690933,0.06717844866996266,0.07058133730547497
0.0946180601982329,0.06929421393031779,0.06715596649833071,0.07052048505165504
0.09443931213332991,0.0693058760129225,0.067135544629276,0.0704698212427387
0.09430604154103438,0.06932437530117186,0.06708897455974541,0.07043289352351423
0.09421459143683258,0.0693206417068886,0.06706888731236724,0.07043170305038075
0.09415465095455447,0.06931496395791464,0.06705078701279123,0.0704473599005776
0.09409833786939174,0.06930809986615194,0.06701636861708721,0.07047932467278781
0.09400483137774038,0.06931013844891606,0.06699039950159756,0.07052729948443864
0.09392918221203105,0.0693133832394212,0.06696526900090187,0.07059396586192448
0.0938680184670482,0.06927043766684347,0.06694152962223951,0.07067640596624895
0.09378455311828085,0.06922688458086271,0.06690676449855107,0.0707736279410287
0.09366187485942382,0.06917253491872151,0.06685216426433084,0.07088613314784013
0.09347170819890961,0.06913335662871065,0.06674255791917856,0.0710349077172252
0.09329150485828443,0.06911356302695972,0.06661729206053942,0.07118486888518358
0.0931328306862069,0.06907219324044625,0.06646677857874693,0.07125495099709457
0.09297067119456622,0.0690042659024015,0.0663153226938791,0.07129640008904219
