,iteration,speed
0,0,"[0.16000062 0.15999995 0.1599992  0.16000049 0.15999487 0.15999765
 0.15999877 0.15999725 0.15999969 0.16000112]"
1,1,"[0.15999995 0.15999995 0.15999916 0.15999995 0.15999087 0.15999756
 0.15999872 0.15999771 0.15999969 0.15999933]"
2,2,"[0.15999995 0.15999995 0.15999913 0.15999994 0.15999086 0.15999748
 0.15999867 0.15999775 0.15999969 0.15999933]"
3,3,"[0.15999994 0.15999995 0.15999909 0.15999994 0.15999089 0.15999738
 0.15999862 0.1599978  0.15999969 0.15999933]"
4,4,"[0.15999994 0.15999995 0.15999905 0.15999994 0.15999095 0.15999729
 0.15999857 0.15999785 0.15999969 0.15999933]"
5,5,"[0.15999993 0.15999994 0.15999901 0.15999994 0.15999105 0.15999719
 0.15999853 0.1599979  0.15999969 0.15999933]"
6,6,"[0.15999993 0.15999994 0.15999896 0.15999993 0.15999118 0.15999709
 0.15999849 0.15999796 0.15999969 0.15999933]"
7,7,"[0.15999992 0.15999994 0.15999892 0.15999993 0.15999134 0.15999698
 0.15999845 0.15999802 0.15999969 0.15999933]"
8,8,"[0.15999992 0.15999994 0.15999887 0.15999992 0.15999153 0.15999687
 0.15999842 0.15999808 0.15999969 0.15999934]"
9,9,"[0.15999992 0.15999994 0.15999882 0.15999992 0.15999175 0.15999675
 0.15999839 0.15999815 0.15999969 0.15999934]"
10,10,"[0.15999991 0.15999993 0.15999877 0.15999992 0.15999199 0.15999664
 0.15999836 0.15999821 0.15999969 0.15999935]"
11,11,"[0.15999991 0.15999993 0.15999872 0.15999991 0.15999225 0.15999652
 0.15999834 0.15999829 0.15999969 0.15999936]"
12,12,"[0.1599999  0.15999992 0.15999858 0.15999991 0.15999253 0.15999639
 0.15999832 0.15999836 0.15999969 0.15999936]"
13,13,"[0.1599999  0.15999299 0.15999413 0.15999947 0.15999282 0.15999626
 0.15999831 0.15999845 0.15999999 0.15999937]"
14,14,"[0.15999989 0.15999276 0.15999385 0.15999946 0.15999309 0.15999614
 0.15999831 0.15999855 0.15999999 0.1599994 ]"
15,15,"[0.15999988 0.15999254 0.15999357 0.15999944 0.15999337 0.15999601
 0.1599983  0.15999865 0.15999999 0.15999942]"
16,16,"[0.15999988 0.15999234 0.15999329 0.15999943 0.15999367 0.15999588
 0.1599983  0.15999876 0.15999999 0.15999944]"
17,17,"[0.15999987 0.15999215 0.15999303 0.15999942 0.15999396 0.15999575
 0.15999831 0.15999887 0.15999999 0.15999946]"
18,18,"[0.15999987 0.15999199 0.15999278 0.1599994  0.15999426 0.15999561
 0.15999833 0.15999898 0.15999999 0.15999948]"
19,19,"[0.15999986 0.15999186 0.15999255 0.15999939 0.15999456 0.15999546
 0.15999834 0.15999909 0.15999999 0.15999951]"
20,20,"[0.15999986 0.15999175 0.15999235 0.15999938 0.15999486 0.15999531
 0.15999837 0.1599992  0.15999999 0.15999953]"
21,21,"[0.15999985 0.15999167 0.15999218 0.15999936 0.15999516 0.15999516
 0.15999839 0.15999931 0.15999999 0.15999955]"
22,22,"[0.15999985 0.15999162 0.15999204 0.15999935 0.16002219 0.15999517
 0.15999842 0.15999942 0.16       0.16000118]"
23,23,"[0.15999984 0.1599916  0.15999194 0.15999934 0.15999882 0.15999519
 0.15999845 0.15999953 0.15999999 0.15999989]"
24,24,"[0.15999984 0.15999162 0.15999188 0.15999932 0.15999879 0.15999498
 0.15999848 0.15999963 0.15999999 0.1599999 ]"
25,25,"[0.15999983 0.15999166 0.15999186 0.15999931 0.15999876 0.15999476
 0.15999852 0.15999973 0.15999999 0.15999991]"
26,26,"[0.15999982 0.15999173 0.15999189 0.1599993  0.15999873 0.15999451
 0.15999855 0.15999983 0.15999999 0.15999992]"
27,27,"[0.15999982 0.15999183 0.15999195 0.15999929 0.1599987  0.15999421
 0.15999858 0.15999991 0.15999999 0.15999993]"
28,28,"[0.15999981 0.15999196 0.15999205 0.15999928 0.15999867 0.15999386
 0.15999862 0.15999997 0.15999999 0.15999993]"
29,29,"[0.15999981 0.15999211 0.15999219 0.15999927 0.15999865 0.15999345
 0.15999865 0.16       0.15999999 0.15999994]"
30,30,"[0.1599998  0.15999229 0.15999237 0.15999926 0.15999862 0.15999299
 0.15999868 0.15999993 0.15999999 0.15999994]"
31,31,"[0.1599998  0.15999431 0.15999257 0.15999926 0.15999859 0.15999304
 0.15999871 0.15999964 0.15999999 0.15999995]"
32,32,"[0.15999979 0.15999598 0.1599928  0.15999925 0.15999856 0.15999373
 0.15999874 0.15999898 0.15999999 0.15999995]"
33,33,"[0.15999979 0.15999543 0.15999306 0.15999924 0.15999854 0.15999492
 0.15999877 0.15999837 0.15999999 0.15999996]"
34,34,"[0.15999978 0.15999415 0.15999332 0.16002396 0.15999921 0.15999634
 0.15999879 0.15999831 0.15999999 0.15999996]"
35,35,"[0.15999978 0.15999436 0.15999361 0.15999979 0.15999884 0.15999728
 0.15999881 0.15999852 0.15999999 0.15999997]"
36,36,"[0.15999977 0.15999458 0.15999392 0.1599998  0.1599988  0.1599978
 0.15999883 0.15999879 0.15999999 0.15999997]"
37,37,"[0.15999977 0.1599948  0.15999422 0.1599998  0.16000457 0.16001089
 0.15999884 0.15999902 0.15999999 0.15999997]"
38,38,"[0.15999976 0.15999502 0.15999453 0.1599998  0.15999974 0.15999983
 0.15999885 0.1599992  0.15999999 0.15999997]"
39,39,"[0.15999976 0.15999525 0.15999484 0.1599998  0.15999974 0.15999985
 0.15999887 0.15999935 0.15999999 0.15999998]"
40,40,"[0.15999976 0.15999547 0.15999514 0.1599998  0.15999975 0.15999987
 0.15999888 0.15999946 0.15999999 0.15999998]"
41,41,"[0.15999976 0.15999568 0.15999544 0.15999981 0.15999975 0.15999987
 0.15999889 0.15999956 0.15999999 0.15999998]"
42,42,"[0.15999976 0.1599959  0.15999573 0.15999981 0.15999975 0.15999987
 0.15999889 0.15999963 0.15999999 0.15999998]"
43,43,"[0.15999975 0.15999611 0.15999601 0.15999981 0.15999976 0.15999986
 0.1599989  0.15999969 0.15999998 0.15999998]"
44,44,"[0.15999975 0.15999631 0.15999628 0.15999981 0.15999976 0.15999985
 0.1599989  0.15999974 0.15999998 0.15999999]"
45,45,"[0.15999975 0.15999651 0.15999654 0.15999981 0.15999968 0.15999991
 0.15999891 0.15999978 0.15999998 0.15999999]"
46,46,"[0.15999975 0.15999671 0.15999679 0.1599998  0.1599986  0.15999801
 0.15999891 0.15999973 0.15999998 0.15999999]"
47,47,"[0.15999975 0.1599969  0.15999703 0.1599998  0.15999856 0.15999796
 0.15999891 0.15999933 0.15999998 0.15999999]"
48,48,"[0.15999975 0.15999708 0.15999725 0.1599998  0.15999853 0.1599979
 0.15999891 0.15999939 0.15999998 0.15999999]"
49,49,"[0.15999975 0.15999725 0.15999746 0.1599998  0.15999849 0.15999784
 0.16000363 0.15999945 0.15999998 0.16000033]"
50,50,"[0.15999975 0.15999742 0.15999766 0.1599998  0.15999991 0.15999778
 0.15999816 0.15999329 0.15999998 0.15999947]"
51,51,"[0.15999975 0.15999759 0.15999785 0.1599998  0.15999991 0.15999771
 0.15999819 0.1599935  0.15999998 0.15999948]"
52,52,"[0.15999975 0.15999775 0.15999803 0.1599998  0.15999991 0.15999765
 0.16000397 0.15999371 0.15999998 0.16000061]"
53,53,"[0.15999975 0.15999789 0.15999819 0.1599998  0.15999992 0.15999758
 0.15999856 0.15999392 0.15999998 0.1599999 ]"
54,54,"[0.15999975 0.15999803 0.15999801 0.1599998  0.15999992 0.1599994
 0.15999876 0.15999412 0.15999998 0.1599999 ]"
55,55,"[0.15999976 0.15999816 0.15999748 0.15999979 0.15999992 0.15999962
 0.1599989  0.15999432 0.15999998 0.15999996]"
56,56,"[0.15999976 0.15999829 0.15999763 0.15999979 0.15999992 0.15999968
 0.15999889 0.15999452 0.15999998 0.15999996]"
57,57,"[0.15999976 0.15999841 0.15999777 0.15999973 0.15999992 0.15999973
 0.15999887 0.15999472 0.15999998 0.15999996]"
58,58,"[0.15999977 0.15999853 0.15999789 0.15999959 0.15999992 0.15999978
 0.15999886 0.15999492 0.15999998 0.15999996]"
59,59,"[0.15999977 0.15999863 0.159998   0.15999958 0.15999992 0.15999981
 0.15999885 0.15999512 0.15999998 0.15999997]"
60,60,"[0.15999978 0.15999873 0.15999811 0.15999956 0.15999992 0.15999984
 0.15999884 0.15999531 0.15999998 0.15999997]"
61,61,"[0.15999978 0.15999883 0.15999822 0.15999954 0.15999992 0.15999987
 0.15999882 0.15999551 0.15999998 0.15999997]"
62,62,"[0.15999979 0.15999892 0.15999832 0.15999952 0.15999992 0.15999989
 0.15999881 0.1599957  0.15999998 0.15999997]"
63,63,"[0.15999979 0.159999   0.15999841 0.1599995  0.15999992 0.15999991
 0.1599988  0.15999589 0.15999998 0.15999997]"
64,64,"[0.1599998  0.15999908 0.1599985  0.15999947 0.15999993 0.15999993
 0.15999878 0.15999607 0.15999998 0.15999998]"
65,65,"[0.1599998  0.15999915 0.15999858 0.15999945 0.15999993 0.15999994
 0.15999877 0.15999625 0.15999998 0.15999998]"
66,66,"[0.1599998  0.15999921 0.15999807 0.15999942 0.15999993 0.15999995
 0.15999875 0.15999643 0.15999998 0.16000064]"
67,67,"[0.15999981 0.15999928 0.15999402 0.15999939 0.15999993 0.15999996
 0.15999873 0.15999659 0.15999998 0.15999909]"
68,68,"[0.15999982 0.15999934 0.159994   0.15999936 0.15999993 0.15999996
 0.15999871 0.15999675 0.15999998 0.15999908]"
69,69,"[0.15999982 0.15999939 0.159994   0.15999933 0.15999993 0.15999997
 0.15999869 0.15999691 0.15999998 0.15999907]"
70,70,"[0.15999983 0.15999945 0.15999402 0.15999929 0.15999993 0.15999997
 0.15999867 0.15999706 0.15999998 0.15999906]"
71,71,"[0.15999983 0.15999949 0.15999404 0.15999926 0.15999993 0.15999998
 0.15999865 0.1599972  0.15999998 0.15999905]"
72,72,"[0.15999984 0.15999954 0.15999407 0.15999922 0.15999993 0.15999998
 0.15999863 0.15999734 0.15999998 0.15999904]"
73,73,"[0.15999984 0.15999958 0.15999412 0.15999917 0.15999993 0.15999998
 0.15999861 0.15999748 0.15999998 0.15999904]"
74,74,"[0.15999985 0.15999962 0.15999524 0.15999913 0.15999993 0.15999998
 0.16000068 0.15999761 0.15999998 0.15999903]"
75,75,"[0.15999986 0.15999965 0.15999487 0.15999908 0.15999993 0.15999999
 0.15999924 0.15999774 0.15999998 0.15999903]"
76,76,"[0.15999986 0.15999968 0.15999485 0.15999902 0.15999993 0.15999999
 0.15999923 0.15999787 0.15999998 0.15999902]"
77,77,"[0.15999986 0.15999971 0.15999484 0.15999897 0.15999993 0.15999999
 0.15999921 0.15999799 0.15999998 0.15999902]"
78,78,"[0.15999987 0.15999974 0.15999485 0.15999891 0.15999993 0.15999999
 0.1599992  0.1599981  0.15999998 0.15999902]"
79,79,"[0.15999987 0.15999977 0.15999488 0.15999884 0.15999993 0.15999999
 0.15999918 0.15999821 0.15999998 0.15999901]"
80,80,"[0.15999988 0.15999979 0.15999492 0.15999877 0.15999993 0.15999999
 0.15999917 0.15999832 0.15999998 0.15999901]"
81,81,"[0.15999988 0.15999981 0.15999498 0.1599987  0.15999993 0.15999999
 0.15999915 0.15999842 0.15999998 0.15999901]"
82,82,"[0.15999989 0.15999983 0.15999505 0.16000024 0.15999993 0.15999999
 0.15999914 0.15999852 0.15999998 0.15999901]"
83,83,"[0.15999989 0.15999985 0.15999513 0.15999998 0.15999993 0.15999998
 0.15999913 0.15999861 0.15999998 0.15999897]"
84,84,"[0.15999989 0.15999986 0.15999523 0.15999996 0.15999993 0.15999998
 0.15999911 0.1599987  0.15999998 0.15999892]"
85,85,"[0.1599999  0.15999988 0.15999534 0.15999995 0.15999993 0.15999998
 0.1599991  0.15999878 0.15999999 0.15999888]"
86,86,"[0.1599999  0.15999989 0.15999547 0.15999993 0.15999993 0.15999998
 0.15999909 0.15999886 0.15999999 0.15999883]"
87,87,"[0.15999991 0.15999991 0.1599956  0.15999991 0.15999993 0.15999998
 0.15999908 0.15999894 0.1600148  0.16001693]"
88,88,"[0.15999991 0.15999992 0.15999573 0.15999988 0.15999993 0.15999997
 0.15999907 0.15999901 0.15999912 0.15999403]"
89,89,"[0.15999991 0.15999993 0.15999588 0.15999985 0.15999993 0.15999997
 0.15999905 0.15999907 0.15999917 0.15999378]"
90,90,"[0.15999992 0.15999994 0.15999603 0.15999981 0.15999994 0.15999996
 0.15999904 0.15999914 0.15999922 0.15999353]"
91,91,"[0.15999992 0.15999994 0.15999619 0.15999976 0.15999994 0.15999996
 0.15999902 0.1599992  0.15999926 0.15999328]"
92,92,"[0.15999992 0.15999995 0.15999635 0.1599997  0.15999994 0.15999995
 0.15999901 0.15999926 0.1599993  0.15999303]"
93,93,"[0.15999993 0.15999996 0.15999651 0.15999963 0.15999994 0.15999995
 0.15999899 0.15999931 0.15999934 0.15999279]"
94,94,"[0.15999993 0.15999996 0.15999668 0.15999956 0.15999994 0.15999994
 0.15999898 0.15999936 0.15999938 0.15999255]"
95,95,"[0.15999996 0.15999997 0.15999685 0.15999947 0.15999994 0.15999993
 0.15999896 0.16001235 0.15999941 0.15999232]"
96,96,"[0.15999989 0.15999997 0.15999702 0.15999936 0.15999994 0.15999992
 0.15999894 0.15999615 0.15999945 0.1599921 ]"
97,97,"[0.15999989 0.15999997 0.15999718 0.15999924 0.15999994 0.15999991
 0.15999893 0.15999584 0.15999948 0.1599919 ]"
98,98,"[0.1599999  0.15999998 0.15999735 0.1599991  0.15999994 0.1599999
 0.15999891 0.15999544 0.15999951 0.15999171]"
99,99,"[0.1599999  0.15999998 0.15999751 0.15999894 0.15999994 0.15999989
 0.15999889 0.15999497 0.15999953 0.15999153]"
100,100,"[0.1599999  0.15999998 0.15999766 0.15999875 0.15999994 0.15999987
 0.15999887 0.15999451 0.15999956 0.15999138]"
101,101,"[0.16000012 0.15999998 0.15999835 0.15999855 0.15999995 0.15999986
 0.15999886 0.15999414 0.15999958 0.15999124]"
102,102,"[0.16000395 0.15999998 0.15999857 0.15999832 0.15999995 0.15999995
 0.15999884 0.1599969  0.15999961 0.15999113]"
103,103,"[0.16000099 0.15999999 0.1599982  0.15999805 0.15999995 0.15999993
 0.15999882 0.15999692 0.15999963 0.15999103]"
104,104,"[0.15999993 0.15999999 0.15999821 0.15999776 0.15999995 0.15999992
 0.15999881 0.15999695 0.15999965 0.15999094]"
105,105,"[0.15999993 0.15999999 0.15999834 0.15999743 0.15999995 0.1599999
 0.15999879 0.15999697 0.15999967 0.15999089]"
106,106,"[0.15999993 0.15999999 0.15999846 0.15999708 0.15999996 0.15999988
 0.15999878 0.159997   0.15999969 0.15999087]"
107,107,"[0.15999996 0.16000009 0.15999857 0.1599967  0.15999996 0.15999986
 0.15999877 0.15999704 0.15999971 0.15999087]"
108,108,"[0.15999998 0.15999952 0.15999868 0.15999628 0.15999996 0.15999983
 0.15999875 0.15999708 0.15999973 0.1599909 ]"
109,109,"[0.15999998 0.15999956 0.15999879 0.15999582 0.15999996 0.1599998
 0.15999874 0.15999712 0.15999975 0.15999095]"
110,110,"[0.15999998 0.16000782 0.15999889 0.15999534 0.15999997 0.15999977
 0.15999965 0.15999716 0.15999976 0.15999102]"
111,111,"[0.15999998 0.15999999 0.15999897 0.15999485 0.15999997 0.15999973
 0.15999913 0.15999721 0.15999978 0.15999113]"
112,112,"[0.15999998 0.15999999 0.15999906 0.15999433 0.15999997 0.15999993
 0.15999921 0.15999726 0.15999979 0.15999127]"
113,113,"[0.15999998 0.15999999 0.15999913 0.15999379 0.15999997 0.15999934
 0.15999877 0.15999731 0.1599998  0.15999143]"
114,114,"[0.15999998 0.15999999 0.16000512 0.15999325 0.15999997 0.15999924
 0.15999877 0.15999736 0.15999982 0.15999734]"
115,115,"[0.15999998 0.15999999 0.15999596 0.15999272 0.15999997 0.15999912
 0.15999877 0.15999741 0.15999983 0.15999875]"
116,116,"[0.15999998 0.16       0.15999611 0.1599922  0.15999998 0.159999
 0.15999877 0.15999746 0.15999984 0.1599988 ]"
117,117,"[0.15999998 0.16       0.15999626 0.1599917  0.15999998 0.15999886
 0.15999876 0.15999751 0.15999986 0.15999886]"
118,118,"[0.15999998 0.16       0.15999641 0.15999123 0.16004631 0.15999871
 0.15999951 0.15999756 0.15999987 0.15999891]"
119,119,"[0.15999998 0.16       0.15999655 0.15999078 0.15999686 0.15999856
 0.15999909 0.15999762 0.15999988 0.15999895]"
120,120,"[0.15999998 0.16       0.15999669 0.15998975 0.15999679 0.15999841
 0.15999969 0.15999905 0.16001208 0.15999899]"
121,121,"[0.15999998 0.16       0.15999683 0.15998907 0.15999672 0.15999825
 0.15999934 0.15999841 0.15999962 0.15999903]"
122,122,"[0.15999998 0.16       0.15999696 0.15998871 0.15999664 0.15999809
 0.15999932 0.15999848 0.15999964 0.15999907]"
123,123,"[0.16000441 0.16       0.16000004 0.15998832 0.15999657 0.15999792
 0.1599993  0.16000392 0.15999966 0.15999911]"
124,124,"[0.15999982 0.16       0.15999662 0.15998775 0.15999651 0.15999775
 0.15999929 0.15999961 0.15999968 0.15999915]"
125,125,"[0.15999982 0.16       0.15999673 0.15998736 0.15999645 0.15999758
 0.15999927 0.15999963 0.1599997  0.15999918]"
126,126,"[0.15999983 0.16       0.15999685 0.15998735 0.15999639 0.15999741
 0.15999925 0.15999965 0.15999967 0.15999922]"
127,127,"[0.15999984 0.15999999 0.15999696 0.15998735 0.15999634 0.15999724
 0.15999923 0.15999967 0.1599976  0.16000037]"
128,128,"[0.15999984 0.15999999 0.15999206 0.15998701 0.15999988 0.15999708
 0.15999921 0.15999969 0.15999741 0.15999999]"
129,129,"[0.15999985 0.15999999 0.15999222 0.15998669 0.15999989 0.15999691
 0.15999919 0.15999971 0.15999754 0.15999999]"
130,130,"[0.15999985 0.15999999 0.15999239 0.15998643 0.15999989 0.15999675
 0.15999917 0.15999972 0.15999768 0.15999999]"
131,131,"[0.15999985 0.15999999 0.15999258 0.15998622 0.15999989 0.15999659
 0.15999915 0.15999974 0.15999781 0.15999999]"
132,132,"[0.15999986 0.15999998 0.15999279 0.15998606 0.1599999  0.15999644
 0.15999913 0.15999975 0.15999793 0.15999999]"
133,133,"[0.15999986 0.15999998 0.15999301 0.15998596 0.1599999  0.1599963
 0.15999911 0.15999976 0.15999805 0.15999999]"
134,134,"[0.15999986 0.15999998 0.15999324 0.15998591 0.1599999  0.15999618
 0.15999909 0.15999977 0.15999816 0.16      ]"
135,135,"[0.15999986 0.15999998 0.15999349 0.15998591 0.15999991 0.15999606
 0.15999907 0.15999978 0.15999827 0.16      ]"
136,136,"[0.15999987 0.15999997 0.15999374 0.15998595 0.15999991 0.15999596
 0.15999905 0.15999979 0.15999837 0.16      ]"
137,137,"[0.15999987 0.15999997 0.159994   0.15998605 0.15999992 0.15999588
 0.15999904 0.1599998  0.15999847 0.16      ]"
138,138,"[0.15999987 0.15999997 0.15999426 0.15998619 0.15999992 0.1599958
 0.15999902 0.15999981 0.15999857 0.16      ]"
139,139,"[0.15999987 0.15999996 0.15999453 0.15998637 0.15999993 0.15999574
 0.159999   0.15999982 0.15999865 0.16      ]"
140,140,"[0.15999987 0.15999996 0.1599948  0.15998659 0.15999993 0.15999802
 0.15999808 0.15999983 0.15999874 0.16      ]"
141,141,"[0.15999988 0.16       0.15999506 0.15998685 0.15999993 0.15999801
 0.15999912 0.15999984 0.15999882 0.16      ]"
142,142,"[0.15999988 0.16       0.15999533 0.15998716 0.15999994 0.15999801
 0.15999908 0.15999985 0.15999889 0.16      ]"
143,143,"[0.15999988 0.16       0.15999559 0.15998751 0.15999994 0.15999801
 0.15999904 0.15999985 0.15999896 0.16      ]"
144,144,"[0.15999989 0.16       0.15999585 0.15998787 0.15999994 0.15999802
 0.15999899 0.15999986 0.15999903 0.16      ]"
145,145,"[0.15999989 0.16       0.1599961  0.15998825 0.15999995 0.15999802
 0.15999895 0.15999987 0.15999909 0.16      ]"
146,146,"[0.15999989 0.16       0.15999634 0.15998865 0.15999995 0.15999803
 0.1599989  0.15999987 0.15999915 0.16      ]"
147,147,"[0.1599999  0.16       0.15999657 0.15998906 0.15999995 0.15999804
 0.15999885 0.15999988 0.1599992  0.16      ]"
148,148,"[0.1599999  0.16       0.15999679 0.15998948 0.15999996 0.15999804
 0.1599988  0.15999988 0.15999926 0.16      ]"
149,149,"[0.1599999  0.16       0.159997   0.15998991 0.15999996 0.15999805
 0.15999875 0.15999989 0.1599993  0.16      ]"
150,150,"[0.1599999  0.16       0.1599972  0.15999033 0.15999996 0.15999806
 0.15999869 0.15999989 0.15999935 0.16      ]"
151,151,"[0.15999991 0.16       0.1599974  0.15999076 0.15999997 0.15999807
 0.15999863 0.1599999  0.15999939 0.16      ]"
152,152,"[0.15999991 0.16       0.15999758 0.15999119 0.15999997 0.15999808
 0.15999857 0.1599999  0.15999943 0.16      ]"
153,153,"[0.15999991 0.16       0.15999775 0.15999161 0.15999997 0.15999809
 0.15999851 0.1599999  0.15999947 0.16      ]"
154,154,"[0.15999991 0.16       0.15999791 0.15999203 0.15999997 0.15999809
 0.15999845 0.15999991 0.15999951 0.16      ]"
155,155,"[0.15999992 0.15999997 0.15999807 0.15999244 0.15999998 0.1599981
 0.15999682 0.15999991 0.15999954 0.16      ]"
156,156,"[0.15999992 0.15999951 0.15999821 0.15999284 0.15999998 0.15999811
 0.15999943 0.15999991 0.15999957 0.16      ]"
157,157,"[0.15999992 0.15999956 0.15999834 0.15999322 0.15999998 0.15999811
 0.15999939 0.15999992 0.15999965 0.16      ]"
158,158,"[0.16000116 0.1599996  0.15999846 0.15999359 0.15999998 0.16002172
 0.15999939 0.15999992 0.15999932 0.16      ]"
159,159,"[0.15999961 0.15999963 0.15999858 0.15999394 0.15999998 0.15999999
 0.15999936 0.15999992 0.15999935 0.16      ]"
160,160,"[0.1599996  0.15999966 0.15999868 0.15999428 0.15999998 0.15999999
 0.15999933 0.15999992 0.15999939 0.16      ]"
161,161,"[0.15999959 0.15999969 0.15999878 0.15999461 0.15999998 0.15999998
 0.15999931 0.15999992 0.15999942 0.16      ]"
162,162,"[0.15999958 0.15999972 0.15999888 0.15999493 0.15999998 0.15999998
 0.15999928 0.15999993 0.15999945 0.16      ]"
163,163,"[0.15999957 0.15999975 0.15999896 0.15999524 0.15999999 0.15999998
 0.15999925 0.15999993 0.15999948 0.16      ]"
164,164,"[0.15999956 0.15999977 0.15999904 0.15999553 0.15999999 0.15999998
 0.15999922 0.15999993 0.15999951 0.16      ]"
165,165,"[0.15999954 0.15999979 0.15999912 0.15999581 0.15999999 0.15999998
 0.15999919 0.15999993 0.15999954 0.16      ]"
166,166,"[0.15999953 0.15999981 0.15999919 0.15999607 0.15999999 0.15999998
 0.15999917 0.15999993 0.15999956 0.16      ]"
167,167,"[0.15999952 0.16000012 0.15999925 0.15999632 0.15999999 0.15999997
 0.15999914 0.15999993 0.15999959 0.16      ]"
168,168,"[0.15999951 0.15999999 0.15999931 0.15999656 0.15999999 0.15999989
 0.15999911 0.15999993 0.15999961 0.16      ]"
169,169,"[0.15999949 0.15999999 0.15999937 0.15999678 0.15999999 0.15999989
 0.15999907 0.15999993 0.15999963 0.16      ]"
170,170,"[0.15999948 0.15999999 0.15999942 0.15999699 0.15999999 0.15999988
 0.15999904 0.15999993 0.15999966 0.16      ]"
171,171,"[0.15999946 0.15999999 0.15999946 0.15999719 0.15999999 0.15999988
 0.15999901 0.15999993 0.15999968 0.15999999]"
172,172,"[0.15999945 0.15999999 0.15999951 0.15999679 0.15999999 0.15999982
 0.15999898 0.15999993 0.1599997  0.15999999]"
173,173,"[0.15999943 0.15999999 0.15999955 0.15999581 0.15999999 0.15999963
 0.15999894 0.15999993 0.15999972 0.15999999]"
174,174,"[0.15999941 0.15999999 0.15999959 0.15999606 0.15999999 0.16000017
 0.15999891 0.15999993 0.15999974 0.15999951]"
175,175,"[0.15999939 0.15999999 0.15999963 0.15999629 0.16       0.16001479
 0.15999887 0.15999993 0.15999976 0.16057929]"
176,176,"[0.15999755 0.15999999 0.15999966 0.15999652 0.16       0.15999973
 0.15999883 0.15999993 0.15999977 0.16      ]"
177,177,"[0.15999566 0.15999999 0.15999969 0.15999673 0.16       0.15999832
 0.15999879 0.15999993 0.15999979 0.15999999]"
178,178,"[0.15999565 0.15999999 0.16000053 0.15999695 0.16       0.15999825
 0.15999876 0.15999993 0.1599998  0.15999999]"
179,179,"[0.15999565 0.15999999 0.15999935 0.15999717 0.16       0.15999823
 0.15999872 0.15999994 0.15999981 0.15999999]"
180,180,"[0.15999564 0.15999999 0.15999939 0.15999737 0.16       0.15999822
 0.15999869 0.15999994 0.15999982 0.16      ]"
181,181,"[0.15999564 0.15999999 0.15999943 0.15999756 0.16       0.15999821
 0.15999866 0.15999994 0.15999983 0.16      ]"
182,182,"[0.15999565 0.15999999 0.15999947 0.15999774 0.16       0.1599982
 0.15999862 0.15999994 0.15999983 0.16      ]"
183,183,"[0.15999566 0.15999999 0.15999951 0.15999791 0.16       0.15999819
 0.15999859 0.15999995 0.15999984 0.16      ]"
184,184,"[0.15999567 0.15999999 0.15999954 0.15999806 0.16       0.15999818
 0.15999856 0.15999995 0.15999985 0.16      ]"
185,185,"[0.15999569 0.16       0.15999958 0.15999821 0.16       0.15999818
 0.15999853 0.15999995 0.15999986 0.16      ]"
186,186,"[0.15999571 0.16       0.15999961 0.15999835 0.16       0.15999817
 0.1599985  0.15999995 0.15999986 0.16      ]"
187,187,"[0.15999574 0.16       0.15999963 0.15999848 0.15999959 0.15999817
 0.15999846 0.15999956 0.15999987 0.16      ]"
188,188,"[0.15999577 0.16       0.15999966 0.1599986  0.15999875 0.15999816
 0.15999844 0.15999847 0.15999988 0.16      ]"
189,189,"[0.15999581 0.16       0.15999968 0.15999871 0.15999871 0.15999815
 0.15999841 0.15999845 0.15999988 0.16      ]"
190,190,"[0.15999585 0.16       0.1599997  0.15999881 0.15999866 0.15999815
 0.15999839 0.15999842 0.15999989 0.16      ]"
191,191,"[0.15999589 0.16       0.15999972 0.15999891 0.15999861 0.15999814
 0.15999836 0.1599984  0.15999989 0.16      ]"
192,192,"[0.15999594 0.16       0.15999974 0.159999   0.15999857 0.15999814
 0.15999834 0.15999838 0.1599999  0.16      ]"
193,193,"[0.15999599 0.16       0.15999975 0.15999908 0.15999852 0.15999814
 0.15999832 0.15999835 0.1599999  0.16      ]"
194,194,"[0.15999604 0.16       0.15999977 0.15999916 0.15999847 0.15999814
 0.1599983  0.15999833 0.15999991 0.16      ]"
195,195,"[0.1599961  0.16       0.15999978 0.15999922 0.15999842 0.15999814
 0.15999828 0.15999831 0.15999991 0.16      ]"
196,196,"[0.15999616 0.16       0.15999979 0.15999929 0.15999837 0.15999814
 0.15999826 0.15999829 0.15999992 0.16      ]"
197,197,"[0.15999622 0.16       0.15999981 0.15999935 0.15999832 0.15999814
 0.15999825 0.15999826 0.15999992 0.16      ]"
198,198,"[0.15999629 0.16       0.15999982 0.1599994  0.15999827 0.15999814
 0.15999824 0.15999824 0.15999992 0.16      ]"
199,199,"[0.15999636 0.16       0.15999983 0.15999945 0.15999822 0.15999815
 0.15999822 0.15999822 0.15999993 0.16      ]"
200,200,"[0.15999643 0.15999999 0.15999984 0.1599995  0.15999816 0.15999815
 0.15999821 0.1599982  0.15999993 0.16      ]"
201,201,"[0.1599965  0.15999999 0.15999985 0.15999954 0.15999811 0.15999816
 0.1599982  0.15999818 0.15999994 0.16      ]"
202,202,"[0.15999657 0.15999999 0.15999986 0.15999958 0.15999805 0.15999817
 0.1599982  0.15999816 0.15999994 0.16000036]"
203,203,"[0.15999664 0.15999999 0.15999986 0.15999961 0.159998   0.15999818
 0.15999819 0.15999814 0.15999994 0.15999924]"
204,204,"[0.15999671 0.15999999 0.15999987 0.15999965 0.15999795 0.15999819
 0.15999819 0.15999811 0.15999994 0.15999929]"
205,205,"[0.16011732 0.15999999 0.15999988 0.15999968 0.1599979  0.15999888
 0.15999819 0.15999809 0.15999995 0.15999933]"
206,206,"[0.15999867 0.15999999 0.15999989 0.1599997  0.16004093 0.15999703
 0.15999818 0.16012583 0.15999995 0.15999938]"
207,207,"[0.1599987  0.15999999 0.1599999  0.15999973 0.15999993 0.15999696
 0.15999815 0.15999708 0.15999996 0.15999943]"
208,208,"[0.15999873 0.15999999 0.15999991 0.15999974 0.15999993 0.15999689
 0.15999812 0.15999702 0.15999996 0.15999947]"
209,209,"[0.15999876 0.15999999 0.15999992 0.15999976 0.15999993 0.15999683
 0.1599981  0.15999695 0.15999997 0.15999952]"
210,210,"[0.15999879 0.15999999 0.15999993 0.15999978 0.15999993 0.15999676
 0.15999808 0.15999688 0.15999997 0.15999956]"
211,211,"[0.15999881 0.15999999 0.15999994 0.15999979 0.15999994 0.1599967
 0.15999805 0.15999682 0.15999998 0.15999959]"
212,212,"[0.15999884 0.15999999 0.16000151 0.15999981 0.15999994 0.15999665
 0.15999809 0.15999676 0.15999998 0.15999963]"
213,213,"[0.15999887 0.15999999 0.15999439 0.15999982 0.15999994 0.15999659
 0.15999813 0.1599967  0.15999998 0.15999966]"
214,214,"[0.15999891 0.15999999 0.15999453 0.15999983 0.15999994 0.15999654
 0.15999811 0.15999666 0.15999999 0.15999968]"
215,215,"[0.15999894 0.15999999 0.15999467 0.15999985 0.15999994 0.15999649
 0.15999809 0.15999661 0.15999999 0.15999971]"
216,216,"[0.15999898 0.15999999 0.15999482 0.15999986 0.15999994 0.15999645
 0.15999807 0.15999657 0.15999999 0.15999973]"
217,217,"[0.15999901 0.15999999 0.15999497 0.15999987 0.15999994 0.15999641
 0.15999806 0.15999654 0.15999999 0.15999975]"
218,218,"[0.15999905 0.15999999 0.15999513 0.15999988 0.15999995 0.15999638
 0.15999804 0.1599965  0.15999999 0.15999977]"
219,219,"[0.15999908 0.15999999 0.15999529 0.15999989 0.15999995 0.15999635
 0.15999803 0.15999647 0.15999999 0.15999978]"
220,220,"[0.15999911 0.15999999 0.15999545 0.1599999  0.15999995 0.15999632
 0.15999801 0.15999643 0.16       0.1599998 ]"
221,221,"[0.15999914 0.15999999 0.1599956  0.15999991 0.15999995 0.1599963
 0.159998   0.15999641 0.16       0.15999982]"
222,222,"[0.15999917 0.15999999 0.15999576 0.15999991 0.15999995 0.15999629
 0.15999799 0.15999638 0.16       0.15999983]"
223,223,"[0.1599992  0.15999999 0.15999592 0.15999992 0.15999995 0.15999628
 0.15999799 0.15999636 0.16       0.15999984]"
224,224,"[0.15999923 0.15999999 0.15999607 0.15999993 0.15999995 0.15999628
 0.15999798 0.15999634 0.16       0.15999986]"
225,225,"[0.15999926 0.15999999 0.15999623 0.15999993 0.15999995 0.15999628
 0.15999798 0.15999632 0.16       0.15999987]"
226,226,"[0.15999929 0.15999999 0.15999637 0.15999994 0.15999996 0.15999628
 0.15999798 0.15999631 0.16       0.15999988]"
227,227,"[0.15999931 0.16000751 0.15999652 0.15999994 0.16000004 0.15999629
 0.15999797 0.15999638 0.16       0.15999989]"
228,228,"[0.15999934 0.15999832 0.15999666 0.15999994 0.15999728 0.15999631
 0.15999798 0.15999997 0.16       0.15999989]"
229,229,"[0.15999937 0.15999833 0.16011482 0.15999995 0.1599972  0.15999632
 0.15999812 0.15999998 0.16       0.1599999 ]"
230,230,"[0.15999939 0.15999835 0.15999879 0.15999995 0.15999713 0.15999634
 0.15999812 0.15999998 0.15999999 0.15999991]"
231,231,"[0.1599994  0.15999838 0.15999888 0.15999996 0.15999706 0.15999637
 0.15999813 0.15999998 0.15999999 0.15999992]"
232,232,"[0.15999942 0.1599984  0.15999896 0.15999996 0.15999698 0.15999641
 0.15999815 0.15999998 0.15999998 0.15999993]"
233,233,"[0.15999944 0.15999842 0.15999903 0.15999996 0.15999691 0.15999644
 0.15999817 0.15999999 0.15999997 0.15999994]"
234,234,"[0.15999945 0.15999845 0.1599991  0.15999996 0.15999684 0.15999649
 0.15999819 0.15999999 0.15999996 0.15999994]"
235,235,"[0.15999947 0.15999847 0.15999917 0.15999997 0.15999678 0.15999654
 0.15999822 0.15999999 0.15999994 0.15999995]"
236,236,"[0.15999948 0.1599985  0.15999923 0.15999997 0.15999671 0.15999659
 0.15999824 0.15999999 0.15999992 0.15999995]"
237,237,"[0.1599995  0.15999852 0.15999928 0.15999997 0.15999665 0.15999665
 0.15999826 0.15999999 0.15999988 0.15999996]"
238,238,"[0.15999951 0.15999854 0.15999933 0.15999997 0.15999659 0.15999671
 0.15999829 0.16       0.15999983 0.15999996]"
239,239,"[0.15999953 0.15999857 0.15999938 0.15999997 0.15999654 0.15999677
 0.15999831 0.16       0.15999977 0.15999997]"
240,240,"[0.15999954 0.15999859 0.15999943 0.15999998 0.15999649 0.15999684
 0.15999834 0.16       0.15999969 0.15999997]"
241,241,"[0.15999956 0.15999862 0.15999947 0.15999998 0.15999644 0.15999692
 0.15999837 0.16       0.15999958 0.15999997]"
242,242,"[0.15999957 0.15999864 0.15999951 0.15999998 0.15999639 0.15999699
 0.15999839 0.16       0.15999945 0.15999998]"
243,243,"[0.15999958 0.15999867 0.15999954 0.15999998 0.15999635 0.15999707
 0.15999842 0.16       0.15999929 0.15999998]"
244,244,"[0.15999959 0.15999869 0.15999958 0.15999998 0.1599963  0.15999715
 0.15999845 0.16       0.15999911 0.15999998]"
245,245,"[0.1599996  0.15999872 0.15999961 0.15999998 0.15999627 0.15999723
 0.15999847 0.16       0.15999891 0.15999998]"
246,246,"[0.15999961 0.1600013  0.15999964 0.15999998 0.16000211 0.15999731
 0.1599985  0.16       0.1599987  0.15999999]"
247,247,"[0.15999963 0.15999982 0.15999966 0.15999998 0.15999993 0.15999739
 0.15999852 0.16       0.1599985  0.15999999]"
248,248,"[0.15999964 0.15999982 0.15999968 0.15999998 0.15999993 0.15999746
 0.15999854 0.16       0.15999831 0.15999999]"
249,249,"[0.15999965 0.15999982 0.1599997  0.15999998 0.15999993 0.15999753
 0.15999856 0.16       0.15999813 0.15999999]"
250,250,"[0.15999966 0.15999982 0.15999972 0.15999998 0.15999993 0.15999761
 0.15999858 0.16       0.15999799 0.15999999]"
251,251,"[0.15999967 0.15999983 0.15999973 0.15999999 0.15999993 0.15999768
 0.1599986  0.16       0.15999787 0.15999999]"
252,252,"[0.15999968 0.15999983 0.15999975 0.15999999 0.15999993 0.15999775
 0.15999862 0.16       0.15999779 0.15999999]"
253,253,"[0.15999968 0.15999983 0.15999976 0.15999999 0.15999994 0.15999783
 0.15999864 0.16       0.15999771 0.15999999]"
254,254,"[0.15999969 0.15999983 0.15999978 0.15999949 0.15999994 0.1599979
 0.15999866 0.15999999 0.15999625 0.16      ]"
255,255,"[0.1599997  0.15999983 0.15999979 0.15999952 0.15999994 0.15999797
 0.15999868 0.15999999 0.15999651 0.16      ]"
256,256,"[0.15999971 0.15999984 0.1599998  0.15999954 0.15999994 0.15999804
 0.1599987  0.15999999 0.15999675 0.16      ]"
257,257,"[0.15999972 0.15999984 0.15999981 0.15999957 0.15999994 0.15999811
 0.15999873 0.15999999 0.15999697 0.16      ]"
258,258,"[0.15999973 0.15999984 0.15999982 0.15999959 0.15999994 0.15999818
 0.15999875 0.15999999 0.15999719 0.16      ]"
259,259,"[0.15999974 0.15999984 0.15999983 0.15999961 0.15999994 0.15999824
 0.15999877 0.15999999 0.15999739 0.16      ]"
260,260,"[0.15999975 0.15999985 0.15999984 0.15999964 0.15999994 0.15999831
 0.1599988  0.15999999 0.15999757 0.16      ]"
261,261,"[0.15999975 0.15999985 0.15999985 0.15999966 0.15999994 0.15999837
 0.15999882 0.15999999 0.15999775 0.16      ]"
262,262,"[0.15999976 0.15999985 0.15999986 0.15999968 0.15999994 0.15999843
 0.15999885 0.15999999 0.15999792 0.16      ]"
263,263,"[0.15999977 0.15999985 0.15999987 0.15999969 0.15999995 0.1599985
 0.15999887 0.15999999 0.15999807 0.16      ]"
264,264,"[0.15999978 0.15999986 0.15999988 0.15999971 0.15999995 0.15999855
 0.15999889 0.15999999 0.15999821 0.16      ]"
265,265,"[0.15999978 0.15999986 0.15999988 0.15999973 0.15999995 0.15999861
 0.15999892 0.15999999 0.15999835 0.16      ]"
266,266,"[0.15999979 0.15999986 0.15999989 0.15999974 0.15999995 0.15999867
 0.15999894 0.15999999 0.15999847 0.16      ]"
267,267,"[0.1599998  0.15999986 0.1599999  0.15999976 0.15999995 0.15999872
 0.15999897 0.15999999 0.15999859 0.16      ]"
268,268,"[0.15999981 0.15999987 0.15999989 0.15999973 0.15999995 0.15999877
 0.15999899 0.15999999 0.1599987  0.16      ]"
269,269,"[0.15999981 0.15999987 0.15999948 0.15999733 0.15999995 0.15999882
 0.15999902 0.15999999 0.1599988  0.16      ]"
270,270,"[0.15999982 0.15999987 0.15999947 0.15999749 0.15999995 0.15999887
 0.15999904 0.15999999 0.15999996 0.15999952]"
271,271,"[0.15999983 0.15999988 0.15999945 0.15999765 0.15999995 0.15999891
 0.15999907 0.15999999 0.15999996 0.15999954]"
272,272,"[0.15999984 0.15999988 0.15999943 0.1599978  0.15999995 0.15999895
 0.1599991  0.15999999 0.15999996 0.15999956]"
273,273,"[0.15999984 0.15999989 0.15999941 0.15999793 0.15999995 0.15999899
 0.15999913 0.15999999 0.15999997 0.15999958]"
274,274,"[0.15999985 0.15999989 0.15999938 0.15999807 0.15999995 0.15999903
 0.15999916 0.15999999 0.15999997 0.1599996 ]"
275,275,"[0.15999986 0.15999989 0.15999935 0.15999819 0.15999995 0.15999907
 0.15999918 0.15999999 0.15999997 0.15999962]"
276,276,"[0.15999986 0.1599999  0.15999932 0.15999831 0.15999995 0.15999911
 0.15999921 0.15999999 0.15999997 0.15999963]"
277,277,"[0.15999987 0.1599999  0.15999929 0.15999842 0.15999995 0.15999915
 0.15999923 0.15999999 0.15999997 0.15999965]"
278,278,"[0.15999987 0.1599999  0.15999925 0.15999852 0.15999995 0.15999918
 0.15999926 0.15999999 0.15999997 0.15999966]"
279,279,"[0.15999988 0.15999991 0.15999922 0.15999862 0.15999995 0.15999922
 0.15999928 0.15999999 0.15999998 0.15999968]"
280,280,"[0.15999988 0.15999991 0.15999918 0.15999871 0.15999995 0.15999925
 0.1599993  0.15999999 0.15999998 0.15999969]"
281,281,"[0.15999989 0.15999991 0.15999915 0.1599988  0.15999995 0.15999928
 0.15999932 0.15999999 0.15999998 0.15999971]"
282,282,"[0.15999989 0.15999991 0.15999911 0.15999888 0.15999995 0.15999931
 0.15999935 0.15999999 0.15999998 0.15999972]"
283,283,"[0.1599999  0.15999992 0.15999908 0.15999896 0.15999995 0.15999934
 0.15999937 0.15999999 0.15999998 0.15999973]"
284,284,"[0.1599999  0.15999992 0.15999906 0.15999903 0.15999995 0.15999937
 0.15999939 0.15999999 0.15999998 0.15999974]"
285,285,"[0.15999991 0.15999992 0.15999904 0.1599991  0.15999995 0.1599994
 0.15999941 0.15999999 0.15999998 0.15999975]"
286,286,"[0.15999991 0.15999992 0.15999903 0.15999916 0.15999995 0.15999943
 0.15999942 0.15999999 0.15999998 0.15999976]"
287,287,"[0.15999991 0.15999993 0.15999903 0.15999922 0.15999995 0.15999946
 0.15999944 0.15999999 0.15999999 0.15999977]"
288,288,"[0.15999992 0.15999993 0.15999903 0.15999927 0.15999995 0.15999948
 0.15999946 0.15999999 0.15999999 0.15999978]"
289,289,"[0.15999992 0.15999993 0.15999904 0.15999932 0.15999995 0.15999951
 0.15999948 0.15999999 0.15999999 0.15999979]"
290,290,"[0.15999992 0.15999993 0.15999906 0.15999937 0.15999995 0.15999953
 0.15999949 0.15999999 0.15999999 0.1599998 ]"
291,291,"[0.15999992 0.15999994 0.15999908 0.15999941 0.15999995 0.15999955
 0.15999951 0.15999999 0.15999999 0.15999981]"
292,292,"[0.15999993 0.15999994 0.15999911 0.15999946 0.15999995 0.15999957
 0.15999953 0.15999999 0.15999999 0.15999981]"
293,293,"[0.15999993 0.15999994 0.15999915 0.15999949 0.15999995 0.1599996
 0.15999954 0.15999999 0.15999999 0.15999982]"
294,294,"[0.15999993 0.15999994 0.15999919 0.15999953 0.15999995 0.15999962
 0.15999956 0.15999999 0.15999999 0.15999983]"
295,295,"[0.15999993 0.15999994 0.15999923 0.15999956 0.15999995 0.15999964
 0.15999957 0.15999999 0.15999999 0.15999984]"
296,296,"[0.15999994 0.15999994 0.15999927 0.1599996  0.15999995 0.15999965
 0.15999958 0.15999999 0.15999999 0.15999984]"
297,297,"[0.15999994 0.15999995 0.15999932 0.15999962 0.15999995 0.15999967
 0.1599996  0.15999999 0.15999999 0.15999985]"
298,298,"[0.15999994 0.15999995 0.15999937 0.15999965 0.15999995 0.15999969
 0.15999961 0.15999999 0.15999999 0.15999985]"
299,299,"[0.15999994 0.15999995 0.15999942 0.15999968 0.15999995 0.1599997
 0.15999962 0.15999999 0.16       0.15999986]"
300,300,"[0.15999995 0.15999995 0.15999946 0.1599997  0.15999995 0.15999972
 0.15999964 0.15999999 0.16       0.15999987]"
301,301,"[0.15999995 0.15999995 0.15999951 0.15999972 0.15999995 0.15999973
 0.15999965 0.15999999 0.16       0.15999987]"
302,302,"[0.15999995 0.15999995 0.15999956 0.15999974 0.15999995 0.15999975
 0.15999966 0.15999999 0.16       0.15999988]"
303,303,"[0.15999995 0.15999996 0.15999961 0.15999976 0.15999995 0.15999976
 0.15999967 0.15999999 0.16       0.15999988]"
304,304,"[0.15999995 0.15999996 0.15999965 0.15999978 0.15999995 0.15999977
 0.15999968 0.15999999 0.16       0.15999989]"
305,305,"[0.15999995 0.15999996 0.15999969 0.15999979 0.15999995 0.15999978
 0.1599997  0.15999999 0.16       0.15999989]"
306,306,"[0.15999994 0.15999996 0.15999973 0.15999981 0.15999995 0.1599998
 0.16000083 0.15999999 0.16       0.15999989]"
307,307,"[0.15999971 0.15999996 0.15999977 0.15999982 0.15999996 0.15999981
 0.15999963 0.15999999 0.16       0.1599999 ]"
308,308,"[0.1599997  0.15999996 0.15999981 0.15999983 0.15999996 0.15999982
 0.15999964 0.15999999 0.16       0.1599999 ]"
309,309,"[0.15999969 0.15999997 0.15999984 0.15999985 0.15999996 0.15999983
 0.15999965 0.15999999 0.16       0.15999991]"
310,310,"[0.15999968 0.15999997 0.15999987 0.1600039  0.15999996 0.15999983
 0.15999966 0.15999999 0.16001364 0.15999991]"
311,311,"[0.15999967 0.15999997 0.1599999  0.15999996 0.15999996 0.15999984
 0.15999967 0.15999999 0.15999889 0.15999992]"
312,312,"[0.15999965 0.15999997 0.15999992 0.15999995 0.15999996 0.15999985
 0.15999968 0.15999999 0.15999896 0.15999992]"
313,313,"[0.15999964 0.15999997 0.15999994 0.15999993 0.15999996 0.15999986
 0.15999969 0.15999999 0.15999902 0.15999993]"
314,314,"[0.15999963 0.15999997 0.15999996 0.15999957 0.15999996 0.15999986
 0.1599997  0.15999998 0.15999909 0.15999993]"
315,315,"[0.15999961 0.15999998 0.15999997 0.15999959 0.15999996 0.15999987
 0.1599997  0.15999999 0.15999914 0.15999993]"
316,316,"[0.1599996  0.15999998 0.15999998 0.1599996  0.15999996 0.15999988
 0.15999971 0.15999999 0.1599992  0.15999994]"
317,317,"[0.15999958 0.15999998 0.15999999 0.15999962 0.15999996 0.15999988
 0.15999972 0.15999999 0.15999925 0.15999994]"
318,318,"[0.15999957 0.15999998 0.15999999 0.15999963 0.15999996 0.15999989
 0.15999973 0.15999999 0.1599993  0.15999994]"
319,319,"[0.15999955 0.15999998 0.16       0.15999965 0.15999997 0.1599999
 0.15999974 0.16       0.15999934 0.15999994]"
320,320,"[0.15999954 0.15999998 0.16       0.15999966 0.15999997 0.1599999
 0.15999974 0.16       0.15999939 0.15999995]"
321,321,"[0.15999952 0.15999998 0.16       0.15999968 0.15999997 0.15999991
 0.15999975 0.16       0.15999943 0.15999995]"
322,322,"[0.15999951 0.15999998 0.16       0.15999969 0.15999997 0.15999991
 0.15999976 0.16       0.15999946 0.15999995]"
323,323,"[0.15999949 0.15999999 0.16       0.1599997  0.15999997 0.15999992
 0.15999977 0.16       0.1599995  0.15999995]"
324,324,"[0.15999947 0.15999999 0.16       0.15999972 0.15999997 0.15999992
 0.15999977 0.16       0.15999953 0.15999996]"
325,325,"[0.15999946 0.15999999 0.15999999 0.15999973 0.15999997 0.15999993
 0.15999978 0.16       0.15999956 0.15999996]"
326,326,"[0.15999944 0.15999999 0.15999999 0.15999974 0.15999997 0.15999993
 0.15999978 0.16       0.15999959 0.15999996]"
327,327,"[0.15999942 0.15999999 0.15999999 0.15999975 0.15999997 0.15999994
 0.15999979 0.16       0.15999962 0.15999996]"
328,328,"[0.1599994  0.15999999 0.15999999 0.15999977 0.15999997 0.15999994
 0.1599998  0.16       0.15999964 0.15999996]"
329,329,"[0.15999938 0.15999999 0.15999999 0.15999978 0.15999997 0.15999994
 0.1599998  0.16       0.15999967 0.15999997]"
330,330,"[0.15999936 0.15999999 0.15999998 0.15999979 0.15999998 0.15999995
 0.15999981 0.16       0.15999969 0.15999997]"
331,331,"[0.15999934 0.15999999 0.15999998 0.1599998  0.15999998 0.15999995
 0.15999981 0.16       0.15999971 0.15999997]"
332,332,"[0.15999932 0.15999999 0.15999998 0.15999981 0.15999998 0.15999995
 0.15999982 0.16       0.15999973 0.15999997]"
333,333,"[0.1599993  0.15999999 0.15999998 0.15999982 0.15999998 0.15999996
 0.15999982 0.16       0.15999975 0.15999997]"
334,334,"[0.15999928 0.15999999 0.15999998 0.15999983 0.15999998 0.15999996
 0.15999983 0.16       0.15999976 0.15999997]"
335,335,"[0.15999926 0.15999999 0.15999998 0.15999984 0.15999998 0.15999996
 0.15999983 0.16       0.15999978 0.15999997]"
336,336,"[0.15999924 0.16       0.15999997 0.15999985 0.15999998 0.15999996
 0.15999984 0.16       0.15999979 0.15999998]"
337,337,"[0.15999922 0.16       0.15999997 0.15999986 0.15999998 0.15999997
 0.15999984 0.16       0.15999981 0.15999998]"
338,338,"[0.1599992  0.16       0.15999997 0.15999987 0.15999998 0.15999997
 0.15999985 0.16       0.15999982 0.15999998]"
339,339,"[0.15999917 0.16       0.15999997 0.15999987 0.15999998 0.15999997
 0.15999985 0.16       0.15999983 0.15999998]"
340,340,"[0.15999915 0.16       0.15999997 0.15999988 0.15999998 0.15999997
 0.15999986 0.16       0.15999984 0.15999998]"
341,341,"[0.15999913 0.16       0.15999997 0.15999989 0.15999998 0.15999997
 0.15999986 0.16       0.15999985 0.15999998]"
342,342,"[0.1599991  0.16       0.15999997 0.1599999  0.15999998 0.15999998
 0.15999986 0.16       0.15999986 0.15999998]"
343,343,"[0.15999908 0.16       0.15999998 0.1599999  0.15999998 0.15999998
 0.15999987 0.15999999 0.15999987 0.15999998]"
344,344,"[0.15999906 0.16       0.15999998 0.16000964 0.15999999 0.15999998
 0.15999987 0.15999999 0.16000938 0.15999998]"
345,345,"[0.15999903 0.16       0.15999998 0.15999971 0.15999999 0.15999998
 0.15999988 0.15999999 0.15999976 0.15999998]"
346,346,"[0.15999901 0.16       0.15999998 0.15999972 0.15999999 0.15999998
 0.15999988 0.15999999 0.15999977 0.15999998]"
347,347,"[0.15999898 0.16       0.15999998 0.15999973 0.15999999 0.15999998
 0.15999988 0.15999999 0.15999978 0.15999998]"
348,348,"[0.15999896 0.16       0.15999998 0.15999974 0.15999999 0.15999999
 0.15999989 0.15999999 0.15999979 0.15999999]"
349,349,"[0.15999893 0.16       0.15999998 0.15999976 0.15999999 0.15999999
 0.15999989 0.16       0.1599998  0.15999999]"
350,350,"[0.1599989  0.16       0.15999998 0.15999977 0.15999999 0.15999999
 0.15999989 0.16       0.15999981 0.15999999]"
351,351,"[0.15999888 0.16       0.15999998 0.15999978 0.15999999 0.15999999
 0.1599999  0.16       0.15999982 0.15999999]"
352,352,"[0.15999885 0.16       0.15999998 0.15999979 0.15999999 0.15999999
 0.1599999  0.16       0.15999983 0.15999999]"
353,353,"[0.15999882 0.16       0.15999998 0.1599998  0.15999999 0.15999999
 0.1599999  0.16       0.15999983 0.15999999]"
354,354,"[0.1599988  0.16       0.15999998 0.15999981 0.15999999 0.15999999
 0.15999991 0.16       0.15999984 0.15999999]"
355,355,"[0.15999877 0.16       0.15999998 0.15999982 0.15999999 0.15999999
 0.15999991 0.16       0.15999985 0.15999999]"
356,356,"[0.15999874 0.16       0.15999998 0.15999983 0.15999999 0.15999999
 0.15999991 0.16       0.15999985 0.15999999]"
357,357,"[0.15999871 0.16       0.15999998 0.15999983 0.15999999 0.15999999
 0.15999991 0.16       0.15999986 0.15999999]"
358,358,"[0.15999869 0.16       0.15999998 0.15999984 0.15999999 0.16
 0.15999992 0.16       0.15999987 0.15999999]"
359,359,"[0.15999866 0.16       0.15999998 0.15999985 0.15999999 0.16
 0.15999992 0.16       0.15999987 0.15999999]"
360,360,"[0.15999863 0.16       0.15999998 0.15999986 0.15999999 0.16
 0.15999992 0.16       0.15999988 0.15999999]"
361,361,"[0.1599986  0.16       0.15999998 0.15999986 0.15999999 0.16
 0.15999992 0.16       0.15999988 0.15999999]"
362,362,"[0.15999857 0.16       0.15999998 0.15999987 0.15999999 0.16
 0.15999993 0.16       0.15999989 0.15999999]"
363,363,"[0.15999855 0.16000083 0.15999998 0.15999988 0.16000174 0.16
 0.15999993 0.16       0.15999989 0.15999999]"
364,364,"[0.15999852 0.1599981  0.15999998 0.15999988 0.15999648 0.16
 0.15999993 0.16       0.1599999  0.15999999]"
365,365,"[0.15999849 0.15999811 0.15999998 0.15999989 0.15999641 0.16
 0.15999993 0.16       0.1599999  0.15999999]"
366,366,"[0.15999846 0.15999812 0.15999998 0.15999989 0.15999634 0.16
 0.15999993 0.16       0.1599999  0.15999999]"
367,367,"[0.15999843 0.15999813 0.15999998 0.1599999  0.15999627 0.16
 0.15999993 0.16       0.15999991 0.15999999]"
368,368,"[0.1599984  0.15999813 0.15999998 0.15999991 0.1599962  0.16
 0.15999993 0.16       0.15999991 0.15999999]"
369,369,"[0.15999837 0.15999814 0.15999999 0.15999991 0.15999614 0.16
 0.15999994 0.16       0.15999991 0.15999999]"
370,370,"[0.15999834 0.15999815 0.15999999 0.15999992 0.15999608 0.16
 0.15999994 0.16       0.15999991 0.15999999]"
371,371,"[0.15999831 0.15999816 0.15999999 0.15999992 0.15999602 0.16
 0.15999994 0.16       0.15999992 0.15999999]"
372,372,"[0.15999828 0.15999818 0.15999999 0.15999993 0.15999597 0.16
 0.15999994 0.16       0.15999992 0.15999999]"
373,373,"[0.1599994  0.15999819 0.15999999 0.15999993 0.15999592 0.16000048
 0.15999994 0.16       0.15999992 0.15999999]"
374,374,"[0.15999967 0.15999999 0.15999999 0.15999993 0.15999999 0.15999884
 0.15999994 0.16       0.15999992 0.15999999]"
375,375,"[0.15999965 0.15999999 0.16       0.15999994 0.15999999 0.15999886
 0.15999994 0.16       0.15999993 0.15999999]"
376,376,"[0.15999964 0.15999999 0.16       0.15999994 0.15999999 0.15999889
 0.15999995 0.16       0.15999993 0.15999999]"
377,377,"[0.15999963 0.15999999 0.16       0.15999994 0.15999999 0.15999892
 0.15999995 0.16       0.15999993 0.15999999]"
378,378,"[0.15999962 0.15999999 0.16       0.15999995 0.15999999 0.15999895
 0.15999995 0.16       0.15999993 0.15999999]"
379,379,"[0.1599996  0.15999999 0.16       0.15999995 0.15999999 0.15999897
 0.15999996 0.16       0.15999993 0.15999999]"
380,380,"[0.15999959 0.15999999 0.16       0.15999995 0.15999999 0.159999
 0.15999996 0.16       0.15999994 0.15999999]"
381,381,"[0.15999958 0.16000011 0.16       0.15999996 0.15999999 0.15999902
 0.15999996 0.16000072 0.15999994 0.15999999]"
382,382,"[0.15999956 0.15999948 0.16       0.15999996 0.15999999 0.15999905
 0.15999996 0.15999845 0.15999994 0.15999999]"
383,383,"[0.15999955 0.15999947 0.16       0.15999996 0.15999999 0.15999908
 0.15999997 0.15999861 0.15999994 0.15999999]"
384,384,"[0.16000128 0.15999945 0.16       0.15999996 0.15999999 0.1599991
 0.16000079 0.15999877 0.15999994 0.15999999]"
385,385,"[0.15999944 0.15999944 0.16       0.15999989 0.15999999 0.15999913
 0.15999896 0.1599989  0.15999975 0.15999999]"
386,386,"[0.15999941 0.15999942 0.16       0.15999983 0.15999999 0.15999915
 0.15999899 0.15999903 0.15999945 0.15999999]"
387,387,"[0.15999939 0.1599994  0.16       0.15999984 0.15999999 0.15999917
 0.15999902 0.15999913 0.15999949 0.15999999]"
388,388,"[0.15999936 0.15999939 0.16       0.15999984 0.15999999 0.15999919
 0.15999905 0.15999923 0.15999952 0.15999999]"
389,389,"[0.15999933 0.15999937 0.16       0.15999985 0.15999999 0.15999922
 0.15999908 0.15999931 0.15999956 0.15999999]"
390,390,"[0.15999931 0.15999935 0.16       0.15999985 0.15999999 0.15999924
 0.15999911 0.15999939 0.15999959 0.15999999]"
391,391,"[0.15999928 0.15999933 0.15999999 0.15999986 0.15999999 0.15999926
 0.15999914 0.15999946 0.15999962 0.15999999]"
392,392,"[0.15999925 0.15999932 0.15999999 0.15999986 0.15999999 0.15999928
 0.15999917 0.15999952 0.15999964 0.15999999]"
393,393,"[0.15999922 0.1599993  0.15999999 0.15999986 0.15999999 0.1599993
 0.15999919 0.15999958 0.15999967 0.15999999]"
394,394,"[0.15999919 0.15999928 0.15999999 0.15999987 0.15999999 0.15999931
 0.15999922 0.15999963 0.15999969 0.15999999]"
395,395,"[0.15999916 0.15999926 0.15999999 0.15999987 0.15999999 0.15999933
 0.15999924 0.15999967 0.15999972 0.15999999]"
396,396,"[0.15999913 0.15999924 0.15999999 0.15999988 0.15999999 0.15999935
 0.15999927 0.15999971 0.15999974 0.15999999]"
397,397,"[0.1599991  0.15999921 0.15999999 0.15999988 0.15999999 0.15999937
 0.15999929 0.15999974 0.15999976 0.15999999]"
398,398,"[0.15999907 0.15999919 0.15999999 0.15999988 0.15999999 0.15999939
 0.15999932 0.15999977 0.15999978 0.15999999]"
399,399,"[0.15999904 0.15999917 0.15999999 0.15999989 0.15999999 0.1599994
 0.15999934 0.1599998  0.15999979 0.15999999]"
400,400,"[0.15999901 0.15999915 0.15999999 0.15999989 0.15999999 0.15999942
 0.15999936 0.15999983 0.15999981 0.15999999]"
401,401,"[0.15999898 0.15999912 0.15999999 0.15999989 0.15999999 0.15999943
 0.15999938 0.15999985 0.15999982 0.15999999]"
402,402,"[0.15999894 0.1599991  0.15999999 0.1599999  0.16       0.15999945
 0.15999941 0.15999987 0.15999984 0.15999999]"
403,403,"[0.15999891 0.15999908 0.15999998 0.1599999  0.16       0.15999946
 0.15999943 0.15999988 0.15999985 0.15999999]"
404,404,"[0.15999888 0.15999905 0.15999998 0.1599999  0.16       0.15999948
 0.15999945 0.1599999  0.15999986 0.15999999]"
405,405,"[0.15999885 0.15999903 0.15999998 0.15999991 0.16       0.15999949
 0.15999947 0.15999991 0.15999987 0.15999999]"
406,406,"[0.15999881 0.159999   0.15999998 0.15999991 0.16       0.1599995
 0.15999948 0.15999992 0.15999988 0.15999999]"
407,407,"[0.15999878 0.15999897 0.15999998 0.15999991 0.16       0.15999952
 0.1599995  0.15999993 0.15999989 0.15999999]"
408,408,"[0.15999875 0.15999895 0.15999998 0.15999992 0.16       0.15999953
 0.15999952 0.15999994 0.1599999  0.15999999]"
409,409,"[0.15999871 0.15999892 0.15999998 0.15999992 0.16       0.15999954
 0.15999954 0.15999995 0.15999991 0.15999999]"
410,410,"[0.15999868 0.15999889 0.15999998 0.15999992 0.16       0.15999955
 0.15999955 0.15999996 0.15999992 0.15999999]"
411,411,"[0.15999864 0.15999886 0.15999998 0.15999993 0.16       0.15999957
 0.15999957 0.15999996 0.15999992 0.15999999]"
412,412,"[0.15999861 0.15999884 0.15999998 0.15999993 0.16       0.15999958
 0.15999959 0.15999922 0.15999993 0.1599993 ]"
413,413,"[0.15999858 0.15999881 0.15999998 0.16000023 0.16       0.15999959
 0.1599996  0.15999839 0.16000044 0.15999839]"
414,414,"[0.15999854 0.15999878 0.15999998 0.15999988 0.16       0.1599996
 0.15999962 0.15999845 0.15999965 0.15999842]"
415,415,"[0.15999851 0.15999875 0.15999998 0.15999989 0.16       0.15999961
 0.15999963 0.15999851 0.15999992 0.16000016]"
416,416,"[0.15999848 0.15999872 0.15999997 0.1599999  0.16       0.15999962
 0.15999964 0.15999857 0.15999559 0.15999998]"
417,417,"[0.15999845 0.15999868 0.15999997 0.15999991 0.16       0.15999963
 0.15999966 0.15999864 0.15999589 0.15999998]"
418,418,"[0.15999842 0.15999865 0.15999997 0.15999992 0.16       0.15999963
 0.15999967 0.1599987  0.15999618 0.15999998]"
419,419,"[0.15999839 0.15999862 0.15999997 0.15999992 0.16       0.15999964
 0.15999968 0.15999876 0.15999645 0.15999998]"
420,420,"[0.15999836 0.15999859 0.15999997 0.15999993 0.16       0.15999965
 0.15999969 0.15999882 0.1599967  0.15999998]"
421,421,"[0.15999833 0.15999855 0.15999998 0.15999994 0.16       0.15999966
 0.1599997  0.15999887 0.15999695 0.15999998]"
422,422,"[0.1599983  0.16000047 0.15999998 0.15999994 0.16000184 0.15999967
 0.15999971 0.15999978 0.15999717 0.15999876]"
423,423,"[0.15999827 0.16       0.15999998 0.15999995 0.15999589 0.15999967
 0.15999972 0.1599998  0.15999737 0.15999884]"
424,424,"[0.15999825 0.16       0.15999998 0.16003867 0.15999586 0.15999967
 0.15999974 0.15999981 0.16003528 0.15999892]"
425,425,"[0.15999823 0.16       0.15999998 0.1599999  0.15999583 0.15999968
 0.15999975 0.15999982 0.159999   0.159999  ]"
426,426,"[0.1599982  0.16       0.16000045 0.16000016 0.15999581 0.15999968
 0.15999976 0.15999984 0.15999908 0.15999907]"
427,427,"[0.15999818 0.16       0.15999946 0.1599979  0.15999579 0.15999968
 0.15999977 0.15999985 0.15999917 0.15999914]"
428,428,"[0.15999817 0.16       0.1599995  0.15999799 0.15999578 0.15999968
 0.15999978 0.15999986 0.15999926 0.15999921]"
429,429,"[0.15999815 0.16       0.15999954 0.15999807 0.15999576 0.15999969
 0.15999979 0.15999987 0.15999934 0.15999927]"
430,430,"[0.15999813 0.16       0.15999958 0.15999815 0.15999576 0.15999969
 0.1599998  0.16000113 0.15999943 0.16000076]"
431,431,"[0.15999811 0.16       0.15999961 0.15999823 0.15999576 0.15999969
 0.15999981 0.15999894 0.15999951 0.15999988]"
432,432,"[0.15999809 0.16       0.15999964 0.1599983  0.15999577 0.15999969
 0.15999982 0.15999898 0.15999959 0.15999988]"
433,433,"[0.15999808 0.16       0.16001641 0.16001643 0.15999578 0.1599997
 0.15999982 0.15999902 0.15999965 0.15999988]"
434,434,"[0.15999806 0.16000085 0.15999967 0.15999997 0.15999581 0.1599997
 0.15999983 0.16000015 0.15999971 0.15999988]"
435,435,"[0.15999804 0.15999806 0.15999968 0.15999997 0.15999784 0.1599997
 0.15999984 0.15999999 0.15999977 0.15999988]"
436,436,"[0.15999803 0.15999806 0.1599966  0.15999997 0.15999866 0.1599997
 0.15999985 0.16       0.15999981 0.15999989]"
437,437,"[0.15999959 0.15999805 0.15999684 0.15999997 0.15999862 0.1599997
 0.16000074 0.16       0.15999985 0.15999989]"
438,438,"[0.15999978 0.15999805 0.15999707 0.15999997 0.15999857 0.15999971
 0.1599995  0.16       0.15999989 0.15999989]"
439,439,"[0.15999977 0.15999805 0.15999729 0.15999997 0.15999851 0.15999971
 0.15999952 0.16       0.15999992 0.1599999 ]"
440,440,"[0.15999977 0.15999805 0.15999749 0.15999997 0.15999846 0.15999971
 0.15999954 0.16       0.15999994 0.1599999 ]"
441,441,"[0.15999976 0.15999805 0.15999768 0.15999997 0.15999841 0.15999972
 0.15999955 0.16       0.15999996 0.1599999 ]"
442,442,"[0.15999976 0.15999805 0.15999785 0.15999998 0.15999836 0.15999972
 0.15999957 0.15999777 0.15999998 0.15999919]"
443,443,"[0.15999976 0.15999805 0.15999801 0.15999998 0.1599983  0.15999972
 0.15999959 0.15999793 0.15999999 0.15999925]"
444,444,"[0.15999975 0.15999805 0.15999817 0.15999998 0.15999825 0.15999973
 0.1599996  0.16003211 0.15999999 0.16002196]"
445,445,"[0.15999974 0.15999805 0.16000034 0.16000038 0.15999819 0.15999973
 0.15999962 0.16       0.16       0.15999988]"
446,446,"[0.15999974 0.15999939 0.15999999 0.15999843 0.15999969 0.15999974
 0.15999963 0.16       0.16       0.15999989]"
447,447,"[0.15999973 0.16       0.15999999 0.1599985  0.15999951 0.15999974
 0.15999965 0.16       0.16       0.15999989]"
448,448,"[0.15999972 0.16       0.15999999 0.15999857 0.1599995  0.15999975
 0.15999966 0.16       0.15999998 0.15999984]"
449,449,"[0.15999972 0.16       0.16       0.15999864 0.15999948 0.15999976
 0.15999968 0.16       0.15999878 0.15999797]"
450,450,"[0.15999971 0.16       0.16       0.15999871 0.15999947 0.15999977
 0.15999969 0.16       0.15999886 0.15999802]"
451,451,"[0.1599997  0.16       0.16       0.15999877 0.15999945 0.15999978
 0.1599997  0.16000096 0.15999893 0.16000025]"
452,452,"[0.15999969 0.16       0.16       0.15999883 0.15999944 0.15999978
 0.15999972 0.1599981  0.15999899 0.15999998]"
453,453,"[0.15999968 0.16       0.16       0.15999889 0.15999943 0.15999979
 0.15999973 0.15999826 0.15999905 0.15999998]"
454,454,"[0.15999967 0.16       0.16       0.15999895 0.15999941 0.1599998
 0.15999974 0.15999841 0.15999911 0.15999998]"
455,455,"[0.15999966 0.16       0.16       0.159999   0.15999939 0.1599998
 0.15999975 0.15999854 0.15999917 0.15999998]"
456,456,"[0.15999965 0.16       0.16       0.15999906 0.15999938 0.15999981
 0.15999977 0.15999867 0.15999922 0.15999999]"
457,457,"[0.15999964 0.16       0.16       0.15999911 0.15999936 0.15999982
 0.15999978 0.15999967 0.15999998 0.15999977]"
458,458,"[0.15999963 0.16       0.16       0.15999916 0.15999934 0.15999982
 0.15999979 0.15999999 0.15999997 0.15999995]"
459,459,"[0.15999962 0.16       0.16       0.15999921 0.15999932 0.15999983
 0.1599998  0.15999999 0.15999997 0.15999995]"
460,460,"[0.15999961 0.16       0.16       0.15999925 0.1599993  0.15999984
 0.1599998  0.15999999 0.15999996 0.15999995]"
461,461,"[0.15999959 0.16       0.16000023 0.15999971 0.15999929 0.15999984
 0.15999981 0.15999999 0.15999994 0.15999996]"
462,462,"[0.15999958 0.16       0.15999859 0.15999997 0.15999927 0.15999985
 0.15999982 0.15999999 0.15999993 0.15999996]"
463,463,"[0.15999957 0.16       0.1599987  0.15999997 0.15999925 0.15999986
 0.15999983 0.15999999 0.15999991 0.15999996]"
464,464,"[0.15999955 0.16       0.15999881 0.15999997 0.15999923 0.15999986
 0.15999984 0.15999999 0.15999989 0.15999996]"
465,465,"[0.15999954 0.16       0.15999891 0.15999997 0.1599992  0.15999987
 0.15999985 0.15999999 0.15999986 0.15999996]"
466,466,"[0.15999952 0.16       0.159999   0.15999997 0.15999918 0.15999987
 0.15999985 0.15999999 0.15999984 0.15999997]"
467,467,"[0.15999951 0.16       0.15999909 0.15999997 0.15999916 0.15999988
 0.15999986 0.15999999 0.15999982 0.15999997]"
468,468,"[0.15999949 0.16       0.15999916 0.15999997 0.15999914 0.15999988
 0.15999987 0.15999999 0.15999979 0.15999997]"
469,469,"[0.15999948 0.16       0.15999923 0.15999997 0.15999912 0.15999989
 0.15999987 0.15999999 0.15999977 0.15999997]"
470,470,"[0.15999946 0.16       0.1599993  0.15999997 0.15999909 0.15999989
 0.15999988 0.15999999 0.15999975 0.15999997]"
471,471,"[0.15999944 0.16       0.15999936 0.15999997 0.15999907 0.15999989
 0.15999988 0.15999999 0.15999973 0.15999998]"
472,472,"[0.15999942 0.16       0.15999941 0.15999997 0.15999904 0.1599999
 0.15999989 0.15999999 0.15999971 0.15999998]"
473,473,"[0.1599994  0.16       0.15999946 0.15999997 0.15999902 0.1599999
 0.15999989 0.15999999 0.1599997  0.15999998]"
474,474,"[0.15999938 0.16       0.16000048 0.16000058 0.15999899 0.15999991
 0.1599999  0.15999999 0.15999969 0.15999998]"
475,475,"[0.15999936 0.16       0.15999994 0.15999928 0.15999897 0.15999991
 0.1599999  0.15999999 0.15999968 0.15999998]"
476,476,"[0.15999934 0.16       0.15999994 0.15999933 0.15999894 0.15999992
 0.15999991 0.15999999 0.15999968 0.15999998]"
477,477,"[0.15999932 0.16       0.15999994 0.15999937 0.15999891 0.15999992
 0.15999991 0.15999999 0.15999968 0.15999998]"
478,478,"[0.1599993  0.16       0.15999994 0.15999959 0.15999888 0.15999992
 0.15999992 0.15999998 0.15999962 0.15999999]"
479,479,"[0.15999927 0.16       0.15999995 0.15999996 0.15999886 0.15999993
 0.15999992 0.15999998 0.15999877 0.15999999]"
480,480,"[0.15999925 0.16       0.15999995 0.15999996 0.15999882 0.15999993
 0.15999992 0.15999998 0.15999887 0.15999999]"
481,481,"[0.15999922 0.16       0.15999995 0.15999996 0.15999879 0.15999993
 0.15999993 0.15999998 0.15999898 0.15999999]"
482,482,"[0.1599992  0.16       0.15999995 0.15999996 0.15999876 0.15999994
 0.15999993 0.15999973 0.15999907 0.15999971]"
483,483,"[0.15999917 0.16       0.15999995 0.15999996 0.15999873 0.15999994
 0.15999993 0.15999869 0.15999915 0.15999864]"
484,484,"[0.15999914 0.16       0.15999995 0.15999996 0.15999869 0.15999994
 0.15999993 0.1599988  0.15999922 0.15999872]"
485,485,"[0.15999911 0.16       0.15999995 0.15999996 0.15999866 0.15999995
 0.15999994 0.15999989 0.15999929 0.15999987]"
486,486,"[0.15999908 0.16       0.15999995 0.15999996 0.15999862 0.15999995
 0.15999994 0.15999998 0.15999936 0.15999998]"
487,487,"[0.15999905 0.16       0.15999996 0.15999997 0.15999859 0.15999995
 0.15999994 0.15999997 0.15999942 0.15999998]"
488,488,"[0.15999901 0.16       0.15999996 0.15999997 0.15999855 0.15999996
 0.15999994 0.15999997 0.16001246 0.16001714]"
489,489,"[0.15999898 0.16       0.15999996 0.15999997 0.15999852 0.15999996
 0.15999994 0.15999997 0.15999995 0.15999836]"
490,490,"[0.15999895 0.16       0.15999996 0.15999997 0.15999848 0.15999996
 0.15999994 0.15999997 0.15999995 0.15999842]"
491,491,"[0.15999891 0.16       0.15999996 0.15999997 0.15999844 0.15999996
 0.15999995 0.15999997 0.15999995 0.15999848]"
492,492,"[0.15999887 0.16       0.15999996 0.15999997 0.15999841 0.15999997
 0.15999995 0.15999997 0.15999995 0.15999853]"
493,493,"[0.15999884 0.16       0.15999996 0.15999997 0.15999837 0.15999997
 0.15999995 0.15999957 0.15999995 0.15999975]"
494,494,"[0.1599988  0.16       0.15999996 0.16000003 0.15999833 0.15999997
 0.15999995 0.15999894 0.15999995 0.15999999]"
495,495,"[0.15999876 0.15999999 0.15999996 0.15999941 0.15999829 0.15999997
 0.15999995 0.15999904 0.15999793 0.15999999]"
496,496,"[0.15999872 0.15999999 0.15999996 0.15999945 0.15999825 0.15999998
 0.15999995 0.15999913 0.15999804 0.15999998]"
497,497,"[0.15999867 0.15999999 0.15999996 0.15999997 0.15999821 0.15999998
 0.15999995 0.15999921 0.15999996 0.15999998]"
498,498,"[0.15999863 0.15999999 0.15999996 0.15999995 0.15999817 0.15999998
 0.15999995 0.15999929 0.15999998 0.15999998]"
499,499,"[0.15999859 0.15999999 0.15999996 0.15999995 0.15999813 0.15999998
 0.15999996 0.15999935 0.15999998 0.15999998]"
500,500,"[0.15999854 0.15999999 0.15999996 0.15999995 0.15999808 0.15999998
 0.15999996 0.15999942 0.15999998 0.15999998]"
501,501,"[0.1599985  0.15999999 0.15999996 0.15999995 0.15999804 0.15999998
 0.15999996 0.15999947 0.15999998 0.15999998]"
502,502,"[0.15999845 0.15999999 0.15999996 0.15999995 0.159998   0.15999999
 0.15999996 0.15999952 0.15999998 0.15999998]"
503,503,"[0.1599984  0.15999999 0.15999996 0.15999995 0.15999796 0.15999999
 0.15999996 0.16000014 0.15999998 0.15999966]"
504,504,"[0.15999835 0.15999998 0.15999996 0.15999995 0.15999792 0.15999999
 0.15999996 0.15999991 0.15999998 0.15999874]"
505,505,"[0.15999831 0.15999998 0.15999996 0.15999995 0.15999788 0.15999999
 0.15999996 0.15999991 0.15999998 0.15999879]"
506,506,"[0.15999826 0.15999998 0.15999996 0.15999995 0.15999784 0.15999999
 0.15999996 0.15999991 0.15999998 0.15999884]"
507,507,"[0.15999821 0.15999998 0.15999996 0.15999995 0.1599978  0.15999999
 0.15999996 0.1599999  0.15999998 0.15999888]"
508,508,"[0.15999815 0.15999998 0.15999996 0.15999995 0.15999776 0.15999999
 0.15999996 0.1599999  0.15999997 0.15999893]"
509,509,"[0.1599981  0.15999998 0.15999996 0.15999995 0.15999772 0.15999999
 0.15999996 0.15999999 0.15999997 0.15999928]"
510,510,"[0.15999805 0.15999998 0.15999996 0.15999995 0.15999768 0.15999999
 0.15999996 0.15999952 0.15999997 0.15999989]"
511,511,"[0.159998   0.15999968 0.15999996 0.15999995 0.16000325 0.16
 0.15999996 0.15999956 0.15999997 0.15999989]"
512,512,"[0.15999795 0.15999792 0.15999996 0.15999995 0.15999994 0.16
 0.15999996 0.1599996  0.15999997 0.1599999 ]"
513,513,"[0.1599979  0.15999791 0.15999996 0.15999995 0.15999994 0.16
 0.15999996 0.15999964 0.15999997 0.1599999 ]"
514,514,"[0.15999785 0.15999791 0.15999996 0.15999994 0.15999995 0.16
 0.15999996 0.15999967 0.15999997 0.1599999 ]"
515,515,"[0.15999998 0.1599979  0.15999808 0.15999994 0.15999658 0.15999881
 0.15999996 0.1599997  0.16000001 0.15999965]"
516,516,"[0.15999999 0.15999789 0.15999818 0.15999994 0.1599965  0.15999833
 0.15999995 0.15999973 0.15999919 0.15999762]"
517,517,"[0.15999999 0.15999788 0.15999828 0.15999994 0.15999642 0.15999837
 0.15999995 0.15999976 0.15999926 0.15999774]"
518,518,"[0.15999999 0.15999787 0.15999838 0.15999994 0.15999634 0.15999842
 0.15999995 0.16000934 0.15999932 0.16002215]"
519,519,"[0.15999999 0.15999787 0.15999847 0.15999994 0.15999627 0.15999846
 0.15999994 0.15999986 0.15999939 0.15999997]"
520,520,"[0.15999999 0.15999787 0.15999855 0.15999994 0.15999619 0.1599985
 0.15999994 0.15999986 0.15999945 0.15999997]"
521,521,"[0.15999999 0.15999788 0.15999864 0.15999994 0.15999612 0.15999854
 0.15999994 0.15999986 0.1599995  0.15999996]"
522,522,"[0.15999999 0.15999788 0.15999871 0.15999994 0.15999605 0.15999859
 0.15999994 0.15999986 0.16000025 0.16000004]"
523,523,"[0.15999999 0.15999789 0.15999879 0.15999994 0.15999599 0.15999863
 0.15999993 0.15999986 0.15999989 0.15999896]"
524,524,"[0.15999999 0.1599979  0.1600012  0.15999994 0.15999593 0.15999867
 0.15999993 0.15999986 0.15999989 0.159999  ]"
525,525,"[0.15999999 0.15999791 0.15999996 0.16000567 0.15999587 0.15999871
 0.15999993 0.15999986 0.16001744 0.15999904]"
526,526,"[0.15999999 0.15999876 0.15999996 0.15999993 0.15999583 0.15999875
 0.15999992 0.16000004 0.15999779 0.15999907]"
527,527,"[0.15999999 0.15999917 0.15999996 0.15999993 0.1599958  0.15999879
 0.15999992 0.15999774 0.16010194 0.16006474]"
528,528,"[0.15999999 0.15999913 0.15999996 0.15999993 0.15999577 0.15999882
 0.15999992 0.1599978  0.15999999 0.15999991]"
529,529,"[0.15999999 0.15999909 0.15999997 0.15999994 0.15999575 0.15999886
 0.15999992 0.15999786 0.15999999 0.15999991]"
530,530,"[0.15999999 0.15999904 0.15999997 0.15999994 0.15999573 0.15999889
 0.15999991 0.15999792 0.15999999 0.15999992]"
531,531,"[0.15999999 0.159999   0.15999998 0.15999994 0.15999572 0.15999893
 0.15999991 0.15999798 0.15999999 0.15999992]"
532,532,"[0.15999999 0.15999896 0.15999998 0.15999994 0.15999571 0.15999896
 0.15999991 0.15999804 0.16       0.15999992]"
533,533,"[0.15999999 0.15999891 0.15999998 0.15999994 0.15999571 0.15999899
 0.1599999  0.16000038 0.16       0.16000036]"
534,534,"[0.15999999 0.15999886 0.15999999 0.15999994 0.15999572 0.15999902
 0.1599999  0.16       0.16       0.15999754]"
535,535,"[0.15999999 0.15999881 0.15999999 0.15999994 0.15999573 0.15999905
 0.1599999  0.16       0.16       0.15999767]"
536,536,"[0.1600015  0.1602745  0.15999999 0.15999994 0.1606095  0.15999908
 0.1599999  0.16       0.16       0.15999889]"
537,537,"[0.15999734 0.15999988 0.16       0.15999994 0.15999999 0.15999911
 0.1599999  0.16       0.16       0.1599994 ]"
538,538,"[0.15999735 0.15999988 0.16       0.15999994 0.15999999 0.15999913
 0.1599999  0.16       0.16       0.15999942]"
539,539,"[0.15999736 0.15999987 0.16       0.15999994 0.15999999 0.15999916
 0.1599999  0.16       0.15999999 0.15999945]"
540,540,"[0.15999737 0.15999987 0.16       0.15999994 0.15999999 0.15999919
 0.1599999  0.16       0.15999999 0.15999948]"
541,541,"[0.15999739 0.15999986 0.16       0.15999995 0.15999999 0.15999921
 0.1599999  0.16       0.15999946 0.16000015]"
542,542,"[0.15999741 0.15999986 0.16       0.15999995 0.15999999 0.15999924
 0.1599999  0.16       0.15999782 0.15999998]"
543,543,"[0.15999744 0.15999985 0.16       0.15999995 0.15999999 0.15999926
 0.1599999  0.16       0.15999795 0.15999998]"
544,544,"[0.15999747 0.15999985 0.15999999 0.15999995 0.15999999 0.15999929
 0.1599999  0.16       0.15999807 0.15999998]"
545,545,"[0.15999751 0.15999984 0.15999999 0.15999995 0.15999999 0.15999931
 0.1599999  0.16       0.15999818 0.15999998]"
546,546,"[0.15999702 0.15999983 0.15999999 0.15999995 0.16000049 0.15999933
 0.1599999  0.16       0.15999829 0.15999998]"
547,547,"[0.15999592 0.15999983 0.16000049 0.15999996 0.15999739 0.15999936
 0.1599999  0.16       0.1599984  0.15999998]"
548,548,"[0.15999585 0.15999982 0.15999833 0.15999996 0.15999395 0.15999938
 0.1599999  0.16       0.15999912 0.15999996]"
549,549,"[0.15999577 0.15999982 0.15999847 0.15999996 0.15999394 0.1599994
 0.1599999  0.16       0.16       0.1599995 ]"
550,550,"[0.1599957  0.15999981 0.15999859 0.15999996 0.15999395 0.15999942
 0.15999991 0.16       0.16       0.15999952]"
551,551,"[0.15999563 0.15999981 0.15999871 0.15999995 0.15999396 0.15999944
 0.15999991 0.16       0.16       0.15999953]"
552,552,"[0.15999556 0.1599998  0.15999882 0.15999995 0.15999399 0.15999946
 0.15999991 0.16       0.16       0.15999955]"
553,553,"[0.15999551 0.15999979 0.15999892 0.15999995 0.15999404 0.15999948
 0.15999991 0.16       0.16       0.15999957]"
554,554,"[0.15999545 0.15999979 0.15999901 0.15999995 0.15999409 0.1599995
 0.15999992 0.16       0.16       0.15999958]"
555,555,"[0.15999541 0.15999978 0.16000856 0.15999995 0.16000546 0.15999951
 0.15999992 0.16       0.16       0.1599996 ]"
556,556,"[0.15999538 0.15999977 0.1599999  0.15999996 0.15999839 0.15999953
 0.15999992 0.16       0.16       0.15999961]"
557,557,"[0.15999535 0.15999977 0.1599999  0.15999996 0.15999843 0.15999955
 0.15999992 0.16       0.16       0.15999962]"
558,558,"[0.15999534 0.15999976 0.1599999  0.15999996 0.15999847 0.15999957
 0.15999992 0.16       0.16       0.15999964]"
559,559,"[0.15999533 0.15999975 0.1599999  0.15999996 0.15999852 0.16000047
 0.16000005 0.16       0.16       0.15999965]"
560,560,"[0.15999532 0.15999975 0.1599999  0.15999996 0.15999857 0.15999926
 0.1599986  0.16       0.16       0.15999966]"
561,561,"[0.15999532 0.15999974 0.15999989 0.15999996 0.15999863 0.15999932
 0.15999866 0.16       0.16       0.15999967]"
562,562,"[0.15999532 0.15999973 0.15999989 0.15999996 0.15999869 0.15999937
 0.15999872 0.16       0.16       0.15999968]"
563,563,"[0.15999533 0.15999973 0.15999989 0.15999997 0.15999876 0.15999942
 0.15999877 0.16       0.16       0.15999969]"
564,564,"[0.15999535 0.15999972 0.15999989 0.15999997 0.15999882 0.15999946
 0.15999883 0.16       0.15999852 0.15999989]"
565,565,"[0.15999538 0.15999972 0.15999988 0.15999997 0.15999888 0.1599995
 0.15999888 0.16       0.15999862 0.1599999 ]"
566,566,"[0.15999543 0.15999971 0.15999988 0.15999997 0.15999895 0.15999954
 0.15999893 0.16       0.15999871 0.1599999 ]"
567,567,"[0.15999548 0.1599997  0.15999988 0.15999997 0.15999902 0.15999958
 0.15999897 0.15999817 0.1599988  0.15999782]"
568,568,"[0.15999554 0.15999969 0.15999987 0.15999998 0.15999908 0.15999961
 0.15999902 0.15999823 0.15999888 0.15999788]"
569,569,"[0.15999562 0.15999969 0.15999987 0.15999998 0.15999915 0.15999964
 0.15999906 0.15999829 0.16001595 0.16001001]"
570,570,"[0.15999569 0.15999968 0.15999987 0.15999998 0.15999921 0.15999967
 0.1599991  0.15999732 0.15999999 0.15999925]"
571,571,"[0.15999577 0.15999967 0.15999987 0.15999998 0.15999928 0.15999969
 0.15999914 0.15999992 0.15999999 0.15999953]"
572,572,"[0.15999584 0.15999966 0.15999986 0.15999998 0.15999934 0.15999971
 0.15999918 0.15999993 0.15999998 0.15999954]"
573,573,"[0.15999591 0.15999965 0.15999986 0.15999998 0.15999941 0.15999973
 0.15999922 0.15999993 0.15999998 0.15999956]"
574,574,"[0.15999599 0.15999964 0.15999986 0.15999999 0.15999947 0.15999975
 0.15999926 0.15999994 0.15999998 0.15999958]"
575,575,"[0.15999608 0.15999963 0.15999986 0.15999999 0.15999953 0.15999977
 0.15999929 0.15999994 0.15999997 0.15999959]"
576,576,"[0.15999617 0.15999962 0.15999986 0.15999999 0.15999958 0.15999979
 0.15999933 0.15999995 0.15999997 0.15999961]"
577,577,"[0.15999626 0.15999961 0.15999986 0.15999999 0.15999963 0.1599998
 0.15999936 0.15999995 0.15999997 0.15999962]"
578,578,"[0.15999635 0.15999959 0.15999986 0.15999999 0.15999968 0.15999982
 0.15999939 0.15999996 0.15999997 0.15999963]"
579,579,"[0.15999645 0.15999958 0.15999986 0.15999999 0.15999973 0.15999983
 0.15999942 0.15999996 0.15999997 0.15999965]"
580,580,"[0.15999655 0.15999957 0.15999986 0.15999999 0.15999977 0.15999984
 0.15999945 0.15999996 0.15999997 0.15999966]"
581,581,"[0.15999665 0.15999955 0.15999986 0.15999999 0.15999981 0.15999985
 0.15999948 0.15999997 0.15999997 0.15999967]"
582,582,"[0.15999675 0.15999954 0.15999987 0.15999999 0.15999984 0.15999986
 0.15999951 0.16000109 0.15999997 0.16000084]"
583,583,"[0.15999938 0.15999953 0.15999987 0.15999999 0.16000007 0.15999987
 0.15999953 0.15999844 0.15999998 0.15999965]"
584,584,"[0.15999971 0.15999951 0.15999987 0.15999999 0.16       0.15999988
 0.15999955 0.15999849 0.15999998 0.15999966]"
585,585,"[0.15999971 0.1599995  0.15999987 0.15999999 0.16       0.15999989
 0.15999958 0.15999855 0.15999998 0.15999966]"
586,586,"[0.15999972 0.15999949 0.15999987 0.15999999 0.16       0.1599999
 0.1599996  0.1599986  0.15999998 0.15999967]"
587,587,"[0.15999973 0.15999947 0.15999987 0.16       0.16       0.15999991
 0.15999962 0.15999866 0.15999999 0.15999968]"
588,588,"[0.15999974 0.15999946 0.15999988 0.16       0.16       0.15999991
 0.15999964 0.15999974 0.15999999 0.15999959]"
589,589,"[0.15999974 0.15999944 0.15999988 0.16       0.15999999 0.15999992
 0.15999966 0.15999977 0.15999999 0.15999961]"
590,590,"[0.15999975 0.16000104 0.15999988 0.16       0.16000121 0.15999993
 0.15999967 0.15999979 0.15999999 0.15999963]"
591,591,"[0.15999975 0.1599997  0.15999989 0.16       0.15999662 0.15999993
 0.15999969 0.15999981 0.15999999 0.15999964]"
592,592,"[0.15999976 0.15999969 0.15999989 0.16       0.15999653 0.15999993
 0.15999971 0.15999983 0.16       0.15999966]"
593,593,"[0.15999976 0.15999967 0.15999989 0.16       0.15999643 0.15999994
 0.15999972 0.15999984 0.16       0.15999968]"
594,594,"[0.15999976 0.15999966 0.1599999  0.16       0.15999634 0.15999994
 0.15999973 0.15999986 0.16       0.15999969]"
595,595,"[0.15999977 0.15999964 0.1599999  0.16       0.15999625 0.15999994
 0.15999974 0.15999987 0.16       0.15999971]"
596,596,"[0.15999977 0.15999962 0.15999991 0.16       0.15999617 0.16000086
 0.16000036 0.15999942 0.16       0.15999933]"
597,597,"[0.15999977 0.15999961 0.15999991 0.16       0.15999609 0.15999903
 0.15999992 0.15999857 0.16000049 0.15999947]"
598,598,"[0.15999978 0.15999959 0.15999992 0.16       0.15999602 0.15999907
 0.15999992 0.15999862 0.15999885 0.15999793]"
599,599,"[0.15999979 0.15999957 0.15999992 0.16       0.15999596 0.15999911
 0.15999993 0.15999867 0.15999892 0.15999799]"
600,600,"[0.1599998  0.15999955 0.15999993 0.16       0.1599959  0.15999915
 0.15999993 0.15999872 0.15999899 0.15999804]"
601,601,"[0.15999981 0.15999953 0.15999993 0.16       0.15999584 0.15999919
 0.15999994 0.16036272 0.15999854 0.16019387]"
602,602,"[0.15999981 0.15999952 0.15999994 0.16       0.15999579 0.15999923
 0.15999994 0.15999971 0.16001554 0.16000994]"
603,603,"[0.15999982 0.1599995  0.15999995 0.16       0.15999573 0.15999926
 0.15999995 0.15999974 0.15999999 0.1599996 ]"
604,604,"[0.15999982 0.15999948 0.15999995 0.16       0.15999568 0.1599993
 0.15999995 0.15999977 0.15999999 0.15999962]"
605,605,"[0.15999982 0.15999946 0.15999996 0.16       0.15999564 0.15999933
 0.15999995 0.15999979 0.15999999 0.15999964]"
606,606,"[0.15999983 0.15999944 0.15999996 0.16       0.1599956  0.15999937
 0.15999996 0.15999981 0.15999999 0.15999965]"
607,607,"[0.15999983 0.15999942 0.15999997 0.16       0.15999557 0.1599994
 0.15999996 0.15999983 0.15999999 0.15999967]"
608,608,"[0.15999983 0.15999939 0.15999998 0.16       0.15999554 0.15999943
 0.15999996 0.15999984 0.15999999 0.15999968]"
609,609,"[0.15999983 0.15999937 0.15999998 0.16       0.15999552 0.15999946
 0.15999996 0.15999986 0.15999999 0.1599997 ]"
610,610,"[0.15999983 0.15999935 0.15999999 0.16       0.1599955  0.15999949
 0.15999996 0.15999987 0.15999999 0.15999971]"
611,611,"[0.15999983 0.15999932 0.15999999 0.16       0.15999549 0.15999951
 0.15999997 0.15999988 0.15999999 0.15999972]"
612,612,"[0.15999984 0.1599993  0.15999999 0.16       0.15999548 0.15999954
 0.15999997 0.15999863 0.15999999 0.15999962]"
613,613,"[0.15999984 0.15999927 0.16       0.16       0.15999548 0.15999956
 0.15999997 0.15999868 0.15999999 0.15999963]"
614,614,"[0.15999984 0.15999924 0.16       0.16       0.15999549 0.15999959
 0.15999997 0.15999873 0.15999999 0.15999964]"
615,615,"[0.15999985 0.15999922 0.16       0.16       0.15999551 0.15999961
 0.15999997 0.15999878 0.15999999 0.15999965]"
616,616,"[0.15999985 0.15999919 0.16       0.16       0.15999553 0.15999963
 0.15999998 0.15999883 0.15999999 0.15999966]"
617,617,"[0.15999985 0.16000127 0.16       0.16       0.16000154 0.15999965
 0.15999998 0.16000172 0.15999999 0.16000086]"
618,618,"[0.15999985 0.15999971 0.15999999 0.16       0.16       0.15999966
 0.15999998 0.15999957 0.15999999 0.15999964]"
619,619,"[0.15999986 0.1599997  0.15999999 0.16       0.16       0.15999968
 0.15999998 0.15999962 0.15999999 0.15999966]"
620,620,"[0.15999986 0.15999968 0.15999998 0.16       0.16       0.15999969
 0.15999998 0.15999965 0.16       0.15999967]"
621,621,"[0.15999986 0.15999967 0.15999997 0.16       0.16       0.15999971
 0.15999998 0.15999969 0.15999909 0.15999996]"
622,622,"[0.15999986 0.15999966 0.15999996 0.16       0.16       0.15999972
 0.15999998 0.15999972 0.15999915 0.15999997]"
623,623,"[0.15999986 0.15999965 0.15999996 0.16       0.16       0.15999973
 0.15999998 0.15999975 0.15999872 0.15999986]"
624,624,"[0.15999987 0.15999963 0.15999995 0.16       0.16       0.15999974
 0.15999998 0.15999977 0.15999998 0.15999967]"
625,625,"[0.15999987 0.15999962 0.15999993 0.16       0.16       0.15999976
 0.15999998 0.15999979 0.15999998 0.15999968]"
626,626,"[0.15999987 0.15999961 0.15999992 0.16       0.16       0.15999977
 0.15999998 0.15999981 0.15999998 0.1599997 ]"
627,627,"[0.15999987 0.15999959 0.15999991 0.16       0.16       0.15999978
 0.15999998 0.15999931 0.15999997 0.15999932]"
628,628,"[0.15999987 0.15999958 0.1599999  0.16       0.16       0.15999979
 0.15999998 0.15999869 0.15999997 0.15999963]"
629,629,"[0.15999987 0.15999956 0.15999989 0.16       0.16       0.1599998
 0.15999998 0.15999874 0.15999997 0.15999964]"
630,630,"[0.15999987 0.15999955 0.15999988 0.16       0.16       0.15999981
 0.15999998 0.15999879 0.15999997 0.15999965]"
631,631,"[0.15999987 0.15999953 0.15999987 0.16       0.16       0.15999982
 0.15999998 0.15999884 0.15999997 0.15999966]"
632,632,"[0.15999988 0.15999951 0.15999987 0.16       0.16       0.15999983
 0.15999998 0.15999888 0.15999997 0.15999967]"
633,633,"[0.15999988 0.1599995  0.15999986 0.16       0.16       0.15999984
 0.15999998 0.15999787 0.15999997 0.15999925]"
634,634,"[0.15999988 0.15999948 0.15999985 0.16       0.16       0.15999984
 0.15999998 0.15999945 0.15999997 0.15999961]"
635,635,"[0.15999988 0.15999946 0.15999985 0.16       0.16       0.15999985
 0.15999998 0.1599995  0.15999997 0.15999963]"
636,636,"[0.15999988 0.15999944 0.15999984 0.16       0.16       0.1599993
 0.15999987 0.15999955 0.15999997 0.15999965]"
637,637,"[0.15999988 0.15999942 0.15999984 0.16       0.16       0.15999823
 0.15999959 0.15999959 0.15999997 0.15999967]"
638,638,"[0.16000052 0.1599994  0.15999983 0.16       0.16       0.15999761
 0.15999962 0.15999963 0.15999997 0.15999968]"
639,639,"[0.1599997  0.15999938 0.15999983 0.16       0.16       0.15999405
 0.15999965 0.15999966 0.15999997 0.1599997 ]"
640,640,"[0.15999971 0.15999937 0.15999994 0.16       0.16000039 0.15999441
 0.15999967 0.15999969 0.16000062 0.16000024]"
641,641,"[0.15999972 0.15999935 0.15999778 0.16       0.15999897 0.15999476
 0.15999969 0.15999971 0.15999922 0.15999998]"
642,642,"[0.15999973 0.15999933 0.15999794 0.16       0.15999895 0.1599951
 0.15999971 0.15999974 0.15999928 0.15999998]"
643,643,"[0.15999973 0.15999931 0.15999809 0.16       0.15999893 0.15999542
 0.15999973 0.15999976 0.15999933 0.15999998]"
644,644,"[0.15999974 0.15999929 0.15999823 0.16       0.1599989  0.15999573
 0.15999975 0.16000146 0.15999938 0.16000039]"
645,645,"[0.15999975 0.15999928 0.15999836 0.16       0.15999888 0.15999602
 0.15999977 0.15999885 0.15999943 0.15999839]"
646,646,"[0.15999975 0.15999926 0.15999848 0.16       0.15999886 0.1599963
 0.15999979 0.15999889 0.16001638 0.16000653]"
647,647,"[0.15999976 0.15999924 0.15999859 0.16       0.15999883 0.15999656
 0.1599998  0.15999894 0.1599999  0.15999964]"
648,648,"[0.15999976 0.15999922 0.1599987  0.16       0.15999881 0.16022159
 0.16007955 0.16000167 0.15999989 0.16000086]"
649,649,"[0.15999977 0.15999919 0.1599988  0.16       0.15999878 0.15999978
 0.15999987 0.15999954 0.15999988 0.15999967]"
650,650,"[0.15999978 0.15999917 0.15999889 0.16       0.15999876 0.15999978
 0.15999987 0.15999959 0.15999987 0.15999969]"
651,651,"[0.15999979 0.15999914 0.15999897 0.16       0.15999873 0.15999979
 0.15999987 0.15999962 0.15999987 0.1599997 ]"
652,652,"[0.1599998  0.15999912 0.15999905 0.16       0.1599987  0.15999979
 0.15999987 0.15999966 0.15999986 0.15999972]"
653,653,"[0.15999981 0.15999909 0.15999912 0.16       0.15999867 0.1599998
 0.15999987 0.15999969 0.15999986 0.15999973]"
654,654,"[0.15999981 0.15999906 0.15999919 0.16       0.15999865 0.1599998
 0.15999987 0.15999972 0.15999986 0.15999975]"
655,655,"[0.15999982 0.15999904 0.15999925 0.16       0.15999862 0.15999981
 0.15999987 0.15999892 0.15999986 0.15999959]"
656,656,"[0.15999983 0.15999901 0.15999931 0.16       0.15999859 0.15999981
 0.15999987 0.15999896 0.15999987 0.1599996 ]"
657,657,"[0.15999983 0.15999898 0.15999937 0.16       0.15999856 0.15999982
 0.15999987 0.159999   0.15999987 0.1599996 ]"
658,658,"[0.15999984 0.15999896 0.15999942 0.16       0.15999853 0.15999982
 0.15999987 0.15999904 0.15999988 0.15999961]"
659,659,"[0.15999984 0.15999893 0.15999946 0.16       0.1599985  0.15999983
 0.15999987 0.16004441 0.15999988 0.16002113]"
660,660,"[0.15999985 0.1599989  0.1599995  0.16       0.15999847 0.15999983
 0.15999987 0.15999952 0.15999989 0.15999971]"
661,661,"[0.15999985 0.15999887 0.15999954 0.16       0.15999845 0.15999984
 0.15999987 0.15999957 0.1599999  0.15999973]"
662,662,"[0.15999986 0.15999884 0.15999958 0.16       0.15999842 0.15999984
 0.15999988 0.15999961 0.1599999  0.15999974]"
663,663,"[0.15999987 0.15999882 0.16000057 0.16000051 0.15999839 0.15999985
 0.15999988 0.15999965 0.15999991 0.15999976]"
664,664,"[0.15999987 0.15999879 0.16000021 0.15999858 0.16000065 0.15999985
 0.15999988 0.15999898 0.16002082 0.16000386]"
665,665,"[0.15999987 0.15999876 0.15999728 0.15999864 0.16       0.15999986
 0.15999988 0.15999901 0.15999926 0.15999848]"
666,666,"[0.15999988 0.15999873 0.15999746 0.1599987  0.16       0.15999986
 0.15999988 0.16000166 0.15999931 0.16000036]"
667,667,"[0.15999988 0.15999871 0.15999764 0.15999875 0.16       0.15999987
 0.15999988 0.15999953 0.15999935 0.16      ]"
668,668,"[0.15999988 0.15999868 0.1599978  0.15999881 0.15999999 0.15999987
 0.15999989 0.15999958 0.1600008  0.16000016]"
669,669,"[0.15999989 0.15999865 0.15999796 0.15999887 0.15999999 0.15999988
 0.15999989 0.15999962 0.15999982 0.1599997 ]"
670,670,"[0.1599999  0.15999862 0.15999811 0.15999893 0.15999999 0.15999988
 0.15999989 0.15999966 0.15999981 0.15999971]"
671,671,"[0.1599999  0.15999858 0.15999825 0.15999898 0.15999999 0.15999988
 0.15999989 0.1599997  0.15999979 0.15999973]"
672,672,"[0.15999991 0.15999855 0.15999838 0.15999903 0.15999999 0.15999988
 0.15999989 0.15999973 0.15999977 0.15999974]"
673,673,"[0.15999991 0.15999852 0.1599985  0.15999908 0.15999999 0.15999989
 0.15999989 0.16000146 0.15999976 0.16000082]"
674,674,"[0.15999992 0.15999849 0.15999862 0.15999912 0.15999999 0.15999989
 0.1599999  0.15999892 0.1599993  0.15999851]"
675,675,"[0.15999992 0.15999846 0.15999872 0.15999916 0.15999999 0.15999989
 0.1599999  0.15999895 0.15999935 0.15999855]"
676,676,"[0.15999992 0.15999843 0.15999882 0.1599992  0.15999999 0.1599999
 0.1599999  0.15999802 0.15999962 0.15999915]"
677,677,"[0.15999992 0.15999839 0.15999891 0.16001377 0.15999999 0.1599999
 0.1599999  0.15999954 0.16001067 0.15999968]"
678,678,"[0.15999993 0.15999836 0.15999899 0.15999998 0.15999999 0.1599999
 0.1599999  0.15999958 0.15999756 0.15999969]"
679,679,"[0.15999993 0.15999833 0.15999908 0.15999999 0.15999999 0.1599999
 0.1599999  0.15999962 0.16000025 0.16000012]"
680,680,"[0.15999994 0.15999829 0.15999915 0.15999999 0.15999998 0.15999991
 0.1599999  0.15999966 0.15999997 0.16      ]"
681,681,"[0.15999994 0.16003666 0.15999922 0.15999999 0.15999998 0.15999991
 0.15999991 0.16000777 0.15999997 0.16      ]"
682,682,"[0.15999994 0.15999989 0.15999928 0.15999999 0.15999998 0.15999991
 0.15999991 0.15999817 0.15999997 0.16      ]"
683,683,"[0.15999995 0.15999989 0.15999951 0.15999999 0.15999998 0.15999991
 0.15999991 0.15999831 0.15999997 0.16      ]"
684,684,"[0.15999995 0.15999989 0.15999996 0.15999939 0.15999998 0.15999991
 0.15999991 0.16003304 0.15999998 0.16001931]"
685,685,"[0.15999995 0.15999813 0.15999995 0.15999942 0.15999547 0.15999991
 0.15999991 0.15999996 0.15999998 0.15999864]"
686,686,"[0.15999995 0.1599981  0.15999995 0.15999945 0.15999542 0.15999991
 0.15999992 0.15999997 0.15999998 0.15999867]"
687,687,"[0.15999995 0.15999808 0.15999995 0.15999948 0.15999538 0.15999991
 0.15999992 0.15999997 0.15999998 0.1599987 ]"
688,688,"[0.15999995 0.15999806 0.15999995 0.15999951 0.15999534 0.15999991
 0.15999992 0.15999997 0.15999998 0.15999873]"
689,689,"[0.15999996 0.15999804 0.15999995 0.15999954 0.15999531 0.15999991
 0.15999992 0.16000115 0.15999998 0.16000061]"
690,690,"[0.15999999 0.15999802 0.15999994 0.15999957 0.15999529 0.15999991
 0.15999993 0.15999825 0.16000026 0.15999999]"
691,691,"[0.15999944 0.15999799 0.15999994 0.15999959 0.15999526 0.15999991
 0.15999993 0.15999837 0.15999875 0.15999999]"
692,692,"[0.15999939 0.15999797 0.15999994 0.15999961 0.15999524 0.15999991
 0.16000021 0.15999847 0.15999881 0.15999999]"
693,693,"[0.15999543 0.15999795 0.15999993 0.15999963 0.15999524 0.1599999
 0.15999811 0.15999858 0.15999886 0.15999999]"
694,694,"[0.15999557 0.15999793 0.15999993 0.15999965 0.15999525 0.1599999
 0.15999816 0.15999785 0.15999891 0.15999979]"
695,695,"[0.15999572 0.15999792 0.15999992 0.15999967 0.15999526 0.1599999
 0.15999822 0.15999998 0.15999895 0.15999873]"
696,696,"[0.15999585 0.15999791 0.15999992 0.15999969 0.15999528 0.15999989
 0.15999827 0.15999998 0.159999   0.15999875]"
697,697,"[0.15999599 0.1599979  0.16000028 0.15999971 0.15999754 0.15999989
 0.15999832 0.15999998 0.15999904 0.15999876]"
698,698,"[0.15999612 0.1599979  0.15999763 0.15999972 0.15999848 0.15999989
 0.15999837 0.15999998 0.15999908 0.15999878]"
699,699,"[0.15999626 0.1599979  0.1599978  0.15999974 0.15999843 0.15999988
 0.15999841 0.15999999 0.15999912 0.15999879]"
700,700,"[0.1599964  0.15999791 0.15999796 0.15999975 0.15999838 0.15999988
 0.15999846 0.15999999 0.15999915 0.15999881]"
701,701,"[0.15999654 0.15999791 0.15999811 0.15999977 0.15999833 0.15999988
 0.1599985  0.16000007 0.15999919 0.15999915]"
702,702,"[0.15999667 0.15999792 0.15999825 0.15999978 0.15999828 0.15999988
 0.15999854 0.15999857 0.15999922 0.15999996]"
703,703,"[0.15999681 0.15999792 0.15999838 0.15999979 0.15999823 0.15999987
 0.15999858 0.15999867 0.15999925 0.15999997]"
704,704,"[0.15999695 0.15999793 0.1599985  0.1599998  0.15999817 0.15999987
 0.15999862 0.15999876 0.15999928 0.15999997]"
705,705,"[0.15999708 0.15999793 0.15999861 0.15999985 0.15999812 0.15999987
 0.15999867 0.15999885 0.15999946 0.15999998]"
706,706,"[0.15999721 0.15999794 0.15999871 0.15999997 0.15999807 0.15999987
 0.15999871 0.15999893 0.15999995 0.15999998]"
707,707,"[0.15999734 0.15999794 0.15999881 0.15999998 0.15999802 0.15999986
 0.15999875 0.15999901 0.15999995 0.15999998]"
708,708,"[0.15999899 0.15999795 0.1599989  0.15999998 0.15999796 0.15999986
 0.15999879 0.16001341 0.15999871 0.16001751]"
709,709,"[0.1599992  0.15999796 0.15999899 0.15999998 0.15999791 0.15999986
 0.15999883 0.15999999 0.15999837 0.15999873]"
710,710,"[0.15999924 0.15999806 0.16000795 0.16000724 0.159998   0.15999986
 0.15999887 0.15999999 0.15999848 0.15999875]"
711,711,"[0.16000039 0.16       0.15999999 0.15999843 0.15999964 0.15999986
 0.16000056 0.15999999 0.15999857 0.15999877]"
712,712,"[0.15999999 0.16       0.15999999 0.1599985  0.15999963 0.15999987
 0.15999999 0.15999999 0.15999866 0.1599988 ]"
713,713,"[0.15999999 0.16       0.15999999 0.15999856 0.15999962 0.15999987
 0.15999999 0.15999999 0.15999874 0.15999882]"
714,714,"[0.15999999 0.16       0.15999999 0.15999863 0.1599996  0.15999988
 0.15999999 0.16000177 0.15999882 0.1600039 ]"
715,715,"[0.15999999 0.16       0.15999999 0.15999869 0.15999959 0.15999988
 0.15999999 0.1599991  0.15999889 0.15999995]"
716,716,"[0.15999999 0.16       0.15999999 0.15999876 0.15999958 0.15999989
 0.15999999 0.15999918 0.15999896 0.15999995]"
717,717,"[0.15999999 0.16       0.15999999 0.15999882 0.15999957 0.15999989
 0.15999999 0.15999925 0.15999902 0.15999996]"
718,718,"[0.15999999 0.16       0.15999999 0.15999888 0.15999955 0.1599999
 0.15999999 0.15999932 0.15999908 0.15999996]"
719,719,"[0.15999999 0.16       0.16       0.15999894 0.15999954 0.1599999
 0.15999999 0.15999938 0.15999914 0.15999996]"
720,720,"[0.15999999 0.16       0.16       0.159999   0.15999952 0.15999991
 0.15999999 0.16000038 0.15999919 0.1600009 ]"
721,721,"[0.15999999 0.16       0.16       0.15999905 0.15999951 0.15999991
 0.15999999 0.15999998 0.15999924 0.15999879]"
722,722,"[0.15999999 0.16       0.16       0.15999909 0.15999949 0.15999991
 0.15999999 0.15999998 0.16000092 0.15999953]"
723,723,"[0.15999999 0.16       0.16       0.15999914 0.15999948 0.15999992
 0.15999999 0.15999997 0.15999978 0.15999976]"
724,724,"[0.15999999 0.16       0.16       0.15999919 0.15999947 0.15999992
 0.16       0.15999997 0.15999972 0.15999976]"
725,725,"[0.15999999 0.16       0.16       0.15999923 0.15999945 0.15999992
 0.16       0.15999997 0.15999964 0.15999977]"
726,726,"[0.16       0.16       0.16       0.15999927 0.15999944 0.15999992
 0.16       0.15999997 0.15999956 0.15999977]"
727,727,"[0.16       0.16       0.16       0.15999931 0.15999943 0.15999993
 0.16       0.15999998 0.15999948 0.15999977]"
728,728,"[0.16       0.16       0.16       0.15999934 0.15999941 0.15999993
 0.16       0.16000049 0.15999938 0.16000109]"
729,729,"[0.16       0.16       0.16       0.16000046 0.1599994  0.15999993
 0.16       0.15999941 0.15999902 0.15999928]"
730,730,"[0.16       0.16       0.16       0.15999996 0.15999939 0.15999993
 0.16       0.15999946 0.15999822 0.15999931]"
731,731,"[0.16       0.16       0.16       0.15999997 0.15999937 0.15999994
 0.16       0.15999951 0.15999836 0.15999934]"
732,732,"[0.16       0.16       0.16       0.15999997 0.15999935 0.15999994
 0.16       0.16000036 0.1599985  0.16000102]"
733,733,"[0.16       0.16       0.16       0.15999997 0.15999933 0.15999994
 0.16       0.15999997 0.15999862 0.15999974]"
734,734,"[0.16       0.16       0.16       0.15999997 0.15999932 0.15999994
 0.16       0.15999997 0.15999873 0.15999975]"
735,735,"[0.16       0.16       0.16       0.15999997 0.1599993  0.15999995
 0.16       0.15999997 0.15999884 0.15999975]"
736,736,"[0.16       0.16       0.16       0.15999997 0.15999928 0.15999995
 0.16       0.15999997 0.15999894 0.15999976]"
737,737,"[0.16       0.16       0.16       0.15999998 0.15999927 0.15999995
 0.16       0.15999997 0.15999903 0.15999977]"
738,738,"[0.16       0.16       0.16       0.15999998 0.15999925 0.15999995
 0.16       0.15999997 0.15999911 0.15999977]"
739,739,"[0.16       0.16       0.16       0.15999998 0.15999923 0.15999995
 0.16       0.15999997 0.15999919 0.15999978]"
740,740,"[0.16       0.16       0.16       0.15999998 0.15999921 0.15999996
 0.16       0.15999997 0.15999926 0.15999978]"
741,741,"[0.16       0.16       0.16       0.15999998 0.15999919 0.15999996
 0.16       0.15999997 0.15999932 0.15999979]"
742,742,"[0.16       0.16       0.16       0.15999998 0.15999917 0.15999996
 0.16       0.16       0.15999938 0.15999987]"
743,743,"[0.16       0.16       0.16       0.15999998 0.15999915 0.15999996
 0.16       0.15999946 0.15999944 0.15999921]"
744,744,"[0.16       0.16       0.16       0.15999998 0.15999913 0.15999996
 0.16       0.15999951 0.15999948 0.15999925]"
745,745,"[0.16       0.16       0.16       0.15999998 0.1599991  0.15999997
 0.16       0.15999956 0.15999953 0.15999928]"
746,746,"[0.16       0.16       0.16       0.15999998 0.15999908 0.15999997
 0.16       0.1599996  0.15999957 0.15999931]"
747,747,"[0.16       0.16       0.16       0.15999998 0.15999906 0.15999997
 0.16       0.16000117 0.1599996  0.16000306]"
748,748,"[0.16       0.16       0.16       0.15999998 0.15999903 0.15999997
 0.16       0.15999996 0.15999964 0.15999976]"
749,749,"[0.16       0.16       0.16       0.15999998 0.15999901 0.15999997
 0.16       0.15999996 0.15999967 0.15999977]"
750,750,"[0.16       0.16       0.16       0.15999999 0.15999899 0.15999997
 0.16       0.15999996 0.1599997  0.15999977]"
751,751,"[0.16       0.16       0.16       0.16011659 0.15999896 0.15999998
 0.16       0.15999996 0.15999999 0.15999978]"
752,752,"[0.16       0.16       0.16       0.15999934 0.15999894 0.15999998
 0.16       0.15999996 0.15999981 0.15999979]"
753,753,"[0.16       0.16       0.16       0.15999938 0.15999892 0.15999998
 0.16       0.15999996 0.15999985 0.15999979]"
754,754,"[0.16       0.16       0.16       0.15999941 0.1599989  0.15999998
 0.16       0.15999996 0.15999987 0.15999979]"
755,755,"[0.16       0.16       0.16       0.15999944 0.15999888 0.15999998
 0.16       0.15999996 0.1599999  0.1599998 ]"
756,756,"[0.16       0.16       0.16       0.15999947 0.15999886 0.15999998
 0.16       0.16000043 0.15999992 0.16000111]"
757,757,"[0.16       0.16       0.16       0.1599995  0.15999883 0.15999998
 0.16       0.15999957 0.15999994 0.15999921]"
758,758,"[0.16       0.16000001 0.16       0.15999953 0.15999881 0.15999998
 0.16       0.15999971 0.15999995 0.15999925]"
759,759,"[0.16       0.15999892 0.16       0.15999956 0.15999878 0.15999998
 0.16       0.15999975 0.15999997 0.15999928]"
760,760,"[0.16       0.15999889 0.16000048 0.16000051 0.15999876 0.15999999
 0.16       0.15999977 0.15999998 0.15999931]"
761,761,"[0.16       0.15999886 0.15999896 0.15999991 0.15999873 0.15999999
 0.16       0.15999979 0.15999999 0.15999934]"
762,762,"[0.16       0.15999883 0.15999905 0.15999991 0.1599987  0.15999999
 0.16       0.1599998  0.15999999 0.16000103]"
763,763,"[0.16       0.1599988  0.15999913 0.15999991 0.15999868 0.15999999
 0.16       0.15999837 0.16       0.15999973]"
764,764,"[0.16030805 0.15999877 0.1599992  0.15999992 0.15999866 0.16021577
 0.16       0.15999984 0.16       0.16000109]"
765,765,"[0.15999774 0.15999873 0.15999927 0.15999992 0.15999863 0.15999861
 0.16       0.15999992 0.16       0.15999937]"
766,766,"[0.15999781 0.15999869 0.15999933 0.15999992 0.15999861 0.15999865
 0.16       0.15999993 0.16       0.15999939]"
767,767,"[0.15999788 0.15999865 0.15999939 0.15999992 0.15999858 0.15999869
 0.16       0.15999994 0.15999999 0.15999942]"
768,768,"[0.15999795 0.15999862 0.15999944 0.15999993 0.15999856 0.15999872
 0.16       0.15999994 0.15999999 0.15999944]"
769,769,"[0.15999801 0.15999858 0.15999949 0.15999993 0.15999853 0.15999876
 0.16       0.15999995 0.15999998 0.15999946]"
770,770,"[0.15999808 0.15999854 0.15999953 0.15999993 0.15999851 0.15999879
 0.16       0.15999995 0.16000064 0.16000016]"
771,771,"[0.15999814 0.15999851 0.15999957 0.15999994 0.15999848 0.15999882
 0.16       0.15999996 0.15999739 0.16      ]"
772,772,"[0.15999821 0.15999847 0.15999961 0.15999994 0.15999846 0.15999885
 0.16       0.15999996 0.15999753 0.16000006]"
773,773,"[0.15999828 0.15999844 0.15999965 0.15999994 0.15999843 0.15999888
 0.16       0.16013894 0.15999767 0.16021785]"
774,774,"[0.15999835 0.1599984  0.15999968 0.15999995 0.1599984  0.15999891
 0.16       0.15999997 0.1599978  0.16      ]"
775,775,"[0.15999841 0.15999837 0.16000042 0.16000058 0.15999837 0.15999894
 0.16       0.15999997 0.15999792 0.16      ]"
776,776,"[0.15999847 0.15999834 0.15999991 0.15999942 0.15999835 0.15999897
 0.16       0.15999998 0.15999804 0.16      ]"
777,777,"[0.15999853 0.16000081 0.15999991 0.15999945 0.15999832 0.159999
 0.16       0.16000056 0.15999815 0.16      ]"
778,778,"[0.15999859 0.15999999 0.15999991 0.15999948 0.1599983  0.15999903
 0.16       0.15999928 0.15999825 0.16      ]"
779,779,"[0.15999864 0.15999999 0.15999992 0.15999951 0.15999827 0.15999906
 0.16       0.15999935 0.15999835 0.16      ]"
780,780,"[0.1599987  0.15999998 0.15999992 0.15999954 0.15999825 0.15999909
 0.16       0.16000034 0.15999844 0.16000024]"
781,781,"[0.15999875 0.15999998 0.15999992 0.15999957 0.15999822 0.15999912
 0.16       0.15999995 0.15999853 0.15999848]"
782,782,"[0.15999881 0.15999999 0.15999992 0.15999959 0.1599982  0.15999915
 0.16       0.16000002 0.15999861 0.15999889]"
783,783,"[0.15999886 0.15999999 0.15999993 0.15999961 0.15999817 0.15999918
 0.16       0.15999942 0.15999869 0.15999999]"
784,784,"[0.15999891 0.15999998 0.15999991 0.15999964 0.15999845 0.15999921
 0.16       0.15999948 0.15999876 0.15999999]"
785,785,"[0.15999895 0.15999998 0.15999755 0.15999966 0.15999996 0.15999923
 0.16       0.15999953 0.15999883 0.15999999]"
786,786,"[0.159999   0.16000043 0.1599977  0.15999968 0.16000095 0.15999926
 0.16       0.16000046 0.1599989  0.16000087]"
787,787,"[0.15999904 0.15999836 0.15999785 0.1599997  0.15999617 0.15999929
 0.16       0.15999993 0.15999896 0.15999864]"
788,788,"[0.15999908 0.15999835 0.16000056 0.16000267 0.15999606 0.15999932
 0.16       0.16000166 0.15999987 0.1600031 ]"
789,789,"[0.15999912 0.15999834 0.15999953 0.16000625 0.15999595 0.15999935
 0.16       0.15999957 0.16000767 0.15999927]"
790,790,"[0.15999915 0.15999833 0.15999955 0.15999883 0.15999585 0.15999938
 0.16       0.16000045 0.15999828 0.16000101]"
791,791,"[0.15999918 0.15999832 0.15999957 0.15999888 0.15999574 0.15999941
 0.16       0.15999993 0.15999842 0.15999978]"
792,792,"[0.15999921 0.15999832 0.15999959 0.15999894 0.15999564 0.15999944
 0.16       0.15999994 0.15999855 0.15999979]"
793,793,"[0.16000022 0.15999831 0.15999961 0.15999899 0.15999554 0.16000023
 0.16       0.15999994 0.15999867 0.1599998 ]"
794,794,"[0.1599999  0.15999831 0.15999963 0.15999904 0.15999544 0.15999968
 0.15999999 0.15999954 0.15999878 0.15999922]"
795,795,"[0.1599999  0.15999829 0.15999965 0.15999908 0.15999535 0.15999968
 0.15999999 0.16000043 0.15999888 0.160001  ]"
796,796,"[0.15999991 0.15999828 0.15999968 0.15999912 0.15999526 0.15999969
 0.15999999 0.15999995 0.15999897 0.1599998 ]"
797,797,"[0.15999991 0.15999827 0.1599997  0.15999917 0.15999517 0.1599997
 0.15999999 0.15999995 0.15999906 0.1599998 ]"
798,798,"[0.15999991 0.15999827 0.15999972 0.15999921 0.1599951  0.1599997
 0.15999999 0.16000001 0.15999914 0.15999995]"
799,799,"[0.15999991 0.15999826 0.15999974 0.15999925 0.15999502 0.15999971
 0.15999999 0.15999953 0.15999921 0.15999922]"
800,800,"[0.15999991 0.15999825 0.15999976 0.15999928 0.15999496 0.15999972
 0.15999999 0.16000647 0.15999928 0.16001443]"
801,801,"[0.15999992 0.15999825 0.15999978 0.15999932 0.1599949  0.15999972
 0.15999999 0.15999996 0.15999934 0.15999981]"
802,802,"[0.15999992 0.15999825 0.1599998  0.15999936 0.15999485 0.15999973
 0.15999999 0.16000046 0.15999939 0.16000107]"
803,803,"[0.15999992 0.15999824 0.15999982 0.15999939 0.15999481 0.15999973
 0.15999999 0.1600004  0.15999944 0.160001  ]"
804,804,"[0.15999992 0.15999824 0.15999984 0.15999942 0.15999478 0.15999974
 0.15999999 0.15999996 0.15999949 0.15999981]"
805,805,"[0.15999992 0.15999824 0.15999986 0.15999945 0.15999475 0.15999974
 0.15999999 0.15999996 0.15999953 0.15999981]"
806,806,"[0.15999993 0.15999846 0.15999987 0.15999948 0.15999473 0.15999975
 0.15999999 0.16002239 0.15999957 0.16004942]"
807,807,"[0.15999993 0.15999981 0.15999989 0.1599995  0.15999473 0.15999975
 0.15999999 0.16001523 0.15999961 0.16003656]"
808,808,"[0.15999993 0.1599998  0.15999991 0.15999953 0.15999474 0.15999976
 0.15999999 0.15999986 0.15999964 0.15999924]"
809,809,"[0.15999993 0.15999979 0.15999992 0.15999955 0.15999476 0.15999977
 0.15999999 0.15999902 0.15999967 0.16000019]"
810,810,"[0.15999993 0.15999978 0.15999993 0.15999959 0.15999478 0.15999978
 0.15999999 0.15999991 0.1599997  0.15999928]"
811,811,"[0.15999994 0.15999977 0.15999994 0.16       0.15999482 0.15999978
 0.15999999 0.15999992 0.15999995 0.15999931]"
812,812,"[0.15999994 0.15999976 0.15999996 0.16       0.15999486 0.15999979
 0.15999999 0.15999909 0.15999997 0.16000014]"
813,813,"[0.15999994 0.15999975 0.15999997 0.16       0.1599949  0.1599998
 0.15999999 0.1601307  0.15999999 0.16022071]"
814,814,"[0.15999994 0.15999974 0.15999997 0.16       0.15999496 0.1599998
 0.15999999 0.15999996 0.16       0.15999937]"
815,815,"[0.15999995 0.15999972 0.15999998 0.16       0.15999502 0.15999981
 0.15999999 0.15999915 0.16       0.1600001 ]"
816,816,"[0.15999995 0.15999971 0.15999999 0.16       0.15999508 0.15999981
 0.15999999 0.16002392 0.15999865 0.16003949]"
817,817,"[0.15999995 0.1599997  0.15999999 0.16       0.15999516 0.15999982
 0.15999999 0.15999998 0.15999771 0.15999999]"
818,818,"[0.15999995 0.15999968 0.16       0.16       0.15999525 0.15999983
 0.15999999 0.15999999 0.15999784 0.15999999]"
819,819,"[0.15999995 0.16000134 0.16       0.16       0.16000123 0.15999983
 0.15999999 0.15999999 0.15999797 0.15999999]"
820,820,"[0.15999995 0.15999922 0.16       0.16       0.16       0.15999984
 0.15999999 0.15999999 0.15999809 0.15999999]"
821,821,"[0.15999995 0.1599992  0.16       0.16       0.16       0.15999985
 0.15999999 0.15999999 0.1599982  0.15999999]"
822,822,"[0.15999995 0.15999917 0.16       0.16       0.16       0.15999986
 0.15999999 0.15999999 0.15999831 0.15999999]"
823,823,"[0.15999995 0.15999915 0.16       0.16       0.16       0.15999986
 0.15999999 0.15999999 0.15999841 0.15999999]"
824,824,"[0.15999995 0.15999913 0.16002264 0.16       0.16000457 0.15999987
 0.15999999 0.15999999 0.1599985  0.15999999]"
825,825,"[0.15999995 0.1599991  0.15999813 0.16       0.15999969 0.15999988
 0.15999999 0.15999999 0.1599986  0.15999999]"
826,826,"[0.15999996 0.15999907 0.15999828 0.16       0.15999968 0.15999988
 0.15999999 0.15999999 0.15999869 0.16      ]"
827,827,"[0.15999996 0.15999904 0.15999842 0.16       0.15999967 0.15999989
 0.16       0.16       0.15999877 0.16      ]"
828,828,"[0.15999996 0.15999901 0.15999855 0.16       0.15999966 0.15999989
 0.16       0.16       0.15999885 0.16      ]"
829,829,"[0.15999996 0.15999898 0.15999866 0.16       0.15999965 0.1599999
 0.16       0.16       0.15999893 0.16      ]"
830,830,"[0.15999996 0.15999895 0.15999877 0.16       0.15999964 0.1599999
 0.16       0.16       0.159999   0.16      ]"
831,831,"[0.15999996 0.15999892 0.15999887 0.16       0.15999963 0.15999991
 0.16       0.16       0.15999906 0.16      ]"
832,832,"[0.15999996 0.15999888 0.15999897 0.16       0.15999961 0.15999991
 0.16       0.16       0.15999913 0.16      ]"
833,833,"[0.15999996 0.15999885 0.15999905 0.16       0.1599996  0.15999992
 0.16       0.16       0.15999918 0.16      ]"
834,834,"[0.15999997 0.15999882 0.15999913 0.16       0.15999959 0.15999992
 0.16       0.16       0.16001737 0.16000512]"
835,835,"[0.15999997 0.15999878 0.1599992  0.16       0.15999958 0.15999992
 0.16       0.16       0.15999991 0.15999954]"
836,836,"[0.15999997 0.15999875 0.15999926 0.16       0.15999957 0.15999993
 0.16       0.16       0.1599999  0.15999956]"
837,837,"[0.15999997 0.15999871 0.15999932 0.16       0.15999955 0.15999993
 0.16       0.16       0.1599999  0.15999958]"
838,838,"[0.15999997 0.15999867 0.15999938 0.16       0.15999954 0.15999993
 0.16       0.16       0.15999989 0.1599996 ]"
839,839,"[0.15999997 0.15999864 0.15999943 0.16       0.15999953 0.15999993
 0.16       0.16       0.15999988 0.15999962]"
840,840,"[0.15999998 0.1599986  0.15999947 0.16       0.15999952 0.15999994
 0.16       0.16       0.15999988 0.15999964]"
841,841,"[0.15999998 0.15999856 0.15999951 0.16       0.15999951 0.15999994
 0.16       0.15999901 0.15999987 0.1599997 ]"
842,842,"[0.15999998 0.15999852 0.15999955 0.16       0.15999949 0.15999994
 0.16       0.15999881 0.15999987 0.15999956]"
843,843,"[0.15999998 0.15999848 0.15999994 0.15999947 0.15999948 0.15999994
 0.16       0.15999886 0.15999987 0.15999957]"
844,844,"[0.15999998 0.15999844 0.15999994 0.15999878 0.15999947 0.15999995
 0.16       0.1599989  0.15999987 0.15999958]"
845,845,"[0.15999998 0.1599984  0.15999994 0.15999883 0.15999946 0.15999995
 0.16       0.15999977 0.15999987 0.1599999 ]"
846,846,"[0.15999998 0.15999836 0.15999995 0.15999889 0.15999945 0.15999995
 0.16       0.15999995 0.15999986 0.1599996 ]"
847,847,"[0.15999998 0.15999832 0.15999995 0.15999895 0.15999943 0.15999995
 0.16       0.15999995 0.15999986 0.15999962]"
848,848,"[0.15999999 0.15999827 0.15999996 0.159999   0.15999942 0.15999995
 0.16       0.15999996 0.15999986 0.15999964]"
849,849,"[0.15999999 0.15999823 0.15999996 0.15999905 0.15999941 0.15999996
 0.16       0.15999996 0.15999985 0.15999966]"
850,850,"[0.15999999 0.15999819 0.15999996 0.1599991  0.1599994  0.15999996
 0.16       0.15999996 0.15999985 0.15999968]"
851,851,"[0.15999999 0.15999815 0.15999997 0.15999915 0.15999938 0.15999996
 0.16       0.15999997 0.15999985 0.1599997 ]"
852,852,"[0.15999999 0.15999811 0.15999997 0.15999919 0.15999937 0.15999996
 0.16       0.15999997 0.15999985 0.15999971]"
853,853,"[0.15999999 0.15999807 0.15999997 0.15999923 0.15999936 0.15999996
 0.16       0.15999997 0.15999985 0.15999973]"
854,854,"[0.15999999 0.15999803 0.15999997 0.15999927 0.15999934 0.15999996
 0.16       0.15999961 0.15999985 0.15999987]"
855,855,"[0.15999999 0.15999799 0.15999998 0.15999931 0.15999933 0.15999996
 0.16       0.15999893 0.15999985 0.15999947]"
856,856,"[0.15999999 0.15999795 0.15999998 0.15999934 0.15999932 0.15999997
 0.16       0.15999897 0.15999985 0.15999948]"
857,857,"[0.15999999 0.15999791 0.15999998 0.15999937 0.1599993  0.15999997
 0.16       0.159999   0.15999985 0.15999949]"
858,858,"[0.15999999 0.15999787 0.15999998 0.1599994  0.15999929 0.15999997
 0.15999999 0.16004064 0.15999985 0.16003674]"
859,859,"[0.16       0.15999783 0.15999998 0.15999943 0.15999928 0.15999997
 0.15999999 0.15999989 0.15999985 0.15999971]"
860,860,"[0.16       0.16000108 0.15999998 0.15999946 0.15999926 0.15999997
 0.15999999 0.16000003 0.15999985 0.15999972]"
861,861,"[0.16       0.15999998 0.15999999 0.15999949 0.15999925 0.15999997
 0.15999999 0.15999856 0.15999985 0.15999974]"
862,862,"[0.16       0.15999998 0.15999999 0.15999952 0.15999923 0.15999997
 0.15999999 0.15999868 0.15999999 0.15999981]"
863,863,"[0.16       0.15999998 0.15999999 0.15999955 0.15999921 0.15999997
 0.15999999 0.15999979 0.15999864 0.15999913]"
864,864,"[0.16       0.15999998 0.15999999 0.15999957 0.15999919 0.15999997
 0.15999999 0.15999999 0.15999872 0.15999813]"
865,865,"[0.16       0.15999998 0.15999999 0.16000012 0.15999917 0.15999997
 0.15999999 0.15999999 0.16000017 0.15999818]"
866,866,"[0.16       0.15999998 0.15999999 0.15999993 0.15999915 0.15999998
 0.15999999 0.15999999 0.15999998 0.15999823]"
867,867,"[0.16       0.15999998 0.15999999 0.15999994 0.15999913 0.15999998
 0.15999999 0.15999999 0.15999999 0.15999828]"
868,868,"[0.16       0.15999998 0.15999999 0.15999994 0.15999911 0.15999998
 0.15999999 0.15999943 0.15999999 0.15999975]"
869,869,"[0.16       0.15999998 0.15999999 0.15999995 0.15999909 0.15999998
 0.15999999 0.15999884 0.15999999 0.16      ]"
870,870,"[0.16       0.15999998 0.15999999 0.15999995 0.15999907 0.15999998
 0.15999999 0.15999893 0.15999999 0.16      ]"
871,871,"[0.16       0.15999998 0.15999999 0.15999995 0.15999905 0.15999998
 0.15999999 0.15999902 0.15999999 0.16      ]"
872,872,"[0.16       0.15999998 0.15999999 0.15999995 0.15999903 0.15999998
 0.15999999 0.1599991  0.15999999 0.16      ]"
873,873,"[0.16       0.15999998 0.15999999 0.15999995 0.15999901 0.15999998
 0.15999999 0.15999918 0.15999999 0.16      ]"
874,874,"[0.16       0.15999998 0.15999999 0.15999996 0.15999899 0.15999998
 0.15999999 0.15999924 0.15999999 0.16      ]"
875,875,"[0.16       0.15999998 0.15999999 0.15999996 0.15999896 0.15999998
 0.15999999 0.16012353 0.15999999 0.16021161]"
876,876,"[0.16       0.15999998 0.15999999 0.15999996 0.15999894 0.15999998
 0.15999999 0.15999998 0.15999999 0.15999843]"
877,877,"[0.16       0.15999998 0.15999999 0.15999996 0.15999892 0.15999998
 0.15999999 0.15999998 0.15999999 0.15999848]"
878,878,"[0.16       0.15999998 0.15999999 0.15999996 0.1599989  0.15999998
 0.15999999 0.15999998 0.15999999 0.15999852]"
879,879,"[0.16       0.15999998 0.15999999 0.15999997 0.15999887 0.15999999
 0.15999999 0.15999978 0.15999941 0.16000045]"
880,880,"[0.16       0.15999998 0.15999999 0.15999997 0.15999885 0.15999999
 0.15999999 0.15999929 0.15999878 0.15999942]"
881,881,"[0.16       0.15999998 0.16011596 0.16007166 0.15999883 0.15999999
 0.15999999 0.15999935 0.15999888 0.15999945]"
882,882,"[0.16       0.15999998 0.1599993  0.15999918 0.15999881 0.15999999
 0.15999999 0.15999957 0.15999897 0.1599997 ]"
883,883,"[0.16       0.15999998 0.15999935 0.15999921 0.15999878 0.15999999
 0.15999999 0.15999998 0.15999906 0.15999967]"
884,884,"[0.16       0.16000033 0.1599994  0.15999924 0.16000245 0.15999999
 0.15999999 0.15999998 0.15999914 0.15999968]"
885,885,"[0.16       0.1599985  0.15999945 0.15999928 0.15999922 0.15999999
 0.15999999 0.15999998 0.15999922 0.15999969]"
886,886,"[0.16       0.15999849 0.16001047 0.16000777 0.15999919 0.15999999
 0.15999999 0.15999998 0.16011136 0.16005444]"
887,887,"[0.16       0.15999847 0.15999997 0.16       0.15999916 0.15999999
 0.15999999 0.15999998 0.15999999 0.15999859]"
888,888,"[0.16       0.15999846 0.15999997 0.16       0.15999912 0.15999999
 0.15999999 0.15999999 0.15999999 0.15999863]"
889,889,"[0.16       0.15999845 0.15999998 0.16       0.15999909 0.15999999
 0.15999999 0.16000188 0.16000001 0.16000516]"
890,890,"[0.16       0.15999844 0.15999998 0.16       0.15999905 0.15999999
 0.15999999 0.15999938 0.15999928 0.15999931]"
891,891,"[0.16       0.15999842 0.16000062 0.16       0.1599986  0.15999999
 0.16       0.15999943 0.16000034 0.16      ]"
892,892,"[0.16       0.1599984  0.15999778 0.16       0.15999479 0.15999999
 0.16       0.15999947 0.15999999 0.15999998]"
893,893,"[0.16       0.15999838 0.15999792 0.16       0.15999474 0.15999999
 0.16       0.15999951 0.15999999 0.15999998]"
894,894,"[0.16       0.15999836 0.15999805 0.16       0.15999469 0.15999999
 0.16       0.15999955 0.15999999 0.15999998]"
895,895,"[0.16       0.15999835 0.15999817 0.16       0.15999465 0.15999999
 0.16       0.16002666 0.15999999 0.16007624]"
896,896,"[0.16       0.15999833 0.15999829 0.16       0.15999462 0.15999999
 0.16       0.15999998 0.15999999 0.15999864]"
897,897,"[0.16       0.15999832 0.1599984  0.16       0.15999459 0.15999999
 0.16       0.15999999 0.15999999 0.15999867]"
898,898,"[0.16000034 0.15999832 0.15999851 0.16       0.15999457 0.16000034
 0.16       0.15999999 0.15999999 0.15999871]"
899,899,"[0.15999825 0.15999831 0.1599986  0.16       0.15999456 0.15999875
 0.16       0.16000034 0.16000041 0.16000246]"
900,900,"[0.15999831 0.15999831 0.15999992 0.15999986 0.15999456 0.1599988
 0.16       0.15999955 0.15999934 0.15999921]"
901,901,"[0.15999837 0.15999831 0.15999997 0.15999941 0.15999457 0.15999885
 0.16       0.15999958 0.15999939 0.15999924]"
902,902,"[0.15999842 0.1599983  0.15999998 0.15999944 0.1599946  0.15999889
 0.16       0.15999961 0.15999944 0.15999927]"
903,903,"[0.15999847 0.1599983  0.16002627 0.15999946 0.1600088  0.15999894
 0.16       0.16000023 0.15999949 0.16000104]"
904,904,"[0.15999852 0.15999831 0.15999843 0.15999949 0.15999791 0.15999898
 0.16       0.15999999 0.16000034 0.15999967]"
905,905,"[0.15999858 0.15999833 0.15999855 0.15999951 0.15999784 0.15999903
 0.16       0.15999999 0.15999998 0.15999869]"
906,906,"[0.15999863 0.15999834 0.15999866 0.15999953 0.15999778 0.15999908
 0.16       0.15999999 0.15999998 0.15999873]"
907,907,"[0.15999868 0.15999835 0.15999876 0.15999956 0.15999771 0.15999912
 0.16       0.15999999 0.15999998 0.15999877]"
908,908,"[0.15999873 0.15999837 0.15999885 0.15999958 0.15999765 0.15999916
 0.16       0.15999999 0.16000038 0.15999964]"
909,909,"[0.15999878 0.15999838 0.15999894 0.1599996  0.15999758 0.1599992
 0.16       0.15999999 0.15999952 0.15999983]"
910,910,"[0.15999882 0.1599984  0.15999902 0.15999962 0.15999751 0.15999924
 0.16       0.15999957 0.15999956 0.15999911]"
911,911,"[0.15999907 0.15999841 0.15999912 0.15999965 0.15999745 0.15999946
 0.16       0.1599996  0.15999959 0.15999915]"
912,912,"[0.15999998 0.15999842 0.16       0.15999998 0.15999739 0.15999981
 0.16       0.15999963 0.15999962 0.15999918]"
913,913,"[0.15999998 0.15999842 0.16       0.15999998 0.15999733 0.15999981
 0.16       0.15999971 0.16000008 0.15999999]"
914,914,"[0.15999998 0.16000094 0.16       0.15999998 0.16000224 0.15999982
 0.16       0.16       0.15999996 0.15999873]"
915,915,"[0.15999998 0.15999996 0.16       0.15999998 0.15999981 0.15999982
 0.16       0.16       0.15999997 0.15999877]"
916,916,"[0.15999998 0.15999996 0.16       0.15999998 0.1599998  0.15999983
 0.16       0.16       0.15999997 0.15999881]"
917,917,"[0.15999998 0.15999996 0.16       0.15999998 0.1599998  0.15999983
 0.16       0.16       0.15999997 0.15999884]"
918,918,"[0.15999998 0.15999996 0.16       0.15999971 0.15999979 0.15999984
 0.16       0.16       0.1599995  0.16000044]"
919,919,"[0.15999998 0.15999996 0.16       0.15999887 0.15999979 0.15999984
 0.16       0.15999968 0.16000123 0.15999992]"
920,920,"[0.15999998 0.15999996 0.16       0.15999893 0.15999978 0.15999985
 0.16       0.15999971 0.15999994 0.1599991 ]"
921,921,"[0.15999998 0.15999996 0.16       0.15999899 0.15999977 0.15999986
 0.16       0.15999974 0.15999995 0.15999914]"
922,922,"[0.15999998 0.15999996 0.16       0.15999904 0.15999977 0.15999986
 0.16       0.15999977 0.15999996 0.15999918]"
923,923,"[0.15999998 0.15999996 0.16       0.15999909 0.15999976 0.15999987
 0.16       0.15999999 0.15999997 0.1599998 ]"
924,924,"[0.15999998 0.15999996 0.16       0.15999914 0.15999975 0.15999987
 0.16       0.15999999 0.15999997 0.1599998 ]"
925,925,"[0.15999999 0.15999996 0.16       0.15999918 0.15999975 0.15999987
 0.16       0.15999999 0.15999998 0.15999981]"
926,926,"[0.15999999 0.15999996 0.16       0.15999922 0.15999974 0.15999988
 0.16       0.15999999 0.15999998 0.15999981]"
927,927,"[0.15999999 0.15999996 0.16       0.15999926 0.15999974 0.15999988
 0.16       0.15999999 0.15999998 0.15999981]"
928,928,"[0.15999999 0.15999996 0.16       0.1599993  0.15999973 0.15999988
 0.16       0.15999999 0.15999999 0.15999982]"
929,929,"[0.15999999 0.15999996 0.16       0.15999933 0.15999972 0.15999989
 0.16       0.15999999 0.15999999 0.15999982]"
930,930,"[0.15999999 0.15999996 0.16       0.15999937 0.15999972 0.15999989
 0.16       0.15999999 0.15999999 0.15999982]"
931,931,"[0.15999999 0.15999996 0.16       0.1599994  0.15999971 0.15999989
 0.16       0.15999999 0.15999999 0.15999983]"
932,932,"[0.15999999 0.15999996 0.16       0.15999943 0.1599997  0.1599999
 0.16       0.15999999 0.15999999 0.15999983]"
933,933,"[0.15999999 0.15999996 0.16       0.15999946 0.1599997  0.1599999
 0.16       0.15999999 0.15999999 0.15999983]"
934,934,"[0.15999999 0.15999996 0.16       0.15999949 0.15999969 0.1599999
 0.16       0.15999999 0.15999999 0.15999987]"
935,935,"[0.15999999 0.15999996 0.16       0.15999951 0.15999968 0.15999991
 0.16       0.15999975 0.15999999 0.15999907]"
936,936,"[0.15999999 0.15999996 0.16       0.15999954 0.15999967 0.15999991
 0.16       0.15999978 0.15999999 0.15999911]"
937,937,"[0.15999999 0.15999996 0.16       0.15999957 0.15999966 0.15999992
 0.16       0.1599998  0.15999999 0.15999915]"
938,938,"[0.15999999 0.15999996 0.16       0.1599996  0.15999965 0.15999992
 0.16       0.15999982 0.15999999 0.15999918]"
939,939,"[0.15999999 0.16000026 0.16       0.15999962 0.15999964 0.15999992
 0.16       0.16002573 0.15999999 0.16023494]"
940,940,"[0.15999999 0.15999849 0.16       0.15999964 0.15999963 0.15999993
 0.15999999 0.15999836 0.15999999 0.15999979]"
941,941,"[0.15999999 0.15999845 0.16       0.15999966 0.15999962 0.15999993
 0.15999999 0.1599984  0.15999999 0.1599998 ]"
942,942,"[0.15999999 0.1599984  0.16       0.15999967 0.15999961 0.15999993
 0.15999999 0.15999935 0.15999999 0.16000113]"
943,943,"[0.15999999 0.15999835 0.16010937 0.1600961  0.1599996  0.15999994
 0.15999999 0.15999971 0.15999999 0.15999919]"
944,944,"[0.15999999 0.15999831 0.15999919 0.15999991 0.15999959 0.15999994
 0.15999999 0.15999974 0.15999999 0.15999922]"
945,945,"[0.15999999 0.15999826 0.15999926 0.15999992 0.15999958 0.15999994
 0.15999999 0.15999976 0.15999998 0.15999926]"
946,946,"[0.15999999 0.15999822 0.15999932 0.15999992 0.15999957 0.15999995
 0.15999999 0.15999979 0.15999999 0.15999929]"
947,947,"[0.15999999 0.15999817 0.15999938 0.15999992 0.15999956 0.15999995
 0.15999999 0.15999981 0.15999999 0.15999932]"
948,948,"[0.15999999 0.15999813 0.15999943 0.15999992 0.15999954 0.15999995
 0.15999999 0.15999983 0.15999999 0.15999935]"
949,949,"[0.15999999 0.15999808 0.15999948 0.15999993 0.15999953 0.15999996
 0.15999999 0.15999985 0.15999999 0.15999938]"
950,950,"[0.15999999 0.15999804 0.15999952 0.15999993 0.15999952 0.15999996
 0.15999999 0.15999986 0.16003174 0.16000611]"
951,951,"[0.15999999 0.159998   0.15999956 0.15999993 0.15999951 0.15999996
 0.15999999 0.15999988 0.15999792 0.15999999]"
952,952,"[0.15999999 0.15999796 0.1599996  0.15999994 0.15999949 0.15999997
 0.15999999 0.15999989 0.15999804 0.15999999]"
953,953,"[0.15999999 0.15999792 0.15999964 0.15999994 0.15999948 0.15999997
 0.15999999 0.1599999  0.15999815 0.15999999]"
954,954,"[0.16000072 0.15999788 0.15999967 0.15999994 0.15999946 0.15999997
 0.16000059 0.15999991 0.15999826 0.15999999]"
955,955,"[0.15999792 0.15999785 0.1599997  0.15999995 0.15999944 0.15999997
 0.15999825 0.15999992 0.15999836 0.15999999]"
956,956,"[0.159998   0.15999781 0.15999973 0.15999995 0.15999942 0.15999998
 0.15999832 0.15999992 0.15999845 0.15999999]"
957,957,"[0.15999807 0.15999777 0.15999975 0.15999995 0.1599994  0.15999998
 0.15999838 0.15999993 0.15999854 0.15999999]"
958,958,"[0.15999814 0.15999774 0.15999977 0.15999995 0.15999938 0.15999998
 0.15999844 0.15999994 0.15999863 0.15999999]"
959,959,"[0.1600001  0.1599977  0.15999979 0.15999996 0.15999936 0.15999998
 0.16000014 0.15999994 0.15999873 0.15999999]"
960,960,"[0.16       0.15999767 0.15999981 0.15999914 0.15999934 0.15999998
 0.16       0.15999995 0.15999998 0.15999999]"
961,961,"[0.16       0.15999763 0.15999983 0.15999918 0.15999933 0.15999998
 0.16       0.15999995 0.1600003  0.16000013]"
962,962,"[0.16       0.15999759 0.15999984 0.15999922 0.15999931 0.15999998
 0.16       0.15999996 0.15999877 0.15999949]"
963,963,"[0.16       0.16000089 0.15999985 0.15999925 0.1599993  0.15999999
 0.16       0.1600006  0.15999887 0.15999952]"
964,964,"[0.16       0.16       0.15999986 0.15999929 0.15999928 0.15999999
 0.16       0.15999931 0.15999897 0.15999953]"
965,965,"[0.16       0.16       0.16000606 0.16000793 0.15999927 0.15999999
 0.16       0.15999937 0.15999905 0.15999955]"
966,966,"[0.16       0.16       0.1599999  0.16       0.15999925 0.15999999
 0.16       0.15999942 0.16000025 0.16000013]"
967,967,"[0.16       0.16       0.15999991 0.16       0.15999923 0.15999999
 0.16       0.15999947 0.16       0.16      ]"
968,968,"[0.16       0.16       0.15999991 0.16       0.15999921 0.15999999
 0.16       0.15999952 0.16       0.16      ]"
969,969,"[0.16002345 0.16       0.15999992 0.16       0.15999919 0.16001942
 0.16       0.15999956 0.16       0.16      ]"
970,970,"[0.15999827 0.16       0.15999992 0.16       0.15999918 0.15999875
 0.16       0.1599996  0.16       0.16      ]"
971,971,"[0.15999834 0.16       0.15999992 0.16       0.15999916 0.15999879
 0.16       0.16006925 0.16       0.16021632]"
972,972,"[0.15999841 0.16       0.15999993 0.16       0.15999914 0.15999883
 0.16       0.15999998 0.16       0.1599984 ]"
973,973,"[0.15999847 0.16       0.15999993 0.16       0.15999912 0.15999887
 0.16       0.15999998 0.16       0.15999845]"
974,974,"[0.15999854 0.16       0.15999993 0.16       0.1599991  0.1599989
 0.16       0.15999998 0.16       0.15999851]"
975,975,"[0.1599986  0.16       0.15999994 0.16       0.15999908 0.15999894
 0.16       0.15999998 0.16       0.15999856]"
976,976,"[0.15999866 0.16       0.15999994 0.16       0.15999907 0.15999898
 0.16       0.15999998 0.16       0.15999862]"
977,977,"[0.15999872 0.16       0.15999994 0.16       0.15999905 0.15999901
 0.16       0.15999998 0.16       0.15999867]"
978,978,"[0.15999878 0.16       0.15999994 0.16       0.15999903 0.15999904
 0.16       0.15999998 0.16       0.15999872]"
979,979,"[0.15999883 0.16       0.15999995 0.16       0.15999901 0.15999908
 0.16       0.15999998 0.16       0.15999877]"
980,980,"[0.16000018 0.16       0.15999995 0.16       0.15999899 0.16000025
 0.16       0.15999991 0.16000001 0.16000027]"
981,981,"[0.15999998 0.16       0.15999995 0.16       0.15999897 0.1599999
 0.16       0.15999958 0.15999923 0.15999914]"
982,982,"[0.15999998 0.16       0.15999995 0.16       0.15999895 0.1599999
 0.16       0.15999962 0.1599993  0.15999917]"
983,983,"[0.15999998 0.16       0.15999996 0.16       0.15999892 0.15999991
 0.16       0.15999965 0.15999936 0.1599992 ]"
984,984,"[0.15999998 0.16       0.15999996 0.16       0.1599989  0.15999991
 0.16       0.15999968 0.15999941 0.15999923]"
985,985,"[0.15999998 0.16       0.15999996 0.16       0.15999888 0.15999991
 0.16       0.15999971 0.15999947 0.15999926]"
986,986,"[0.16000069 0.16       0.15999996 0.16       0.15999886 0.15999992
 0.16000073 0.15999974 0.15999951 0.15999929]"
987,987,"[0.15999765 0.16       0.15999996 0.16       0.15999883 0.15999992
 0.15999846 0.15999976 0.15999955 0.15999932]"
988,988,"[0.15999773 0.16       0.15999996 0.16       0.1599988  0.15999992
 0.15999852 0.1600002  0.15999959 0.16000104]"
989,989,"[0.15999781 0.16       0.15999996 0.16       0.15999878 0.15999993
 0.15999858 0.15999998 0.16000818 0.16000454]"
990,990,"[0.15999788 0.16       0.16002389 0.16       0.16002629 0.15999993
 0.15999864 0.15999998 0.15999997 0.15999867]"
991,991,"[0.16000043 0.16       0.15999765 0.16       0.15999992 0.15999993
 0.16000066 0.15999998 0.15999997 0.15999871]"
992,992,"[0.15999999 0.16       0.1599978  0.16       0.15999992 0.15999993
 0.15999998 0.15999998 0.15999997 0.15999875]"
993,993,"[0.15999999 0.16000044 0.15999794 0.16       0.1600011  0.15999994
 0.15999998 0.15999998 0.15999997 0.15999879]"
994,994,"[0.15999999 0.15999868 0.15999807 0.16       0.15999494 0.15999994
 0.15999998 0.15999998 0.15999998 0.15999883]"
995,995,"[0.15999999 0.15999866 0.1599982  0.16       0.15999484 0.15999994
 0.15999998 0.15999998 0.15999998 0.15999887]"
996,996,"[0.15999999 0.15999864 0.15999831 0.1600004  0.15999475 0.15999994
 0.15999998 0.15999998 0.16000052 0.1599989 ]"
997,997,"[0.15999999 0.15999862 0.15999842 0.1599993  0.15999467 0.15999994
 0.15999998 0.15999999 0.15999831 0.15999921]"
998,998,"[0.15999999 0.1599986  0.15999852 0.15999934 0.1599946  0.15999994
 0.15999998 0.15999972 0.15999993 0.159999  ]"
999,999,"[0.15999999 0.15999858 0.15999861 0.15999937 0.15999453 0.15999994
 0.15999998 0.15999974 0.15999992 0.15999905]"
1000,1000,"[0.15999999 0.15999857 0.1599987  0.15999941 0.15999447 0.15999994
 0.15999998 0.15999976 0.15999992 0.15999909]"
1001,1001,"[0.15999999 0.15999855 0.15999879 0.15999944 0.15999442 0.15999994
 0.15999998 0.15999978 0.15999992 0.15999913]"
1002,1002,"[0.15999999 0.15999853 0.15999886 0.15999948 0.15999438 0.15999994
 0.15999998 0.1599998  0.15999992 0.15999917]"
1003,1003,"[0.15999999 0.15999851 0.15999894 0.15999951 0.15999434 0.15999994
 0.15999998 0.15999982 0.15999993 0.15999921]"
1004,1004,"[0.15999999 0.1599985  0.15999901 0.15999954 0.15999432 0.15999995
 0.15999998 0.15999983 0.15999993 0.15999924]"
1005,1005,"[0.15999999 0.15999848 0.15999907 0.15999956 0.15999431 0.15999995
 0.15999998 0.16000016 0.15999993 0.16000104]"
1006,1006,"[0.15999999 0.15999847 0.15999913 0.15999959 0.1599943  0.15999995
 0.15999998 0.15999998 0.15999993 0.15999976]"
1007,1007,"[0.15999999 0.15999847 0.15999919 0.15999961 0.1599943  0.15999995
 0.15999998 0.15999998 0.15999994 0.15999977]"
1008,1008,"[0.16       0.15999846 0.15999925 0.15999963 0.15999431 0.15999995
 0.15999998 0.15999998 0.15999994 0.15999977]"
1009,1009,"[0.16       0.15999846 0.1599993  0.16001135 0.15999432 0.15999995
 0.15999998 0.15999998 0.16000172 0.15999978]"
1010,1010,"[0.16       0.15999845 0.16000046 0.16       0.15999436 0.15999995
 0.15999998 0.15999998 0.15999966 0.15999978]"
1011,1011,"[0.16       0.15999845 0.15999996 0.15999914 0.1599944  0.15999995
 0.15999998 0.15999999 0.15999968 0.15999979]"
1012,1012,"[0.16       0.15999844 0.15999995 0.15999918 0.15999446 0.15999995
 0.15999998 0.15999999 0.15999971 0.15999979]"
1013,1013,"[0.16       0.15999844 0.15999994 0.15999996 0.15999452 0.15999995
 0.15999998 0.15999999 0.15999993 0.1599998 ]"
1014,1014,"[0.16       0.15999844 0.16000039 0.15999997 0.15999627 0.15999995
 0.15999998 0.15999999 0.16000145 0.15999973]"
1015,1015,"[0.16       0.15999844 0.15999749 0.15999997 0.15999732 0.15999995
 0.15999998 0.15999999 0.15999777 0.15999878]"
1016,1016,"[0.16       0.15999845 0.15999768 0.15999997 0.15999726 0.15999995
 0.15999998 0.15999999 0.16002008 0.16000314]"
1017,1017,"[0.16013354 0.15999846 0.15999785 0.15999997 0.15999719 0.16011752
 0.15999998 0.15999999 0.15999995 0.15999982]"
1018,1018,"[0.15999844 0.15999847 0.15999802 0.15999997 0.15999712 0.15999903
 0.15999998 0.15999999 0.15999995 0.15999982]"
1019,1019,"[0.15999849 0.15999849 0.15999817 0.15999997 0.15999706 0.15999907
 0.15999998 0.15999999 0.15999996 0.15999983]"
1020,1020,"[0.15999854 0.16002829 0.15999831 0.15999997 0.16005737 0.15999912
 0.15999999 0.15999999 0.15999996 0.15999983]"
1021,1021,"[0.15999859 0.15999995 0.15999844 0.15999997 0.1599999  0.15999915
 0.15999999 0.16000019 0.15999996 0.16000115]"
1022,1022,"[0.15999864 0.15999995 0.15999856 0.15999998 0.15999989 0.15999918
 0.15999999 0.15999972 0.15999996 0.15999908]"
1023,1023,"[0.16000059 0.15999995 0.15999868 0.15999998 0.15999989 0.16000088
 0.15999999 0.15999975 0.15999996 0.15999911]"
1024,1024,"[0.15999999 0.15999995 0.15999879 0.15999998 0.15999989 0.15999986
 0.15999999 0.15999977 0.15999996 0.15999915]"
1025,1025,"[0.15999999 0.15999995 0.15999888 0.15999998 0.15999988 0.15999987
 0.15999999 0.15999979 0.15999997 0.15999919]"
1026,1026,"[0.15999999 0.15999995 0.15999898 0.15999998 0.15999988 0.15999987
 0.15999999 0.15999981 0.15999997 0.15999922]"
1027,1027,"[0.15999999 0.15999995 0.15999906 0.15999998 0.15999988 0.15999988
 0.15999999 0.15999983 0.15999998 0.15999926]"
1028,1028,"[0.15999999 0.15999995 0.15999914 0.15999998 0.15999987 0.15999988
 0.15999999 0.16000011 0.15999998 0.16000106]"
1029,1029,"[0.15999999 0.15999995 0.15999921 0.15999998 0.15999987 0.15999989
 0.15999999 0.15999999 0.15999999 0.15999975]"
1030,1030,"[0.15999999 0.15999995 0.15999927 0.15999998 0.15999987 0.15999989
 0.15999999 0.15999999 0.1600244  0.16000324]"
1031,1031,"[0.15999999 0.15999995 0.15999933 0.15999998 0.15999986 0.15999989
 0.15999999 0.15999999 0.15999795 0.15999869]"
1032,1032,"[0.15999999 0.15999995 0.15999939 0.15999998 0.15999986 0.1599999
 0.16       0.15999999 0.15999823 0.15999878]"
1033,1033,"[0.15999999 0.15999994 0.15999944 0.15999998 0.15999986 0.1599999
 0.16       0.15999999 0.15999997 0.1599998 ]"
1034,1034,"[0.15999999 0.15999825 0.15999949 0.15999998 0.15999985 0.15999991
 0.16       0.15999845 0.15999997 0.1599998 ]"
1035,1035,"[0.15999999 0.15999819 0.15999953 0.15999998 0.15999985 0.15999991
 0.16       0.1599985  0.15999997 0.1599998 ]"
1036,1036,"[0.15999999 0.15999814 0.15999956 0.15999998 0.15999985 0.15999991
 0.16       0.15999855 0.15999997 0.15999981]"
1037,1037,"[0.15999999 0.15999809 0.1599996  0.15999999 0.15999984 0.15999992
 0.16       0.15999945 0.15999997 0.16000116]"
1038,1038,"[0.16       0.15999803 0.15999963 0.15999999 0.15999984 0.15999992
 0.16       0.15999976 0.15999997 0.15999913]"
1039,1039,"[0.16       0.15999798 0.15999966 0.15999999 0.15999983 0.15999993
 0.16       0.15999979 0.15999997 0.15999917]"
1040,1040,"[0.16       0.15999793 0.15999969 0.15999999 0.15999983 0.15999993
 0.16       0.15999981 0.15999997 0.15999921]"
1041,1041,"[0.16       0.15999788 0.15999972 0.15999999 0.15999982 0.15999993
 0.16       0.15999983 0.15999998 0.15999924]"
1042,1042,"[0.16       0.15999783 0.15999974 0.15999999 0.15999982 0.15999994
 0.16       0.15999985 0.15999998 0.15999928]"
1043,1043,"[0.16       0.15999778 0.15999976 0.15999999 0.15999981 0.15999994
 0.16       0.15999986 0.15999998 0.15999931]"
1044,1044,"[0.16       0.15999773 0.15999978 0.15999999 0.15999981 0.15999995
 0.16       0.15999988 0.15999998 0.15999934]"
1045,1045,"[0.16       0.15999768 0.1599998  0.15999999 0.1599998  0.15999995
 0.16       0.15999989 0.15999999 0.15999937]"
1046,1046,"[0.16       0.15999764 0.15999982 0.15999999 0.1599998  0.15999995
 0.16       0.1599999  0.15999999 0.1599994 ]"
1047,1047,"[0.16       0.15999759 0.15999983 0.15999999 0.15999979 0.15999995
 0.16       0.15999992 0.15999999 0.15999942]"
1048,1048,"[0.16       0.15999754 0.15999984 0.15999999 0.15999979 0.15999996
 0.16       0.15999992 0.16       0.15999945]"
1049,1049,"[0.16       0.15999749 0.15999986 0.15999999 0.15999978 0.15999996
 0.16       0.15999993 0.16       0.15999948]"
1050,1050,"[0.16       0.15999745 0.15999987 0.15999999 0.15999978 0.15999996
 0.16       0.15999994 0.16002582 0.16000609]"
1051,1051,"[0.16       0.15999741 0.15999988 0.16       0.15999977 0.15999997
 0.16       0.15999995 0.15999817 0.16      ]"
1052,1052,"[0.16       0.15999737 0.15999989 0.16       0.15999976 0.15999997
 0.16       0.15999995 0.15999827 0.16      ]"
1053,1053,"[0.16       0.15999733 0.1599999  0.16       0.15999975 0.15999997
 0.16       0.15999996 0.15999837 0.16      ]"
1054,1054,"[0.16       0.16000076 0.15999991 0.16       0.15999975 0.15999997
 0.16       0.1600006  0.15999847 0.16      ]"
1055,1055,"[0.16       0.16       0.15999991 0.16       0.15999974 0.15999997
 0.16       0.15999933 0.15999856 0.16      ]"
1056,1056,"[0.16       0.16       0.16000023 0.16000047 0.15999973 0.15999998
 0.16       0.15999939 0.15999864 0.16      ]"
1057,1057,"[0.16       0.16       0.15999989 0.15999911 0.15999972 0.15999998
 0.16       0.15999945 0.15999872 0.16      ]"
1058,1058,"[0.16       0.16       0.1599999  0.15999916 0.15999971 0.15999998
 0.16       0.1599995  0.15999879 0.16      ]"
1059,1059,"[0.16001546 0.16       0.1599999  0.15999921 0.1599997  0.16001451
 0.16       0.15999954 0.15999886 0.16      ]"
1060,1060,"[0.15999853 0.16       0.15999991 0.15999925 0.1599997  0.1599989
 0.16       0.15999959 0.15999892 0.16      ]"
1061,1061,"[0.15999859 0.16       0.15999991 0.1599993  0.15999969 0.15999893
 0.16       0.15999962 0.16000096 0.16000015]"
1062,1062,"[0.15999874 0.16       0.15999991 0.15999934 0.15999968 0.15999905
 0.16       0.15999966 0.15999987 0.15999954]"
1063,1063,"[0.16000002 0.16       0.15999992 0.15999938 0.15999967 0.15999995
 0.16000003 0.15999969 0.15999986 0.15999956]"
1064,1064,"[0.15999785 0.16       0.15999992 0.15999942 0.15999966 0.15999995
 0.15999836 0.15999972 0.15999984 0.15999958]"
1065,1065,"[0.15999793 0.16       0.15999993 0.15999945 0.15999965 0.15999995
 0.15999842 0.15999974 0.15999983 0.1599996 ]"
1066,1066,"[0.159998   0.16       0.15999993 0.15999949 0.15999964 0.15999995
 0.15999848 0.16000015 0.15999981 0.16000105]"
1067,1067,"[0.15999808 0.16       0.15999994 0.15999952 0.15999962 0.15999995
 0.15999853 0.15999999 0.1599998  0.15999954]"
1068,1068,"[0.15999815 0.16       0.15999994 0.15999954 0.15999961 0.15999995
 0.15999858 0.15999999 0.15999979 0.15999955]"
1069,1069,"[0.16000434 0.16       0.15999994 0.15999957 0.1599996  0.16000085
 0.16000065 0.15999999 0.15999977 0.15999956]"
1070,1070,"[0.1599983  0.16       0.15999995 0.15999959 0.15999959 0.15999898
 0.15999999 0.15999999 0.15999975 0.15999957]"
1071,1071,"[0.15999837 0.16       0.15999995 0.15999962 0.15999959 0.15999902
 0.15999999 0.15999999 0.15999973 0.15999959]"
1072,1072,"[0.15999843 0.16       0.15999995 0.15999964 0.15999958 0.15999905
 0.15999999 0.15999999 0.15999971 0.1599996 ]"
1073,1073,"[0.15999849 0.16       0.15999996 0.16000959 0.15999957 0.15999909
 0.15999999 0.15999999 0.16000234 0.15999962]"
1074,1074,"[0.16019567 0.16       0.15999996 0.15999994 0.15999956 0.16020298
 0.15999999 0.15999999 0.15999901 0.15999963]"
1075,1075,"[0.16       0.16       0.15999996 0.15999994 0.15999955 0.15999991
 0.15999999 0.15999999 0.1599991  0.15999965]"
1076,1076,"[0.16       0.16       0.15999996 0.15999994 0.15999954 0.15999991
 0.15999999 0.15999999 0.15999918 0.15999966]"
1077,1077,"[0.16       0.16       0.15999997 0.15999995 0.15999953 0.15999991
 0.15999999 0.15999999 0.15999925 0.15999967]"
1078,1078,"[0.16       0.16       0.15999997 0.15999995 0.15999953 0.15999992
 0.15999999 0.15999999 0.15999931 0.15999968]"
1079,1079,"[0.16       0.16       0.15999997 0.15999995 0.15999952 0.15999992
 0.15999999 0.15999999 0.15999937 0.15999969]"
1080,1080,"[0.16       0.16       0.15999997 0.15999996 0.1599995  0.15999992
 0.15999999 0.15999999 0.15999943 0.1599997 ]"
1081,1081,"[0.16       0.16       0.15999997 0.15999996 0.15999949 0.15999992
 0.15999999 0.15999999 0.15999948 0.15999971]"
1082,1082,"[0.16       0.16       0.15999997 0.15999996 0.15999948 0.15999993
 0.15999999 0.15999999 0.15999953 0.15999972]"
1083,1083,"[0.16       0.16       0.15999998 0.15999996 0.15999947 0.15999993
 0.16       0.15999999 0.15999957 0.15999973]"
1084,1084,"[0.16       0.16       0.15999998 0.15999997 0.15999946 0.15999993
 0.16       0.16       0.15999961 0.15999974]"
1085,1085,"[0.16       0.16       0.15999998 0.15999997 0.15999945 0.15999993
 0.16       0.16       0.15999964 0.15999975]"
1086,1086,"[0.16       0.16       0.15999998 0.15999997 0.15999944 0.15999994
 0.16       0.16       0.15999968 0.15999976]"
1087,1087,"[0.16       0.16       0.15999998 0.15999997 0.15999943 0.15999994
 0.16       0.16       0.15999971 0.15999977]"
1088,1088,"[0.16       0.16       0.15999998 0.15999997 0.15999941 0.15999994
 0.16       0.16       0.15999973 0.15999978]"
1089,1089,"[0.16       0.16       0.15999998 0.15999997 0.1599994  0.15999994
 0.16       0.16       0.15999976 0.15999979]"
1090,1090,"[0.16       0.16       0.15999998 0.15999998 0.15999939 0.15999995
 0.16       0.16       0.15999978 0.15999979]"
1091,1091,"[0.16       0.16       0.15999998 0.15999998 0.15999937 0.15999995
 0.16       0.16       0.1599998  0.1599998 ]"
1092,1092,"[0.16       0.16       0.15999999 0.15999998 0.15999936 0.15999995
 0.16       0.16       0.15999982 0.15999981]"
1093,1093,"[0.16       0.16       0.15999999 0.15999998 0.15999935 0.15999995
 0.16       0.16       0.15999984 0.15999982]"
1094,1094,"[0.16       0.16       0.15999999 0.15999998 0.15999933 0.15999995
 0.16       0.16       0.15999985 0.15999982]"
1095,1095,"[0.16       0.16       0.15999999 0.15999998 0.15999932 0.15999996
 0.16       0.16       0.15999987 0.15999983]"
1096,1096,"[0.16       0.16       0.15999999 0.15999998 0.1599993  0.15999996
 0.16       0.16000023 0.15999988 0.16000116]"
1097,1097,"[0.16       0.16       0.15999999 0.15999998 0.15999929 0.15999996
 0.16       0.15999963 0.15999989 0.15999905]"
1098,1098,"[0.16       0.16       0.15999999 0.15999998 0.15999927 0.15999996
 0.16       0.15999966 0.1599999  0.15999908]"
1099,1099,"[0.16       0.16       0.15999999 0.15999998 0.15999925 0.15999997
 0.16       0.15999969 0.15999991 0.15999912]"
1100,1100,"[0.16       0.16       0.15999999 0.15999998 0.15999923 0.15999997
 0.16       0.15999972 0.15999992 0.15999915]"
1101,1101,"[0.16       0.16       0.15999999 0.15999998 0.15999921 0.15999997
 0.16       0.15999975 0.1600002  0.1599999 ]"
1102,1102,"[0.16       0.16       0.15999999 0.15999998 0.15999919 0.15999997
 0.16       0.15999977 0.15999991 0.15999995]"
1103,1103,"[0.16       0.16       0.15999999 0.15999998 0.15999917 0.15999997
 0.16       0.15999979 0.15999992 0.15999995]"
1104,1104,"[0.16       0.16       0.15999999 0.15999998 0.15999927 0.15999998
 0.16       0.15999981 0.15999992 0.15999995]"
1105,1105,"[0.16       0.15999886 0.15999999 0.16000038 0.15999877 0.15999998
 0.16       0.15999983 0.16000036 0.15999995]"
1106,1106,"[0.16       0.15999884 0.15999999 0.15999951 0.15999873 0.15999998
 0.16       0.15999984 0.1599975  0.15999995]"
1107,1107,"[0.16       0.15999882 0.15999999 0.15999954 0.15999868 0.15999998
 0.16       0.15999986 0.15999763 0.15999995]"
1108,1108,"[0.16       0.1599988  0.15999999 0.15999956 0.15999864 0.15999998
 0.16       0.15999987 0.15999775 0.15999996]"
1109,1109,"[0.16       0.15999878 0.15999999 0.15999959 0.15999859 0.15999998
 0.16       0.15999988 0.15999787 0.15999996]"
1110,1110,"[0.16000072 0.15999876 0.15999999 0.15999961 0.15999854 0.16000076
 0.16       0.15999989 0.15999798 0.15999996]"
1111,1111,"[0.15999857 0.15999875 0.15999963 0.15999971 0.15999742 0.15999889
 0.16       0.16       0.15999836 0.15999899]"
1112,1112,"[0.15999863 0.15999874 0.15999772 0.15999994 0.15999415 0.15999893
 0.16       0.15999999 0.16       0.15999874]"
1113,1113,"[0.15999869 0.15999873 0.15999786 0.15999995 0.1599941  0.15999897
 0.16       0.15999999 0.16       0.15999879]"
1114,1114,"[0.16000055 0.15999872 0.15999799 0.15999995 0.15999407 0.16000072
 0.15999999 0.15999999 0.16       0.15999884]"
1115,1115,"[0.15999999 0.15999871 0.15999812 0.15999995 0.15999404 0.15999995
 0.15999999 0.15999999 0.16       0.15999888]"
1116,1116,"[0.15999999 0.15999869 0.15999823 0.15999996 0.15999403 0.15999995
 0.15999999 0.15999999 0.16       0.15999891]"
1117,1117,"[0.15999999 0.15999868 0.15999835 0.15999996 0.15999402 0.15999995
 0.15999999 0.15999999 0.16       0.15999895]"
1118,1118,"[0.16000077 0.15999867 0.15999845 0.15999996 0.15999403 0.15999995
 0.16000079 0.15999999 0.16       0.15999898]"
1119,1119,"[0.15999778 0.15999866 0.15999855 0.15999996 0.15999405 0.15999995
 0.1599986  0.16000012 0.16000028 0.16000254]"
1120,1120,"[0.15999785 0.15999864 0.15999989 0.16000007 0.1599941  0.15999995
 0.15999866 0.15999986 0.15999947 0.15999897]"
1121,1121,"[0.15999792 0.15999863 0.16000117 0.15999919 0.15999626 0.15999995
 0.15999873 0.15999987 0.15999951 0.15999901]"
1122,1122,"[0.16024565 0.15999862 0.15999853 0.15999922 0.15999744 0.15999995
 0.16021052 0.15999988 0.15999955 0.15999906]"
1123,1123,"[0.16       0.15999861 0.15999865 0.15999925 0.15999737 0.15999995
 0.15999997 0.15999989 0.15999959 0.1599991 ]"
1124,1124,"[0.16       0.1599986  0.15999876 0.15999928 0.15999731 0.15999995
 0.15999997 0.1599999  0.15999962 0.15999914]"
1125,1125,"[0.16       0.1599986  0.15999886 0.15999931 0.15999724 0.15999995
 0.15999997 0.1599999  0.15999965 0.15999917]"
1126,1126,"[0.16       0.15999859 0.15999895 0.15999934 0.15999718 0.15999995
 0.15999997 0.16001732 0.15999968 0.16023783]"
1127,1127,"[0.16000072 0.15999859 0.15999903 0.15999937 0.15999711 0.16000083
 0.15999997 0.16       0.1599997  0.15999979]"
1128,1128,"[0.1599985  0.1599986  0.1599991  0.1599994  0.15999704 0.15999904
 0.15999998 0.16       0.15999973 0.1599998 ]"
1129,1129,"[0.15999855 0.15999861 0.15999917 0.15999943 0.15999697 0.15999908
 0.15999998 0.16       0.15999975 0.1599998 ]"
1130,1130,"[0.15999861 0.15999862 0.15999923 0.15999945 0.15999691 0.15999912
 0.15999998 0.16       0.15999977 0.15999981]"
1131,1131,"[0.16000028 0.15999863 0.15999929 0.15999949 0.15999684 0.16000047
 0.15999998 0.16       0.15999979 0.15999981]"
1132,1132,"[0.16       0.15999994 0.15999934 0.16       0.15999987 0.1599999
 0.15999998 0.16       0.15999994 0.15999982]"
1133,1133,"[0.16       0.15999993 0.1599994  0.16       0.15999994 0.1599999
 0.15999998 0.16       0.15999995 0.15999982]"
1134,1134,"[0.16       0.15999993 0.15999944 0.16       0.15999993 0.1599999
 0.15999998 0.16       0.15999996 0.15999983]"
1135,1135,"[0.16       0.15999993 0.15999949 0.16       0.15999993 0.15999991
 0.15999998 0.16       0.15999997 0.15999983]"
1136,1136,"[0.16       0.15999993 0.15999953 0.16       0.15999993 0.15999991
 0.15999998 0.16       0.15999998 0.15999983]"
1137,1137,"[0.16       0.15999993 0.15999957 0.16       0.15999993 0.15999991
 0.15999999 0.16       0.15999998 0.15999984]"
1138,1138,"[0.16       0.15999993 0.1599996  0.16       0.15999993 0.15999992
 0.15999999 0.16       0.15999999 0.15999984]"
1139,1139,"[0.16       0.15999993 0.16007    0.16012834 0.15999993 0.15999992
 0.15999999 0.16       0.15999999 0.15999984]"
1140,1140,"[0.16       0.15999993 0.15999999 0.15999912 0.15999993 0.15999992
 0.15999999 0.16       0.15999999 0.15999985]"
1141,1141,"[0.16       0.15999993 0.15999999 0.15999916 0.15999993 0.15999992
 0.15999999 0.16       0.16       0.15999985]"
1142,1142,"[0.16       0.15999993 0.15999999 0.1599992  0.15999993 0.15999993
 0.15999999 0.16000008 0.16       0.16000115]"
1143,1143,"[0.16       0.15999993 0.15999999 0.15999925 0.15999992 0.15999993
 0.15999999 0.15999987 0.16       0.15999902]"
1144,1144,"[0.16000669 0.15999993 0.15999999 0.15999929 0.15999992 0.15999993
 0.16000585 0.15999989 0.16       0.15999906]"
1145,1145,"[0.16000059 0.15999993 0.15999999 0.15999933 0.15999992 0.15999993
 0.16000066 0.1599999  0.16       0.15999911]"
1146,1146,"[0.16       0.15999993 0.15999999 0.15999937 0.15999991 0.15999994
 0.15999999 0.15999991 0.16       0.15999915]"
1147,1147,"[0.16       0.15999994 0.15999999 0.15999941 0.15999991 0.15999994
 0.15999999 0.15999992 0.16       0.15999918]"
1148,1148,"[0.16       0.15999994 0.15999999 0.15999944 0.15999991 0.15999994
 0.15999999 0.16001373 0.16       0.16023974]"
1149,1149,"[0.16       0.15999994 0.15999999 0.15999947 0.15999991 0.15999994
 0.15999999 0.16       0.16       0.15999978]"
1150,1150,"[0.16       0.15999994 0.15999999 0.1599995  0.15999991 0.15999994
 0.15999999 0.16       0.16       0.15999978]"
1151,1151,"[0.16       0.15999994 0.15999999 0.15999952 0.1599999  0.15999995
 0.15999999 0.16       0.16       0.15999979]"
1152,1152,"[0.16       0.15999994 0.15999999 0.15999955 0.1599999  0.15999995
 0.15999999 0.16       0.16       0.15999979]"
1153,1153,"[0.16000067 0.15999994 0.16       0.15999957 0.1599999  0.16000081
 0.15999999 0.16       0.16       0.1599998 ]"
1154,1154,"[0.15999848 0.16000033 0.16       0.15999959 0.1599999  0.15999907
 0.15999999 0.1600005  0.16       0.1599998 ]"
1155,1155,"[0.15999855 0.15999773 0.16       0.15999961 0.1599999  0.15999909
 0.15999999 0.15999853 0.16       0.15999981]"
1156,1156,"[0.1599986  0.15999766 0.16       0.15999963 0.15999989 0.15999912
 0.15999999 0.15999857 0.16       0.15999981]"
1157,1157,"[0.16000048 0.15999759 0.16       0.15999965 0.15999989 0.16000076
 0.16       0.1599986  0.16       0.15999982]"
1158,1158,"[0.16000084 0.15999752 0.16       0.15999966 0.15999989 0.15999992
 0.1600008  0.16000303 0.16       0.16002508]"
1159,1159,"[0.15999791 0.15999747 0.16       0.15999968 0.15999989 0.15999992
 0.15999851 0.15999961 0.16       0.15999911]"
1160,1160,"[0.15999799 0.15999741 0.16       0.1599997  0.15999988 0.15999992
 0.15999857 0.15999965 0.16       0.15999916]"
1161,1161,"[0.15999832 0.15999736 0.16       0.15999971 0.15999988 0.15999993
 0.15999883 0.15999968 0.16       0.1599992 ]"
1162,1162,"[0.16       0.15999731 0.16000026 0.16000039 0.15999987 0.15999993
 0.15999998 0.15999971 0.16       0.15999924]"
1163,1163,"[0.16       0.15999726 0.15999954 0.15999991 0.15999987 0.15999993
 0.15999998 0.15999974 0.16       0.15999927]"
1164,1164,"[0.16       0.15999721 0.15999958 0.15999992 0.15999987 0.15999994
 0.15999998 0.15999977 0.16       0.1599993 ]"
1165,1165,"[0.16000065 0.15999716 0.15999962 0.15999992 0.15999986 0.16000083
 0.15999999 0.15999979 0.16       0.15999933]"
1166,1166,"[0.15999845 0.15999711 0.15999965 0.15999993 0.15999986 0.15999907
 0.15999999 0.15999981 0.16       0.15999936]"
1167,1167,"[0.16000045 0.15999705 0.15999968 0.15999993 0.15999986 0.16000075
 0.15999999 0.15999983 0.16003083 0.16000706]"
1168,1168,"[0.16       0.15999701 0.1599997  0.15999993 0.15999985 0.15999993
 0.15999999 0.15999985 0.15999794 0.15999999]"
1169,1169,"[0.16       0.15999697 0.15999973 0.15999994 0.15999985 0.15999994
 0.15999999 0.15999986 0.15999806 0.15999999]"
1170,1170,"[0.16       0.15999714 0.15999975 0.15999994 0.15999984 0.15999994
 0.15999999 0.15999991 0.15999817 0.15999999]"
1171,1171,"[0.16       0.15999999 0.15999978 0.15999995 0.15999984 0.15999994
 0.15999999 0.1599995  0.15999827 0.15999999]"
1172,1172,"[0.16       0.15999999 0.1599998  0.15999995 0.15999983 0.15999995
 0.15999999 0.15999954 0.15999836 0.15999999]"
1173,1173,"[0.16       0.15999999 0.15999982 0.15999995 0.15999983 0.15999995
 0.15999999 0.15999958 0.15999845 0.15999999]"
1174,1174,"[0.16       0.15999999 0.15999983 0.15999995 0.15999982 0.15999995
 0.15999999 0.15999962 0.15999854 0.15999999]"
1175,1175,"[0.16       0.15999999 0.15999985 0.15999995 0.15999981 0.15999996
 0.15999999 0.15999966 0.15999892 0.15999998]"
1176,1176,"[0.16       0.15999999 0.15999986 0.15999995 0.15999981 0.15999996
 0.15999999 0.15999969 0.15999988 0.15999944]"
1177,1177,"[0.16       0.15999999 0.15999987 0.15999995 0.1599998  0.15999996
 0.15999999 0.15999971 0.15999987 0.15999946]"
1178,1178,"[0.16       0.15999999 0.15999988 0.15999996 0.1599998  0.15999996
 0.15999999 0.15999974 0.15999986 0.15999948]"
1179,1179,"[0.16       0.16       0.15999989 0.15999996 0.15999979 0.15999996
 0.15999999 0.15999976 0.15999985 0.1599995 ]"
1180,1180,"[0.16       0.16       0.1599999  0.15999996 0.15999979 0.15999997
 0.15999999 0.15999978 0.15999984 0.15999952]"
1181,1181,"[0.16       0.16       0.15999991 0.15999996 0.15999978 0.15999997
 0.15999999 0.1599998  0.15999983 0.15999954]"
1182,1182,"[0.16       0.16       0.15999992 0.15999996 0.15999977 0.15999997
 0.15999999 0.15999982 0.15999983 0.15999956]"
1183,1183,"[0.16       0.16       0.15999993 0.15999996 0.15999977 0.15999999
 0.15999999 0.15999983 0.15999983 0.15999958]"
1184,1184,"[0.15999849 0.16       0.16000005 0.16       0.15999976 0.15999896
 0.15999999 0.15999985 0.15999991 0.15999963]"
1185,1185,"[0.16000007 0.16       0.15999992 0.15999956 0.15999975 0.16000016
 0.15999999 0.15999989 0.15999845 0.16000003]"
1186,1186,"[0.16       0.16       0.15999992 0.16000035 0.15999975 0.15999996
 0.15999999 0.16       0.16000065 0.15999828]"
1187,1187,"[0.16       0.16       0.15999993 0.15999996 0.15999974 0.15999996
 0.16       0.16       0.15999999 0.15999834]"
1188,1188,"[0.16       0.16       0.15999993 0.15999997 0.15999974 0.15999996
 0.16       0.16       0.15999999 0.15999839]"
1189,1189,"[0.16       0.16       0.15999993 0.15999997 0.15999973 0.15999997
 0.16       0.16       0.15999999 0.15999845]"
1190,1190,"[0.16       0.16       0.15999994 0.15999997 0.15999972 0.15999997
 0.16       0.16       0.15999999 0.1599985 ]"
1191,1191,"[0.16       0.16       0.15999994 0.15999997 0.15999972 0.15999997
 0.16       0.16       0.16000022 0.15999939]"
1192,1192,"[0.16       0.16       0.15999994 0.15999997 0.15999971 0.15999997
 0.16       0.16       0.15999919 0.15999969]"
1193,1193,"[0.16       0.16       0.15999995 0.15999998 0.15999971 0.15999997
 0.16       0.16       0.15999926 0.1599997 ]"
1194,1194,"[0.16000003 0.16       0.15999995 0.15999998 0.1599997  0.15999997
 0.16000003 0.16       0.15999932 0.15999971]"
1195,1195,"[0.15999801 0.16       0.15999995 0.15999998 0.15999969 0.15999997
 0.15999844 0.16       0.15999938 0.15999972]"
1196,1196,"[0.15999807 0.16       0.15999996 0.15999998 0.15999968 0.15999997
 0.1599985  0.16       0.15999944 0.15999973]"
1197,1197,"[0.1600217  0.16       0.15999996 0.15999998 0.15999967 0.15999997
 0.16001851 0.16       0.15999949 0.15999973]"
1198,1198,"[0.16000062 0.16       0.15999996 0.15999998 0.15999967 0.16000076
 0.15999999 0.16       0.15999953 0.15999974]"
1199,1199,"[0.15999847 0.16       0.15999996 0.15999998 0.15999966 0.15999897
 0.15999999 0.16       0.15999958 0.15999975]"
1200,1200,"[0.15999853 0.16       0.15999997 0.15999998 0.15999965 0.159999
 0.15999999 0.16       0.15999961 0.15999976]"
1201,1201,"[0.15999876 0.16       0.15999997 0.15999999 0.15999964 0.15999917
 0.15999999 0.16       0.15999965 0.15999978]"
1202,1202,"[0.16       0.16       0.15999997 0.15999999 0.15999964 0.15999995
 0.15999999 0.16       0.15999968 0.15999979]"
1203,1203,"[0.16       0.16       0.15999997 0.15999999 0.15999963 0.15999995
 0.15999999 0.16       0.15999971 0.15999979]"
1204,1204,"[0.15999796 0.16       0.15999997 0.15999999 0.15999962 0.15999995
 0.1599985  0.16       0.15999974 0.1599998 ]"
1205,1205,"[0.16000064 0.16       0.15999997 0.15999999 0.15999961 0.15999995
 0.16000066 0.16       0.15999976 0.15999981]"
1206,1206,"[0.16       0.16       0.15999998 0.15999999 0.1599996  0.15999995
 0.15999999 0.16       0.15999978 0.15999981]"
1207,1207,"[0.16       0.16       0.15999998 0.15999999 0.15999959 0.15999995
 0.15999999 0.16       0.1599998  0.15999982]"
1208,1208,"[0.16       0.16       0.15999998 0.15999999 0.15999958 0.15999996
 0.15999999 0.16       0.15999982 0.15999982]"
1209,1209,"[0.16       0.16       0.15999998 0.15999999 0.15999957 0.15999996
 0.15999999 0.16       0.15999984 0.15999983]"
1210,1210,"[0.16       0.16       0.15999998 0.15999999 0.15999956 0.15999996
 0.15999999 0.16       0.15999985 0.15999986]"
1211,1211,"[0.16       0.16       0.15999998 0.15999999 0.15999955 0.15999996
 0.15999999 0.15999979 0.15999987 0.15999902]"
1212,1212,"[0.16       0.16       0.15999998 0.15999999 0.15999954 0.15999996
 0.15999999 0.15999981 0.15999988 0.15999906]"
1213,1213,"[0.16       0.16       0.15999998 0.15999999 0.15999953 0.15999997
 0.15999999 0.15999982 0.15999989 0.15999909]"
1214,1214,"[0.16       0.16       0.15999998 0.15999999 0.15999951 0.15999997
 0.15999999 0.15999984 0.1599999  0.15999912]"
1215,1215,"[0.16       0.16       0.15999998 0.15999999 0.1599995  0.15999997
 0.15999999 0.15999985 0.15999991 0.15999915]"
1216,1216,"[0.16       0.16       0.15999998 0.15999999 0.15999949 0.15999997
 0.15999999 0.15999987 0.15999992 0.15999918]"
1217,1217,"[0.16       0.16       0.15999998 0.15999999 0.15999947 0.15999997
 0.15999999 0.15999988 0.15999992 0.15999921]"
1218,1218,"[0.16       0.16       0.15999998 0.15999999 0.15999946 0.15999998
 0.15999999 0.15999989 0.15999993 0.15999924]"
1219,1219,"[0.16       0.16       0.15999998 0.15999999 0.15999944 0.15999998
 0.15999999 0.1599999  0.15999994 0.15999927]"
1220,1220,"[0.16       0.16       0.15999998 0.15999999 0.15999943 0.15999998
 0.15999999 0.15999991 0.15999992 0.15999997]"
1221,1221,"[0.16       0.16       0.15999998 0.16000002 0.15999941 0.15999998
 0.15999999 0.16000003 0.15999927 0.16000007]"
1222,1222,"[0.15999856 0.16       0.15999998 0.15999949 0.1599994  0.15999891
 0.15999999 0.16       0.1599975  0.15999867]"
1223,1223,"[0.15999869 0.16       0.15999999 0.15999952 0.15999939 0.159999
 0.15999999 0.16       0.15999762 0.15999873]"
1224,1224,"[0.16       0.16       0.15999999 0.15999954 0.15999937 0.15999997
 0.15999999 0.15999999 0.15999774 0.15999878]"
1225,1225,"[0.16       0.16       0.15999999 0.15999957 0.15999936 0.15999997
 0.15999999 0.15999999 0.15999786 0.15999883]"
1226,1226,"[0.16       0.16       0.15999999 0.15999959 0.15999934 0.15999997
 0.15999999 0.15999999 0.15999797 0.15999887]"
1227,1227,"[0.16       0.16000047 0.15999999 0.15999961 0.16000266 0.15999998
 0.15999999 0.15999999 0.15999807 0.15999892]"
1228,1228,"[0.16       0.159999   0.15999999 0.15999963 0.15999846 0.15999998
 0.15999999 0.15999999 0.15999818 0.15999896]"
1229,1229,"[0.16       0.15999898 0.15999999 0.16000893 0.1599984  0.15999998
 0.15999999 0.15999999 0.16002337 0.15999899]"
1230,1230,"[0.16       0.15999897 0.15999999 0.15999995 0.15999834 0.15999998
 0.15999999 0.16000007 0.16000163 0.16000245]"
1231,1231,"[0.16       0.15999896 0.15999999 0.15999996 0.15999828 0.15999998
 0.15999999 0.15999991 0.15999948 0.15999896]"
1232,1232,"[0.16000084 0.15999894 0.15999999 0.15999996 0.15999822 0.15999998
 0.1600008  0.15999991 0.15999953 0.159999  ]"
1233,1233,"[0.15999791 0.15999892 0.15999999 0.15999996 0.15999816 0.15999998
 0.15999858 0.15999992 0.15999957 0.15999904]"
1234,1234,"[0.1600006  0.15999891 0.15999999 0.15999996 0.15999811 0.15999998
 0.16000067 0.15999993 0.1599996  0.15999908]"
1235,1235,"[0.16       0.15999889 0.16002711 0.15999996 0.16000968 0.15999998
 0.15999998 0.15999993 0.15999964 0.15999912]"
1236,1236,"[0.16       0.15999887 0.15999768 0.15999996 0.15999386 0.15999998
 0.15999998 0.15999994 0.15999967 0.15999915]"
1237,1237,"[0.16000064 0.15999885 0.15999781 0.15999996 0.15999385 0.16000074
 0.15999998 0.15999994 0.1599997  0.15999919]"
1238,1238,"[0.15999857 0.15999883 0.15999794 0.15999997 0.15999386 0.15999895
 0.15999998 0.16001137 0.15999972 0.16023879]"
1239,1239,"[0.15999863 0.15999882 0.15999807 0.15999997 0.15999387 0.15999899
 0.15999998 0.16       0.15999975 0.15999979]"
1240,1240,"[0.16000046 0.15999881 0.15999819 0.15999997 0.15999388 0.16000068
 0.15999998 0.16       0.15999977 0.1599998 ]"
1241,1241,"[0.16       0.1599988  0.1599983  0.15999997 0.15999391 0.15999995
 0.15999998 0.16       0.15999979 0.1599998 ]"
1242,1242,"[0.16       0.15999879 0.15999873 0.15999997 0.15999427 0.15999995
 0.15999998 0.16       0.15999981 0.15999981]"
1243,1243,"[0.16       0.15999878 0.15999997 0.15999997 0.15999722 0.15999995
 0.15999998 0.16       0.15999982 0.15999982]"
1244,1244,"[0.16       0.15999877 0.15999997 0.15999998 0.15999715 0.15999995
 0.15999998 0.16       0.15999984 0.15999982]"
1245,1245,"[0.16       0.15999877 0.15999997 0.15999998 0.15999708 0.15999995
 0.15999998 0.16       0.15999985 0.15999982]"
1246,1246,"[0.16000087 0.15999876 0.16000019 0.16000012 0.159997   0.15999995
 0.16000086 0.16       0.15999986 0.15999983]"
1247,1247,"[0.15999795 0.15999876 0.15999884 0.15999927 0.15999694 0.15999995
 0.15999871 0.16       0.15999987 0.15999983]"
1248,1248,"[0.16000063 0.15999875 0.15999893 0.1599993  0.15999688 0.15999995
 0.16000073 0.16       0.15999988 0.15999983]"
1249,1249,"[0.16       0.15999875 0.15999901 0.15999933 0.15999681 0.15999995
 0.15999997 0.16       0.15999989 0.15999984]"
1250,1250,"[0.16       0.15999875 0.15999909 0.16000004 0.15999674 0.15999995
 0.15999997 0.16       0.15999994 0.15999984]"
1251,1251,"[0.16       0.15999875 0.15999916 0.15999999 0.15999668 0.15999995
 0.15999997 0.16       0.15999997 0.15999984]"
1252,1252,"[0.16       0.15999875 0.15999922 0.15999999 0.15999661 0.15999995
 0.15999997 0.16       0.15999997 0.15999984]"
1253,1253,"[0.16       0.15999875 0.15999928 0.15999999 0.15999655 0.15999995
 0.15999997 0.16       0.15999998 0.15999985]"
1254,1254,"[0.16       0.15999875 0.15999934 0.15999999 0.15999649 0.15999995
 0.15999997 0.16       0.15999998 0.15999985]"
1255,1255,"[0.16       0.16000069 0.15999939 0.15999999 0.160001   0.15999995
 0.15999998 0.16       0.15999999 0.15999985]"
1256,1256,"[0.1600006  0.15999992 0.15999944 0.15999999 0.15999999 0.16000078
 0.15999998 0.16001393 0.15999999 0.16024839]"
1257,1257,"[0.15999851 0.15999992 0.15999949 0.15999999 0.15999999 0.15999911
 0.15999998 0.15999989 0.15999999 0.15999904]"
1258,1258,"[0.15999857 0.15999992 0.15999953 0.15999999 0.15999999 0.15999913
 0.15999998 0.1599999  0.15999999 0.15999907]"
1259,1259,"[0.16000041 0.15999992 0.15999957 0.15999999 0.15999999 0.16000073
 0.15999998 0.15999991 0.16       0.15999911]"
1260,1260,"[0.16       0.15999992 0.15999961 0.15999999 0.15999999 0.15999992
 0.15999998 0.15999992 0.16       0.15999914]"
1261,1261,"[0.16       0.15999992 0.15999964 0.15999999 0.15999999 0.15999993
 0.15999998 0.16000002 0.16       0.16000107]"
1262,1262,"[0.16       0.15999992 0.15999967 0.15999999 0.15999999 0.15999993
 0.15999998 0.16       0.16       0.15999979]"
1263,1263,"[0.16       0.15999992 0.16000021 0.16000045 0.15999999 0.15999993
 0.15999999 0.16       0.16       0.15999979]"
1264,1264,"[0.16       0.15999992 0.15999999 0.15999929 0.15999999 0.15999993
 0.15999999 0.16       0.16000095 0.15999972]"
1265,1265,"[0.16002986 0.15999992 0.15999999 0.15999932 0.15999999 0.15999994
 0.1600245  0.16       0.15999768 0.15999881]"
1266,1266,"[0.15999805 0.15999992 0.15999999 0.15999935 0.15999999 0.15999994
 0.15999866 0.16       0.1599978  0.15999884]"
1267,1267,"[0.16000069 0.15999992 0.15999999 0.15999939 0.15999999 0.15999994
 0.16000072 0.16       0.16000072 0.15999965]"
1268,1268,"[0.16       0.15999992 0.15999999 0.15999942 0.15999999 0.15999994
 0.15999997 0.16       0.16       0.15999983]"
1269,1269,"[0.16       0.15999992 0.15999999 0.15999945 0.15999999 0.15999994
 0.15999998 0.16       0.16       0.15999983]"
1270,1270,"[0.16       0.15999992 0.15999999 0.15999948 0.15999999 0.15999994
 0.15999998 0.16       0.16       0.15999989]"
1271,1271,"[0.16       0.15999992 0.15999999 0.1599995  0.15999999 0.15999995
 0.15999998 0.15999994 0.16       0.15999904]"
1272,1272,"[0.16       0.15999992 0.15999999 0.15999953 0.15999999 0.15999996
 0.15999998 0.15999995 0.16       0.15999908]"
1273,1273,"[0.15999845 0.15999992 0.15999999 0.15999956 0.15999999 0.1599991
 0.15999998 0.15999995 0.16       0.15999912]"
1274,1274,"[0.15999851 0.15999992 0.15999999 0.15999959 0.15999999 0.15999913
 0.15999998 0.15999996 0.16       0.15999915]"
1275,1275,"[0.1599986  0.15999992 0.15999999 0.15999961 0.15999999 0.15999918
 0.15999998 0.15999999 0.16       0.16000003]"
1276,1276,"[0.16       0.15999992 0.16       0.15999963 0.15999999 0.15999992
 0.15999998 0.16       0.16       0.15999978]"
1277,1277,"[0.16       0.15999992 0.16       0.15999965 0.15999999 0.15999993
 0.15999999 0.16       0.16       0.15999979]"
1278,1278,"[0.16       0.15999992 0.16       0.15999967 0.15999999 0.15999993
 0.15999999 0.16       0.16       0.15999979]"
1279,1279,"[0.16       0.15999992 0.16       0.15999969 0.15999999 0.15999993
 0.15999999 0.16       0.15999999 0.15999979]"
1280,1280,"[0.16       0.15999992 0.1600001  0.15999988 0.15999999 0.15999993
 0.15999999 0.16       0.15999999 0.1599998 ]"
1281,1281,"[0.16       0.15999992 0.15999963 0.15999993 0.15999999 0.15999993
 0.15999999 0.16       0.15999999 0.1599998 ]"
1282,1282,"[0.16       0.15999992 0.15999966 0.15999993 0.15999999 0.15999994
 0.15999999 0.16       0.15999999 0.15999981]"
1283,1283,"[0.16000094 0.15999992 0.15999968 0.15999993 0.15999999 0.15999994
 0.16000083 0.16       0.15999999 0.15999981]"
1284,1284,"[0.15999806 0.15999992 0.15999971 0.15999993 0.15999999 0.15999994
 0.15999855 0.16       0.15999999 0.15999982]"
1285,1285,"[0.16000071 0.15999992 0.15999973 0.15999994 0.15999999 0.15999994
 0.16000069 0.16       0.15999999 0.15999982]"
1286,1286,"[0.16       0.15999992 0.15999975 0.15999994 0.15999999 0.15999994
 0.15999998 0.16       0.15999998 0.15999982]"
1287,1287,"[0.16       0.15999995 0.15999977 0.15999994 0.15999999 0.15999994
 0.15999999 0.16000032 0.15999998 0.16000999]"
1288,1288,"[0.16       0.15999711 0.15999979 0.15999994 0.15999998 0.15999995
 0.15999999 0.1599991  0.15999998 0.15999911]"
1289,1289,"[0.16       0.15999705 0.15999981 0.15999995 0.15999998 0.15999995
 0.15999999 0.15999919 0.15999998 0.15999915]"
1290,1290,"[0.16       0.15999699 0.15999983 0.15999995 0.15999998 0.15999995
 0.15999999 0.15999928 0.15999998 0.15999918]"
1291,1291,"[0.16       0.15999693 0.15999984 0.15999995 0.15999998 0.15999996
 0.15999999 0.15999935 0.15999998 0.15999921]"
1292,1292,"[0.16000054 0.15999688 0.15999985 0.15999995 0.15999998 0.16000075
 0.15999999 0.15999942 0.15999998 0.15999925]"
1293,1293,"[0.15999847 0.15999682 0.15999987 0.15999996 0.15999998 0.15999908
 0.15999999 0.15999948 0.15999998 0.15999928]"
1294,1294,"[0.15999853 0.15999676 0.15999988 0.15999996 0.15999998 0.1599991
 0.15999999 0.15999953 0.15999998 0.1599993 ]"
1295,1295,"[0.16000035 0.1599967  0.15999989 0.15999996 0.15999998 0.16000069
 0.15999999 0.15999958 0.15999998 0.15999933]"
1296,1296,"[0.16       0.15999665 0.15999989 0.15999996 0.15999998 0.15999994
 0.15999999 0.15999962 0.15999998 0.15999936]"
1297,1297,"[0.16       0.1599966  0.16000016 0.16000043 0.15999998 0.15999995
 0.15999999 0.15999966 0.15999999 0.15999938]"
1298,1298,"[0.16       0.16000053 0.15999996 0.15999954 0.15999998 0.15999995
 0.15999999 0.16000072 0.15999999 0.15999941]"
1299,1299,"[0.16027055 0.15999997 0.15999996 0.15999957 0.15999998 0.15999995
 0.16022274 0.15999972 0.15999999 0.15999944]"
1300,1300,"[0.15999814 0.15999997 0.15999996 0.15999959 0.15999998 0.15999995
 0.15999854 0.15999975 0.15999999 0.15999947]"
1301,1301,"[0.16000077 0.15999997 0.15999996 0.15999962 0.15999998 0.15999995
 0.1600007  0.15999977 0.16       0.15999949]"
1302,1302,"[0.15999999 0.15999997 0.15999997 0.15999964 0.15999998 0.15999995
 0.15999998 0.15999979 0.16000108 0.16000011]"
1303,1303,"[0.15999999 0.15999997 0.15999997 0.15999966 0.15999998 0.15999996
 0.15999998 0.16000244 0.15999787 0.16002265]"
1304,1304,"[0.15999999 0.15999998 0.15999997 0.15999968 0.15999998 0.15999996
 0.15999998 0.16       0.15999799 0.15999835]"
1305,1305,"[0.15999999 0.15999998 0.15999997 0.15999969 0.15999997 0.15999996
 0.15999999 0.16       0.15999809 0.1599984 ]"
1306,1306,"[0.15999999 0.15999998 0.15999997 0.15999971 0.15999997 0.15999996
 0.15999999 0.16       0.15999819 0.15999846]"
1307,1307,"[0.15999999 0.15999998 0.15999997 0.15999972 0.15999997 0.15999996
 0.15999999 0.16       0.15999829 0.15999851]"
1308,1308,"[0.15999999 0.15999998 0.15999998 0.15999974 0.15999997 0.15999996
 0.15999999 0.16       0.15999839 0.15999856]"
1309,1309,"[0.15999999 0.15999998 0.15999998 0.15999975 0.15999997 0.15999997
 0.15999999 0.16       0.15999847 0.15999862]"
1310,1310,"[0.16000051 0.15999998 0.16000018 0.16000034 0.15999997 0.16000073
 0.15999999 0.16       0.15999856 0.15999866]"
1311,1311,"[0.15999848 0.15999998 0.15999984 0.15999993 0.15999997 0.15999906
 0.15999999 0.16000282 0.16003207 0.16005952]"
1312,1312,"[0.16017065 0.15999998 0.15999985 0.15999993 0.15999997 0.16017609
 0.15999999 0.15999983 0.15999981 0.15999928]"
1313,1313,"[0.16       0.15999998 0.15999987 0.15999993 0.15999997 0.15999996
 0.15999999 0.15999984 0.15999979 0.1599993 ]"
1314,1314,"[0.16       0.15999998 0.15999988 0.15999993 0.15999997 0.15999996
 0.15999999 0.15999986 0.15999976 0.15999933]"
1315,1315,"[0.15999999 0.15999998 0.15999989 0.16       0.15999997 0.15999996
 0.15999999 0.15999987 0.15999963 0.15999936]"
1316,1316,"[0.15999999 0.15999998 0.1599999  0.15999904 0.15999997 0.15999996
 0.15999999 0.15999988 0.15999932 0.15999938]"
1317,1317,"[0.15999999 0.15999998 0.15999991 0.15999907 0.15999997 0.15999996
 0.15999999 0.15999989 0.15999938 0.1599994 ]"
1318,1318,"[0.15999999 0.15999998 0.15999991 0.15999911 0.15999996 0.15999997
 0.15999999 0.16000004 0.15999943 0.16000112]"
1319,1319,"[0.15999999 0.15999998 0.15999992 0.15999914 0.15999996 0.15999997
 0.15999999 0.16       0.15999948 0.15999965]"
1320,1320,"[0.15999999 0.15999998 0.15999992 0.15999918 0.15999996 0.15999997
 0.15999999 0.16       0.15999952 0.15999966]"
1321,1321,"[0.15999999 0.15999998 0.16000015 0.16000007 0.15999996 0.15999997
 0.15999999 0.16       0.15999957 0.15999967]"
1322,1322,"[0.15999999 0.15999998 0.15999995 0.15999999 0.15999996 0.15999997
 0.16       0.16       0.1599996  0.15999968]"
1323,1323,"[0.15999999 0.15999998 0.15999995 0.15999999 0.15999996 0.15999997
 0.16       0.16       0.15999964 0.15999969]"
1324,1324,"[0.16000883 0.15999998 0.15999996 0.15999999 0.15999996 0.15999997
 0.1600073  0.16       0.15999967 0.1599997 ]"
1325,1325,"[0.15999842 0.15999998 0.15999996 0.15999999 0.15999996 0.15999997
 0.15999867 0.16       0.1599997  0.15999971]"
1326,1326,"[0.15999999 0.15999998 0.15999996 0.15999999 0.15999996 0.15999997
 0.15999999 0.16       0.15999973 0.15999971]"
1327,1327,"[0.16000048 0.15999998 0.15999996 0.15999999 0.15999996 0.16000071
 0.15999999 0.16       0.15999975 0.15999972]"
1328,1328,"[0.15999843 0.15999998 0.15999997 0.15999999 0.15999996 0.15999906
 0.15999999 0.16       0.15999977 0.15999973]"
1329,1329,"[0.15999849 0.15999998 0.15999997 0.15999999 0.15999996 0.15999909
 0.15999999 0.16       0.15999979 0.15999974]"
1330,1330,"[0.16016441 0.15999998 0.15999997 0.15999999 0.15999996 0.1601743
 0.15999999 0.16       0.15999981 0.15999976]"
1331,1331,"[0.15999999 0.15999998 0.15999997 0.15999999 0.15999995 0.15999995
 0.15999999 0.16       0.15999983 0.15999976]"
1332,1332,"[0.15999999 0.15999998 0.15999997 0.16       0.15999995 0.15999996
 0.15999999 0.16       0.15999984 0.15999977]"
1333,1333,"[0.15999813 0.15999998 0.15999998 0.16       0.15999995 0.15999996
 0.15999846 0.16       0.15999985 0.15999978]"
1334,1334,"[0.16000044 0.15999998 0.15999998 0.16       0.15999995 0.15999996
 0.16000039 0.16       0.15999987 0.15999981]"
1335,1335,"[0.15999999 0.15999998 0.15999998 0.16       0.15999995 0.15999996
 0.15999999 0.15999988 0.15999988 0.15999915]"
1336,1336,"[0.15999999 0.15999998 0.15999998 0.16       0.15999995 0.15999996
 0.15999999 0.15999989 0.15999989 0.15999918]"
1337,1337,"[0.15999999 0.15999998 0.15999998 0.16       0.15999995 0.15999996
 0.15999999 0.1599999  0.1599999  0.15999921]"
1338,1338,"[0.15999999 0.15999998 0.15999998 0.16       0.15999994 0.15999996
 0.15999999 0.15999991 0.15999991 0.15999924]"
1339,1339,"[0.15999999 0.15999998 0.15999998 0.16       0.15999994 0.15999997
 0.15999999 0.15999991 0.15999991 0.15999927]"
1340,1340,"[0.15999999 0.15999998 0.15999998 0.16       0.15999994 0.15999997
 0.15999999 0.15999992 0.15999992 0.15999929]"
1341,1341,"[0.15999999 0.15999998 0.15999998 0.16000031 0.15999994 0.15999997
 0.15999999 0.16000001 0.15999995 0.16000111]"
1342,1342,"[0.15999999 0.15999998 0.15999998 0.15999948 0.15999994 0.15999997
 0.15999999 0.16       0.1600015  0.15999958]"
1343,1343,"[0.15999999 0.15999998 0.15999999 0.15999951 0.15999994 0.15999997
 0.15999999 0.16       0.15999766 0.15999863]"
1344,1344,"[0.15999999 0.15999998 0.15999999 0.15999953 0.15999993 0.15999997
 0.15999999 0.16       0.15999778 0.15999868]"
1345,1345,"[0.15999999 0.15999998 0.15999999 0.15999956 0.15999993 0.15999997
 0.15999999 0.16       0.1599979  0.15999873]"
1346,1346,"[0.15999999 0.15999998 0.15999999 0.15999958 0.15999993 0.16
 0.15999999 0.16       0.15999801 0.15999877]"
1347,1347,"[0.15999856 0.15999998 0.15999999 0.1599996  0.15999993 0.15999908
 0.15999999 0.16       0.15999811 0.15999882]"
1348,1348,"[0.15999999 0.15999998 0.15999999 0.15999962 0.15999993 0.15999997
 0.15999999 0.16       0.16000051 0.15999966]"
1349,1349,"[0.15999999 0.15999998 0.15999999 0.1600003  0.15999993 0.15999997
 0.15999999 0.16000091 0.15999981 0.1600289 ]"
1350,1350,"[0.15999999 0.15999998 0.15999999 0.15999997 0.15999993 0.15999997
 0.15999999 0.15999994 0.15999963 0.15999914]"
1351,1351,"[0.15999999 0.15999999 0.15999999 0.15999997 0.15999992 0.15999997
 0.15999999 0.15999995 0.15999966 0.15999917]"
1352,1352,"[0.16000101 0.15999999 0.15999999 0.15999997 0.15999992 0.15999997
 0.16000084 0.15999995 0.15999969 0.1599992 ]"
1353,1353,"[0.15999814 0.15999999 0.15999999 0.15999997 0.15999992 0.15999998
 0.15999846 0.15999995 0.15999972 0.15999923]"
1354,1354,"[0.16000028 0.15999999 0.15999999 0.15999997 0.15999991 0.15999998
 0.16000025 0.15999996 0.15999974 0.15999937]"
1355,1355,"[0.15999999 0.15999999 0.15999999 0.15999997 0.15999991 0.16
 0.15999999 0.16       0.15999977 0.15999973]"
1356,1356,"[0.15999847 0.15999999 0.15999999 0.15999998 0.15999991 0.15999903
 0.15999999 0.16       0.15999979 0.15999974]"
1357,1357,"[0.15999865 0.15999999 0.15999999 0.15999998 0.15999991 0.15999916
 0.15999999 0.16       0.15999981 0.15999975]"
1358,1358,"[0.15999999 0.15999999 0.15999999 0.15999998 0.1599999  0.15999996
 0.15999999 0.16       0.15999982 0.15999976]"
1359,1359,"[0.15999999 0.15999999 0.15999999 0.15999998 0.1599999  0.15999997
 0.15999999 0.16       0.15999984 0.15999977]"
1360,1360,"[0.15999999 0.15999999 0.15999999 0.15999998 0.1599999  0.15999997
 0.15999999 0.16       0.15999985 0.15999978]"
1361,1361,"[0.15999999 0.15999999 0.16       0.15999998 0.1599999  0.15999997
 0.15999999 0.16       0.15999987 0.15999979]"
1362,1362,"[0.16000003 0.15999999 0.16       0.15999998 0.1599999  0.15999997
 0.16000002 0.16       0.15999988 0.15999979]"
1363,1363,"[0.15999812 0.15999999 0.16       0.15999998 0.1599999  0.15999997
 0.15999848 0.16       0.15999989 0.1599998 ]"
1364,1364,"[0.15999999 0.15999999 0.16       0.15999999 0.15999989 0.15999997
 0.15999999 0.16       0.1599999  0.1599998 ]"
1365,1365,"[0.15999999 0.15999999 0.16       0.15999999 0.15999989 0.15999997
 0.15999999 0.16       0.15999991 0.15999981]"
1366,1366,"[0.15999999 0.15999999 0.16       0.15999999 0.15999989 0.15999997
 0.15999999 0.16       0.15999992 0.15999982]"
1367,1367,"[0.15999999 0.15999999 0.16       0.15999999 0.15999989 0.15999997
 0.15999999 0.16       0.15999992 0.15999982]"
1368,1368,"[0.15999999 0.15999999 0.16       0.15999999 0.15999988 0.15999997
 0.15999999 0.16000001 0.15999993 0.16000116]"
1369,1369,"[0.15999999 0.15999999 0.16       0.16000032 0.15999988 0.15999998
 0.15999999 0.15999995 0.15999995 0.15999907]"
1370,1370,"[0.15999999 0.15999999 0.16       0.15999957 0.15999988 0.15999998
 0.15999999 0.15999996 0.15999997 0.1599991 ]"
1371,1371,"[0.15999999 0.15999999 0.16       0.1599996  0.15999987 0.15999998
 0.15999999 0.15999996 0.15999997 0.15999914]"
1372,1372,"[0.15999999 0.15999999 0.16       0.15999962 0.15999987 0.15999998
 0.15999999 0.15999997 0.15999998 0.15999917]"
1373,1373,"[0.15999999 0.15999999 0.16       0.15999965 0.15999987 0.15999998
 0.15999999 0.16       0.15999998 0.16000109]"
1374,1374,"[0.15999999 0.15999999 0.16       0.15999967 0.15999986 0.15999998
 0.15999999 0.16       0.1600423  0.16000492]"
1375,1375,"[0.15999999 0.15999999 0.16       0.15999968 0.15999986 0.15999998
 0.15999999 0.16       0.15999768 0.1599988 ]"
1376,1376,"[0.15999999 0.15999999 0.16       0.1599997  0.15999986 0.15999998
 0.15999999 0.16       0.1599978  0.15999884]"
1377,1377,"[0.15999999 0.15999999 0.16       0.15999971 0.15999985 0.15999998
 0.15999999 0.16       0.16000129 0.15999964]"
1378,1378,"[0.15999999 0.15999999 0.16       0.15999973 0.15999985 0.15999998
 0.15999999 0.16       0.15999993 0.15999982]"
1379,1379,"[0.15999999 0.15999999 0.16       0.15999974 0.15999985 0.15999998
 0.16       0.16000001 0.15999993 0.16000116]"
1380,1380,"[0.16011323 0.15999999 0.16       0.16000297 0.15999985 0.15999998
 0.16009393 0.15999997 0.15999997 0.15999907]"
1381,1381,"[0.16000046 0.15999999 0.16       0.15999994 0.15999984 0.16000065
 0.15999999 0.15999998 0.15999982 0.15999911]"
1382,1382,"[0.15999856 0.15999999 0.16       0.15999995 0.15999983 0.15999902
 0.15999999 0.15999998 0.15999984 0.15999914]"
1383,1383,"[0.16015812 0.15999999 0.16       0.15999995 0.15999983 0.15999855
 0.1600589  0.16000054 0.1599997  0.16006484]"
1384,1384,"[0.16001231 0.15999999 0.16       0.15999995 0.15999982 0.15999997
 0.16001012 0.16       0.15999964 0.1599998 ]"
1385,1385,"[0.15999979 0.15999999 0.16000472 0.16000651 0.15999982 0.15999997
 0.15999999 0.16       0.15999966 0.15999981]"
1386,1386,"[0.15999981 0.15999999 0.1599997  0.15999911 0.15999981 0.15999998
 0.15999999 0.16       0.15999969 0.15999981]"
1387,1387,"[0.15999958 0.15999999 0.15999972 0.15999914 0.15999981 0.15999909
 0.15999999 0.16       0.15999971 0.15999982]"
1388,1388,"[0.16000479 0.15999999 0.15999975 0.15999917 0.1599998  0.15999997
 0.15999999 0.16       0.16000109 0.15999983]"
1389,1389,"[0.15999999 0.15999999 0.15999977 0.15999921 0.1599998  0.15999997
 0.15999999 0.16       0.15999994 0.15999983]"
1390,1390,"[0.15999999 0.15999999 0.15999978 0.15999924 0.1599998  0.15999997
 0.15999999 0.16       0.15999995 0.15999984]"
1391,1391,"[0.15999999 0.15999999 0.1599998  0.16       0.15999979 0.15999997
 0.15999999 0.16       0.15999996 0.16000115]"
1392,1392,"[0.15999999 0.15999999 0.15999982 0.15999998 0.15999979 0.15999997
 0.15999999 0.15999998 0.15999998 0.15999903]"
1393,1393,"[0.15999999 0.15999999 0.15999984 0.15999998 0.15999978 0.15999997
 0.15999999 0.15999998 0.15999998 0.15999907]"
1394,1394,"[0.15999999 0.15999999 0.16000016 0.1600004  0.15999977 0.15999998
 0.15999999 0.16       0.15999998 0.16000107]"
1395,1395,"[0.15999999 0.15999999 0.15999998 0.15999953 0.15999977 0.15999998
 0.15999999 0.16       0.15999999 0.15999982]"
1396,1396,"[0.15999999 0.15999999 0.15999998 0.15999956 0.15999977 0.15999998
 0.15999999 0.16       0.16000134 0.15999976]"
1397,1397,"[0.15999999 0.15999999 0.15999998 0.15999958 0.15999976 0.15999998
 0.15999999 0.16       0.15999756 0.15999891]"
1398,1398,"[0.15999999 0.15999999 0.15999998 0.1599996  0.15999975 0.15999998
 0.15999999 0.16       0.15999765 0.15999894]"
1399,1399,"[0.15999999 0.15999999 0.15999998 0.15999962 0.15999975 0.15999998
 0.15999999 0.16       0.15999997 0.16000115]"
1400,1400,"[0.15999999 0.15999999 0.15999998 0.15999964 0.15999974 0.15999998
 0.15999999 0.15999998 0.15999997 0.15999901]"
1401,1401,"[0.15999999 0.15999999 0.15999998 0.15999967 0.15999974 0.15999998
 0.15999999 0.15999999 0.15999997 0.15999905]"
1402,1402,"[0.15999999 0.16       0.15999998 0.15999969 0.15999973 0.15999998
 0.16       0.16       0.15999997 0.16000106]"
1403,1403,"[0.15999999 0.16       0.15999998 0.15999971 0.15999972 0.15999998
 0.16       0.16       0.15999998 0.15999982]"
1404,1404,"[0.15999999 0.16       0.15999999 0.15999972 0.15999972 0.15999998
 0.16       0.16       0.15999998 0.15999983]"
1405,1405,"[0.15999999 0.16       0.15999999 0.15999974 0.15999971 0.15999999
 0.16       0.16       0.15999998 0.15999983]"
1406,1406,"[0.160001   0.16       0.16000017 0.16000034 0.15999971 0.15999999
 0.16000081 0.16       0.15999998 0.15999984]"
1407,1407,"[0.15999918 0.16       0.15999982 0.15999993 0.1599997  0.15999973
 0.15999867 0.16       0.15999998 0.15999984]"
1408,1408,"[0.15999855 0.16       0.15999983 0.15999993 0.15999969 0.15999902
 0.15999999 0.16       0.15999998 0.15999985]"
1409,1409,"[0.16000029 0.15999999 0.15999985 0.15999993 0.15999969 0.16000057
 0.15999999 0.16       0.15999998 0.15999985]"
1410,1410,"[0.160001   0.15999999 0.15999986 0.15999993 0.15999968 0.15999997
 0.16000084 0.16       0.15999998 0.16000114]"
1411,1411,"[0.16027377 0.15999999 0.15999987 0.15999993 0.15999967 0.15999997
 0.16022377 0.15999999 0.15999998 0.159999  ]"
1412,1412,"[0.15999999 0.16       0.15999988 0.15999993 0.15999966 0.15999998
 0.15999999 0.15999999 0.15999998 0.15999904]"
1413,1413,"[0.16       0.16       0.15999989 0.15999993 0.15999965 0.15999998
 0.15999999 0.16       0.15999998 0.16000106]"
1414,1414,"[0.16       0.16       0.1599999  0.15999994 0.15999965 0.15999998
 0.15999999 0.16       0.15999998 0.15999983]"
1415,1415,"[0.16       0.16       0.15999991 0.15999994 0.16000007 0.15999998
 0.15999999 0.16       0.15999998 0.15999983]"
1416,1416,"[0.16       0.15999932 0.15999992 0.15999994 0.15999779 0.15999998
 0.15999999 0.16       0.15999998 0.15999984]"
1417,1417,"[0.16       0.15999931 0.15999992 0.15999994 0.15999771 0.15999998
 0.15999999 0.16       0.15999998 0.15999984]"
1418,1418,"[0.160001   0.1599993  0.15999993 0.15999995 0.15999763 0.15999998
 0.16000083 0.16       0.15999998 0.15999985]"
1419,1419,"[0.16027327 0.15999928 0.16000013 0.1600004  0.15999755 0.15999998
 0.16022215 0.16       0.15999999 0.15999985]"
1420,1420,"[0.15999999 0.15999927 0.15999996 0.15999966 0.15999747 0.15999998
 0.15999999 0.16       0.15999999 0.15999985]"
1421,1421,"[0.15999999 0.15999927 0.15999996 0.15999968 0.15999738 0.15999998
 0.15999999 0.16       0.15999999 0.15999986]"
1422,1422,"[0.15999999 0.15999926 0.15999996 0.15999969 0.15999729 0.15999998
 0.15999999 0.16       0.15999999 0.15999986]"
1423,1423,"[0.15999999 0.15999925 0.15999997 0.15999971 0.15999721 0.15999998
 0.15999999 0.15999999 0.15999999 0.16000114]"
1424,1424,"[0.15999999 0.15999924 0.15999997 0.15999972 0.15999712 0.15999998
 0.15999999 0.15999999 0.15999999 0.159999  ]"
1425,1425,"[0.15999999 0.15999922 0.15999997 0.15999974 0.15999704 0.15999998
 0.15999999 0.15999999 0.15999999 0.15999904]"
1426,1426,"[0.15999999 0.15999921 0.15999997 0.15999975 0.15999696 0.15999998
 0.15999999 0.15999999 0.15999999 0.16000106]"
1427,1427,"[0.15999999 0.1599992  0.15999998 0.15999977 0.15999688 0.15999998
 0.15999999 0.15999999 0.15999999 0.15999982]"
1428,1428,"[0.16000103 0.15999919 0.15999998 0.15999978 0.15999679 0.15999998
 0.16000083 0.15999999 0.15999999 0.15999982]"
1429,1429,"[0.16024226 0.15999918 0.16000356 0.16000868 0.15999671 0.16000066
 0.16022128 0.15999999 0.15999999 0.15999983]"
1430,1430,"[0.16000292 0.15999918 0.15999989 0.15999992 0.15999662 0.15999912
 0.16000084 0.15999999 0.15999999 0.15999983]"
1431,1431,"[0.16000299 0.15999917 0.1599999  0.15999993 0.15999655 0.15999915
 0.16000069 0.15999999 0.15999999 0.15999984]"
1432,1432,"[0.16016811 0.15999916 0.15999991 0.15999993 0.15999647 0.16016518
 0.15999974 0.15999999 0.15999999 0.15999984]"
1433,1433,"[0.15999999 0.15999916 0.15999991 0.15999993 0.15999639 0.15999995
 0.15999999 0.15999999 0.15999999 0.15999984]"
1434,1434,"[0.15999999 0.15999915 0.15999992 0.15999994 0.15999631 0.15999995
 0.15999999 0.15999999 0.15999999 0.15999985]"
1435,1435,"[0.16000104 0.15999914 0.15999992 0.15999994 0.15999624 0.15999995
 0.16000086 0.15999999 0.15999999 0.15999985]"
1436,1436,"[0.16002253 0.15999913 0.15999993 0.15999994 0.15999617 0.15999995
 0.16001815 0.15999999 0.15999999 0.16000206]"
1437,1437,"[0.15999999 0.15999912 0.15999993 0.15999995 0.15999611 0.15999995
 0.15999998 0.15999999 0.15999999 0.15999903]"
1438,1438,"[0.15999999 0.15999911 0.15999994 0.15999995 0.15999605 0.15999995
 0.15999998 0.15999999 0.15999999 0.1599991 ]"
1439,1439,"[0.15999999 0.1599991  0.160024   0.16008064 0.159996   0.15999995
 0.15999998 0.15999998 0.15999999 0.15999982]"
1440,1440,"[0.16000002 0.15999909 0.15999997 0.15999969 0.15999594 0.15999995
 0.16000002 0.15999998 0.15999999 0.15999982]"
1441,1441,"[0.16000085 0.15999909 0.15999997 0.15999971 0.15999588 0.15999995
 0.1600007  0.15999998 0.15999999 0.15999982]"
1442,1442,"[0.15999998 0.15999909 0.15999997 0.15999972 0.15999584 0.15999995
 0.15999998 0.15999998 0.15999999 0.15999982]"
1443,1443,"[0.15999998 0.15999908 0.15999998 0.15999973 0.15999579 0.15999995
 0.15999998 0.15999998 0.15999999 0.15999983]"
1444,1444,"[0.15999998 0.15999908 0.15999998 0.15999975 0.15999575 0.15999995
 0.15999998 0.15999998 0.15999999 0.15999983]"
1445,1445,"[0.16000038 0.15999908 0.15999998 0.15999976 0.15999571 0.1600007
 0.15999999 0.15999998 0.15999999 0.15999983]"
1446,1446,"[0.1600002  0.15999908 0.16000297 0.16000852 0.15999568 0.16000062
 0.15999999 0.15999998 0.15999999 0.15999983]"
1447,1447,"[0.16       0.15999907 0.15999991 0.15999994 0.15999566 0.15999994
 0.16       0.15999998 0.15999999 0.15999984]"
1448,1448,"[0.15999824 0.15999925 0.15999991 0.15999994 0.15999613 0.15999994
 0.15999857 0.15999999 0.15999999 0.15999994]"
1449,1449,"[0.16024393 0.15999986 0.15999992 0.15999994 0.15999989 0.16004538
 0.16006475 0.15999999 0.15999999 0.15999907]"
1450,1450,"[0.16004904 0.15999986 0.15999993 0.15999995 0.15999989 0.16004804
 0.1599998  0.16000001 0.15999999 0.16000846]"
1451,1451,"[0.1600189  0.15999986 0.15999993 0.15999995 0.15999989 0.15999968
 0.16001299 0.15999998 0.15999999 0.15999981]"
1452,1452,"[0.15999998 0.15999986 0.15999994 0.15999995 0.15999989 0.15999994
 0.15999998 0.15999998 0.15999999 0.15999981]"
1453,1453,"[0.16000007 0.15999986 0.15999995 0.15999997 0.15999988 0.16000012
 0.15999998 0.15999998 0.15999999 0.15999982]"
1454,1454,"[0.16000004 0.15999986 0.15999997 0.15999969 0.15999988 0.16000024
 0.16000001 0.15999998 0.15999999 0.15999982]"
1455,1455,"[0.16000401 0.15999986 0.15999998 0.15999971 0.15999987 0.16000071
 0.16000071 0.15999998 0.15999999 0.15999983]"
1456,1456,"[0.16003797 0.15999986 0.15999998 0.15999972 0.15999987 0.16003705
 0.15999983 0.15999998 0.15999999 0.15999983]"
1457,1457,"[0.16000805 0.15999985 0.15999998 0.15999973 0.15999987 0.15999971
 0.16000561 0.15999998 0.15999999 0.15999983]"
1458,1458,"[0.16000019 0.15999985 0.15999998 0.15999975 0.15999986 0.16000029
 0.15999998 0.15999998 0.15999999 0.15999983]"
1459,1459,"[0.16000403 0.15999985 0.1600001  0.16000031 0.15999986 0.16000063
 0.16000088 0.16000139 0.15999999 0.16024681]"
1460,1460,"[0.16000064 0.15999985 0.15999992 0.15999994 0.15999985 0.15999993
 0.16000052 0.16       0.15999999 0.15999908]"
1461,1461,"[0.15999998 0.15999986 0.15999993 0.15999994 0.15999985 0.15999993
 0.15999998 0.16       0.15999999 0.16000108]"
1462,1462,"[0.16001103 0.15999986 0.15999993 0.15999994 0.15999985 0.16000914
 0.15999974 0.15999998 0.15999999 0.1599998 ]"
1463,1463,"[0.1600011  0.15999986 0.15999994 0.15999995 0.15999984 0.15999993
 0.16000088 0.15999998 0.15999999 0.15999981]"
1464,1464,"[0.16028843 0.15999986 0.15999994 0.15999995 0.15999984 0.15999969
 0.16022871 0.15999998 0.15999999 0.15999981]"
1465,1465,"[0.15999997 0.15999986 0.15999994 0.15999995 0.15999983 0.15999994
 0.15999999 0.15999998 0.15999999 0.15999982]"
1466,1466,"[0.1599999  0.15999986 0.15999996 0.15999998 0.15999983 0.15999989
 0.16000003 0.15999998 0.15999999 0.15999982]"
1467,1467,"[0.16000317 0.15999986 0.15999998 0.1599997  0.15999982 0.1599993
 0.16000071 0.15999998 0.15999999 0.15999982]"
1468,1468,"[0.16015915 0.15999985 0.15999998 0.15999971 0.15999982 0.16015656
 0.15999974 0.15999998 0.15999999 0.15999983]"
1469,1469,"[0.16000005 0.15999985 0.15999998 0.15999973 0.15999981 0.15999993
 0.16000004 0.15999998 0.15999999 0.15999983]"
1470,1470,"[0.16000092 0.15999985 0.15999998 0.15999974 0.1599998  0.15999993
 0.16000071 0.16000001 0.15999999 0.16000115]"
1471,1471,"[0.15999997 0.15999985 0.15999999 0.15999975 0.1599998  0.15999993
 0.15999999 0.16       0.15999999 0.15999908]"
1472,1472,"[0.15999997 0.15999985 0.16000223 0.16000812 0.1599998  0.15999993
 0.15999999 0.16       0.15999999 0.15999911]"
1473,1473,"[0.15999997 0.15999986 0.15999993 0.15999995 0.15999979 0.15999994
 0.15999999 0.16000016 0.15999999 0.16001447]"
1474,1474,"[0.15999997 0.15999986 0.15999994 0.15999995 0.15999979 0.15999994
 0.15999999 0.15999998 0.15999999 0.1599998 ]"
1475,1475,"[0.16001074 0.15999986 0.15999994 0.15999995 0.15999978 0.1600089
 0.15999975 0.15999998 0.15999999 0.15999981]"
1476,1476,"[0.16000112 0.15999986 0.15999995 0.15999995 0.15999977 0.15999994
 0.16000087 0.15999998 0.15999999 0.15999981]"
1477,1477,"[0.16000092 0.15999986 0.15999995 0.15999996 0.15999977 0.15999999
 0.16000014 0.15999998 0.15999999 0.15999982]"
1478,1478,"[0.1599985  0.15999985 0.16000004 0.16000012 0.15999976 0.15999936
 0.15999999 0.15999998 0.15999999 0.15999982]"
1479,1479,"[0.16000001 0.15999985 0.15999998 0.15999971 0.15999975 0.15999993
 0.16000002 0.16       0.15999999 0.15999909]"
1480,1480,"[0.16000064 0.15999985 0.15999998 0.15999973 0.15999975 0.15999993
 0.16000048 0.16       0.15999999 0.15999923]"
1481,1481,"[0.15999997 0.15999986 0.15999999 0.15999974 0.15999974 0.15999993
 0.15999999 0.15999998 0.15999999 0.15999979]"
1482,1482,"[0.15999997 0.15999986 0.16000008 0.16000029 0.15999974 0.15999993
 0.15999999 0.15999998 0.15999999 0.1599998 ]"
1483,1483,"[0.15999997 0.15999985 0.15999994 0.15999995 0.15999973 0.15999993
 0.15999999 0.15999998 0.15999999 0.1599998 ]"
1484,1484,"[0.15999997 0.15999985 0.15999994 0.15999995 0.15999972 0.15999994
 0.15999999 0.15999998 0.15999999 0.15999981]"
1485,1485,"[0.15999997 0.15999985 0.15999995 0.15999996 0.15999971 0.15999994
 0.15999999 0.15999998 0.15999999 0.15999981]"
1486,1486,"[0.16000114 0.15999985 0.15999995 0.15999996 0.1599997  0.15999994
 0.16000088 0.16000002 0.15999999 0.16000116]"
1487,1487,"[0.16000045 0.15999985 0.15999997 0.15999999 0.1599997  0.15999994
 0.16000047 0.16       0.15999999 0.15999913]"
1488,1488,"[0.15999847 0.15999986 0.15999998 0.15999971 0.15999969 0.15999933
 0.15999999 0.16000003 0.15999999 0.16000109]"
1489,1489,"[0.16005123 0.15999985 0.15999999 0.15999973 0.15999968 0.16000548
 0.1600737  0.15999998 0.15999999 0.15999979]"
1490,1490,"[0.15999996 0.15999985 0.15999999 0.15999974 0.15999968 0.15999993
 0.15999999 0.15999998 0.15999999 0.15999979]"
1491,1491,"[0.15999996 0.15999985 0.16000007 0.16000028 0.15999967 0.15999993
 0.15999999 0.15999998 0.15999999 0.15999979]"
1492,1492,"[0.15999996 0.15999985 0.15999994 0.15999995 0.15999966 0.15999993
 0.15999999 0.15999998 0.15999999 0.1599998 ]"
1493,1493,"[0.15999996 0.15999985 0.15999995 0.15999996 0.15999965 0.15999994
 0.15999999 0.15999998 0.15999999 0.1599998 ]"
1494,1494,"[0.15999996 0.15999985 0.15999995 0.15999996 0.15999964 0.15999994
 0.15999999 0.15999999 0.15999999 0.15999914]"
1495,1495,"[0.15999996 0.15999985 0.15999995 0.15999996 0.15999963 0.15999994
 0.15999999 0.16000003 0.15999999 0.16000109]"
1496,1496,"[0.1599999  0.15999986 0.15999996 0.15999996 0.15999963 0.16000002
 0.15999968 0.15999998 0.15999999 0.15999978]"
1497,1497,"[0.16000076 0.15999985 0.16000002 0.16000001 0.15999962 0.15999935
 0.16000023 0.15999998 0.15999999 0.15999979]"
1498,1498,"[0.16000006 0.15999985 0.15999999 0.15999971 0.15999961 0.16000061
 0.15999999 0.15999998 0.15999999 0.15999979]"
1499,1499,"[0.15999996 0.15999985 0.15999999 0.15999973 0.1599996  0.15999992
 0.15999999 0.16000769 0.15999999 0.16024514]"
1500,1500,"[0.16000004 0.15999985 0.15999999 0.15999974 0.15999959 0.15999992
 0.16000004 0.16000004 0.15999999 0.16000103]"
1501,1501,"[0.16000098 0.15999985 0.16000154 0.16000772 0.15999958 0.15999993
 0.16000071 0.15999998 0.15999999 0.15999977]"
1502,1502,"[0.15999996 0.15999985 0.15999995 0.15999996 0.15999957 0.15999993
 0.15999999 0.15999998 0.15999999 0.15999978]"
1503,1503,"[0.15999996 0.15999985 0.15999995 0.15999996 0.15999956 0.15999993
 0.15999999 0.15999998 0.15999999 0.15999978]"
1504,1504,"[0.15999995 0.15999985 0.15999996 0.15999997 0.15999955 0.15999993
 0.15999999 0.15999998 0.15999999 0.15999979]"
1505,1505,"[0.15999995 0.15999985 0.16000005 0.1600003  0.15999954 0.15999993
 0.16       0.16000898 0.15999999 0.16024488]"
1506,1506,"[0.15999995 0.15999985 0.15999999 0.15999972 0.15999953 0.15999993
 0.16       0.15999999 0.15999999 0.15999919]"
1507,1507,"[0.15999995 0.15999985 0.15999999 0.15999973 0.15999952 0.15999994
 0.16       0.16000102 0.15999999 0.1600293 ]"
1508,1508,"[0.15999997 0.15999985 0.16000002 0.16000015 0.15999951 0.15999994
 0.16       0.15999997 0.15999999 0.15999977]"
1509,1509,"[0.160001   0.15999985 0.15999995 0.15999996 0.1599995  0.15999994
 0.16000068 0.15999997 0.15999999 0.15999977]"
1510,1510,"[0.15999995 0.15999985 0.15999996 0.15999997 0.15999949 0.15999994
 0.16       0.15999997 0.15999999 0.15999977]"
1511,1511,"[0.15999995 0.15999985 0.15999996 0.15999997 0.15999948 0.15999994
 0.16       0.15999999 0.15999999 0.16000009]"
1512,1512,"[0.16002089 0.15999985 0.16000014 0.16000098 0.1600884  0.15999994
 0.16000038 0.15999999 0.15999999 0.15999919]"
1513,1513,"[0.16000136 0.15999985 0.15999999 0.15999971 0.15999971 0.15999994
 0.16000069 0.16000005 0.15999999 0.1600011 ]"
1514,1514,"[0.15999931 0.15999985 0.15999999 0.15999973 0.1599997  0.15999995
 0.16       0.15999997 0.15999999 0.15999976]"
1515,1515,"[0.16000134 0.15999985 0.16000005 0.16000026 0.15999969 0.15999995
 0.16000091 0.15999997 0.15999999 0.15999976]"
1516,1516,"[0.16000053 0.15999985 0.15999996 0.15999997 0.15999968 0.15999995
 0.16000032 0.15999997 0.15999999 0.15999981]"
1517,1517,"[0.15999932 0.15999985 0.15999996 0.15999997 0.15999968 0.15999995
 0.15999999 0.15999998 0.15999999 0.1599992 ]"
1518,1518,"[0.16000074 0.15999986 0.15999996 0.15999997 0.15999966 0.15999995
 0.15999972 0.15999998 0.15999999 0.15999991]"
1519,1519,"[0.16000068 0.15999986 0.15999996 0.15999997 0.15999965 0.15999995
 0.16000077 0.15999997 0.15999999 0.15999976]"
1520,1520,"[0.15999933 0.15999986 0.16000955 0.16006462 0.15999964 0.15999996
 0.15999999 0.15999997 0.15999999 0.15999977]"
1521,1521,"[0.15999944 0.15999986 0.15999999 0.15999972 0.15999963 0.15999996
 0.16000002 0.16000002 0.15999999 0.16000022]"
1522,1522,"[0.15999955 0.15999986 0.16000004 0.16000026 0.15999962 0.15999996
 0.15999826 0.16000006 0.15999999 0.1600011 ]"
1523,1523,"[0.1600628  0.15999986 0.15999996 0.15999997 0.1599996  0.15999996
 0.16005664 0.15999997 0.15999999 0.15999976]"
1524,1524,"[0.15999934 0.15999986 0.15999996 0.15999997 0.15999959 0.15999996
 0.15999999 0.15999997 0.15999999 0.15999977]"
1525,1525,"[0.16000012 0.15999986 0.15999998 0.16       0.15999958 0.15999996
 0.15999925 0.16000017 0.15999999 0.16000298]"
1526,1526,"[0.16028484 0.15999986 0.15999999 0.15999972 0.15999956 0.15999996
 0.16025563 0.16000007 0.15999999 0.1600011 ]"
1527,1527,"[0.160017   0.15999986 0.16000004 0.16000026 0.15999955 0.15999997
 0.16001476 0.15999997 0.15999999 0.15999976]"
1528,1528,"[0.15999945 0.15999986 0.15999997 0.15999997 0.15999953 0.15999997
 0.16000001 0.15999997 0.15999999 0.15999977]"
1529,1529,"[0.16000138 0.15999987 0.15999997 0.15999997 0.15999952 0.15999997
 0.16000078 0.1600148  0.15999999 0.16024359]"
1530,1530,"[0.15999946 0.15999987 0.15999999 0.15999972 0.1599995  0.15999997
 0.16000001 0.16000002 0.15999999 0.16000041]"
1531,1531,"[0.16000138 0.15999987 0.15999997 0.15999997 0.15999948 0.15999997
 0.1600008  0.15999997 0.15999999 0.15999976]"
1532,1532,"[0.15999937 0.15999987 0.15999997 0.15999997 0.15999946 0.15999997
 0.15999998 0.15999997 0.15999999 0.15999977]"
1533,1533,"[0.16008121 0.15999987 0.1600001  0.16000075 0.15999945 0.15999997
 0.16007245 0.15999997 0.15999999 0.15999977]"
1534,1534,"[0.16000058 0.15999987 0.16       0.15999976 0.15999943 0.15999997
 0.16000038 0.16000003 0.15999999 0.16000032]"
1535,1535,"[0.16000136 0.15999987 0.15999997 0.15999997 0.15999941 0.15999997
 0.16000101 0.15999997 0.15999999 0.1599992 ]"
1536,1536,"[0.16000061 0.15999987 0.15999997 0.15999997 0.15999938 0.15999997
 0.16000042 0.15999996 0.15999999 0.15999976]"
1537,1537,"[0.15999938 0.15999988 0.16000003 0.16000028 0.15999936 0.15999998
 0.15999998 0.15999996 0.15999999 0.15999977]"
1538,1538,"[0.15999939 0.15999988 0.15999999 0.15999974 0.15999934 0.15999998
 0.15999998 0.15999996 0.15999999 0.15999978]"
1539,1539,"[0.1602876  0.15999988 0.16000044 0.16000353 0.15999932 0.15999998
 0.16025917 0.16001779 0.15999999 0.1602429 ]"
1540,1540,"[0.16028615 0.15999988 0.15999997 0.15999997 0.15999929 0.15999998
 0.16025945 0.16000008 0.15999999 0.16000109]"
1541,1541,"[0.16000137 0.15999988 0.15999998 0.15999997 0.16000421 0.15999998
 0.16000103 0.16002746 0.15999999 0.15999977]"
1542,1542,"[0.16000063 0.15999988 0.15999998 0.15999997 0.1599975  0.15999998
 0.16000044 0.1599972  0.15999999 0.15999978]"
1543,1543,"[0.15999939 0.15999989 0.15999998 0.15999997 0.15999821 0.15999998
 0.15999997 0.15999724 0.15999999 0.160003  ]"
1544,1544,"[0.15999939 0.15999989 0.15999999 0.15999974 0.15999578 0.15999998
 0.15999998 0.15999729 0.15999999 0.15999901]"
1545,1545,"[0.1599995  0.15999989 0.15999999 0.15999975 0.15999564 0.15999998
 0.15999837 0.15999733 0.15999999 0.15999903]"
1546,1546,"[0.16028618 0.15999989 0.16000677 0.16005922 0.1599955  0.15999998
 0.16025989 0.15999738 0.15999999 0.15999905]"
1547,1547,"[0.1599994  0.15999989 0.15999997 0.15999996 0.15999536 0.15999998
 0.15999998 0.15999742 0.15999999 0.15999908]"
1548,1548,"[0.15999975 0.15999989 0.15999998 0.15999996 0.15999522 0.15999998
 0.15999898 0.15999747 0.15999999 0.15999911]"
1549,1549,"[0.15999938 0.1599999  0.16000037 0.16000358 0.15999508 0.15999998
 0.15999998 0.15999752 0.15999999 0.15999913]"
1550,1550,"[0.16000185 0.1599999  0.16       0.15999976 0.15999495 0.15999998
 0.16000105 0.15999757 0.15999999 0.15999915]"
1551,1551,"[0.16000182 0.1599999  0.16       0.15999977 0.15999483 0.15999998
 0.16000165 0.15999763 0.15999999 0.15999917]"
1552,1552,"[0.15999937 0.1599999  0.16000071 0.16000709 0.15999471 0.15999998
 0.15999998 0.15999768 0.15999999 0.1599992 ]"
1553,1553,"[0.16000137 0.1599999  0.15999998 0.15999996 0.15999459 0.15999998
 0.16000102 0.15999773 0.15999999 0.15999922]"
1554,1554,"[0.16000029 0.15999991 0.15999998 0.15999996 0.15999448 0.15999998
 0.16000028 0.15999779 0.15999999 0.15999924]"
1555,1555,"[0.1599995  0.15999991 0.16000002 0.16000016 0.15999437 0.15999998
 0.16000004 0.15999784 0.15999999 0.15999926]"
1556,1556,"[0.16000138 0.15999991 0.16       0.15999977 0.15999428 0.15999998
 0.16000083 0.1599979  0.15999999 0.15999929]"
1557,1557,"[0.16000136 0.15999991 0.16       0.15999979 0.1599942  0.15999998
 0.16000102 0.15999795 0.15999999 0.1599993 ]"
1558,1558,"[0.16000055 0.15999991 0.16000013 0.16000171 0.15999412 0.15999998
 0.16000073 0.15999801 0.15999998 0.15999932]"
1559,1559,"[0.16000138 0.15999992 0.15999998 0.15999994 0.15999561 0.15999998
 0.16000083 0.16000072 0.15999998 0.15999935]"
1560,1560,"[0.15999935 0.15999992 0.15999998 0.15999994 0.1599967  0.15999998
 0.15999998 0.16       0.15999998 0.15999937]"
1561,1561,"[0.1600037  0.15999992 0.16000094 0.1600114  0.15999664 0.15999999
 0.16000223 0.16       0.15999983 0.15999939]"
1562,1562,"[0.15999995 0.15999992 0.16       0.1599998  0.15999716 0.15999999
 0.15999998 0.16       0.15999985 0.15999999]"
1563,1563,"[0.15999995 0.15999992 0.16000524 0.1600628  0.15999761 0.15999999
 0.15999998 0.16       0.15999986 0.15999998]"
1564,1564,"[0.15999995 0.15999992 0.15999998 0.15999993 0.15999755 0.15999999
 0.15999998 0.16       0.15999987 0.15999998]"
1565,1565,"[0.16000002 0.15999993 0.16000002 0.16000019 0.15999749 0.15999999
 0.16000003 0.16       0.15999988 0.15999998]"
1566,1566,"[0.16000101 0.15999993 0.16       0.15999981 0.15999744 0.15999999
 0.16000083 0.16       0.15999989 0.15999998]"
1567,1567,"[0.15999995 0.15999993 0.16000002 0.1600003  0.15999738 0.15999999
 0.15999998 0.15999999 0.15999989 0.15999998]"
1568,1568,"[0.15999995 0.15999993 0.15999998 0.15999992 0.15999733 0.15999999
 0.15999998 0.15999999 0.1599999  0.15999998]"
1569,1569,"[0.15999996 0.15999993 0.15999999 0.15999992 0.15999727 0.15999999
 0.15999998 0.15999999 0.15999991 0.15999998]"
1570,1570,"[0.15999996 0.15999994 0.16000475 0.160067   0.15999722 0.15999999
 0.15999998 0.15999999 0.15999991 0.15999999]"
1571,1571,"[0.15999996 0.15999994 0.16000002 0.16000031 0.15999717 0.15999999
 0.15999998 0.15999999 0.15999992 0.15999999]"
1572,1572,"[0.16009325 0.15999994 0.16000019 0.16000273 0.15999712 0.15999999
 0.1600824  0.15999999 0.15999993 0.15999999]"
1573,1573,"[0.15999996 0.15999994 0.16000002 0.16000032 0.15999707 0.15999999
 0.15999998 0.15999999 0.15999993 0.15999999]"
1574,1574,"[0.15999996 0.15999994 0.16000002 0.16000033 0.15999702 0.15999999
 0.15999998 0.15999999 0.15999994 0.15999999]"
1575,1575,"[0.15999996 0.15999995 0.16000468 0.1600682  0.15999698 0.16
 0.15999998 0.15999999 0.15999994 0.15999999]"
1576,1576,"[0.1600167  0.15999995 0.15999999 0.15999983 0.15999693 0.16
 0.1600146  0.15999999 0.15999995 0.15999999]"
1577,1577,"[0.15999996 0.15999995 0.16000002 0.16000033 0.1599969  0.16
 0.15999998 0.15999999 0.15999995 0.15999999]"
1578,1578,"[0.15999996 0.15999995 0.15999999 0.15999988 0.15999686 0.16
 0.15999998 0.15999999 0.15999995 0.15999999]"
1579,1579,"[0.16000341 0.15999995 0.16000001 0.16000012 0.15999682 0.16
 0.16000296 0.15999999 0.15999996 0.15999999]"
1580,1580,"[0.16028786 0.15999995 0.15999999 0.15999985 0.15999679 0.16
 0.16025    0.15999999 0.15999996 0.15999999]"
1581,1581,"[0.1600167  0.15999995 0.15999999 0.15999987 0.15999676 0.16
 0.16001444 0.15999999 0.15999996 0.15999999]"
1582,1582,"[0.15999996 0.15999996 0.16000002 0.16000035 0.15999673 0.16
 0.15999998 0.15999999 0.15999997 0.15999999]"
1583,1583,"[0.16000018 0.15999996 0.15999999 0.15999985 0.1599995  0.16
 0.15999998 0.15999999 0.15999997 0.15999999]"
1584,1584,"[0.15999987 0.15999996 0.16000002 0.16000035 0.15999971 0.16
 0.15999998 0.15999999 0.15999997 0.15999999]"
1585,1585,"[0.15999987 0.15999996 0.15999999 0.15999986 0.15999971 0.16
 0.15999998 0.15999999 0.15999997 0.15999999]"
1586,1586,"[0.15999987 0.15999996 0.15999999 0.15999986 0.1599997  0.16
 0.15999998 0.15999999 0.15999998 0.15999999]"
1587,1587,"[0.15999987 0.15999996 0.16000027 0.16000444 0.15999969 0.16
 0.15999998 0.15999999 0.15999998 0.15999999]"
1588,1588,"[0.15999987 0.15999996 0.15999999 0.15999985 0.15999968 0.16
 0.15999998 0.15999999 0.15999998 0.15999999]"
1589,1589,"[0.15999987 0.15999996 0.15999999 0.15999986 0.15999968 0.16
 0.15999998 0.15999999 0.15999998 0.15999999]"
1590,1590,"[0.15999987 0.15999997 0.15999999 0.15999987 0.15999967 0.16
 0.15999998 0.15999999 0.15999998 0.15999999]"
1591,1591,"[0.15999987 0.15999997 0.16000058 0.16000872 0.15999966 0.16
 0.15999998 0.15999998 0.15999998 0.15999999]"
1592,1592,"[0.15999986 0.15999997 0.15999999 0.15999984 0.15999966 0.16
 0.15999998 0.15999998 0.15999998 0.15999999]"
1593,1593,"[0.15999986 0.15999997 0.15999999 0.15999984 0.15999965 0.16
 0.15999998 0.15999998 0.15999999 0.15999999]"
1594,1594,"[0.15999986 0.15999997 0.1600047  0.16007932 0.15999964 0.16
 0.15999998 0.15999998 0.15999999 0.15999999]"
1595,1595,"[0.15999986 0.15999997 0.15999999 0.15999987 0.15999963 0.16
 0.15999998 0.15999998 0.15999999 0.15999999]"
1596,1596,"[0.15999986 0.15999997 0.16000002 0.16000038 0.15999962 0.16
 0.15999998 0.15999998 0.15999999 0.15999999]"
1597,1597,"[0.15999986 0.15999997 0.15999999 0.15999982 0.15999961 0.16
 0.15999998 0.15999998 0.15999999 0.15999999]"
1598,1598,"[0.15999986 0.15999997 0.16000029 0.16000477 0.1599996  0.16
 0.15999998 0.15999998 0.15999999 0.15999999]"
1599,1599,"[0.15999985 0.15999997 0.15999998 0.15999987 0.15999959 0.16
 0.15999999 0.15999998 0.15999999 0.15999999]"
1600,1600,"[0.15999985 0.15999997 0.15999999 0.15999991 0.15999958 0.16
 0.15999999 0.15999998 0.15999999 0.15999999]"
1601,1601,"[0.15999985 0.15999998 0.15999999 0.1599998  0.15999957 0.16
 0.15999999 0.15999998 0.15999999 0.15999999]"
1602,1602,"[0.15999985 0.15999998 0.16000002 0.16000039 0.15999956 0.16
 0.15999999 0.15999998 0.15999999 0.15999999]"
1603,1603,"[0.15999985 0.16000323 0.15999998 0.15999988 0.16005358 0.16
 0.15999999 0.15999998 0.15999999 0.16      ]"
1604,1604,"[0.15999985 0.15999988 0.16000002 0.16000039 0.15999811 0.16
 0.15999999 0.15999998 0.15999999 0.16      ]"
1605,1605,"[0.15999985 0.15999987 0.16000515 0.16008453 0.15999802 0.16
 0.15999999 0.15999998 0.15999999 0.15999999]"
1606,1606,"[0.15999985 0.15999987 0.16000802 0.15999979 0.15999793 0.16
 0.15999999 0.16010299 0.15999999 0.15999999]"
1607,1607,"[0.15999985 0.15999987 0.15999988 0.16000041 0.15999784 0.16
 0.15999999 0.15999897 0.15999999 0.15999999]"
1608,1608,"[0.15999985 0.15999986 0.15999985 0.15999987 0.15999775 0.16
 0.15999999 0.15999897 0.15999999 0.15999999]"
1609,1609,"[0.15999985 0.15999986 0.15999986 0.15999988 0.15999765 0.16
 0.15999999 0.15999898 0.16       0.15999999]"
1610,1610,"[0.15999985 0.15999986 0.15999987 0.15999988 0.15999755 0.16
 0.15999999 0.15999899 0.16       0.15999999]"
1611,1611,"[0.15999985 0.15999985 0.15999987 0.15999989 0.15999745 0.16
 0.15999999 0.15999899 0.16       0.15999999]"
1612,1612,"[0.15999985 0.15999985 0.15999988 0.15999989 0.15999735 0.16
 0.15999999 0.159999   0.16       0.15999999]"
1613,1613,"[0.15999985 0.15999985 0.15999989 0.1599999  0.15999724 0.16
 0.15999999 0.15999901 0.16       0.15999999]"
1614,1614,"[0.15999975 0.15999984 0.15999989 0.1599999  0.15999714 0.16
 0.15999999 0.15999902 0.15999999 0.15999999]"
1615,1615,"[0.15999999 0.15999984 0.1599999  0.15999991 0.15999703 0.16
 0.15999999 0.15999903 0.16       0.15999999]"
1616,1616,"[0.15999999 0.15999984 0.1599999  0.15999991 0.15999691 0.16
 0.15999999 0.15999905 0.16       0.15999999]"
1617,1617,"[0.15999999 0.15999984 0.15999991 0.15999991 0.1599968  0.16
 0.15999999 0.15999906 0.16       0.15999999]"
1618,1618,"[0.15999999 0.15999983 0.15999991 0.15999991 0.15999668 0.16
 0.15999999 0.15999908 0.16       0.15999999]"
1619,1619,"[0.15999999 0.15999983 0.15999991 0.15999992 0.15999657 0.16
 0.15999999 0.15999909 0.16       0.15999999]"
1620,1620,"[0.15999999 0.15999983 0.15999992 0.15999992 0.15999645 0.16
 0.15999999 0.15999911 0.16       0.15999999]"
1621,1621,"[0.15999999 0.15999982 0.15999992 0.15999992 0.15999633 0.16
 0.15999999 0.15999912 0.16       0.15999999]"
1622,1622,"[0.15999999 0.15999982 0.15999992 0.15999992 0.15999622 0.16
 0.15999999 0.15999914 0.16       0.15999999]"
1623,1623,"[0.15999999 0.15999982 0.15999993 0.15999993 0.1599961  0.16
 0.15999999 0.15999916 0.16       0.15999999]"
1624,1624,"[0.15999999 0.15999982 0.15999993 0.15999993 0.15999599 0.16
 0.15999999 0.15999918 0.16       0.15999999]"
1625,1625,"[0.15999999 0.15999981 0.15999993 0.15999993 0.15999587 0.16
 0.15999999 0.15999919 0.16       0.15999999]"
1626,1626,"[0.15999999 0.15999981 0.15999993 0.15999993 0.15999576 0.16
 0.15999999 0.15999921 0.16       0.15999999]"
1627,1627,"[0.15999999 0.15999981 0.15999994 0.15999993 0.15999565 0.16
 0.15999999 0.15999923 0.16       0.15999999]"
1628,1628,"[0.15999999 0.15999981 0.15999994 0.15999994 0.15999554 0.16
 0.15999999 0.15999925 0.16       0.15999999]"
1629,1629,"[0.15999999 0.1599998  0.16007981 0.15999994 0.15999544 0.16
 0.15999999 0.15999849 0.16       0.15999864]"
1630,1630,"[0.15999999 0.1599998  0.15999251 0.15999994 0.15999534 0.16
 0.15999999 0.15999862 0.16       0.15999794]"
1631,1631,"[0.15999999 0.1599998  0.15999279 0.15999994 0.15999524 0.16
 0.15999999 0.15999874 0.16       0.1599979 ]"
1632,1632,"[0.15999999 0.1599998  0.15999307 0.15999994 0.15999514 0.16
 0.15999999 0.15999886 0.16       0.15999786]"
1633,1633,"[0.15999999 0.1599998  0.15999335 0.15999994 0.15999505 0.16
 0.15999999 0.15999896 0.16       0.15999782]"
1634,1634,"[0.15999999 0.1599998  0.15999364 0.15999994 0.15999496 0.16
 0.15999999 0.15999906 0.15999999 0.15999779]"
1635,1635,"[0.15999999 0.1599998  0.15999393 0.15999994 0.15999488 0.15999999
 0.15999999 0.15999915 0.15999999 0.15999775]"
1636,1636,"[0.15999999 0.15999979 0.15999421 0.15999994 0.15999481 0.15999999
 0.15999999 0.15999923 0.15999999 0.15999772]"
1637,1637,"[0.15999999 0.15999979 0.1600035  0.15999994 0.15999474 0.15999999
 0.15999999 0.1599993  0.15999999 0.15999853]"
1638,1638,"[0.15999998 0.15999979 0.16000988 0.15999994 0.15999469 0.15999999
 0.15999999 0.16012906 0.15999999 0.15999907]"
1639,1639,"[0.15999998 0.15999978 0.1599995  0.15999994 0.15999466 0.15999999
 0.15999999 0.15999996 0.15999999 0.1599991 ]"
1640,1640,"[0.15999998 0.15999978 0.15999953 0.15999995 0.15999463 0.15999999
 0.15999999 0.15999996 0.15999999 0.15999913]"
1641,1641,"[0.15999998 0.15999977 0.15999955 0.15999995 0.15999461 0.15999999
 0.15999999 0.15999997 0.15999999 0.15999917]"
1642,1642,"[0.15999998 0.15999977 0.15999957 0.15999995 0.15999459 0.15999999
 0.15999999 0.15999997 0.16       0.1599992 ]"
1643,1643,"[0.15999998 0.15999976 0.15999959 0.15999995 0.15999459 0.15999999
 0.15999999 0.15999997 0.16       0.15999923]"
1644,1644,"[0.15999998 0.15999976 0.15999961 0.15999996 0.15999459 0.15999999
 0.15999999 0.15999997 0.16       0.15999925]"
1645,1645,"[0.15999998 0.15999975 0.15999963 0.15999996 0.15999461 0.15999999
 0.15999999 0.15999997 0.16       0.15999928]"
1646,1646,"[0.15999998 0.15999974 0.15999965 0.15999996 0.15999463 0.15999999
 0.15999999 0.15999998 0.16       0.15999931]"
1647,1647,"[0.15999998 0.15999974 0.15999967 0.15999996 0.15999466 0.15999999
 0.15999999 0.15999998 0.16       0.15999933]"
1648,1648,"[0.15999998 0.15999973 0.15999969 0.15999996 0.1599947  0.15999999
 0.15999999 0.15999998 0.16       0.15999936]"
1649,1649,"[0.15999998 0.15999973 0.1599997  0.15999997 0.15999474 0.15999999
 0.15999999 0.15999998 0.16       0.15999938]"
1650,1650,"[0.15999998 0.15999972 0.15999972 0.15999997 0.1599948  0.15999999
 0.15999999 0.15999998 0.16       0.1599994 ]"
1651,1651,"[0.15999998 0.15999972 0.15999973 0.15999997 0.15999486 0.15999999
 0.15999999 0.15999998 0.16       0.15999942]"
1652,1652,"[0.15999888 0.15999971 0.15999975 0.15999997 0.15999493 0.15999936
 0.15999999 0.15999998 0.16       0.15999945]"
1653,1653,"[0.15999893 0.15999971 0.15999976 0.15999997 0.159995   0.15999938
 0.15999999 0.15999998 0.16       0.15999946]"
1654,1654,"[0.15999898 0.15999971 0.15999977 0.15999997 0.15999508 0.1599994
 0.15999999 0.15999998 0.16       0.15999948]"
1655,1655,"[0.15999902 0.1599997  0.15999978 0.15999997 0.15999517 0.15999942
 0.15999999 0.15999999 0.16       0.1599995 ]"
1656,1656,"[0.15999906 0.1599997  0.1599998  0.15999997 0.15999526 0.15999943
 0.15999999 0.15999999 0.16       0.15999951]"
1657,1657,"[0.1599991  0.1599997  0.15999981 0.15999998 0.15999536 0.15999945
 0.15999999 0.15999999 0.16       0.15999953]"
1658,1658,"[0.15999998 0.15999969 0.15999982 0.15999998 0.15999546 0.15999996
 0.15999999 0.15999999 0.15999999 0.15999954]"
1659,1659,"[0.15999998 0.15999969 0.15999983 0.15999998 0.15999556 0.15999997
 0.15999999 0.15999999 0.15999999 0.15999956]"
1660,1660,"[0.15999998 0.15999968 0.15999983 0.15999998 0.15999567 0.15999997
 0.15999999 0.15999999 0.15999999 0.15999957]"
1661,1661,"[0.15999998 0.15999968 0.15999984 0.15999998 0.15999578 0.15999997
 0.15999999 0.15999999 0.15999999 0.15999959]"
1662,1662,"[0.15999998 0.15999967 0.15999985 0.15999998 0.15999589 0.15999997
 0.15999999 0.15999999 0.15999999 0.1599996 ]"
1663,1663,"[0.15999998 0.15999967 0.15999986 0.15999998 0.15999601 0.15999997
 0.15999999 0.15999999 0.15999999 0.15999961]"
1664,1664,"[0.15999998 0.15999967 0.15999987 0.15999998 0.15999612 0.15999997
 0.15999999 0.15999999 0.15999998 0.15999962]"
1665,1665,"[0.15999998 0.15999966 0.15999987 0.15999998 0.15999624 0.15999997
 0.15999999 0.15999999 0.15999998 0.15999964]"
1666,1666,"[0.15999998 0.15999966 0.15999988 0.15999998 0.15999636 0.15999997
 0.15999999 0.15999999 0.15999998 0.15999965]"
1667,1667,"[0.15999998 0.15999965 0.15999988 0.15999998 0.15999648 0.15999997
 0.15999999 0.15999999 0.15999998 0.15999966]"
1668,1668,"[0.15999997 0.15999965 0.15999989 0.15999999 0.15999659 0.15999997
 0.15999999 0.15999999 0.15999998 0.15999967]"
1669,1669,"[0.15999997 0.15999965 0.1599999  0.15999999 0.15999671 0.15999997
 0.15999999 0.16       0.15999997 0.15999968]"
1670,1670,"[0.15999997 0.15999964 0.1599999  0.15999999 0.15999683 0.15999997
 0.15999999 0.16       0.15999997 0.15999969]"
1671,1671,"[0.15999997 0.15999964 0.15999991 0.15999999 0.15999694 0.15999998
 0.15999999 0.16       0.15999997 0.1599997 ]"
1672,1672,"[0.15999997 0.15999964 0.15999991 0.15999999 0.15999706 0.15999998
 0.15999999 0.16       0.15999997 0.15999971]"
1673,1673,"[0.15999997 0.15999963 0.15999991 0.15999999 0.15999717 0.15999998
 0.15999999 0.16       0.15999997 0.15999971]"
1674,1674,"[0.15999997 0.15999963 0.15999992 0.15999999 0.15999728 0.15999998
 0.15999999 0.16       0.15999996 0.15999972]"
1675,1675,"[0.15999997 0.15999963 0.15999992 0.15999999 0.15999739 0.15999998
 0.15999999 0.16       0.15999996 0.15999973]"
1676,1676,"[0.15999997 0.15999962 0.15999992 0.15999999 0.15999749 0.15999998
 0.15999999 0.16       0.15999996 0.15999973]"
1677,1677,"[0.15999997 0.15999962 0.15999993 0.15999999 0.16000401 0.15999998
 0.15999999 0.16       0.15999996 0.15999974]"
1678,1678,"[0.15999997 0.15999962 0.15999993 0.15999999 0.15999895 0.15999998
 0.15999999 0.16       0.15999995 0.15999975]"
1679,1679,"[0.15999997 0.15999961 0.15999993 0.15999999 0.15999894 0.15999998
 0.15999999 0.16       0.15999995 0.15999975]"
1680,1680,"[0.15999997 0.15999961 0.15999993 0.15999999 0.15999893 0.15999998
 0.15999999 0.16       0.15999994 0.15999976]"
1681,1681,"[0.15999997 0.15999961 0.15999993 0.15999999 0.15999892 0.15999999
 0.15999999 0.16       0.15999994 0.15999976]"
1682,1682,"[0.15999997 0.15999961 0.15999993 0.16       0.15999891 0.15999999
 0.15999999 0.16000003 0.15999994 0.16000112]"
1683,1683,"[0.15999997 0.15999961 0.15999994 0.16       0.15999891 0.15999999
 0.15999999 0.15999991 0.15999993 0.15999928]"
1684,1684,"[0.15999997 0.15999961 0.15999994 0.16       0.1599989  0.15999999
 0.15999999 0.15999991 0.15999993 0.1599993 ]"
1685,1685,"[0.16002904 0.15999961 0.15999994 0.16       0.1599989  0.15999999
 0.16002627 0.15999991 0.16000034 0.15999903]"
1686,1686,"[0.15999822 0.15999961 0.15999994 0.16       0.15999889 0.15999999
 0.1599982  0.15999992 0.15999759 0.15999772]"
1687,1687,"[0.15999825 0.15999961 0.15999994 0.16       0.15999888 0.15999999
 0.15999828 0.15999992 0.15999768 0.15999781]"
1688,1688,"[0.15999827 0.15999961 0.15999995 0.16       0.15999887 0.15999999
 0.15999835 0.15999993 0.15999776 0.15999789]"
1689,1689,"[0.1599983  0.15999961 0.15999995 0.16       0.15999886 0.15999999
 0.15999842 0.15999993 0.15999784 0.15999797]"
1690,1690,"[0.15999832 0.15999961 0.15999995 0.16       0.15999885 0.15999999
 0.15999849 0.15999994 0.15999792 0.15999805]"
1691,1691,"[0.15999834 0.1599996  0.15999995 0.16       0.15999884 0.15999999
 0.15999856 0.15999994 0.159998   0.15999812]"
1692,1692,"[0.15999837 0.1599996  0.15999995 0.16       0.15999883 0.15999999
 0.15999862 0.15999995 0.15999808 0.1599982 ]"
1693,1693,"[0.15999839 0.1599996  0.15999995 0.16       0.15999883 0.15999999
 0.15999869 0.15999995 0.15999815 0.15999827]"
1694,1694,"[0.15999842 0.1599996  0.15999995 0.16       0.15999882 0.15999999
 0.15999875 0.15999995 0.15999822 0.15999834]"
1695,1695,"[0.16000098 0.1599996  0.15999995 0.16       0.15999881 0.15999999
 0.16000099 0.15999996 0.15999829 0.15999841]"
1696,1696,"[0.15999996 0.1599996  0.15999995 0.16       0.15999881 0.15999999
 0.15999991 0.15999996 0.15999835 0.15999848]"
1697,1697,"[0.15999996 0.1599996  0.15999996 0.16       0.15999881 0.15999999
 0.15999991 0.15999996 0.15999842 0.15999855]"
1698,1698,"[0.15999996 0.1599996  0.15999996 0.16       0.15999881 0.15999999
 0.15999991 0.15999997 0.15999848 0.15999861]"
1699,1699,"[0.15999996 0.1599996  0.15999996 0.16       0.15999881 0.15999999
 0.15999992 0.15999997 0.15999854 0.15999868]"
1700,1700,"[0.15999997 0.1599996  0.15999996 0.16       0.15999881 0.16
 0.15999992 0.15999997 0.1599986  0.15999874]"
1701,1701,"[0.15999997 0.1599996  0.15999996 0.16       0.15999881 0.16
 0.15999992 0.15999997 0.15999866 0.1599988 ]"
1702,1702,"[0.15999997 0.1599996  0.15999996 0.16       0.15999881 0.16
 0.15999993 0.15999998 0.15999874 0.15999887]"
1703,1703,"[0.15999997 0.1599996  0.15999996 0.16       0.15999881 0.16
 0.15999993 0.15999998 0.15999998 0.15999979]"
1704,1704,"[0.15999997 0.1599996  0.15999996 0.16       0.15999882 0.16
 0.15999993 0.15999998 0.15999998 0.1599998 ]"
1705,1705,"[0.15999997 0.15999977 0.15999996 0.16       0.15999882 0.16
 0.15999994 0.16000003 0.15999997 0.15999981]"
1706,1706,"[0.15999998 0.15999936 0.15999996 0.16       0.15999882 0.16
 0.15999994 0.15999898 0.15999996 0.15999982]"
1707,1707,"[0.16000022 0.15999933 0.15999996 0.16       0.15999859 0.16000036
 0.15999994 0.15999899 0.15999994 0.15999975]"
1708,1708,"[0.15999888 0.1599993  0.15999997 0.16       0.15999086 0.15999932
 0.15999994 0.159999   0.15999991 0.15999908]"
1709,1709,"[0.15999894 0.15999926 0.15999997 0.16       0.15999076 0.15999933
 0.15999995 0.15999901 0.15999987 0.15999911]"
1710,1710,"[0.15999901 0.15999922 0.15999997 0.16       0.15999068 0.15999933
 0.15999995 0.15999902 0.1599998  0.15999914]"
1711,1711,"[0.15999907 0.15999917 0.15999997 0.16       0.15999062 0.15999934
 0.15999995 0.15999903 0.15999969 0.15999917]"
1712,1712,"[0.15999912 0.15999913 0.15999997 0.16       0.1599906  0.15999934
 0.15999995 0.15999903 0.15999955 0.1599992 ]"
1713,1713,"[0.15999918 0.15999908 0.15999997 0.16       0.15999059 0.15999935
 0.15999996 0.15999904 0.15999941 0.15999923]"
1714,1714,"[0.15999923 0.15999904 0.15999996 0.15999998 0.15999061 0.15999936
 0.15999996 0.15999905 0.15999941 0.15999926]"
1715,1715,"[0.15999928 0.15999899 0.16       0.15999977 0.15999123 0.15999936
 0.15999996 0.16000121 0.1599996  0.15999928]"
1716,1716,"[0.16017049 0.15999894 0.16       0.15999977 0.15999179 0.16011174
 0.15999996 0.15999977 0.16000547 0.15999931]"
1717,1717,"[0.15999989 0.15999888 0.16       0.15999978 0.15999172 0.15999998
 0.15999997 0.15999977 0.15999958 0.15999934]"
1718,1718,"[0.15999989 0.15999883 0.16       0.1599997  0.15999167 0.15999999
 0.15999997 0.15999971 0.15999961 0.1600011 ]"
1719,1719,"[0.15999989 0.15999878 0.16       0.15999873 0.15999163 0.15999999
 0.15999997 0.15999849 0.15999965 0.1599997 ]"
1720,1720,"[0.15999989 0.15999872 0.16       0.15999876 0.15999162 0.15999999
 0.15999997 0.15999857 0.15999968 0.15999971]"
1721,1721,"[0.15999988 0.15999867 0.16       0.15999878 0.15999163 0.15999999
 0.15999998 0.15999865 0.15999971 0.15999972]"
1722,1722,"[0.15999988 0.15999862 0.16       0.15999881 0.15999165 0.15999999
 0.15999998 0.15999873 0.15999973 0.15999973]"
1723,1723,"[0.15999988 0.15999856 0.16       0.15999884 0.1599917  0.15999999
 0.15999998 0.1599988  0.15999976 0.15999974]"
1724,1724,"[0.15999987 0.15999851 0.16       0.15999886 0.15999177 0.15999999
 0.15999998 0.15999886 0.15999978 0.15999975]"
1725,1725,"[0.15999987 0.15999845 0.16       0.15999889 0.15999186 0.16
 0.15999998 0.15999892 0.1599998  0.15999976]"
1726,1726,"[0.15999987 0.15999839 0.16       0.15999891 0.15999196 0.16
 0.15999998 0.15999898 0.15999982 0.15999977]"
1727,1727,"[0.15999986 0.15999833 0.16       0.15999894 0.15999209 0.16
 0.15999998 0.15999904 0.15999983 0.15999978]"
1728,1728,"[0.15999986 0.15999827 0.16       0.15999896 0.15999223 0.16
 0.15999999 0.15999909 0.15999985 0.15999978]"
1729,1729,"[0.15999986 0.15999821 0.16       0.15999898 0.15999238 0.16
 0.15999999 0.15999914 0.15999986 0.15999979]"
1730,1730,"[0.15999986 0.15999815 0.16       0.15999901 0.15999255 0.16
 0.15999999 0.15999919 0.15999987 0.1599998 ]"
1731,1731,"[0.15999985 0.15999809 0.16       0.15999903 0.15999274 0.16
 0.15999999 0.15999923 0.15999989 0.15999981]"
1732,1732,"[0.15999985 0.15999803 0.16       0.15999905 0.15999293 0.16
 0.15999999 0.15999927 0.1599999  0.15999981]"
1733,1733,"[0.15999985 0.15999797 0.16       0.15999908 0.15999313 0.16
 0.15999999 0.15999931 0.15999991 0.15999982]"
1734,1734,"[0.15999985 0.1599979  0.16       0.1599991  0.15999334 0.16
 0.15999999 0.15999935 0.15999991 0.15999983]"
1735,1735,"[0.15999984 0.15999784 0.16       0.15999912 0.15999356 0.16
 0.15999999 0.15999938 0.15999992 0.15999983]"
1736,1736,"[0.15999984 0.15999778 0.16       0.15999914 0.15999967 0.16
 0.15999999 0.16000447 0.15999993 0.1599998 ]"
1737,1737,"[0.15999984 0.15999772 0.16       0.15999916 0.1599997  0.16
 0.15999999 0.15999626 0.15999994 0.15999883]"
1738,1738,"[0.15999984 0.15999768 0.16       0.15999919 0.1599997  0.16
 0.15999999 0.15999658 0.15999994 0.15999886]"
1739,1739,"[0.15999983 0.15999764 0.16       0.15999921 0.1599997  0.16
 0.15999999 0.15999688 0.15999995 0.15999888]"
1740,1740,"[0.15999983 0.15999759 0.16       0.15999924 0.1599997  0.16
 0.15999999 0.15999715 0.15999995 0.15999891]"
1741,1741,"[0.15999983 0.15999755 0.16       0.15999926 0.1599997  0.16
 0.15999999 0.1599974  0.15999996 0.15999893]"
1742,1742,"[0.15999983 0.15999751 0.16       0.15999928 0.1599997  0.16
 0.15999999 0.15999763 0.15999996 0.15999896]"
1743,1743,"[0.15999982 0.15999747 0.16       0.15999931 0.1599997  0.16
 0.15999999 0.15999785 0.15999997 0.15999899]"
1744,1744,"[0.15999982 0.15999743 0.16       0.15999933 0.1599997  0.16
 0.15999999 0.15999804 0.15999997 0.15999901]"
1745,1745,"[0.15999982 0.15999739 0.16       0.1600001  0.1599997  0.15999999
 0.15999999 0.15999822 0.15999997 0.15999904]"
1746,1746,"[0.15999982 0.15999734 0.15999993 0.16       0.1599997  0.15999999
 0.15999999 0.15999838 0.15999998 0.15999906]"
1747,1747,"[0.15999982 0.1599973  0.15999993 0.15999999 0.1599997  0.15999999
 0.15999999 0.15999853 0.15999998 0.15999909]"
1748,1748,"[0.15999982 0.15999726 0.15999993 0.15999999 0.1599997  0.15999999
 0.15999999 0.15999866 0.15999998 0.15999912]"
1749,1749,"[0.15999982 0.15999722 0.15999993 0.15999999 0.15999971 0.15999999
 0.15999999 0.15999879 0.15999998 0.15999914]"
1750,1750,"[0.15999969 0.15999717 0.15999993 0.16007249 0.15999971 0.15999892
 0.15999999 0.1599989  0.16000351 0.15999917]"
1751,1751,"[0.1599997  0.15999712 0.15999994 0.15999957 0.15999971 0.15999894
 0.15999999 0.159999   0.15999992 0.15999919]"
1752,1752,"[0.15999971 0.15999707 0.15999994 0.15999959 0.15999972 0.15999895
 0.15999999 0.15999909 0.15999993 0.15999921]"
1753,1753,"[0.15999972 0.15999702 0.15999994 0.15999962 0.15999972 0.15999897
 0.15999999 0.15999917 0.15999993 0.15999924]"
1754,1754,"[0.15999973 0.15999697 0.15999994 0.15999964 0.15999973 0.15999898
 0.15999999 0.15999925 0.15999994 0.15999926]"
1755,1755,"[0.15999974 0.15999693 0.15999995 0.15999966 0.15999973 0.159999
 0.15999999 0.15999932 0.15999994 0.15999928]"
1756,1756,"[0.15999975 0.15999688 0.15999995 0.15999968 0.15999974 0.15999901
 0.15999999 0.15999938 0.15999995 0.1599993 ]"
1757,1757,"[0.16000052 0.15999684 0.15999995 0.1599997  0.15999974 0.16000035
 0.15999999 0.15999943 0.15999995 0.15999932]"
1758,1758,"[0.15999983 0.16005454 0.15999995 0.15999971 0.15999975 0.16
 0.15999999 0.16001261 0.15999995 0.15999934]"
1759,1759,"[0.15999983 0.15999995 0.15999995 0.15999973 0.15999975 0.16
 0.15999999 0.15999994 0.15999996 0.15999936]"
1760,1760,"[0.15999983 0.15999995 0.15999995 0.15999975 0.15999976 0.16
 0.15999999 0.15999995 0.15999996 0.15999938]"
1761,1761,"[0.15999983 0.15999995 0.15999996 0.15999977 0.15999977 0.16
 0.15999999 0.15999995 0.15999996 0.1599994 ]"
1762,1762,"[0.15999983 0.15999995 0.15999996 0.15999979 0.15999977 0.16
 0.15999999 0.15999996 0.15999996 0.15999942]"
1763,1763,"[0.15999983 0.15999994 0.15999996 0.1599998  0.15999981 0.16
 0.1599998  0.15999996 0.15999997 0.15999944]"
1764,1764,"[0.15999983 0.15999994 0.15999996 0.15999981 0.15999664 0.16
 0.15999892 0.15999996 0.15999997 0.15999946]"
1765,1765,"[0.15999983 0.15999994 0.15999996 0.15999983 0.15999673 0.16
 0.15999894 0.15999997 0.15999997 0.15999948]"
1766,1766,"[0.15999984 0.15999994 0.15999996 0.15999984 0.15999682 0.16
 0.15999896 0.15999997 0.15999997 0.1599995 ]"
1767,1767,"[0.15999984 0.15999993 0.15999996 0.15999985 0.15999691 0.16
 0.15999898 0.15999997 0.15999997 0.15999951]"
1768,1768,"[0.15999984 0.15999993 0.15999997 0.15999986 0.159997   0.16
 0.159999   0.15999997 0.15999997 0.15999953]"
1769,1769,"[0.15999985 0.15999993 0.15999997 0.15999987 0.15999709 0.16
 0.15999902 0.15999997 0.15999998 0.15999955]"
1770,1770,"[0.15999985 0.15999992 0.15999997 0.15999987 0.15999718 0.16
 0.15999904 0.15999997 0.15999998 0.15999957]"
1771,1771,"[0.15999985 0.15999992 0.15999997 0.15999988 0.15999727 0.16
 0.15999906 0.15999998 0.15999998 0.15999958]"
1772,1772,"[0.15999986 0.15999992 0.15999997 0.15999989 0.15999736 0.16
 0.15999908 0.15999998 0.15999998 0.1599996 ]"
1773,1773,"[0.15999986 0.15999991 0.15999997 0.1599999  0.15999744 0.16
 0.1599991  0.15999998 0.15999998 0.15999961]"
1774,1774,"[0.15999986 0.15999991 0.15999997 0.1599999  0.15999753 0.16
 0.15999912 0.15999998 0.15999998 0.15999963]"
1775,1775,"[0.15999987 0.15999991 0.15999998 0.15999991 0.15999762 0.16
 0.15999914 0.15999998 0.15999998 0.15999964]"
1776,1776,"[0.15999987 0.1599999  0.15999998 0.15999991 0.1599977  0.16
 0.15999916 0.15999998 0.15999998 0.15999965]"
1777,1777,"[0.15999987 0.1599999  0.15999998 0.15999992 0.15999779 0.16
 0.15999917 0.15999998 0.15999998 0.15999967]"
1778,1778,"[0.15999988 0.15999989 0.15999998 0.15999993 0.15999787 0.16
 0.15999919 0.16000001 0.15999998 0.16002314]"
1779,1779,"[0.15999988 0.15999989 0.15999998 0.15999993 0.15999794 0.16
 0.15999922 0.15999999 0.16000026 0.1599992 ]"
1780,1780,"[0.15999988 0.15999989 0.15999998 0.15999993 0.15999801 0.16
 0.15999924 0.15999999 0.1599997  0.159998  ]"
1781,1781,"[0.15999988 0.15999989 0.15999998 0.15999993 0.15999808 0.16
 0.15999926 0.15999999 0.15999971 0.15999807]"
1782,1782,"[0.16000018 0.15999988 0.15999998 0.15999994 0.15999815 0.16
 0.15999928 0.15999999 0.15999983 0.15999813]"
1783,1783,"[0.16000023 0.15999988 0.15999998 0.15999994 0.15999822 0.1600005
 0.1599993  0.15999999 0.15999688 0.15999819]"
1784,1784,"[0.15999841 0.15999988 0.15999999 0.15999994 0.15999829 0.15999904
 0.15999931 0.15999999 0.15999701 0.15999826]"
1785,1785,"[0.15999848 0.15999987 0.15999999 0.15999994 0.15999836 0.15999907
 0.15999933 0.15999999 0.15999714 0.15999833]"
1786,1786,"[0.15999855 0.15999987 0.15999999 0.15999994 0.15999842 0.15999909
 0.15999934 0.15999999 0.15999727 0.1599984 ]"
1787,1787,"[0.16000006 0.15999987 0.15999999 0.15999995 0.15999849 0.16000047
 0.15999935 0.15999999 0.15999739 0.15999847]"
1788,1788,"[0.15999997 0.15999986 0.15999999 0.15999995 0.15999855 0.15999999
 0.15999937 0.15999999 0.15999751 0.15999853]"
1789,1789,"[0.15999997 0.15999986 0.15999996 0.15999986 0.15999861 0.15999999
 0.15999938 0.15999999 0.15999762 0.15999859]"
1790,1790,"[0.15999997 0.15999986 0.15999993 0.15999986 0.15999867 0.15999999
 0.1599994  0.15999999 0.15999773 0.15999865]"
1791,1791,"[0.15999997 0.15999985 0.15999994 0.15999987 0.15999872 0.15999999
 0.15999941 0.15999999 0.15999784 0.1599987 ]"
1792,1792,"[0.15999997 0.15999985 0.15999994 0.15999987 0.15999878 0.15999999
 0.15999943 0.15999999 0.15999795 0.15999876]"
1793,1793,"[0.16000203 0.15999984 0.15999995 0.15999988 0.15999883 0.15999999
 0.16000059 0.15999999 0.16000013 0.15999881]"
1794,1794,"[0.15999665 0.15999984 0.15999995 0.15999988 0.15999888 0.15999999
 0.15999991 0.15999999 0.15999997 0.15999885]"
1795,1795,"[0.15999668 0.15999983 0.15999996 0.15999989 0.15999893 0.15999999
 0.15999992 0.15999999 0.15999997 0.15999889]"
1796,1796,"[0.15999672 0.15999983 0.15999996 0.15999989 0.15999898 0.15999999
 0.15999992 0.15999999 0.15999997 0.15999893]"
1797,1797,"[0.15999676 0.15999982 0.15999996 0.1599999  0.15999903 0.15999999
 0.15999992 0.15999999 0.15999997 0.15999897]"
1798,1798,"[0.1599968  0.15999982 0.15999997 0.1599999  0.15999907 0.15999999
 0.15999993 0.15999999 0.15999998 0.159999  ]"
1799,1799,"[0.15999685 0.15999981 0.15999997 0.1599999  0.15999911 0.15999998
 0.15999993 0.15999999 0.15999998 0.15999903]"
1800,1800,"[0.15999689 0.15999981 0.15999997 0.15999991 0.16004987 0.15999998
 0.16002731 0.15999999 0.15999998 0.15999907]"
1801,1801,"[0.15999781 0.1599998  0.15999998 0.15999991 0.15999898 0.16000059
 0.15999703 0.15999999 0.15999998 0.1599991 ]"
1802,1802,"[0.15999859 0.1599998  0.15999998 0.15999991 0.15999899 0.15999912
 0.15999713 0.15999999 0.15999998 0.15999913]"
1803,1803,"[0.1599987  0.1599998  0.15999998 0.15999991 0.15999901 0.15999914
 0.15999723 0.15999999 0.15999999 0.15999917]"
1804,1804,"[0.15999881 0.1599998  0.15999998 0.15999992 0.15999902 0.15999916
 0.15999733 0.15999999 0.15999999 0.15999952]"
1805,1805,"[0.1599989  0.1599998  0.15999998 0.15999992 0.15999903 0.15999918
 0.15999744 0.15999999 0.15999999 0.15999976]"
1806,1806,"[0.15999899 0.15999979 0.15999999 0.15999992 0.15999904 0.1599992
 0.15999755 0.15999999 0.15999999 0.15999977]"
1807,1807,"[0.16004576 0.15999979 0.15999999 0.15999992 0.15999905 0.15999921
 0.15999765 0.15999999 0.16019653 0.15999978]"
1808,1808,"[0.15999987 0.15999978 0.15999999 0.15999992 0.15999906 0.15999923
 0.15999776 0.15999999 0.1603209  0.16004318]"
1809,1809,"[0.15999988 0.15999978 0.15999999 0.15999992 0.15999906 0.15999924
 0.15999786 0.15999999 0.15999983 0.15999894]"
1810,1810,"[0.15999989 0.15999977 0.15999999 0.15999996 0.15999908 0.15999926
 0.15999795 0.15999999 0.15999977 0.15999897]"
1811,1811,"[0.1599999  0.15999977 0.15999999 0.15999903 0.15999909 0.15999927
 0.15999805 0.16       0.15999981 0.159999  ]"
1812,1812,"[0.16000183 0.15999976 0.16       0.15999906 0.15999909 0.15999929
 0.16000066 0.16       0.15999983 0.15999903]"
1813,1813,"[0.15999778 0.15999975 0.16       0.15999908 0.15999911 0.1599993
 0.16       0.16       0.15999985 0.15999905]"
1814,1814,"[0.15999788 0.15999975 0.16       0.15999911 0.15999912 0.15999931
 0.16       0.16       0.15999987 0.15999907]"
1815,1815,"[0.15999798 0.15999974 0.16       0.15999913 0.15999914 0.15999933
 0.16       0.16       0.15999988 0.15999909]"
1816,1816,"[0.15999808 0.15999974 0.16       0.15999916 0.15999915 0.15999934
 0.16       0.16       0.15999989 0.15999911]"
1817,1817,"[0.15999817 0.15999973 0.16       0.15999918 0.15999917 0.15999936
 0.16       0.16       0.15999991 0.15999913]"
1818,1818,"[0.15999826 0.15999972 0.16       0.1599992  0.15999918 0.15999937
 0.15999999 0.16       0.15999992 0.15999915]"
1819,1819,"[0.15999835 0.15999972 0.16       0.15999922 0.1599992  0.15999938
 0.15999999 0.16       0.15999992 0.15999917]"
1820,1820,"[0.15999843 0.15999971 0.16       0.15999924 0.15999921 0.1599994
 0.15999999 0.16       0.15999993 0.15999919]"
1821,1821,"[0.15999851 0.1599997  0.16       0.15999926 0.15999923 0.15999941
 0.15999999 0.16       0.15999994 0.1599992 ]"
1822,1822,"[0.15999858 0.1599997  0.16       0.15999928 0.15999924 0.15999942
 0.15999999 0.16       0.15999995 0.15999922]"
1823,1823,"[0.15999866 0.15999969 0.16       0.1599993  0.15999925 0.15999944
 0.15999999 0.16       0.15999995 0.15999924]"
1824,1824,"[0.15999872 0.15999968 0.16       0.15999932 0.15999927 0.15999945
 0.15999999 0.16       0.15999996 0.15999925]"
1825,1825,"[0.15999879 0.15999967 0.16       0.15999934 0.15999928 0.15999946
 0.15999999 0.16       0.15999996 0.15999927]"
1826,1826,"[0.15999885 0.15999966 0.16000004 0.16000015 0.15999929 0.15999947
 0.15999999 0.16       0.15999997 0.15999928]"
1827,1827,"[0.15999891 0.15999966 0.15999991 0.16       0.15999931 0.15999948
 0.15999999 0.16       0.15999997 0.1599993 ]"
1828,1828,"[0.16001253 0.15999965 0.15999991 0.16000745 0.15999932 0.16001942
 0.15999999 0.16       0.16000156 0.15999931]"
1829,1829,"[0.16       0.15999964 0.15999991 0.1599995  0.15999934 0.15999977
 0.15999999 0.16       0.15999973 0.15999933]"
1830,1830,"[0.16       0.15999963 0.15999991 0.15999953 0.15999936 0.15999977
 0.15999999 0.16       0.15999979 0.15999935]"
1831,1831,"[0.16       0.15999962 0.15999992 0.15999956 0.15999938 0.15999978
 0.15999999 0.16       0.15999987 0.15999938]"
1832,1832,"[0.16       0.15999962 0.15999992 0.15999959 0.15999939 0.15999979
 0.15999999 0.16       0.15999994 0.15999939]"
1833,1833,"[0.16       0.15999961 0.15999992 0.15999962 0.16000327 0.1599998
 0.16000032 0.16000174 0.15999998 0.16023242]"
1834,1834,"[0.16       0.1599996  0.15999993 0.15999964 0.15999766 0.15999981
 0.15999883 0.15999998 0.16       0.15999968]"
1835,1835,"[0.16       0.15999959 0.15999993 0.15999966 0.15999773 0.15999981
 0.15999886 0.15999998 0.16       0.15999969]"
1836,1836,"[0.16       0.15999958 0.15999994 0.15999968 0.15999781 0.15999982
 0.15999888 0.15999998 0.16000514 0.16000061]"
1837,1837,"[0.16       0.15999957 0.15999994 0.15999969 0.15999788 0.15999982
 0.15999891 0.15999998 0.15999747 0.15999858]"
1838,1838,"[0.16       0.15999956 0.15999994 0.15999971 0.15999796 0.15999983
 0.15999894 0.15999998 0.15999759 0.15999864]"
1839,1839,"[0.16       0.15999955 0.15999995 0.15999972 0.15999804 0.15999983
 0.15999896 0.15999998 0.15999771 0.15999869]"
1840,1840,"[0.16       0.15999954 0.15999995 0.15999974 0.15999811 0.15999984
 0.15999898 0.15999998 0.15999783 0.15999874]"
1841,1841,"[0.16       0.15999953 0.15999995 0.15999975 0.15999818 0.15999984
 0.15999901 0.15999998 0.15999793 0.15999879]"
1842,1842,"[0.16000012 0.15999951 0.15999995 0.15999976 0.15999826 0.15999985
 0.15999903 0.15999998 0.16000012 0.15999884]"
1843,1843,"[0.15999983 0.1599995  0.15999996 0.15999977 0.15999832 0.15999985
 0.15999906 0.15999998 0.15999996 0.15999888]"
1844,1844,"[0.15999983 0.15999949 0.15999996 0.15999978 0.15999839 0.15999985
 0.15999908 0.15999998 0.15999997 0.15999903]"
1845,1845,"[0.15999983 0.15999948 0.15999996 0.1599998  0.15999845 0.15999986
 0.15999911 0.15999998 0.15999952 0.15999983]"
1846,1846,"[0.15999983 0.15999947 0.15999997 0.15999981 0.16000283 0.15999986
 0.16000053 0.15999998 0.15999955 0.15999984]"
1847,1847,"[0.15999983 0.15999947 0.15999997 0.15999982 0.15999914 0.15999986
 0.15999997 0.15999998 0.15999957 0.15999984]"
1848,1848,"[0.15999983 0.15999946 0.15999997 0.15999983 0.15999916 0.15999987
 0.15999997 0.15999998 0.1599996  0.15999985]"
1849,1849,"[0.15999983 0.15999945 0.15999997 0.16000029 0.15999918 0.15999987
 0.15999997 0.15999998 0.15999962 0.15999985]"
1850,1850,"[0.15999982 0.15999945 0.15999997 0.15999991 0.1599992  0.15999987
 0.15999997 0.15999998 0.15999965 0.15999986]"
1851,1851,"[0.16002668 0.15999944 0.15999997 0.15999991 0.15999922 0.15999988
 0.16002487 0.15999999 0.15999968 0.15999987]"
1852,1852,"[0.15999636 0.15999943 0.15999997 0.15999991 0.15999924 0.15999988
 0.1599976  0.15999999 0.1599997  0.15999987]"
1853,1853,"[0.1599964  0.15999942 0.15999997 0.15999992 0.15999925 0.15999988
 0.15999769 0.15999999 0.15999973 0.15999988]"
1854,1854,"[0.15999644 0.15999941 0.15999997 0.15999992 0.15999926 0.15999989
 0.15999779 0.15999999 0.15999975 0.15999988]"
1855,1855,"[0.15999649 0.1599994  0.15999997 0.15999992 0.15999928 0.15999989
 0.15999788 0.15999999 0.15999976 0.15999988]"
1856,1856,"[0.15999654 0.15999939 0.15999997 0.15999992 0.15999929 0.15999989
 0.15999797 0.15999999 0.15999978 0.15999989]"
1857,1857,"[0.16002675 0.15999938 0.15999998 0.15999992 0.1599993  0.1599999
 0.16002681 0.15999999 0.1599998  0.15999989]"
1858,1858,"[0.15999981 0.15999937 0.15999998 0.15999993 0.15999932 0.1599999
 0.16       0.15999999 0.15999982 0.1599999 ]"
1859,1859,"[0.1599998  0.15999936 0.15999998 0.15999993 0.15999933 0.1599999
 0.16       0.15999999 0.15999983 0.1599999 ]"
1860,1860,"[0.1599998  0.15999935 0.15999998 0.15999993 0.15999935 0.15999991
 0.16       0.15999999 0.15999985 0.15999991]"
1861,1861,"[0.1599998  0.15999934 0.15999998 0.15999993 0.15999937 0.15999991
 0.16       0.15999999 0.15999986 0.15999991]"
1862,1862,"[0.15999979 0.15999933 0.15999998 0.15999993 0.15999938 0.15999992
 0.16       0.15999999 0.15999987 0.15999991]"
1863,1863,"[0.15999998 0.15999932 0.15999998 0.15999993 0.1599994  0.15999992
 0.16       0.15999999 0.16       0.15999992]"
1864,1864,"[0.15999998 0.15999931 0.15999998 0.15999993 0.15999941 0.15999992
 0.16       0.15999999 0.16       0.15999992]"
1865,1865,"[0.15999999 0.1599993  0.15999998 0.15999994 0.15999943 0.15999993
 0.16       0.15999999 0.16       0.15999993]"
1866,1866,"[0.15999999 0.15999929 0.15999998 0.15999994 0.16000324 0.15999993
 0.16000044 0.15999999 0.16       0.15999993]"
1867,1867,"[0.15999999 0.15999928 0.15999998 0.15999994 0.15999763 0.15999994
 0.15999892 0.15999999 0.16       0.15999993]"
1868,1868,"[0.15999999 0.15999927 0.15999998 0.15999994 0.15999771 0.15999994
 0.15999894 0.15999999 0.16       0.15999993]"
1869,1869,"[0.15999999 0.15999926 0.15999998 0.16000033 0.1599978  0.15999994
 0.15999897 0.15999999 0.16       0.15999994]"
1870,1870,"[0.15999999 0.15999925 0.15999998 0.15999977 0.15999788 0.15999994
 0.15999899 0.15999999 0.16       0.15999994]"
1871,1871,"[0.15999999 0.15999924 0.15999998 0.15999978 0.15999796 0.15999994
 0.15999901 0.15999999 0.16       0.15999994]"
1872,1872,"[0.15999999 0.15999923 0.15999998 0.15999979 0.15999804 0.15999994
 0.15999904 0.15999999 0.16       0.15999994]"
1873,1873,"[0.15999999 0.15999922 0.15999999 0.1599998  0.15999812 0.15999995
 0.15999906 0.15999999 0.16       0.15999994]"
1874,1874,"[0.15999999 0.15999921 0.15999999 0.15999981 0.15999819 0.15999995
 0.15999909 0.15999999 0.15999999 0.15999994]"
1875,1875,"[0.15999999 0.1599992  0.15999999 0.15999982 0.16000289 0.15999995
 0.16000052 0.15999999 0.15999999 0.15999994]"
1876,1876,"[0.15999999 0.15999919 0.15999999 0.15999984 0.15999924 0.15999995
 0.15999998 0.15999999 0.15999998 0.15999995]"
1877,1877,"[0.15999999 0.15999919 0.15999999 0.15999985 0.15999926 0.15999995
 0.15999998 0.15999999 0.15999996 0.15999995]"
1878,1878,"[0.15999999 0.15999918 0.15999999 0.15999986 0.15999927 0.15999996
 0.15999998 0.15999999 0.15999995 0.15999995]"
1879,1879,"[0.15999999 0.15999917 0.15999999 0.15999987 0.15999929 0.15999996
 0.15999998 0.16       0.15999992 0.15999995]"
1880,1880,"[0.16       0.15999917 0.15999999 0.15999988 0.15999931 0.15999996
 0.15999998 0.16       0.1599999  0.15999996]"
1881,1881,"[0.16       0.15999916 0.15999999 0.15999988 0.15999933 0.15999996
 0.15999998 0.16       0.15999988 0.15999996]"
1882,1882,"[0.16       0.15999916 0.16000015 0.16000032 0.15999934 0.15999996
 0.15999998 0.16       0.15999985 0.15999996]"
1883,1883,"[0.16       0.15999915 0.15999985 0.15999984 0.15999936 0.15999997
 0.15999998 0.16       0.15999983 0.15999996]"
1884,1884,"[0.16       0.15999914 0.15999986 0.15999985 0.15999937 0.15999997
 0.15999999 0.16       0.15999981 0.15999996]"
1885,1885,"[0.16       0.15999914 0.15999988 0.15999985 0.15999939 0.15999997
 0.15999999 0.16       0.1599998  0.15999996]"
1886,1886,"[0.16       0.15999913 0.15999989 0.15999985 0.1599994  0.15999997
 0.15999999 0.16       0.15999979 0.15999997]"
1887,1887,"[0.16       0.15999912 0.1599999  0.15999982 0.15999941 0.15999997
 0.15999999 0.16       0.16000018 0.15999997]"
1888,1888,"[0.16       0.15999912 0.15999991 0.1599989  0.15999943 0.15999998
 0.15999999 0.16       0.15999999 0.15999997]"
1889,1889,"[0.16       0.15999911 0.15999992 0.15999893 0.15999944 0.15999998
 0.15999999 0.16       0.15999999 0.15999997]"
1890,1890,"[0.16       0.1599991  0.15999993 0.15999896 0.15999945 0.15999998
 0.15999999 0.16       0.15999999 0.15999997]"
1891,1891,"[0.16       0.1599991  0.15999994 0.15999899 0.15999946 0.15999998
 0.15999999 0.16       0.15999999 0.15999998]"
1892,1892,"[0.16       0.15999909 0.15999994 0.15999906 0.15999947 0.15999998
 0.15999999 0.16       0.16       0.15999997]"
1893,1893,"[0.16       0.15999909 0.15999995 0.1599999  0.15999948 0.15999998
 0.15999999 0.15999993 0.15999963 0.15999853]"
1894,1894,"[0.16       0.15999907 0.15999996 0.1599999  0.15999949 0.15999999
 0.15999999 0.15999993 0.15999964 0.15999857]"
1895,1895,"[0.16       0.15999906 0.15999996 0.1599999  0.1599995  0.15999999
 0.16       0.15999993 0.15999966 0.15999861]"
1896,1896,"[0.16       0.15999905 0.15999997 0.1599999  0.1599995  0.15999999
 0.16       0.15999993 0.15999968 0.15999865]"
1897,1897,"[0.16       0.15999904 0.15999997 0.1599999  0.15999952 0.15999999
 0.16       0.15999993 0.15999969 0.15999868]"
1898,1898,"[0.16       0.15999903 0.15999998 0.1599999  0.15999745 0.15999999
 0.15999889 0.15999994 0.15999971 0.15999872]"
1899,1899,"[0.16       0.15999902 0.15999998 0.1599999  0.15999756 0.15999999
 0.1599989  0.15999994 0.15999973 0.15999876]"
1900,1900,"[0.16       0.159999   0.16000011 0.16000046 0.15999766 0.15999999
 0.15999892 0.15999994 0.15999975 0.15999879]"
1901,1901,"[0.16       0.15999899 0.15999991 0.15999972 0.15999776 0.16
 0.15999894 0.15999994 0.15999977 0.15999883]"
1902,1902,"[0.16       0.15999898 0.15999991 0.15999974 0.15999786 0.16
 0.15999895 0.15999994 0.15999978 0.15999887]"
1903,1903,"[0.16000069 0.15999897 0.15999991 0.15999975 0.15999796 0.16000056
 0.15999897 0.15999995 0.1599998  0.15999891]"
1904,1904,"[0.1599987  0.15999896 0.15999991 0.15999977 0.15999805 0.15999895
 0.15999899 0.15999995 0.15999981 0.15999894]"
1905,1905,"[0.15999876 0.15999896 0.15999992 0.15999979 0.16042595 0.15999897
 0.16011431 0.15999995 0.15999983 0.15999897]"
1906,1906,"[0.15999882 0.15999896 0.15999992 0.1599998  0.15999929 0.15999899
 0.15999998 0.15999995 0.15999984 0.159999  ]"
1907,1907,"[0.15999888 0.15999895 0.15999992 0.16000038 0.1599993  0.159999
 0.15999998 0.16000046 0.16000034 0.16002479]"
1908,1908,"[0.15999894 0.15999896 0.15999992 0.15999987 0.15999931 0.15999902
 0.15999999 0.16       0.15999988 0.15999987]"
1909,1909,"[0.15999899 0.15999896 0.15999992 0.15999987 0.15999933 0.15999905
 0.15999999 0.16       0.15999989 0.15999988]"
1910,1910,"[0.15999905 0.15999897 0.15999992 0.15999987 0.15999934 0.15999907
 0.15999999 0.16       0.1599999  0.15999989]"
1911,1911,"[0.1599991  0.15999897 0.15999993 0.15999988 0.15999936 0.15999909
 0.15999999 0.16       0.15999992 0.1599999 ]"
1912,1912,"[0.15999915 0.15999897 0.15999993 0.15999988 0.15999937 0.15999911
 0.15999999 0.16       0.15999993 0.1599999 ]"
1913,1913,"[0.15999919 0.15999898 0.15999993 0.15999988 0.15999939 0.15999913
 0.15999999 0.15999999 0.15999994 0.15999991]"
1914,1914,"[0.15999924 0.15999898 0.15999993 0.15999988 0.1599994  0.15999915
 0.15999999 0.15999999 0.15999994 0.15999992]"
1915,1915,"[0.15999928 0.15999898 0.15999993 0.15999989 0.15999941 0.15999917
 0.15999999 0.15999999 0.15999995 0.15999992]"
1916,1916,"[0.1600139  0.15999899 0.15999993 0.15999989 0.15999943 0.16001818
 0.15999999 0.15999999 0.15999996 0.15999993]"
1917,1917,"[0.15999996 0.15999899 0.15999994 0.15999989 0.15999944 0.15999994
 0.15999999 0.15999999 0.15999996 0.15999993]"
1918,1918,"[0.15999996 0.15999899 0.15999994 0.15999989 0.15999945 0.15999994
 0.16       0.15999999 0.15999997 0.15999993]"
1919,1919,"[0.15999996 0.15999899 0.15999994 0.15999989 0.15999947 0.15999994
 0.16       0.15999999 0.15999997 0.15999994]"
1920,1920,"[0.15999996 0.15999899 0.15999994 0.1599999  0.15999948 0.15999995
 0.16       0.15999999 0.15999998 0.15999994]"
1921,1921,"[0.15999996 0.15999899 0.15999994 0.1599999  0.15999949 0.15999995
 0.16       0.15999999 0.15999998 0.15999994]"
1922,1922,"[0.15999996 0.15999899 0.15999994 0.1599999  0.1599995  0.15999995
 0.16       0.15999998 0.15999998 0.15999995]"
1923,1923,"[0.15999996 0.15999899 0.15999994 0.1599999  0.15999991 0.15999996
 0.16000004 0.15999998 0.15999999 0.15999995]"
1924,1924,"[0.15999996 0.15999899 0.15999994 0.1599999  0.1599975  0.15999996
 0.15999878 0.15999998 0.15999999 0.15999995]"
1925,1925,"[0.15999996 0.15999898 0.15999995 0.16000043 0.1599976  0.15999996
 0.15999881 0.15999998 0.16000031 0.15999996]"
1926,1926,"[0.16000065 0.15999898 0.15999995 0.15999973 0.15999769 0.15999996
 0.16000024 0.15999998 0.15999957 0.15999996]"
1927,1927,"[0.15999714 0.15999898 0.15999995 0.15999975 0.15999778 0.15999996
 0.16       0.15999998 0.15999961 0.15999996]"
1928,1928,"[0.1599972  0.15999898 0.15999995 0.15999976 0.15999787 0.15999997
 0.16       0.15999998 0.15999964 0.15999996]"
1929,1929,"[0.15999726 0.15999898 0.15999995 0.15999978 0.15999796 0.15999997
 0.16       0.15999997 0.15999967 0.15999996]"
1930,1930,"[0.15999733 0.15999897 0.15999995 0.15999979 0.16000294 0.15999997
 0.16000111 0.15999997 0.15999969 0.15999996]"
1931,1931,"[0.15999739 0.15999897 0.15999996 0.1599998  0.1599993  0.15999997
 0.15999783 0.15999997 0.15999971 0.15999996]"
1932,1932,"[0.15999745 0.15999952 0.15999996 0.15999982 0.15999931 0.15999997
 0.15999791 0.16000034 0.15999973 0.15999996]"
1933,1933,"[0.15999751 0.15999971 0.15999996 0.15999984 0.15999932 0.15999997
 0.159998   0.15999828 0.15999976 0.15999996]"
1934,1934,"[0.15999756 0.1599997  0.15999996 0.15999982 0.15999933 0.15999997
 0.15999808 0.15999831 0.15999992 0.15999996]"
1935,1935,"[0.15999761 0.15999969 0.15999996 0.15999983 0.16000315 0.15999998
 0.16000115 0.15999841 0.15999993 0.16000102]"
1936,1936,"[0.15999767 0.16000122 0.15999996 0.15999983 0.16000099 0.15999998
 0.15999994 0.15999863 0.15999994 0.15999862]"
1937,1937,"[0.15999772 0.15999933 0.15999995 0.15999984 0.15999997 0.15999998
 0.15999994 0.15999875 0.15999994 0.15999866]"
1938,1938,"[0.15999778 0.1599993  0.15999995 0.15999984 0.15999997 0.15999998
 0.15999993 0.15999886 0.15999995 0.1599987 ]"
1939,1939,"[0.15999783 0.15999928 0.15999995 0.15999984 0.15999997 0.15999999
 0.15999993 0.15999896 0.15999996 0.15999874]"
1940,1940,"[0.16000034 0.15999925 0.15999995 0.15999984 0.15999997 0.15999999
 0.16000008 0.15999905 0.15999997 0.15999878]"
1941,1941,"[0.16000001 0.15999923 0.15999995 0.15999985 0.15999997 0.16000001
 0.15999865 0.15999913 0.15999997 0.15999881]"
1942,1942,"[0.15999855 0.1599992  0.15999995 0.15999985 0.15999997 0.15999883
 0.15999867 0.15999921 0.15999997 0.15999884]"
1943,1943,"[0.15999862 0.15999917 0.15999995 0.15999985 0.15999997 0.15999884
 0.15999868 0.15999928 0.15999998 0.15999887]"
1944,1944,"[0.15999868 0.15999914 0.15999995 0.15999986 0.15999997 0.15999885
 0.15999869 0.15999934 0.15999998 0.1599989 ]"
1945,1945,"[0.15999873 0.15999911 0.15999995 0.15999986 0.15999997 0.15999887
 0.15999871 0.1599994  0.15999998 0.15999892]"
1946,1946,"[0.15999879 0.15999907 0.15999995 0.15999986 0.15999997 0.15999888
 0.15999872 0.15999945 0.15999999 0.15999895]"
1947,1947,"[0.15999884 0.15999904 0.15999995 0.16000045 0.15999997 0.15999889
 0.15999874 0.1599995  0.16000033 0.15999897]"
1948,1948,"[0.15999889 0.159999   0.15999995 0.15999977 0.15999997 0.15999891
 0.15999876 0.15999954 0.15999956 0.159999  ]"
1949,1949,"[0.15999894 0.15999897 0.15999995 0.15999978 0.15999997 0.15999892
 0.15999877 0.15999958 0.15999959 0.15999903]"
1950,1950,"[0.15999898 0.15999893 0.15999995 0.1599998  0.15999997 0.15999894
 0.15999879 0.15999961 0.15999963 0.15999906]"
1951,1951,"[0.15999903 0.1599989  0.15999995 0.15999981 0.16000515 0.15999895
 0.16002023 0.15999964 0.15999966 0.15999908]"
1952,1952,"[0.15999907 0.15999886 0.15999995 0.15999982 0.15999927 0.15999897
 0.15999998 0.15999967 0.15999969 0.15999911]"
1953,1953,"[0.16000136 0.15999882 0.15999995 0.15999983 0.15999925 0.15999899
 0.15999982 0.1599997  0.15999972 0.15999914]"
1954,1954,"[0.15999887 0.15999878 0.15999977 0.15999969 0.15999922 0.159999
 0.15999787 0.15999972 0.16000035 0.15999917]"
1955,1955,"[0.15999898 0.15999874 0.15999979 0.15999877 0.15999919 0.15999902
 0.15999795 0.15999975 0.15999992 0.1599992 ]"
1956,1956,"[0.15999907 0.1599987  0.15999981 0.15999881 0.15999916 0.15999903
 0.15999803 0.15999977 0.15999993 0.15999923]"
1957,1957,"[0.15999916 0.15999865 0.15999983 0.15999885 0.15999913 0.15999905
 0.15999811 0.15999979 0.15999994 0.15999925]"
1958,1958,"[0.15999924 0.15999861 0.15999985 0.15999893 0.15999909 0.15999906
 0.15999818 0.15999981 0.15999996 0.15999928]"
1959,1959,"[0.15999901 0.15999857 0.15999986 0.15999984 0.1600116  0.16000088
 0.16003384 0.15999983 0.15999969 0.1599993 ]"
1960,1960,"[0.15999753 0.15999854 0.15999988 0.15999984 0.16       0.15999989
 0.15999993 0.15999984 0.15999972 0.15999933]"
1961,1961,"[0.1599976  0.1599985  0.15999991 0.15999988 0.16       0.1599999
 0.15999993 0.15999985 0.15999974 0.15999936]"
1962,1962,"[0.15999768 0.15999846 0.15999989 0.1599997  0.16       0.15999991
 0.15999993 0.15999986 0.15999976 0.15999938]"
1963,1963,"[0.16000029 0.15999843 0.15999989 0.15999972 0.16       0.15999991
 0.16000012 0.15999987 0.15999978 0.15999941]"
1964,1964,"[0.15999998 0.15999839 0.1599999  0.15999974 0.16       0.15999992
 0.15999853 0.15999988 0.1599998  0.15999944]"
1965,1965,"[0.15999998 0.15999835 0.1599999  0.15999975 0.16       0.15999993
 0.15999857 0.15999989 0.15999982 0.15999946]"
1966,1966,"[0.15999998 0.15999831 0.1599999  0.15999977 0.16       0.15999993
 0.1599986  0.1599999  0.15999983 0.15999948]"
1967,1967,"[0.15999998 0.15999827 0.15999991 0.15999978 0.16       0.15999994
 0.15999863 0.15999991 0.15999984 0.1599995 ]"
1968,1968,"[0.15999998 0.15999823 0.15999991 0.15999979 0.16       0.15999994
 0.15999866 0.15999991 0.15999986 0.15999952]"
1969,1969,"[0.15999998 0.15999819 0.15999991 0.16000956 0.16       0.15999995
 0.1599987  0.15999992 0.16000826 0.15999954]"
1970,1970,"[0.15999998 0.15999815 0.15999992 0.15999984 0.16       0.15999995
 0.15999873 0.15999993 0.15999983 0.15999956]"
1971,1971,"[0.15999998 0.15999811 0.15999992 0.15999985 0.16       0.15999995
 0.15999876 0.15999993 0.15999985 0.15999957]"
1972,1972,"[0.16000089 0.15999807 0.15999992 0.15999986 0.16       0.1600009
 0.1599988  0.15999994 0.15999986 0.15999959]"
1973,1973,"[0.15999862 0.15999802 0.15999992 0.15999986 0.16       0.15999884
 0.15999883 0.15999994 0.15999987 0.1599996 ]"
1974,1974,"[0.15999867 0.15999798 0.16000333 0.16000206 0.16       0.15999886
 0.15999885 0.15999995 0.15999989 0.15999961]"
1975,1975,"[0.16000071 0.15999793 0.1600003  0.15999978 0.16       0.16000082
 0.15999888 0.15999995 0.1599999  0.15999963]"
1976,1976,"[0.15999998 0.15999789 0.15999992 0.1599999  0.16       0.15999994
 0.15999891 0.15999996 0.15999991 0.15999964]"
1977,1977,"[0.16000063 0.15999785 0.15999992 0.1599999  0.16       0.15999995
 0.16000052 0.15999996 0.15999991 0.15999965]"
1978,1978,"[0.15999774 0.15999781 0.15999992 0.15999991 0.16       0.15999995
 0.15999999 0.15999996 0.15999992 0.15999967]"
1979,1979,"[0.15999782 0.15999777 0.15999993 0.16009563 0.16       0.15999995
 0.15999999 0.15999997 0.16009931 0.15999968]"
1980,1980,"[0.1599979  0.15999774 0.15999993 0.1599997  0.16       0.15999995
 0.15999999 0.15999997 0.15999964 0.1599997 ]"
1981,1981,"[0.15999798 0.1599977  0.15999993 0.15999972 0.16       0.15999996
 0.15999999 0.15999997 0.15999965 0.15999971]"
1982,1982,"[0.16004392 0.15999767 0.15999993 0.15999973 0.16       0.16005512
 0.16000001 0.15999997 0.15999966 0.15999973]"
1983,1983,"[0.15999995 0.15999763 0.15999994 0.15999975 0.15999899 0.15999881
 0.15999764 0.15999997 0.15999967 0.15999974]"
1984,1984,"[0.15999996 0.15999758 0.16000845 0.16001196 0.15999896 0.15999884
 0.1599977  0.15999998 0.15999968 0.15999975]"
1985,1985,"[0.15999996 0.15999754 0.15999977 0.15999986 0.15999893 0.15999887
 0.15999777 0.15999998 0.15999968 0.15999977]"
1986,1986,"[0.15999996 0.1599975  0.15999979 0.15999984 0.1599989  0.1599989
 0.15999783 0.15999998 0.16000066 0.15999978]"
1987,1987,"[0.15999997 0.15999746 0.15999981 0.15999894 0.15999939 0.15999893
 0.15999887 0.16000046 0.15999978 0.16000069]"
1988,1988,"[0.15999997 0.15999742 0.15999985 0.15999904 0.16       0.15999896
 0.15999999 0.15999885 0.1599998  0.15999942]"
1989,1989,"[0.15999998 0.15999739 0.15999991 0.16000045 0.16       0.15999898
 0.15999999 0.15999889 0.16000084 0.15999943]"
1990,1990,"[0.16000106 0.15999735 0.15999991 0.15999965 0.16       0.15999901
 0.16000038 0.15999891 0.15999941 0.15999945]"
1991,1991,"[0.15999836 0.15999732 0.15999992 0.15999966 0.16       0.15999904
 0.15999874 0.15999894 0.15999938 0.15999946]"
1992,1992,"[0.15999913 0.15999729 0.15999992 0.16000811 0.16       0.15999961
 0.15999877 0.15999896 0.1600191  0.15999948]"
1993,1993,"[0.15999999 0.15999726 0.15999993 0.15999992 0.16       0.15999985
 0.1599988  0.15999899 0.15999975 0.15999949]"
1994,1994,"[0.16       0.15999723 0.15999993 0.15999993 0.16       0.15999985
 0.15999884 0.15999902 0.15999977 0.1599995 ]"
1995,1995,"[0.16       0.15999721 0.15999993 0.15999994 0.16       0.15999986
 0.15999888 0.15999905 0.15999979 0.15999951]"
1996,1996,"[0.16       0.15999719 0.15999994 0.15999994 0.16       0.15999987
 0.15999891 0.15999908 0.15999981 0.15999953]"
1997,1997,"[0.15999948 0.15999717 0.15999994 0.15999997 0.16       0.15999987
 0.16000018 0.15999984 0.1599999  0.16000018]"
1998,1998,"[0.15999814 0.15999716 0.15999994 0.15999962 0.16       0.15999988
 0.15999999 0.15999986 0.15999807 0.16000021]"
1999,1999,"[0.15999821 0.15999715 0.15999995 0.16000038 0.16       0.15999988
 0.15999999 0.15999988 0.16000015 0.15999999]"
2000,2000,"[0.15999828 0.15999714 0.15999995 0.15999994 0.16       0.15999989
 0.15999999 0.15999989 0.15999996 0.15999999]"
2001,2001,"[0.15999835 0.15999713 0.15999995 0.15999995 0.16       0.15999989
 0.15999999 0.15999991 0.15999996 0.15999999]"
2002,2002,"[0.15999937 0.15999712 0.15999996 0.15999995 0.16       0.1599999
 0.15999985 0.15999992 0.15999996 0.15999999]"
2003,2003,"[0.16       0.15999711 0.15999996 0.15999996 0.16       0.1599999
 0.15999899 0.15999993 0.15999996 0.15999999]"
2004,2004,"[0.16       0.15999711 0.15999996 0.15999996 0.16       0.15999991
 0.15999903 0.15999993 0.15999997 0.15999999]"
2005,2005,"[0.16       0.15999711 0.15999996 0.15999996 0.16       0.15999991
 0.15999906 0.15999994 0.15999997 0.15999999]"
2006,2006,"[0.16       0.15999711 0.15999997 0.15999996 0.16000006 0.15999992
 0.15999947 0.15999995 0.15999997 0.15999999]"
2007,2007,"[0.16       0.15999711 0.15999997 0.15999997 0.15999894 0.15999992
 0.15999986 0.15999995 0.15999997 0.15999999]"
2008,2008,"[0.16       0.15999711 0.15999997 0.15999997 0.15999892 0.15999992
 0.15999986 0.15999996 0.15999997 0.15999999]"
2009,2009,"[0.15999951 0.15999711 0.15999997 0.15999997 0.15999891 0.15999981
 0.15999987 0.15999996 0.15999998 0.15999999]"
2010,2010,"[0.15999808 0.15999712 0.16000037 0.16000011 0.15999889 0.15999887
 0.15999987 0.15999997 0.15999998 0.15999999]"
2011,2011,"[0.15999815 0.15999712 0.16000033 0.16000004 0.15999887 0.1599989
 0.15999987 0.15999997 0.15999998 0.15999999]"
2012,2012,"[0.15999821 0.15999712 0.15999997 0.15999998 0.15999885 0.15999894
 0.15999988 0.15999997 0.15999998 0.15999999]"
2013,2013,"[0.15999896 0.15999713 0.15999997 0.15999999 0.15999883 0.15999898
 0.15999975 0.15999998 0.15999998 0.15999999]"
2014,2014,"[0.16002428 0.15999714 0.15999997 0.15999999 0.15999881 0.16003591
 0.15999744 0.15999998 0.15999998 0.15999999]"
2015,2015,"[0.15999827 0.15999716 0.15999998 0.15999999 0.15999996 0.15999988
 0.1599999  0.15999998 0.15999998 0.15999999]"
2016,2016,"[0.15999834 0.15999718 0.15999998 0.15999999 0.15999993 0.15999988
 0.15999999 0.15999998 0.15999999 0.15999999]"
2017,2017,"[0.16000193 0.1599972  0.15999998 0.15999999 0.15999993 0.15999989
 0.16000045 0.15999999 0.15999999 0.15999999]"
2018,2018,"[0.16       0.16004666 0.15999998 0.15999999 0.15999993 0.15999989
 0.15999901 0.16000854 0.15999999 0.15999999]"
2019,2019,"[0.16       0.15999996 0.15999998 0.15999999 0.15999994 0.1599999
 0.15999904 0.15999917 0.15999999 0.15999999]"
2020,2020,"[0.16       0.15999996 0.15999998 0.15999999 0.15999994 0.1599999
 0.15999907 0.15999924 0.15999999 0.15999999]"
2021,2021,"[0.16       0.15999996 0.15999998 0.15999999 0.15999994 0.1599999
 0.1599991  0.1599993  0.15999999 0.15999999]"
2022,2022,"[0.16       0.15999996 0.15999998 0.15999999 0.15999994 0.16000009
 0.15999947 0.15999936 0.15999999 0.15999999]"
2023,2023,"[0.16       0.15999997 0.15999998 0.15999999 0.15999995 0.15999893
 0.15999995 0.15999941 0.15999999 0.15999999]"
2024,2024,"[0.16       0.15999997 0.15999999 0.15999999 0.15999995 0.15999897
 0.15999995 0.15999946 0.15999999 0.15999999]"
2025,2025,"[0.16       0.15999997 0.15999999 0.15999999 0.15999995 0.159999
 0.15999995 0.1599995  0.15999999 0.15999999]"
2026,2026,"[0.15999988 0.15999997 0.15999999 0.15999999 0.15999995 0.15999965
 0.15999996 0.15999954 0.15999999 0.16      ]"
2027,2027,"[0.15999842 0.15999997 0.15999999 0.15999999 0.15999996 0.15999985
 0.15999996 0.15999958 0.15999999 0.16      ]"
2028,2028,"[0.15999849 0.15999997 0.15999999 0.15999999 0.15999996 0.15999986
 0.15999996 0.15999962 0.15999999 0.15999999]"
2029,2029,"[0.15999998 0.15999997 0.15999999 0.15999999 0.15999996 0.15999904
 0.15999996 0.15999965 0.15999999 0.15999999]"
2030,2030,"[0.15999998 0.15999997 0.15999999 0.15999999 0.15999996 0.15999907
 0.15999996 0.15999968 0.15999999 0.16      ]"
2031,2031,"[0.15999998 0.15999987 0.15999999 0.15999999 0.1599995  0.15999911
 0.15999997 0.1599997  0.15999999 0.16      ]"
2032,2032,"[0.15999905 0.1599997  0.15999999 0.15999999 0.1599979  0.15999992
 0.15999997 0.15999972 0.15999999 0.16      ]"
2033,2033,"[0.15999864 0.15999968 0.15999999 0.15999999 0.15999795 0.1599998
 0.15999998 0.15999974 0.15999999 0.15999999]"
2034,2034,"[0.15999975 0.15999967 0.15999999 0.16       0.159998   0.15999992
 0.15999911 0.15999976 0.15999999 0.15999999]"
2035,2035,"[0.15999889 0.15999966 0.15999999 0.16       0.15999805 0.15999965
 0.15999914 0.15999978 0.16       0.15999999]"
2036,2036,"[0.16       0.15999965 0.15999999 0.16       0.1599981  0.1599998
 0.15999916 0.15999979 0.16       0.15999999]"
2037,2037,"[0.16       0.15999964 0.15999999 0.16       0.15999815 0.1599998
 0.15999919 0.15999981 0.16       0.15999999]"
2038,2038,"[0.16       0.15999962 0.15999999 0.16       0.15999955 0.15999981
 0.15999991 0.15999982 0.16       0.15999999]"
2039,2039,"[0.16       0.15999961 0.15999999 0.16       0.15999916 0.15999981
 0.15999981 0.15999983 0.16       0.15999999]"
2040,2040,"[0.16       0.1599996  0.15999999 0.16       0.15999919 0.15999982
 0.15999982 0.15999985 0.16       0.15999999]"
2041,2041,"[0.15999998 0.15999959 0.15999999 0.16       0.15999922 0.15999942
 0.15999788 0.15999986 0.16       0.15999999]"
2042,2042,"[0.15999896 0.15999958 0.15999999 0.16       0.15999924 0.15999969
 0.15999984 0.15999987 0.16       0.16      ]"
2043,2043,"[0.16       0.15999957 0.16       0.16       0.15999927 0.15999981
 0.15999985 0.15999988 0.16       0.16      ]"
2044,2044,"[0.16       0.15999955 0.16       0.16       0.1599993  0.15999981
 0.15999986 0.15999989 0.16       0.16      ]"
2045,2045,"[0.16       0.15999954 0.16       0.16       0.15999932 0.15999982
 0.15999986 0.15999989 0.16       0.16      ]"
2046,2046,"[0.16       0.15999953 0.16       0.16       0.15999934 0.15999983
 0.15999987 0.1599999  0.16       0.16      ]"
2047,2047,"[0.16       0.15999951 0.16       0.16       0.15999937 0.15999983
 0.15999987 0.15999991 0.16       0.16      ]"
2048,2048,"[0.16       0.1599995  0.16       0.16       0.15999939 0.15999984
 0.15999988 0.15999992 0.16       0.16      ]"
2049,2049,"[0.15999861 0.15999948 0.15999988 0.15999978 0.15999941 0.15999945
 0.15999988 0.15999992 0.16       0.16      ]"
2050,2050,"[0.16000005 0.15999947 0.15999999 0.16       0.15999943 0.16000006
 0.15999989 0.16000351 0.16       0.16002017]"
2051,2051,"[0.16       0.15999945 0.15999999 0.16       0.15999946 0.15999984
 0.15999989 0.15999993 0.16       0.15999825]"
2052,2052,"[0.16       0.15999944 0.15999999 0.16       0.15999948 0.15999984
 0.15999989 0.15999994 0.16       0.1599983 ]"
2053,2053,"[0.16       0.15999943 0.16       0.16       0.1599995  0.15999984
 0.1599999  0.15999994 0.16       0.15999835]"
2054,2054,"[0.16       0.15999941 0.16       0.16       0.15999952 0.15999985
 0.1599999  0.15999994 0.16       0.15999839]"
2055,2055,"[0.15999862 0.1599994  0.16       0.16       0.15999964 0.15999938
 0.1599999  0.15999994 0.16       0.15999844]"
2056,2056,"[0.16000044 0.15999939 0.16       0.16       0.15999892 0.16000022
 0.15999991 0.15999994 0.16       0.15999849]"
2057,2057,"[0.16       0.15999937 0.16       0.16       0.15999888 0.15999984
 0.15999991 0.15999995 0.16       0.15999853]"
2058,2058,"[0.16       0.15999936 0.16       0.16       0.15999884 0.15999985
 0.15999991 0.15999995 0.16       0.15999857]"
2059,2059,"[0.15999912 0.15999934 0.16       0.16       0.15999808 0.15999972
 0.16000317 0.15999995 0.16       0.1599986 ]"
2060,2060,"[0.1600007  0.15999933 0.16       0.16       0.15999759 0.16000046
 0.15999902 0.15999995 0.16       0.15999865]"
2061,2061,"[0.16       0.15999931 0.16       0.16       0.15999764 0.15999984
 0.15999905 0.15999996 0.16       0.15999868]"
2062,2062,"[0.16       0.15999929 0.16       0.16       0.15999769 0.15999984
 0.15999908 0.15999996 0.16       0.15999872]"
2063,2063,"[0.15999901 0.15999927 0.16       0.16       0.15999785 0.15999963
 0.15999947 0.15999996 0.16       0.15999876]"
2064,2064,"[0.16000079 0.15999925 0.16       0.16       0.15999847 0.16000054
 0.15999986 0.15999981 0.16       0.15999998]"
2065,2065,"[0.16       0.15999923 0.16       0.16       0.15999842 0.15999984
 0.15999986 0.15999978 0.16       0.15999993]"
2066,2066,"[0.16       0.15999921 0.16       0.16       0.15999837 0.15999984
 0.15999987 0.15999979 0.16       0.15999993]"
2067,2067,"[0.15999922 0.15999919 0.16       0.16       0.15999831 0.15999978
 0.15999987 0.15999981 0.16       0.15999994]"
2068,2068,"[0.16001038 0.15999917 0.16       0.16       0.15999826 0.16000981
 0.15999988 0.15999982 0.16       0.15999994]"
2069,2069,"[0.15999999 0.15999914 0.16       0.16       0.1599982  0.15999984
 0.15999988 0.15999983 0.16       0.15999995]"
2070,2070,"[0.15999999 0.15999912 0.16       0.16       0.15999815 0.15999984
 0.15999989 0.15999984 0.16       0.15999995]"
2071,2071,"[0.16000036 0.1599991  0.16       0.16       0.15999809 0.16000065
 0.15999989 0.15999985 0.16       0.15999995]"
2072,2072,"[0.16000048 0.15999908 0.16       0.16       0.15999803 0.1600007
 0.1599999  0.15999986 0.16       0.15999996]"
2073,2073,"[0.15999999 0.15999906 0.16       0.16       0.15999798 0.15999983
 0.1599999  0.15999987 0.16       0.15999996]"
2074,2074,"[0.15999999 0.15999903 0.16       0.16       0.15999792 0.15999983
 0.15999991 0.15999987 0.16       0.15999996]"
2075,2075,"[0.15999999 0.15999901 0.16       0.16       0.15999786 0.15999983
 0.15999991 0.15999988 0.16       0.15999997]"
2076,2076,"[0.15999999 0.15999899 0.16       0.16       0.1599978  0.15999983
 0.15999991 0.15999989 0.16       0.15999997]"
2077,2077,"[0.15999999 0.15999896 0.16       0.16       0.15999774 0.15999984
 0.15999992 0.1599999  0.16       0.15999997]"
2078,2078,"[0.15999956 0.15999894 0.16       0.16       0.15999768 0.16000035
 0.15999992 0.1599999  0.16       0.15999998]"
2079,2079,"[0.1602322  0.15999892 0.16       0.16       0.15999762 0.16022343
 0.15999992 0.15999991 0.16       0.15999998]"
2080,2080,"[0.15999999 0.1599989  0.16       0.16       0.15999756 0.15999982
 0.15999993 0.15999991 0.16       0.15999998]"
2081,2081,"[0.15999999 0.15999887 0.16       0.16       0.1599975  0.15999983
 0.15999993 0.15999992 0.16       0.15999998]"
2082,2082,"[0.15999999 0.15999885 0.16       0.16       0.15999744 0.15999983
 0.15999993 0.15999992 0.16       0.15999998]"
2083,2083,"[0.15999936 0.15999882 0.16       0.16       0.15999738 0.15999988
 0.15999994 0.15999992 0.16       0.15999999]"
2084,2084,"[0.16000069 0.1599988  0.16       0.16       0.15999732 0.16000097
 0.15999994 0.15999993 0.16       0.15999999]"
2085,2085,"[0.15999999 0.15999878 0.16       0.16       0.15999727 0.15999981
 0.15999994 0.15999993 0.16       0.15999999]"
2086,2086,"[0.15999999 0.15999876 0.16       0.16       0.15999721 0.15999982
 0.15999994 0.15999994 0.16       0.15999999]"
2087,2087,"[0.15999999 0.15999874 0.16       0.16       0.15999715 0.15999982
 0.15999995 0.15999994 0.16       0.15999999]"
2088,2088,"[0.15999999 0.15999872 0.16       0.16       0.1599971  0.15999982
 0.15999995 0.15999994 0.16       0.15999999]"
2089,2089,"[0.15999999 0.15999869 0.16       0.16       0.15999705 0.15999983
 0.15999995 0.15999994 0.16       0.15999999]"
2090,2090,"[0.16000087 0.15999867 0.16       0.16       0.159997   0.16000103
 0.15999995 0.15999995 0.16       0.15999999]"
2091,2091,"[0.15999848 0.15999865 0.16       0.16       0.15999695 0.15999925
 0.15999995 0.15999995 0.16       0.15999999]"
2092,2092,"[0.15999999 0.15999864 0.16       0.16       0.16117669 0.1599998
 0.15999996 0.15999995 0.16       0.15999999]"
2093,2093,"[0.15999999 0.15999862 0.16       0.16       0.15999843 0.15999981
 0.15999996 0.15999996 0.16       0.15999999]"
2094,2094,"[0.15999999 0.1599986  0.16       0.16       0.15999846 0.15999982
 0.15999996 0.15999996 0.16       0.15999999]"
2095,2095,"[0.15999999 0.15999858 0.16       0.16       0.15999849 0.15999983
 0.15999996 0.15999997 0.16       0.15999999]"
2096,2096,"[0.15999999 0.15999856 0.16       0.16       0.15999852 0.15999984
 0.15999996 0.15999997 0.16       0.15999999]"
2097,2097,"[0.16000089 0.15999854 0.16       0.16       0.15999855 0.16000101
 0.15999997 0.15999997 0.16       0.15999999]"
2098,2098,"[0.15999859 0.15999852 0.16       0.16       0.15999858 0.15999921
 0.15999997 0.15999998 0.16       0.15999999]"
2099,2099,"[0.16000419 0.15999851 0.16       0.16       0.15999861 0.16000383
 0.15999997 0.15999998 0.16       0.15999999]"
2100,2100,"[0.15999998 0.15999849 0.16       0.16       0.15999864 0.15999984
 0.15999997 0.15999998 0.16       0.15999999]"
2101,2101,"[0.15999998 0.15999847 0.16       0.16       0.15999867 0.15999985
 0.15999997 0.16000842 0.16       0.16022975]"
2102,2102,"[0.15999998 0.15999846 0.16       0.16       0.1599987  0.15999985
 0.15999997 0.15999998 0.16       0.15999849]"
2103,2103,"[0.15999997 0.15999845 0.16       0.16       0.15999873 0.15999986
 0.15999997 0.15999998 0.16       0.15999854]"
2104,2104,"[0.16000038 0.15999844 0.16       0.16       0.15999876 0.16000084
 0.15999997 0.15999998 0.16       0.15999859]"
2105,2105,"[0.16022092 0.15999843 0.16       0.16       0.1599988  0.16021447
 0.15999998 0.15999998 0.16       0.15999865]"
2106,2106,"[0.15999997 0.15999843 0.16       0.16       0.15999883 0.15999985
 0.15999998 0.15999998 0.16       0.1599987 ]"
2107,2107,"[0.15999996 0.15999842 0.16       0.16       0.15999886 0.15999986
 0.15999998 0.15999998 0.16000027 0.15999967]"
2108,2108,"[0.16000093 0.15999841 0.16       0.16       0.15999889 0.16000099
 0.15999998 0.15999998 0.15999942 0.15999984]"
2109,2109,"[0.16000079 0.1599984  0.16       0.16       0.15999892 0.16000091
 0.15999998 0.15999998 0.15999948 0.15999985]"
2110,2110,"[0.15999995 0.1599984  0.16       0.16       0.15999895 0.15999986
 0.15999998 0.15999998 0.15999953 0.15999986]"
2111,2111,"[0.15999995 0.15999839 0.16       0.16       0.15999898 0.15999986
 0.15999998 0.16000006 0.15999957 0.16000112]"
2112,2112,"[0.15999995 0.15999838 0.16       0.16       0.159999   0.15999987
 0.15999998 0.15999997 0.15999962 0.159999  ]"
2113,2113,"[0.15999965 0.15999837 0.16       0.16       0.15999903 0.15999985
 0.15999998 0.15999997 0.15999965 0.15999903]"
2114,2114,"[0.16000082 0.15999836 0.16       0.15999999 0.15999905 0.1600009
 0.15999998 0.15999998 0.15999969 0.15999905]"
2115,2115,"[0.15999994 0.15999836 0.16       0.15999999 0.15999907 0.15999987
 0.15999999 0.15999998 0.15999972 0.15999908]"
2116,2116,"[0.15999994 0.15999834 0.16       0.15999999 0.15999909 0.15999987
 0.15999999 0.15999998 0.15999975 0.15999911]"
2117,2117,"[0.15999994 0.15999833 0.16       0.15999999 0.15999912 0.15999988
 0.15999999 0.15999999 0.15999977 0.15999913]"
2118,2118,"[0.16000096 0.15999832 0.16       0.15999999 0.15999914 0.16000097
 0.15999999 0.16000005 0.1599998  0.16000103]"
2119,2119,"[0.16000084 0.15999832 0.16       0.16010289 0.15999916 0.16000088
 0.15999999 0.15999997 0.16024679 0.15999982]"
2120,2120,"[0.15999993 0.15999832 0.16       0.1599994  0.15999918 0.15999988
 0.15999999 0.15999997 0.15999914 0.15999982]"
2121,2121,"[0.15999993 0.15999832 0.16       0.15999944 0.1599992  0.15999989
 0.15999999 0.15999997 0.1599992  0.15999983]"
2122,2122,"[0.15999939 0.15999831 0.16       0.15999947 0.15999922 0.1599995
 0.15999999 0.15999997 0.15999928 0.15999984]"
2123,2123,"[0.16005477 0.15999832 0.16       0.15999951 0.15999924 0.1600535
 0.15999999 0.15999997 0.15999936 0.15999984]"
2124,2124,"[0.15999992 0.15999831 0.16       0.15999954 0.15999926 0.15999989
 0.15999999 0.15999996 0.15999944 0.15999985]"
2125,2125,"[0.16000098 0.15999831 0.16       0.15999956 0.15999928 0.16000096
 0.15999999 0.15999996 0.15999952 0.15999985]"
2126,2126,"[0.16000024 0.15999832 0.16       0.15999959 0.1599993  0.16000024
 0.15999999 0.15999996 0.15999959 0.15999986]"
2127,2127,"[0.15999991 0.15999832 0.16       0.15999962 0.15999932 0.1599999
 0.16       0.15999996 0.15999966 0.15999987]"
2128,2128,"[0.1599999  0.15999832 0.16       0.15999964 0.15999934 0.1599999
 0.16       0.15999995 0.15999972 0.15999987]"
2129,2129,"[0.15999973 0.15999832 0.16       0.15999976 0.15999936 0.15999974
 0.16       0.15999995 0.1599999  0.15999988]"
2130,2130,"[0.16000025 0.15999833 0.16000001 0.15999987 0.15999938 0.16000025
 0.16       0.15999995 0.15999947 0.15999989]"
2131,2131,"[0.15999989 0.15999833 0.15999934 0.15999901 0.1599994  0.1599999
 0.16       0.15999998 0.15999952 0.15999894]"
2132,2132,"[0.15999989 0.15999833 0.1599994  0.15999903 0.15999941 0.15999991
 0.16       0.15999998 0.15999957 0.15999897]"
2133,2133,"[0.160001   0.15999834 0.15999945 0.15999906 0.15999943 0.16000095
 0.16       0.15999998 0.15999961 0.15999901]"
2134,2134,"[0.16000091 0.16000082 0.1599995  0.15999909 0.15999926 0.16000085
 0.16       0.15999999 0.15999965 0.15999903]"
2135,2135,"[0.15999988 0.15999998 0.15999955 0.15999912 0.15999876 0.15999991
 0.16       0.15999999 0.15999968 0.15999906]"
2136,2136,"[0.15999988 0.15999998 0.15999959 0.15999915 0.15999873 0.15999992
 0.16       0.15999999 0.15999971 0.15999909]"
2137,2137,"[0.1600002  0.15999999 0.15999963 0.15999917 0.1599987  0.16000014
 0.16       0.1600007  0.15999974 0.16001263]"
2138,2138,"[0.16000036 0.15999999 0.15999995 0.15999997 0.15999867 0.16000034
 0.16       0.15999994 0.15999977 0.15999984]"
2139,2139,"[0.15999988 0.15999999 0.15999995 0.15999948 0.15999865 0.15999992
 0.16       0.15999994 0.1599996  0.15999985]"
2140,2140,"[0.15999987 0.15999999 0.15999995 0.15999951 0.15999862 0.15999992
 0.16       0.15999993 0.15999963 0.15999986]"
2141,2141,"[0.16000102 0.15999999 0.15999996 0.15999954 0.15999859 0.16000094
 0.16       0.15999993 0.15999967 0.15999986]"
2142,2142,"[0.16000093 0.15999999 0.15999996 0.15999956 0.15999857 0.16000084
 0.16       0.15999993 0.1599997  0.15999986]"
2143,2143,"[0.15999987 0.15999999 0.15999996 0.15999959 0.15999854 0.15999992
 0.16       0.15999992 0.15999973 0.15999987]"
2144,2144,"[0.15999986 0.16000031 0.15999996 0.15999961 0.15999851 0.15999993
 0.1600003  0.15999992 0.15999976 0.15999987]"
2145,2145,"[0.16000102 0.15999881 0.15999996 0.15999963 0.15999849 0.16000094
 0.15999941 0.15999992 0.15999979 0.15999988]"
2146,2146,"[0.16000003 0.15999885 0.15999996 0.15999965 0.15999847 0.16000005
 0.15999941 0.16000021 0.15999982 0.16000202]"
2147,2147,"[0.16000003 0.1599989  0.15999996 0.15999968 0.15999844 0.16000006
 0.15999941 0.15999998 0.15999984 0.15999898]"
2148,2148,"[0.16000024 0.15999894 0.15999996 0.15999977 0.15999842 0.16000023
 0.15999942 0.15999999 0.15999993 0.15999901]"
2149,2149,"[0.15999986 0.15999898 0.15999996 0.15999987 0.15999839 0.15999994
 0.15999942 0.15999999 0.15999957 0.15999905]"
2150,2150,"[0.16001304 0.15999903 0.15999996 0.15999987 0.15999837 0.16001259
 0.15999943 0.15999999 0.15999961 0.15999908]"
2151,2151,"[0.16000003 0.15999907 0.15999996 0.15999988 0.15999834 0.16000007
 0.15999943 0.16000001 0.15999965 0.15999945]"
2152,2152,"[0.16000024 0.1599991  0.15999996 0.15999988 0.15999832 0.16000022
 0.15999944 0.15999988 0.15999969 0.15999984]"
2153,2153,"[0.15999985 0.15999914 0.15999996 0.15999988 0.1599983  0.15999995
 0.15999945 0.15999988 0.15999972 0.15999985]"
2154,2154,"[0.16000472 0.15999917 0.15999996 0.15999989 0.15999828 0.16000465
 0.15999946 0.15999988 0.15999975 0.15999985]"
2155,2155,"[0.16000095 0.1599992  0.15999997 0.15999989 0.15999826 0.1600008
 0.15999947 0.15999988 0.15999977 0.15999986]"
2156,2156,"[0.15999985 0.15999923 0.15999997 0.15999989 0.15999824 0.15999995
 0.15999947 0.15999987 0.1599998  0.15999987]"
2157,2157,"[0.15999985 0.15999926 0.15999997 0.1599999  0.15999822 0.15999995
 0.15999949 0.15999987 0.15999982 0.15999987]"
2158,2158,"[0.16000024 0.1599993  0.15999998 0.15999989 0.15999821 0.16000005
 0.1599995  0.15999987 0.15999984 0.15999988]"
2159,2159,"[0.16000096 0.15999932 0.15999951 0.159999   0.15999819 0.16000079
 0.1599995  0.16000014 0.15999985 0.16000109]"
2160,2160,"[0.15999984 0.15999935 0.16009892 0.16033192 0.15999817 0.15999995
 0.15999951 0.15999998 0.16012568 0.15999898]"
2161,2161,"[0.15999984 0.15999938 0.15999996 0.15999964 0.15999815 0.15999996
 0.15999952 0.15999998 0.15999964 0.15999901]"
2162,2162,"[0.15999984 0.15999941 0.16001181 0.16001467 0.15999813 0.15999996
 0.15999953 0.15999999 0.15999967 0.15999905]"
2163,2163,"[0.15999984 0.15999944 0.16000014 0.1600001  0.15999811 0.15999997
 0.15999954 0.15999999 0.1599997  0.15999908]"
2164,2164,"[0.15999984 0.15999947 0.15999995 0.15999967 0.15999809 0.15999955
 0.15999955 0.16       0.15999972 0.15999935]"
2165,2165,"[0.15999918 0.15999949 0.15999999 0.16000014 0.15999808 0.15999876
 0.15999955 0.15999984 0.15999975 0.15999984]"
2166,2166,"[0.15999983 0.15999951 0.15999962 0.15999983 0.15999807 0.15999996
 0.15999956 0.15999983 0.15999977 0.15999985]"
2167,2167,"[0.15999983 0.15999895 0.16000051 0.16000039 0.15999805 0.15999996
 0.15999957 0.15999961 0.15999979 0.15999985]"
2168,2168,"[0.15999983 0.15999693 0.15999997 0.15999978 0.15999804 0.15999997
 0.15999958 0.15999813 0.15999981 0.15999986]"
2169,2169,"[0.15999983 0.15999695 0.15999964 0.15999982 0.15999804 0.15999997
 0.15999959 0.15999818 0.15999983 0.15999986]"
2170,2170,"[0.15999721 0.15999698 0.16000066 0.16000073 0.15999803 0.15999997
 0.15999812 0.15999961 0.15999985 0.16000114]"
2171,2171,"[0.15999926 0.15999702 0.15999993 0.15999972 0.15999801 0.15999995
 0.15999769 0.1599996  0.15999986 0.15999906]"
2172,2172,"[0.15999968 0.15999706 0.15999967 0.15999982 0.16055585 0.15999868
 0.16031502 0.15999963 0.15999988 0.1599991 ]"
2173,2173,"[0.15999971 0.15999708 0.1600002  0.15999984 0.15999902 0.1599987
 0.15999991 0.15999967 0.16000019 0.15999914]"
2174,2174,"[0.15999974 0.15999711 0.15999991 0.15999986 0.15999906 0.15999873
 0.15999991 0.1599997  0.15999965 0.15999917]"
2175,2175,"[0.15999976 0.15999714 0.15999992 0.15999987 0.1599991  0.15999876
 0.1599999  0.15999973 0.15999968 0.1599992 ]"
2176,2176,"[0.15999979 0.15999717 0.15999992 0.15999987 0.15999914 0.15999879
 0.15999989 0.15999976 0.15999971 0.15999923]"
2177,2177,"[0.15999981 0.1599972  0.15999992 0.15999988 0.15999918 0.15999882
 0.15999989 0.15999978 0.15999973 0.15999926]"
2178,2178,"[0.15999983 0.15999723 0.15999993 0.15999988 0.15999922 0.15999884
 0.15999988 0.1599998  0.15999976 0.15999929]"
2179,2179,"[0.15999984 0.15999741 0.15999993 0.15999989 0.15999918 0.15999887
 0.15999987 0.15999982 0.15999978 0.15999932]"
2180,2180,"[0.15999986 0.15999908 0.15999993 0.15999965 0.15999684 0.1599989
 0.15999986 0.15999984 0.15999976 0.15999935]"
2181,2181,"[0.15999848 0.15999905 0.15999993 0.15999967 0.15999688 0.1599999
 0.15999986 0.15999985 0.15999978 0.15999937]"
2182,2182,"[0.15999744 0.15999903 0.15999994 0.15999969 0.15999693 0.15999989
 0.15999985 0.15999986 0.15999979 0.15999941]"
2183,2183,"[0.15999754 0.15999901 0.15999994 0.1599997  0.15999698 0.15999989
 0.15999985 0.15999988 0.15999981 0.15999944]"
2184,2184,"[0.15999908 0.15999899 0.15999994 0.15999972 0.15999703 0.16000066
 0.15999984 0.15999989 0.15999982 0.15999947]"
2185,2185,"[0.16       0.15999897 0.15999994 0.16000872 0.15999709 0.1599989
 0.15999983 0.1599999  0.16000957 0.15999949]"
2186,2186,"[0.16       0.15999894 0.16001201 0.16000601 0.15999714 0.15999894
 0.15999983 0.15999991 0.15999972 0.15999952]"
2187,2187,"[0.16       0.15999891 0.1599996  0.15999893 0.15999719 0.15999897
 0.15999982 0.15999992 0.15999974 0.15999954]"
2188,2188,"[0.16       0.15999888 0.1599997  0.15999982 0.15999725 0.159999
 0.15999982 0.15999993 0.16000009 0.15999956]"
2189,2189,"[0.16       0.15999886 0.15999992 0.15999963 0.15999731 0.15999904
 0.15999981 0.15999994 0.15999975 0.15999958]"
2190,2190,"[0.16       0.15999883 0.15999993 0.15999965 0.15999737 0.15999907
 0.1599998  0.15999994 0.15999976 0.1599996 ]"
2191,2191,"[0.15999873 0.1599988  0.15999993 0.15999967 0.15999743 0.16000023
 0.1599998  0.15999995 0.15999977 0.15999962]"
2192,2192,"[0.15999787 0.15999878 0.15999994 0.15999968 0.15999749 0.15999981
 0.15999979 0.16012109 0.15999979 0.16020532]"
2193,2193,"[0.15999795 0.15999876 0.16000047 0.16000158 0.15999755 0.15999981
 0.15999978 0.15999862 0.16000068 0.15999957]"
2194,2194,"[0.16000104 0.15999873 0.1599996  0.15999893 0.1599976  0.16000118
 0.15999978 0.15999866 0.15999965 0.15999957]"
2195,2195,"[0.15999996 0.15999954 0.1600002  0.1599994  0.15999766 0.15999907
 0.15999977 0.1599992  0.15999968 0.15999958]"
2196,2196,"[0.15999996 0.15999981 0.15999993 0.15999999 0.15999772 0.15999911
 0.15999977 0.15999978 0.15999986 0.16      ]"
2197,2197,"[0.15999997 0.1599998  0.15999993 0.15999961 0.15999777 0.15999915
 0.15999976 0.15999937 0.15999968 0.15999959]"
2198,2198,"[0.15999997 0.15999979 0.15999993 0.15999963 0.15999783 0.15999918
 0.15999976 0.15999943 0.1599997  0.15999961]"
2199,2199,"[0.15999997 0.15999978 0.15999994 0.15999965 0.15999788 0.15999921
 0.15999975 0.15999948 0.15999971 0.15999963]"
2200,2200,"[0.1599983  0.15999976 0.15999994 0.16000014 0.15999794 0.15999981
 0.15999975 0.15999995 0.16000001 0.1599999 ]"
2201,2201,"[0.15999811 0.15999975 0.15999994 0.1599999  0.15999799 0.15999972
 0.15999974 0.15999989 0.15999967 0.15999955]"
2202,2202,"[0.15999818 0.15999973 0.15999994 0.1599999  0.15999804 0.15999973
 0.15999974 0.15999989 0.1599997  0.15999956]"
2203,2203,"[0.16000141 0.15999972 0.15999995 0.15999991 0.1599981  0.16000123
 0.15999973 0.15999989 0.15999973 0.15999957]"
2204,2204,"[0.15999986 0.15999971 0.15999995 0.1600021  0.15999815 0.15999922
 0.15999972 0.15999989 0.16000582 0.15999958]"
2205,2205,"[0.15999988 0.15999969 0.15999957 0.15999988 0.1599982  0.15999925
 0.15999972 0.15999998 0.15999953 0.15999977]"
2206,2206,"[0.15999989 0.15999968 0.16000554 0.16000621 0.15999826 0.15999928
 0.15999971 0.15999942 0.15999956 0.15999957]"
2207,2207,"[0.1599999  0.15999966 0.16000047 0.16000053 0.15999831 0.15999931
 0.1599997  0.15999948 0.15999958 0.15999959]"
2208,2208,"[0.15999991 0.15999964 0.16010091 0.16000016 0.15999836 0.15999934
 0.1599997  0.15999952 0.16020347 0.15999961]"
2209,2209,"[0.15999999 0.15999963 0.15999994 0.15999991 0.15999841 0.16000044
 0.15999969 0.16000023 0.15999964 0.16000032]"
2210,2210,"[0.15999821 0.15999961 0.15999994 0.15999991 0.15999846 0.15999963
 0.15999968 0.15999989 0.15999967 0.15999957]"
2211,2211,"[0.15999823 0.15999959 0.15999994 0.1601053  0.15999851 0.15999964
 0.15999968 0.15999989 0.1602243  0.16000008]"
2212,2212,"[0.15999814 0.15999957 0.16000912 0.16001077 0.15999856 0.15999965
 0.15999967 0.15999989 0.1599996  0.16      ]"
2213,2213,"[0.16040766 0.15999954 0.16010248 0.16005295 0.15999861 0.16025851
 0.15999966 0.15999989 0.16000115 0.16      ]"
2214,2214,"[0.15999985 0.15999952 0.15999994 0.15999999 0.15999866 0.15999933
 0.15999965 0.15999989 0.15999986 0.16      ]"
2215,2215,"[0.15999986 0.15999951 0.15999994 0.15999997 0.15999871 0.15999936
 0.15999964 0.15999996 0.15999995 0.15999974]"
2216,2216,"[0.15999987 0.15999948 0.1599999  0.1600107  0.15999876 0.15999938
 0.15999963 0.1599995  0.16002554 0.15999852]"
2217,2217,"[0.15999987 0.15999946 0.1599995  0.1600009  0.1599988  0.15999941
 0.15999962 0.15999989 0.16000707 0.16      ]"
2218,2218,"[0.15999988 0.15999944 0.15999994 0.15999962 0.16000305 0.15999943
 0.16000184 0.15999989 0.15999923 0.16      ]"
2219,2219,"[0.16000116 0.15999858 0.15999994 0.16000084 0.15999871 0.16000178
 0.15999758 0.15999989 0.16000207 0.16      ]"
2220,2220,"[0.1599981  0.15999821 0.15999994 0.15999997 0.15999874 0.15999958
 0.15999728 0.1599999  0.15999985 0.16      ]"
2221,2221,"[0.15999807 0.15999819 0.16000006 0.16000019 0.15999877 0.15999959
 0.15999734 0.1599999  0.15999918 0.16      ]"
2222,2222,"[0.16005226 0.15999816 0.16000045 0.16000153 0.15999879 0.1600305
 0.15999739 0.1599999  0.16000153 0.16      ]"
2223,2223,"[0.15999984 0.15999814 0.15999993 0.1600034  0.15999882 0.15999942
 0.15999745 0.15999993 0.16001067 0.16000001]"
2224,2224,"[0.15999985 0.15999812 0.15999993 0.15999992 0.15999885 0.15999944
 0.1599975  0.15999938 0.15999964 0.15999848]"
2225,2225,"[0.15999986 0.1599981  0.15999993 0.15999985 0.15999888 0.15999946
 0.15999756 0.16001989 0.15999955 0.16002774]"
2226,2226,"[0.15999996 0.15999809 0.15999993 0.15999999 0.1599989  0.1599999
 0.15999762 0.1599999  0.16000677 0.16001227]"
2227,2227,"[0.15999803 0.15999807 0.15999993 0.15999991 0.15999893 0.15999952
 0.15999767 0.15999991 0.15999994 0.15999851]"
2228,2228,"[0.159998   0.15999805 0.16000051 0.15999995 0.15999896 0.15999953
 0.15999773 0.15999938 0.15999994 0.16      ]"
2229,2229,"[0.16044883 0.15999803 0.16011048 0.16006635 0.15999898 0.16025935
 0.15999779 0.15999944 0.15999994 0.16      ]"
2230,2230,"[0.15999982 0.15999801 0.15999993 0.15999992 0.15999901 0.15999947
 0.15999784 0.15999949 0.15999994 0.16      ]"
2231,2231,"[0.15999983 0.159998   0.15999994 0.15999992 0.15999904 0.15999949
 0.1599979  0.15999953 0.15999994 0.15999999]"
2232,2232,"[0.15999984 0.15999799 0.15999994 0.15999993 0.15999906 0.15999951
 0.15999796 0.16000025 0.15999994 0.15999986]"
2233,2233,"[0.16042447 0.15999798 0.15999994 0.15999993 0.15999909 0.1602573
 0.15999801 0.15999988 0.15999995 0.1599986 ]"
2234,2234,"[0.15999856 0.15999797 0.15999994 0.15999993 0.15999911 0.15999974
 0.15999807 0.15999998 0.15999995 0.15999899]"
2235,2235,"[0.15999981 0.15999796 0.15999994 0.15999993 0.15999913 0.15999951
 0.15999813 0.15999955 0.15999995 0.15999998]"
2236,2236,"[0.15999982 0.15999795 0.15999994 0.15999993 0.15999916 0.15999953
 0.15999818 0.15999959 0.15999995 0.15999998]"
2237,2237,"[0.16000199 0.15999794 0.15999994 0.15999994 0.15999918 0.16000124
 0.15999824 0.15999963 0.15999995 0.15999998]"
2238,2238,"[0.15999833 0.15999793 0.15999995 0.15999994 0.1599992  0.15999881
 0.16000042 0.15999967 0.15999995 0.15999998]"
2239,2239,"[0.15999904 0.15999792 0.15999995 0.15999994 0.15999922 0.15999952
 0.16       0.16000052 0.15999995 0.16000086]"
2240,2240,"[0.15999902 0.15999791 0.15999995 0.15999994 0.15999925 0.15999953
 0.16       0.15999985 0.15999995 0.15999874]"
2241,2241,"[0.16028018 0.16002275 0.15999995 0.15999994 0.15999927 0.16025762
 0.16008095 0.16000056 0.15999995 0.16000078]"
2242,2242,"[0.15999977 0.15999896 0.15999995 0.15999994 0.15999929 0.15999948
 0.15999942 0.1599997  0.15999995 0.15999996]"
2243,2243,"[0.16000241 0.15999896 0.15999995 0.16       0.15999932 0.16000217
 0.15999943 0.15999973 0.15999995 0.15999995]"
2244,2244,"[0.15999904 0.15999896 0.15999995 0.16002108 0.15999934 0.1599995
 0.15999943 0.15999986 0.16003772 0.16000005]"
2245,2245,"[0.16001663 0.15999897 0.15999995 0.15999994 0.15999936 0.16001532
 0.15999943 0.15999982 0.15999996 0.15999884]"
2246,2246,"[0.15999978 0.15999897 0.15999995 0.15999994 0.15999938 0.1599995
 0.15999943 0.16010746 0.15999996 0.16022152]"
2247,2247,"[0.15999976 0.15999897 0.15999995 0.15999994 0.1599994  0.15999952
 0.15999944 0.15999979 0.15999996 0.15999994]"
2248,2248,"[0.15999975 0.15999897 0.15999995 0.15999994 0.15999941 0.15999954
 0.15999944 0.16002821 0.15999996 0.16006169]"
2249,2249,"[0.16028394 0.16000846 0.15999995 0.15999994 0.15999943 0.16025936
 0.15999945 0.16001264 0.15999996 0.15999993]"
2250,2250,"[0.15999905 0.15999995 0.15999995 0.15999994 0.15999945 0.15999945
 0.15999945 0.15999973 0.15999996 0.15999993]"
2251,2251,"[0.16000028 0.15999995 0.15999995 0.15999994 0.15999946 0.16000017
 0.15999945 0.15999975 0.15999996 0.15999993]"
2252,2252,"[0.15999976 0.15999995 0.15999995 0.16       0.15999947 0.15999956
 0.15999945 0.15999977 0.15999992 0.15999993]"
2253,2253,"[0.15999975 0.15999995 0.15999995 0.15999993 0.15999949 0.15999958
 0.15999945 0.15999979 0.15999996 0.15999993]"
2254,2254,"[0.16000135 0.15999995 0.15999995 0.15999993 0.1599995  0.16000125
 0.15999946 0.15999981 0.15999996 0.15999993]"
2255,2255,"[0.15999909 0.15999995 0.15999995 0.15999994 0.15999951 0.15999938
 0.15999946 0.15999982 0.15999996 0.15999993]"
2256,2256,"[0.16000126 0.15999995 0.15999995 0.15999994 0.15999953 0.16000122
 0.15999946 0.15999984 0.15999996 0.15999993]"
2257,2257,"[0.15999975 0.15999995 0.15999995 0.15999994 0.15999954 0.15999961
 0.15999946 0.15999985 0.15999996 0.15999993]"
2258,2258,"[0.15999973 0.15999995 0.15999995 0.15999994 0.15999955 0.15999963
 0.15999947 0.15999986 0.15999996 0.15999993]"
2259,2259,"[0.16000135 0.15999994 0.15999995 0.15999994 0.15999956 0.16000125
 0.15999948 0.15999987 0.15999996 0.15999993]"
2260,2260,"[0.15999911 0.15999994 0.15999995 0.15999994 0.15999957 0.15999932
 0.15999948 0.15999988 0.15999996 0.15999993]"
2261,2261,"[0.16000126 0.15999994 0.15999995 0.15999994 0.15999959 0.16000121
 0.15999948 0.15999989 0.15999996 0.15999993]"
2262,2262,"[0.15999973 0.16000179 0.15999995 0.15999994 0.15999945 0.15999965
 0.15999949 0.1599999  0.15999996 0.15999993]"
2263,2263,"[0.15999972 0.15999745 0.15999995 0.15999994 0.15999754 0.15999967
 0.15999949 0.15999991 0.15999996 0.15999993]"
2264,2264,"[0.16000136 0.15999746 0.15999995 0.15999994 0.15999752 0.16000125
 0.1599995  0.15999991 0.15999996 0.15999994]"
2265,2265,"[0.15999913 0.15999746 0.15999995 0.1600025  0.15999749 0.15999926
 0.15999951 0.15999992 0.16000345 0.15999994]"
2266,2266,"[0.16001666 0.15999746 0.15999995 0.15999994 0.15999747 0.1600154
 0.15999951 0.15999993 0.15999996 0.15999994]"
2267,2267,"[0.15999973 0.15999747 0.15999995 0.15999994 0.15999745 0.15999969
 0.15999952 0.15999993 0.15999996 0.15999994]"
2268,2268,"[0.15999971 0.15999748 0.15999995 0.15999994 0.15999743 0.15999971
 0.15999953 0.15999994 0.15999996 0.15999994]"
2269,2269,"[0.1599997  0.15999749 0.15999995 0.15999994 0.15999741 0.15999972
 0.15999954 0.15999994 0.15999996 0.15999994]"
2270,2270,"[0.16000136 0.15999751 0.15999995 0.15999994 0.1599974  0.16000124
 0.15999955 0.15999995 0.15999996 0.15999994]"
2271,2271,"[0.15999916 0.15999752 0.15999996 0.15999995 0.15999738 0.15999918
 0.15999956 0.15999995 0.15999996 0.15999994]"
2272,2272,"[0.15999914 0.16000049 0.15999996 0.15999995 0.15999982 0.1599992
 0.15999957 0.15999995 0.15999996 0.15999994]"
2273,2273,"[0.16001657 0.15999998 0.15999996 0.15999995 0.16000213 0.16001537
 0.15999944 0.15999996 0.15999996 0.15999995]"
2274,2274,"[0.15999973 0.15999998 0.15999996 0.15999995 0.15999752 0.15999895
 0.15999714 0.15999996 0.15999996 0.15999838]"
2275,2275,"[0.15999971 0.15999998 0.15999996 0.15999995 0.15999757 0.15999854
 0.15999712 0.15999996 0.15999997 0.15999699]"
2276,2276,"[0.1599997  0.15999999 0.15999996 0.15999995 0.15999762 0.15999857
 0.15999711 0.15999997 0.15999997 0.15999697]"
2277,2277,"[0.15999969 0.15999999 0.15999996 0.15999995 0.15999767 0.1599986
 0.1599971  0.15999997 0.15999997 0.15999696]"
2278,2278,"[0.16003341 0.15999999 0.15999996 0.15999995 0.15999772 0.16000012
 0.15999709 0.15999997 0.15999997 0.15999342]"
2279,2279,"[0.15999915 0.15999999 0.15999996 0.15999998 0.15999777 0.15999782
 0.15999708 0.15999997 0.15999986 0.15999772]"
2280,2280,"[0.15999912 0.15999999 0.15999996 0.15999995 0.15999781 0.15999787
 0.15999708 0.15999998 0.15999997 0.15999772]"
2281,2281,"[0.15999909 0.15999999 0.15999996 0.15999996 0.15999785 0.15999791
 0.15999709 0.15999998 0.15999997 0.15999771]"
2282,2282,"[0.15999906 0.15999999 0.15999997 0.15999996 0.1599979  0.15999795
 0.1599971  0.15999998 0.15999997 0.15999771]"
2283,2283,"[0.16000391 0.15999999 0.15999997 0.15999996 0.15999915 0.16000068
 0.15999823 0.15999998 0.15999998 0.15999803]"
2284,2284,"[0.15999978 0.15999999 0.15999997 0.15999996 0.15999958 0.15999973
 0.15999988 0.15999998 0.15999998 0.15999996]"
2285,2285,"[0.15999977 0.15999999 0.15999997 0.15999996 0.15999959 0.15999975
 0.15999989 0.15999999 0.15999998 0.15999996]"
2286,2286,"[0.15999976 0.15999999 0.15999997 0.15999996 0.15999961 0.15999976
 0.15999989 0.15999999 0.15999998 0.15999996]"
2287,2287,"[0.15999974 0.15999999 0.15999997 0.15999997 0.15999962 0.15999977
 0.1599999  0.15999999 0.15999997 0.15999996]"
2288,2288,"[0.15999973 0.15999999 0.15999902 0.15999998 0.15999989 0.15999978
 0.15999991 0.15999999 0.15999997 0.15999996]"
2289,2289,"[0.15999972 0.15999999 0.15999864 0.15999996 0.15999975 0.15999979
 0.15999991 0.15999999 0.15999998 0.15999996]"
2290,2290,"[0.1599997  0.15999999 0.15999875 0.15999996 0.15999976 0.1599998
 0.15999992 0.15999999 0.15999998 0.15999996]"
2291,2291,"[0.15999969 0.15999999 0.15999886 0.15999996 0.15999977 0.15999981
 0.15999992 0.15999999 0.15999998 0.15999996]"
2292,2292,"[0.15999967 0.15999999 0.15999895 0.15999996 0.15999978 0.15999982
 0.15999993 0.15999999 0.15999998 0.15999996]"
2293,2293,"[0.15999966 0.15999999 0.15999904 0.15999996 0.15999979 0.15999983
 0.15999993 0.15999999 0.15999998 0.15999996]"
2294,2294,"[0.15999964 0.15999999 0.15999912 0.15999997 0.1599998  0.15999984
 0.15999994 0.15999999 0.15999998 0.15999996]"
2295,2295,"[0.15999962 0.16       0.15999919 0.16000055 0.15999981 0.15999985
 0.15999994 0.15999999 0.16000039 0.15999996]"
2296,2296,"[0.16000139 0.16       0.15999926 0.15999996 0.15999982 0.1600012
 0.15999995 0.15999999 0.15999998 0.15999996]"
2297,2297,"[0.15999927 0.16       0.15999932 0.15999996 0.15999983 0.15999894
 0.15999995 0.15999999 0.15999998 0.15999997]"
2298,2298,"[0.15999926 0.16       0.16000094 0.16000005 0.15999984 0.15999897
 0.15999995 0.15999999 0.16000072 0.16000034]"
2299,2299,"[0.15999924 0.16       0.15999977 0.15999929 0.15999985 0.15999901
 0.15999996 0.15999999 0.15999896 0.15999833]"
2300,2300,"[0.15999923 0.16       0.15999979 0.15999996 0.15999986 0.15999905
 0.15999996 0.15999999 0.1599995  0.1600002 ]"
2301,2301,"[0.15999921 0.16       0.15999982 0.15999996 0.15999986 0.15999908
 0.15999996 0.15999999 0.15999838 0.15999999]"
2302,2302,"[0.1599992  0.16       0.15999983 0.15999996 0.15999987 0.15999911
 0.15999997 0.15999999 0.15999848 0.15999999]"
2303,2303,"[0.16000124 0.16       0.15999985 0.15999996 0.15999988 0.16000115
 0.15999997 0.16       0.16007659 0.16015693]"
2304,2304,"[0.15999971 0.16000449 0.15999987 0.15999996 0.15999989 0.15999977
 0.16001064 0.16       0.15999985 0.15999859]"
2305,2305,"[0.15999969 0.15999966 0.15999988 0.16000003 0.15999989 0.15999978
 0.15999948 0.16       0.16000139 0.15999868]"
2306,2306,"[0.15999968 0.15999965 0.1599999  0.15999935 0.1599999  0.15999978
 0.1599995  0.16       0.16001159 0.16000863]"
2307,2307,"[0.15999966 0.15999963 0.15999991 0.15999997 0.15999991 0.15999979
 0.15999951 0.16       0.16000042 0.16      ]"
2308,2308,"[0.15999965 0.15999961 0.15999992 0.15999997 0.15999991 0.1599998
 0.15999953 0.16       0.15999861 0.16      ]"
2309,2309,"[0.15999963 0.1599996  0.15999993 0.15999997 0.15999992 0.15999981
 0.15999955 0.16       0.1599987  0.16      ]"
2310,2310,"[0.15999961 0.15999958 0.15999993 0.16004932 0.15999992 0.15999981
 0.15999957 0.16       0.16015063 0.16      ]"
2311,2311,"[0.15999959 0.15999956 0.15999994 0.15999942 0.15999993 0.15999982
 0.15999958 0.16       0.16       0.16      ]"
2312,2312,"[0.15999957 0.15999954 0.15999995 0.15999945 0.15999993 0.15999982
 0.1599996  0.16021626 0.16       0.16017817]"
2313,2313,"[0.16013782 0.15999952 0.15999995 0.16000268 0.15999994 0.15999983
 0.16009866 0.15999827 0.16000844 0.15999873]"
2314,2314,"[0.15999706 0.1599995  0.15999996 0.15999999 0.15999994 0.15999984
 0.15999779 0.15999833 0.15999883 0.15999876]"
2315,2315,"[0.16050738 0.15999947 0.15999996 0.15999999 0.15999995 0.16026303
 0.15999783 0.15999838 0.16000971 0.16001598]"
2316,2316,"[0.15999994 0.15999945 0.15999997 0.15999999 0.15999995 0.15999899
 0.15999787 0.160001   0.15999998 0.16000065]"
2317,2317,"[0.15999994 0.15999943 0.15999997 0.15999999 0.15999995 0.15999903
 0.15999791 0.15999994 0.15999998 0.15999858]"
2318,2318,"[0.15999995 0.15999941 0.16000082 0.16       0.15999996 0.15999906
 0.15999795 0.15999994 0.160001   0.15999867]"
2319,2319,"[0.15999995 0.15999939 0.15999884 0.16013577 0.15999996 0.1599991
 0.15999799 0.15999995 0.16026576 0.15999875]"
2320,2320,"[0.15999995 0.15999937 0.15999894 0.15999999 0.15999996 0.15999914
 0.15999803 0.15999996 0.1599983  0.15999883]"
2321,2321,"[0.15999996 0.15999935 0.15999904 0.15999911 0.15999996 0.15999917
 0.15999808 0.15999996 0.15999997 0.1599989 ]"
2322,2322,"[0.15999996 0.15999933 0.15999912 0.16000053 0.15999997 0.15999921
 0.15999812 0.16003066 0.16000094 0.16002097]"
2323,2323,"[0.15999996 0.1599993  0.15999919 0.16000043 0.15999997 0.15999924
 0.15999816 0.15999847 0.16000117 0.15999998]"
2324,2324,"[0.15999996 0.15999928 0.15999926 0.16000053 0.15999997 0.15999927
 0.1599982  0.15999852 0.16000108 0.15999998]"
2325,2325,"[0.15999997 0.16000116 0.15999933 0.16000773 0.16000032 0.1599993
 0.15999825 0.15999856 0.16001696 0.15999998]"
2326,2326,"[0.15999997 0.15999972 0.16000096 0.1600047  0.15999966 0.15999933
 0.15999829 0.16000142 0.16001737 0.1600007 ]"
2327,2327,"[0.16000363 0.15999971 0.15999976 0.15999997 0.15999966 0.15999935
 0.16001614 0.15999979 0.15999984 0.16000035]"
2328,2328,"[0.16003251 0.1599997  0.15999978 0.15999997 0.15999966 0.16003045
 0.15999996 0.15999981 0.15999863 0.16      ]"
2329,2329,"[0.15999946 0.1599997  0.1599998  0.16000006 0.15999965 0.15999964
 0.15999996 0.15999983 0.16000029 0.16      ]"
2330,2330,"[0.15999943 0.15999969 0.15999982 0.15999942 0.15999965 0.15999965
 0.15999996 0.15999985 0.16       0.16      ]"
2331,2331,"[0.15999941 0.15999968 0.15999983 0.15999944 0.15999965 0.15999967
 0.15999996 0.15999986 0.16       0.16      ]"
2332,2332,"[0.15999939 0.15999967 0.15999985 0.15999947 0.15999965 0.15999968
 0.15999996 0.15999988 0.16       0.16      ]"
2333,2333,"[0.15999937 0.15999966 0.15999986 0.16000003 0.15999965 0.15999969
 0.15999996 0.15999989 0.16000045 0.16      ]"
2334,2334,"[0.15999934 0.15999966 0.15999987 0.15999999 0.15999964 0.1599997
 0.15999997 0.1599999  0.15999882 0.16      ]"
2335,2335,"[0.15999932 0.15999965 0.15999989 0.15999999 0.15999964 0.15999972
 0.15999997 0.15999991 0.1599989  0.16      ]"
2336,2336,"[0.15999929 0.15999964 0.1599999  0.1600001  0.15999964 0.15999973
 0.15999997 0.15999849 0.16000036 0.15999864]"
2337,2337,"[0.15999926 0.15999963 0.15999991 0.15999952 0.15999963 0.15999974
 0.15999997 0.16001884 0.16       0.16001037]"
2338,2338,"[0.16003459 0.15999963 0.16000093 0.16000012 0.15999963 0.16003098
 0.15999997 0.15999985 0.16       0.16      ]"
2339,2339,"[0.15999961 0.15999961 0.15999907 0.16       0.15999963 0.15999918
 0.15999997 0.15999987 0.16       0.16      ]"
2340,2340,"[0.1599996  0.1599996  0.15999916 0.16       0.15999963 0.15999921
 0.15999997 0.15999988 0.16       0.16      ]"
2341,2341,"[0.15999959 0.15999959 0.15999924 0.16       0.15999963 0.15999923
 0.15999997 0.1599999  0.16       0.16      ]"
2342,2342,"[0.15999958 0.15999958 0.15999931 0.16       0.15999963 0.15999926
 0.15999998 0.15999991 0.16       0.16      ]"
2343,2343,"[0.15999956 0.15999938 0.15999937 0.16       0.15999962 0.15999929
 0.16000044 0.15999992 0.16       0.16      ]"
2344,2344,"[0.15999955 0.15999791 0.15999943 0.16000048 0.15999963 0.15999932
 0.15999946 0.15999993 0.16000736 0.16000804]"
2345,2345,"[0.15999954 0.15999791 0.15999948 0.16000038 0.15999963 0.15999934
 0.15999947 0.15999993 0.16000107 0.15999886]"
2346,2346,"[0.16000135 0.15999792 0.15999953 0.1600005  0.15999963 0.16000121
 0.15999948 0.15999994 0.16000091 0.15999893]"
2347,2347,"[0.1599994  0.15999793 0.15999958 0.15999908 0.15999963 0.15999963
 0.15999949 0.15999995 0.15999996 0.15999845]"
2348,2348,"[0.15999938 0.15999794 0.15999961 0.16000796 0.15999963 0.15999965
 0.1599995  0.15999841 0.16000825 0.15999861]"
2349,2349,"[0.15999935 0.15999796 0.15999953 0.15999946 0.15999963 0.15999967
 0.15999951 0.15999846 0.16       0.15999865]"
2350,2350,"[0.15999933 0.15999754 0.15999957 0.15999949 0.15999963 0.15999968
 0.15999917 0.15999852 0.16       0.15999868]"
2351,2351,"[0.15999931 0.15999937 0.15999961 0.15999951 0.15999963 0.15999969
 0.15999993 0.1600014  0.16       0.16000049]"
2352,2352,"[0.15999928 0.15999935 0.15999964 0.15999933 0.15999963 0.15999971
 0.15999993 0.1599998  0.16001561 0.1600081 ]"
2353,2353,"[0.15999926 0.15999934 0.15999967 0.16004572 0.15999963 0.15999971
 0.15999993 0.15999982 0.16029691 0.15999822]"
2354,2354,"[0.15999923 0.15999932 0.15999971 0.16       0.15999962 0.15999973
 0.15999993 0.15999984 0.15999995 0.15999891]"
2355,2355,"[0.1599992  0.15999931 0.15999973 0.16       0.15999962 0.15999974
 0.15999994 0.15999986 0.15999887 0.16      ]"
2356,2356,"[0.16012361 0.16000877 0.15999976 0.16       0.16000694 0.16011109
 0.15999994 0.15999987 0.15999895 0.16      ]"
2357,2357,"[0.15999964 0.15999983 0.15999979 0.16       0.15999976 0.15999919
 0.15999994 0.15999988 0.16000013 0.16000046]"
2358,2358,"[0.15999963 0.15999982 0.15999981 0.16       0.15999977 0.15999922
 0.15999995 0.1599999  0.15999999 0.15999901]"
2359,2359,"[0.15999962 0.15999981 0.15999983 0.16       0.15999978 0.15999926
 0.15999995 0.16000134 0.16       0.16000059]"
2360,2360,"[0.15999961 0.1599998  0.16000096 0.16000057 0.1599998  0.15999929
 0.15999995 0.15999851 0.16       0.15999997]"
2361,2361,"[0.1599996  0.1599998  0.15999926 0.15999898 0.15999981 0.15999932
 0.15999996 0.15999856 0.16       0.15999997]"
2362,2362,"[0.1599996  0.15999979 0.15999932 0.15999903 0.15999981 0.15999935
 0.15999996 0.15999861 0.16       0.15999997]"
2363,2363,"[0.15999959 0.15999978 0.15999938 0.16000041 0.15999982 0.15999938
 0.15999996 0.15999866 0.16000097 0.15999997]"
2364,2364,"[0.15999958 0.15999977 0.15999944 0.15999999 0.15999983 0.15999941
 0.15999997 0.16000167 0.15999806 0.16000071]"
2365,2365,"[0.16003321 0.15999976 0.15999972 0.15999948 0.15999984 0.16002978
 0.15999997 0.15999967 0.16002864 0.16001612]"
2366,2366,"[0.15999931 0.15999975 0.15999974 0.15999951 0.15999984 0.1599996
 0.15999997 0.1599997  0.16       0.16      ]"
2367,2367,"[0.15999929 0.15999973 0.15999977 0.15999953 0.15999985 0.15999961
 0.15999997 0.15999973 0.16       0.16      ]"
2368,2368,"[0.15999926 0.15999972 0.15999979 0.15999955 0.15999986 0.15999962
 0.15999997 0.15999975 0.16       0.16      ]"
2369,2369,"[0.15999924 0.15999971 0.16002376 0.16000659 0.15999986 0.15999963
 0.15999997 0.15999978 0.16       0.16      ]"
2370,2370,"[0.15999921 0.15999969 0.1599994  0.16       0.15999987 0.15999965
 0.15999997 0.1599998  0.16       0.16      ]"
2371,2371,"[0.15999917 0.15999968 0.15999945 0.16000047 0.15999987 0.15999966
 0.15999998 0.15999982 0.16000046 0.16      ]"
2372,2372,"[0.15999914 0.15999966 0.1599995  0.159999   0.15999988 0.15999967
 0.15999998 0.15999984 0.15999896 0.16      ]"
2373,2373,"[0.16000134 0.15999964 0.16000098 0.16000015 0.15999988 0.16000125
 0.15999998 0.15999986 0.16       0.16      ]"
2374,2374,"[0.15999969 0.15999963 0.15999966 0.15999953 0.15999989 0.15999929
 0.15999998 0.15999988 0.16       0.16      ]"
2375,2375,"[0.15999968 0.15999961 0.15999969 0.15999955 0.1599999  0.15999932
 0.15999998 0.15999989 0.16       0.16      ]"
2376,2376,"[0.15999967 0.1599996  0.15999972 0.15999957 0.1599999  0.15999935
 0.15999998 0.16000138 0.16       0.16000054]"
2377,2377,"[0.15999966 0.15999959 0.16000099 0.16000175 0.15999991 0.15999938
 0.15999998 0.1599985  0.16000047 0.15999867]"
2378,2378,"[0.15999965 0.15999957 0.15999943 0.15999894 0.15999991 0.15999941
 0.15999999 0.16033691 0.15999904 0.16017583]"
2379,2379,"[0.15999964 0.15999955 0.15999948 0.16       0.15999991 0.15999944
 0.15999999 0.15999985 0.16       0.16      ]"
2380,2380,"[0.15999964 0.15999953 0.159999   0.15999997 0.15999992 0.15999946
 0.15999999 0.15999987 0.16       0.16      ]"
2381,2381,"[0.15999963 0.15999951 0.15999962 0.15999955 0.15999992 0.15999949
 0.15999999 0.15999988 0.16024759 0.16013581]"
2382,2382,"[0.15999961 0.1599995  0.15999966 0.15999957 0.15999992 0.15999951
 0.15999999 0.15999989 0.1599981  0.15999896]"
2383,2383,"[0.16003355 0.15999948 0.15999923 0.16004867 0.15999993 0.16002913
 0.15999999 0.16001828 0.1607291  0.16006888]"
2384,2384,"[0.15999924 0.15999946 0.16001221 0.16000883 0.15999993 0.15999953
 0.15999999 0.15999849 0.15999895 0.15999868]"
2385,2385,"[0.15999921 0.15999943 0.15999945 0.15999895 0.15999993 0.15999955
 0.15999999 0.15999854 0.16001293 0.16001659]"
2386,2386,"[0.15999918 0.1599994  0.15999949 0.159999   0.15999994 0.15999956
 0.15999999 0.16002085 0.15999999 0.16001012]"
2387,2387,"[0.15999914 0.15999937 0.16002438 0.1600181  0.15999994 0.15999958
 0.15999999 0.15999978 0.16       0.15999893]"
2388,2388,"[0.15999911 0.15999935 0.15999971 0.15999999 0.15999994 0.15999959
 0.15999999 0.1599998  0.16       0.159999  ]"
2389,2389,"[0.15999907 0.15999932 0.15999974 0.15999998 0.15999995 0.15999961
 0.15999999 0.15999982 0.15999975 0.15999906]"
2390,2390,"[0.16000133 0.16000219 0.15999977 0.15999951 0.15999995 0.16000124
 0.16001224 0.16000153 0.15999802 0.16000059]"
2391,2391,"[0.15999972 0.15999981 0.15999979 0.16000004 0.15999995 0.15999938
 0.15999918 0.15999855 0.16000349 0.16000023]"
2392,2392,"[0.15999972 0.15999981 0.16000097 0.16000058 0.15999996 0.15999941
 0.15999919 0.1599986  0.1599989  0.15999864]"
2393,2393,"[0.15999971 0.1599998  0.15999933 0.15999903 0.15999996 0.15999943
 0.1599992  0.16000164 0.15999897 0.1600004 ]"
2394,2394,"[0.1599997  0.15999979 0.1599988  0.16014403 0.15999996 0.15999945
 0.15999921 0.1599997  0.16013248 0.16      ]"
2395,2395,"[0.1599997  0.15999978 0.1602055  0.16005311 0.15999996 0.15999947
 0.15999922 0.15999974 0.16       0.16      ]"
2396,2396,"[0.15999969 0.15999977 0.15999976 0.1599995  0.15999996 0.15999949
 0.15999923 0.15999977 0.15999981 0.1599999 ]"
2397,2397,"[0.15999968 0.15999977 0.16000098 0.16000009 0.15999997 0.15999951
 0.15999925 0.15999979 0.15999803 0.15999894]"
2398,2398,"[0.15999967 0.15999976 0.15999938 0.16       0.15999997 0.15999953
 0.15999926 0.15999981 0.16024494 0.16013079]"
2399,2399,"[0.1600014  0.15999975 0.15999943 0.16       0.15999997 0.16000118
 0.15999928 0.15999983 0.16       0.16      ]"
2400,2400,"[0.15999917 0.15999974 0.15999948 0.16       0.15999997 0.15999951
 0.15999929 0.15999985 0.16       0.16      ]"
2401,2401,"[0.15999913 0.15999972 0.15999968 0.15999953 0.15999997 0.15999953
 0.15999931 0.15999987 0.16       0.16      ]"
2402,2402,"[0.1599991  0.15999971 0.15999971 0.16000543 0.15999997 0.15999954
 0.15999933 0.15999988 0.16001476 0.16      ]"
2403,2403,"[0.15999907 0.1599997  0.15999943 0.15999902 0.15999997 0.15999956
 0.15999934 0.16000143 0.15999897 0.16000056]"
2404,2404,"[0.15999903 0.15999968 0.16000098 0.16000171 0.15999997 0.15999958
 0.15999936 0.1599984  0.16000033 0.15999878]"
2405,2405,"[0.15999899 0.15999967 0.15999971 0.15999949 0.15999998 0.1599996
 0.15999937 0.16000142 0.16000084 0.16000291]"
2406,2406,"[0.15999805 0.15999965 0.15999974 0.15999951 0.15999998 0.15999903
 0.15999939 0.15999982 0.15999804 0.15999884]"
2407,2407,"[0.15999978 0.15999964 0.160001   0.16000009 0.15999998 0.15999937
 0.15999941 0.15999984 0.1599982  0.15999891]"
2408,2408,"[0.15999977 0.15999962 0.1599988  0.16001664 0.15999998 0.15999939
 0.15999942 0.15999986 0.16003356 0.15999897]"
2409,2409,"[0.15999977 0.16000248 0.15999946 0.15999909 0.16000037 0.15999941
 0.15999943 0.16001986 0.15999882 0.16000921]"
2410,2410,"[0.15999976 0.15999808 0.16002495 0.16001817 0.15999954 0.15999943
 0.15999944 0.1599984  0.15999889 0.15999877]"
2411,2411,"[0.15999975 0.15999807 0.15999972 0.15999998 0.15999953 0.15999945
 0.15999945 0.15999846 0.15999896 0.15999881]"
2412,2412,"[0.15999975 0.15999807 0.15999975 0.16000492 0.15999953 0.15999947
 0.15999946 0.16004584 0.16001551 0.16002091]"
2413,2413,"[0.15999974 0.15999806 0.15999977 0.15999949 0.15999953 0.15999949
 0.15999948 0.15999979 0.15999801 0.15999885]"
2414,2414,"[0.15999973 0.15999805 0.15999937 0.15999929 0.15999953 0.15999951
 0.15999949 0.15999981 0.15999816 0.15999893]"
2415,2415,"[0.15999972 0.15999804 0.15999929 0.15999902 0.15999953 0.15999953
 0.15999951 0.15999983 0.15999995 0.15999847]"
2416,2416,"[0.15999971 0.15999803 0.15999936 0.15999907 0.15999953 0.15999955
 0.15999952 0.1599993  0.15999884 0.15999988]"
2417,2417,"[0.1599997  0.15999803 0.15999942 0.15999912 0.15999953 0.15999957
 0.15999954 0.15999839 0.15999891 0.15999874]"
2418,2418,"[0.16000139 0.15999803 0.16000099 0.16000172 0.15999953 0.16000116
 0.15999955 0.15999844 0.1600003  0.15999877]"
2419,2419,"[0.15999911 0.15999804 0.1599997  0.15999943 0.15999953 0.1599995
 0.15999957 0.15999849 0.16       0.1599988 ]"
2420,2420,"[0.15999908 0.15999805 0.15999972 0.15999946 0.15999953 0.15999952
 0.15999958 0.15999972 0.16000087 0.16000037]"
2421,2421,"[0.15999905 0.15999805 0.15999975 0.15999948 0.15999953 0.15999954
 0.1599996  0.15999975 0.15999809 0.1599989 ]"
2422,2422,"[0.15999902 0.15999806 0.15999977 0.15999951 0.15999953 0.15999955
 0.15999962 0.15999977 0.1602498  0.16012822]"
2423,2423,"[0.15999899 0.15999807 0.1600245  0.16000637 0.15999953 0.15999957
 0.15999964 0.15999979 0.16       0.16      ]"
2424,2424,"[0.15999895 0.15999808 0.15999941 0.16000051 0.15999953 0.15999959
 0.15999966 0.15999982 0.16000039 0.16      ]"
2425,2425,"[0.15999892 0.1599981  0.15999947 0.15999906 0.15999953 0.15999961
 0.15999967 0.15999984 0.15999891 0.16      ]"
2426,2426,"[0.15999888 0.15999811 0.15999952 0.16000044 0.15999953 0.15999962
 0.15999969 0.15999986 0.16000029 0.16      ]"
2427,2427,"[0.16000128 0.15999927 0.160211   0.16005159 0.15999953 0.16000122
 0.16000078 0.15999987 0.16       0.16      ]"
2428,2428,"[0.15999981 0.15999959 0.15999965 0.15999948 0.15999953 0.15999938
 0.15999966 0.16002004 0.15999979 0.16001129]"
2429,2429,"[0.15999981 0.15999958 0.15999968 0.15999951 0.15999953 0.1599994
 0.15999968 0.15999838 0.15999979 0.15999826]"
2430,2430,"[0.1599998  0.16000098 0.16000101 0.16000008 0.16000071 0.15999943
 0.15999969 0.16000151 0.15999796 0.16000063]"
2431,2431,"[0.1599998  0.15999964 0.15999946 0.16       0.15999983 0.15999946
 0.1599997  0.15999979 0.15999812 0.15999888]"
2432,2432,"[0.15999979 0.15999963 0.15999951 0.16000051 0.15999984 0.15999949
 0.15999971 0.15999981 0.16000086 0.15999895]"
2433,2433,"[0.15999979 0.15999961 0.15999956 0.15999904 0.15999984 0.15999951
 0.15999973 0.15999983 0.16000017 0.1600003 ]"
2434,2434,"[0.1600003  0.1599996  0.16000101 0.1600005  0.16000079 0.15999954
 0.15999974 0.15999842 0.15999885 0.15999877]"
2435,2435,"[0.15999544 0.15999958 0.15999959 0.15999998 0.15999944 0.15999956
 0.15999975 0.16000157 0.15999892 0.16000044]"
2436,2436,"[0.15999544 0.15999957 0.15999963 0.15999998 0.15999945 0.15999959
 0.15999977 0.15999977 0.159999   0.16      ]"
2437,2437,"[0.15999544 0.15999956 0.15999966 0.15999998 0.15999946 0.15999961
 0.15999978 0.15999979 0.15999941 0.16000039]"
2438,2438,"[0.1599992  0.15999954 0.1599997  0.15999949 0.15999948 0.16000111
 0.15999979 0.15999981 0.15999782 0.15999898]"
2439,2439,"[0.15999957 0.15999953 0.15999972 0.15999952 0.15999949 0.15999947
 0.15999979 0.15999924 0.15999798 0.15999846]"
2440,2440,"[0.15999957 0.15999951 0.15999974 0.16000003 0.15999951 0.15999949
 0.1599998  0.15999843 0.16000352 0.16000024]"
2441,2441,"[0.15999957 0.15999949 0.16002416 0.16001751 0.15999953 0.15999951
 0.15999981 0.15999849 0.15999892 0.15999874]"
2442,2442,"[0.15999957 0.15999947 0.15999946 0.15999903 0.15999955 0.15999952
 0.15999982 0.15999854 0.15999898 0.15999877]"
2443,2443,"[0.15999957 0.15999945 0.15999952 0.16000043 0.15999956 0.15999954
 0.15999982 0.16000178 0.16000031 0.16000046]"
2444,2444,"[0.15999957 0.15999943 0.16000098 0.16000012 0.15999958 0.15999956
 0.15999983 0.15999965 0.15999793 0.15999891]"
2445,2445,"[0.16028778 0.15999941 0.15999964 0.1599995  0.16018273 0.15999957
 0.15999984 0.15999969 0.15999808 0.15999898]"
2446,2446,"[0.15999928 0.15999939 0.15999967 0.15999952 0.15999971 0.15999958
 0.15999984 0.15999971 0.16003038 0.16001524]"
2447,2447,"[0.15999926 0.15999936 0.16000124 0.16001145 0.15999972 0.15999959
 0.15999985 0.15999974 0.16001441 0.16      ]"
2448,2448,"[0.15999923 0.15999933 0.15999952 0.15999905 0.15999974 0.1599996
 0.15999985 0.15999977 0.15999897 0.16      ]"
2449,2449,"[0.15999919 0.1599993  0.1600121  0.16002162 0.15999975 0.15999961
 0.15999986 0.1599998  0.16000733 0.16      ]"
2450,2450,"[0.15999916 0.15999928 0.15999965 0.15999947 0.15999976 0.15999962
 0.15999986 0.15999982 0.16       0.16      ]"
2451,2451,"[0.15999913 0.15999925 0.15999969 0.1599995  0.15999977 0.15999963
 0.15999987 0.15999984 0.16       0.16      ]"
2452,2452,"[0.1599991  0.15999921 0.15999972 0.15999952 0.15999978 0.15999964
 0.15999987 0.15999985 0.16       0.16      ]"
2453,2453,"[0.15999907 0.15999918 0.160202   0.16005201 0.15999979 0.15999965
 0.15999988 0.16000155 0.16       0.16000054]"
2454,2454,"[0.15999903 0.15999915 0.15999949 0.16       0.1599998  0.15999966
 0.15999988 0.15999842 0.16000087 0.16000016]"
2455,2455,"[0.15999899 0.15999911 0.15999953 0.16       0.15999981 0.15999967
 0.15999989 0.15999847 0.15999801 0.15999999]"
2456,2456,"[0.15999796 0.15999907 0.15999957 0.16       0.15999948 0.15999968
 0.15999989 0.15999975 0.15999817 0.15999895]"
2457,2457,"[0.15999964 0.15999903 0.15999961 0.16       0.1599995  0.15999969
 0.1599999  0.15999978 0.16002991 0.16001534]"
2458,2458,"[0.15999964 0.159999   0.15999965 0.15999902 0.15999952 0.1599997
 0.1599999  0.1600017  0.15999883 0.16000055]"
2459,2459,"[0.15999965 0.15999896 0.16020264 0.16015214 0.15999953 0.15999971
 0.15999991 0.15999979 0.1599989  0.16      ]"
2460,2460,"[0.15999964 0.15999893 0.15999957 0.15999999 0.15999955 0.15999972
 0.15999991 0.16000169 0.15999898 0.16000057]"
2461,2461,"[0.15999964 0.15999889 0.15999961 0.15999999 0.15999956 0.15999974
 0.15999992 0.1599998  0.15999904 0.16      ]"
2462,2462,"[0.15999964 0.15999886 0.15999965 0.16000008 0.15999957 0.15999975
 0.15999992 0.16000166 0.16000364 0.16000001]"
2463,2463,"[0.15999964 0.15999882 0.15999968 0.15999953 0.15999958 0.15999975
 0.15999992 0.1603694  0.15999787 0.1601643 ]"
2464,2464,"[0.15999964 0.15999879 0.15999971 0.16000004 0.1599996  0.15999976
 0.15999993 0.15999844 0.16000068 0.15999999]"
2465,2465,"[0.15999964 0.15999875 0.16001184 0.16001017 0.15999961 0.15999977
 0.15999993 0.16000163 0.15999974 0.16000064]"
2466,2466,"[0.15999964 0.15999871 0.15999948 0.15999901 0.15999962 0.15999978
 0.15999993 0.15999906 0.16       0.15999842]"
2467,2467,"[0.15999965 0.15999867 0.15999953 0.15999906 0.15999964 0.15999979
 0.15999994 0.15999848 0.15999898 0.15999876]"
2468,2468,"[0.15999965 0.15999862 0.15999957 0.16000044 0.15999965 0.1599998
 0.15999994 0.1600017  0.16000365 0.16000271]"
2469,2469,"[0.15999965 0.15999858 0.16000094 0.1600001  0.15999966 0.15999981
 0.15999994 0.15999971 0.15999798 0.15999901]"
2470,2470,"[0.15999965 0.15999854 0.15999963 0.15999947 0.15999967 0.15999982
 0.15999995 0.15999974 0.16       0.16      ]"
2471,2471,"[0.16001526 0.1599985  0.15999966 0.15999949 0.16000085 0.15999982
 0.15999995 0.16005496 0.16       0.16      ]"
2472,2472,"[0.15999978 0.15999846 0.15999969 0.15999952 0.15999964 0.15999983
 0.15999995 0.15999808 0.16       0.16      ]"
2473,2473,"[0.15999977 0.1599984  0.16000094 0.16000175 0.15999966 0.15999984
 0.15999996 0.15999819 0.16000039 0.16      ]"
2474,2474,"[0.15999869 0.15999835 0.1599995  0.15999902 0.15999967 0.15999901
 0.15999996 0.15999828 0.15999897 0.16      ]"
2475,2475,"[0.15999867 0.1599983  0.15999954 0.16       0.15999969 0.15999905
 0.15999997 0.15999836 0.16       0.16      ]"
2476,2476,"[0.15999836 0.15999825 0.15999958 0.16       0.15999971 0.15999908
 0.15999997 0.15999687 0.16       0.16      ]"
2477,2477,"[0.15999961 0.15999819 0.16000093 0.16000013 0.15999972 0.15999911
 0.15999997 0.15999918 0.16       0.16      ]"
2478,2478,"[0.16003373 0.15999815 0.15999964 0.15999952 0.15999973 0.16002944
 0.15999998 0.15999926 0.16       0.16      ]"
2479,2479,"[0.15999924 0.15999953 0.16000093 0.16000009 0.15999975 0.1599998
 0.16001355 0.15999933 0.16       0.16      ]"
2480,2480,"[0.15999921 0.15999869 0.15999957 0.16       0.15999976 0.15999981
 0.15999925 0.15999941 0.16       0.16      ]"
2481,2481,"[0.15999918 0.15999865 0.15999961 0.16       0.15999977 0.15999982
 0.15999926 0.15999947 0.16       0.16      ]"
2482,2482,"[0.15999915 0.15999862 0.15999964 0.16       0.15999978 0.15999983
 0.15999928 0.15999953 0.16       0.16      ]"
2483,2483,"[0.16000136 0.15999858 0.15999967 0.16       0.15999978 0.16000118
 0.1599993  0.15999958 0.16       0.16      ]"
2484,2484,"[0.15999968 0.15999855 0.16001154 0.1600003  0.15999979 0.15999903
 0.15999931 0.15999963 0.16000037 0.16      ]"
2485,2485,"[0.15999968 0.16074822 0.15999956 0.16000008 0.16020427 0.15999907
 0.15999932 0.15999967 0.16000026 0.16      ]"
2486,2486,"[0.15999967 0.15999858 0.1599996  0.15999953 0.15999934 0.1599991
 0.15999934 0.15999971 0.16       0.16      ]"
2487,2487,"[0.15999966 0.15999855 0.15999964 0.16000245 0.15999934 0.15999913
 0.15999935 0.15999974 0.16000679 0.16      ]"
2488,2488,"[0.1600014  0.15999853 0.16001149 0.16000609 0.15999934 0.16000111
 0.15999937 0.15999976 0.16000028 0.16      ]"
2489,2489,"[0.15999918 0.15999851 0.15999958 0.16       0.15999934 0.15999978
 0.15999938 0.15999979 0.16       0.16      ]"
2490,2490,"[0.15999915 0.1599985  0.15999962 0.16       0.15999934 0.15999979
 0.1599994  0.15999981 0.16027993 0.16011885]"
2491,2491,"[0.16000111 0.15999848 0.15999966 0.15999902 0.15999934 0.1599998
 0.15999942 0.16000211 0.16000043 0.16000026]"
2492,2492,"[0.1599998  0.15999847 0.15999969 0.16000043 0.15999934 0.15999982
 0.15999944 0.15999778 0.16000026 0.16      ]"
2493,2493,"[0.15999979 0.15999846 0.15999972 0.15999999 0.15999934 0.15999983
 0.15999945 0.15999789 0.16       0.16      ]"
2494,2494,"[0.15999978 0.15999846 0.16002243 0.16000541 0.15999933 0.15999984
 0.15999946 0.159998   0.16       0.16      ]"
2495,2495,"[0.15999978 0.15999845 0.15999955 0.15999953 0.15999933 0.15999985
 0.15999948 0.15999812 0.16       0.16      ]"
2496,2496,"[0.15999977 0.15999844 0.1599996  0.15999955 0.15999933 0.15999986
 0.15999949 0.15999822 0.16       0.16      ]"
2497,2497,"[0.15999926 0.15999843 0.16002253 0.16000608 0.15999932 0.15999987
 0.15999951 0.15999672 0.16       0.16      ]"
2498,2498,"[0.15999918 0.15999842 0.15999968 0.16       0.15999932 0.15999988
 0.15999952 0.15999924 0.16       0.16      ]"
2499,2499,"[0.15999915 0.15999841 0.15999971 0.1600005  0.15999932 0.15999989
 0.15999954 0.15999932 0.16000037 0.16      ]"
2500,2500,"[0.16000135 0.1599984  0.15999974 0.1600004  0.15999932 0.16000115
 0.15999956 0.15999939 0.16000027 0.16      ]"
2501,2501,"[0.15999968 0.15999839 0.15999976 0.16       0.15999932 0.15999885
 0.15999958 0.15999946 0.16000096 0.16000036]"
2502,2502,"[0.15999967 0.15999838 0.15999946 0.15999954 0.15999932 0.15999889
 0.15999959 0.15999951 0.16000072 0.16000026]"
2503,2503,"[0.1600014  0.15999836 0.15999951 0.15999937 0.15999932 0.16000105
 0.15999961 0.15999956 0.15999992 0.16      ]"
2504,2504,"[0.15999916 0.15999835 0.16000088 0.16000058 0.15999932 0.15999987
 0.15999963 0.1599996  0.15999901 0.16      ]"
2505,2505,"[0.15999913 0.15999834 0.15999972 0.15999899 0.15999932 0.15999987
 0.15999965 0.15999964 0.15999908 0.16      ]"
2506,2506,"[0.16000134 0.15999834 0.15999934 0.16000006 0.15999932 0.16000116
 0.15999967 0.15999968 0.16000028 0.16      ]"
2507,2507,"[0.1599997  0.15999834 0.15999948 0.15999951 0.15999932 0.15999889
 0.15999968 0.15999972 0.16       0.16      ]"
2508,2508,"[0.1600014  0.15999833 0.15999952 0.15999953 0.15999932 0.16000106
 0.1599997  0.15999975 0.16       0.16      ]"
2509,2509,"[0.15999911 0.15999832 0.15999909 0.15999933 0.15999932 0.15999986
 0.15999971 0.15999977 0.16       0.16      ]"
2510,2510,"[0.15999823 0.15999832 0.15999968 0.16       0.15999931 0.15999945
 0.15999973 0.15999979 0.16       0.16      ]"
2511,2511,"[0.16000357 0.15999832 0.15999971 0.16       0.15999931 0.15999889
 0.15999975 0.16005536 0.16000096 0.16000037]"
2512,2512,"[0.1599988  0.15999832 0.15999974 0.16       0.15999931 0.15999892
 0.15999976 0.15999789 0.16001675 0.16000646]"
2513,2513,"[0.16005586 0.15999833 0.15999976 0.16       0.1599993  0.16025445
 0.15999976 0.159998   0.16       0.16      ]"
2514,2514,"[0.15999979 0.15999833 0.15999979 0.16       0.1599993  0.15999987
 0.15999978 0.15999883 0.16       0.16      ]"
2515,2515,"[0.15999978 0.16003787 0.15999981 0.16       0.16003661 0.15999987
 0.15999979 0.15999887 0.16       0.16      ]"
2516,2516,"[0.16000122 0.15999984 0.15999983 0.16000813 0.15999936 0.15999988
 0.15999979 0.15999967 0.16000656 0.16      ]"
2517,2517,"[0.15999913 0.15999983 0.15999985 0.15999898 0.15999938 0.15999988
 0.1599998  0.15999984 0.15999908 0.16      ]"
2518,2518,"[0.1599991  0.15999982 0.15999986 0.16001728 0.15999941 0.15999989
 0.1599998  0.15999984 0.16001368 0.16      ]"
2519,2519,"[0.15999906 0.1599998  0.16000083 0.16000013 0.15999944 0.15999989
 0.1599998  0.15999984 0.16       0.16      ]"
2520,2520,"[0.15999902 0.15999979 0.15999936 0.15999957 0.15999947 0.15999989
 0.15999981 0.15999984 0.16       0.16      ]"
2521,2521,"[0.15999898 0.15999977 0.15999942 0.15999959 0.15999949 0.1599999
 0.15999981 0.15999985 0.16       0.16      ]"
2522,2522,"[0.1600013  0.15999976 0.15999948 0.15999961 0.15999952 0.16000116
 0.15999982 0.15999985 0.16       0.16      ]"
2523,2523,"[0.15999978 0.15999975 0.16000082 0.16000012 0.15999954 0.15999883
 0.15999982 0.15999985 0.16       0.16      ]"
2524,2524,"[0.15999977 0.15999973 0.15999977 0.15999989 0.15999957 0.15999887
 0.15999983 0.15999985 0.15999991 0.16      ]"
2525,2525,"[0.15999977 0.15999972 0.15999979 0.15999889 0.15999959 0.15999892
 0.15999983 0.15999986 0.15999912 0.16      ]"
2526,2526,"[0.15999977 0.1599997  0.15999981 0.15999894 0.15999961 0.15999897
 0.15999984 0.15999985 0.15999918 0.16      ]"
2527,2527,"[0.15999976 0.15999969 0.15999983 0.16       0.15999962 0.15999901
 0.15999984 0.15999985 0.16       0.16      ]"
2528,2528,"[0.15999976 0.15999967 0.15999984 0.16       0.15999964 0.15999905
 0.15999985 0.15999986 0.16       0.16      ]"
2529,2529,"[0.16000136 0.15999965 0.15999986 0.16       0.15999966 0.1600011
 0.15999986 0.15999986 0.16       0.16      ]"
2530,2530,"[0.15999901 0.15999963 0.15999956 0.15999997 0.15999967 0.15999981
 0.15999986 0.15999986 0.16       0.16      ]"
2531,2531,"[0.15999897 0.15999961 0.15999934 0.15999958 0.15999969 0.15999981
 0.15999986 0.15999986 0.16       0.16      ]"
2532,2532,"[0.15999893 0.15999959 0.15999941 0.1599996  0.15999971 0.15999982
 0.15999987 0.15999986 0.16       0.16      ]"
2533,2533,"[0.15999888 0.15999956 0.15999947 0.15999962 0.15999972 0.15999982
 0.15999987 0.15999986 0.16       0.16      ]"
2534,2534,"[0.15999884 0.15999954 0.16000079 0.16000013 0.15999974 0.15999983
 0.15999987 0.15999986 0.16000098 0.16000035]"
2535,2535,"[0.1599988  0.15999952 0.15999979 0.16       0.15999975 0.15999983
 0.15999987 0.15999987 0.16000073 0.16000026]"
2536,2536,"[0.15999779 0.15999949 0.15999981 0.16       0.15999976 0.15999939
 0.15999988 0.15999987 0.16       0.16      ]"
2537,2537,"[0.15999987 0.15999947 0.15999982 0.16       0.15999977 0.15999896
 0.15999988 0.15999987 0.16       0.16      ]"
2538,2538,"[0.15999987 0.15999944 0.15999984 0.16       0.15999979 0.159999
 0.15999989 0.15999987 0.16       0.16      ]"
2539,2539,"[0.15999986 0.15999942 0.15999985 0.16       0.1599998  0.15999904
 0.15999989 0.15999987 0.16       0.16      ]"
2540,2540,"[0.15999986 0.15999939 0.15999986 0.16000045 0.15999981 0.15999908
 0.1599999  0.15999987 0.16000034 0.16      ]"
2541,2541,"[0.15999986 0.15999937 0.15999988 0.15999893 0.15999982 0.15999912
 0.1599999  0.15999987 0.1599991  0.16      ]"
2542,2542,"[0.15999986 0.15999934 0.15999989 0.16000036 0.15999983 0.15999916
 0.1599999  0.15999987 0.16000026 0.16      ]"
2543,2543,"[0.15999986 0.15999932 0.1599999  0.16       0.15999983 0.15999919
 0.15999991 0.15999987 0.16       0.16      ]"
2544,2544,"[0.15999986 0.15999929 0.15999934 0.15999957 0.15999984 0.15999923
 0.15999991 0.15999987 0.16       0.16      ]"
2545,2545,"[0.15999986 0.15999926 0.1599994  0.15999959 0.15999985 0.15999926
 0.15999992 0.15999987 0.16       0.16      ]"
2546,2546,"[0.16000131 0.15999924 0.15999946 0.15999961 0.15999986 0.16000114
 0.15999992 0.15999987 0.16       0.16      ]"
2547,2547,"[0.15999877 0.15999921 0.15999952 0.15999963 0.15999987 0.15999971
 0.15999992 0.15999987 0.16       0.16      ]"
2548,2548,"[0.15999872 0.15999917 0.16000078 0.16000014 0.15999988 0.15999972
 0.15999993 0.15999987 0.16       0.16      ]"
2549,2549,"[0.15999867 0.15999914 0.15999977 0.16       0.15999988 0.15999973
 0.15999993 0.15999987 0.16       0.16      ]"
2550,2550,"[0.15999861 0.1599991  0.15999979 0.16       0.15999989 0.15999974
 0.15999993 0.15999987 0.16       0.16      ]"
2551,2551,"[0.15999856 0.15999906 0.1599998  0.16       0.1599999  0.15999975
 0.15999993 0.15999987 0.16       0.16      ]"
2552,2552,"[0.1599985  0.15999903 0.15999982 0.16       0.1599999  0.15999975
 0.15999994 0.15999987 0.16       0.16      ]"
2553,2553,"[0.15999844 0.15999899 0.15999983 0.16       0.15999991 0.15999976
 0.15999994 0.15999987 0.16       0.16      ]"
2554,2554,"[0.15999994 0.15999895 0.15999985 0.16       0.16002678 0.15999914
 0.16001569 0.15999987 0.16       0.16      ]"
2555,2555,"[0.15999994 0.15999891 0.15999986 0.16       0.15999512 0.15999917
 0.15999859 0.15999987 0.16000106 0.16000032]"
2556,2556,"[0.15999994 0.15999888 0.15999987 0.16       0.16000066 0.15999921
 0.16000099 0.15999987 0.16       0.16      ]"
2557,2557,"[0.15999994 0.15999884 0.15999988 0.16       0.15999996 0.15999924
 0.15999993 0.15999987 0.16       0.16      ]"
2558,2558,"[0.15999994 0.15999881 0.15999989 0.1599999  0.15999996 0.15999927
 0.16001264 0.16004154 0.15999993 0.16      ]"
2559,2559,"[0.15999994 0.15999878 0.15999989 0.15999893 0.15999996 0.1599993
 0.15999948 0.15999813 0.15999908 0.16      ]"
2560,2560,"[0.15999994 0.15999875 0.1599999  0.16013341 0.15999996 0.15999933
 0.15999949 0.15999832 0.1601145  0.15999993]"
2561,2561,"[0.15999994 0.15999872 0.15999991 0.16       0.15999996 0.15999936
 0.1599995  0.1599985  0.16000107 0.16000031]"
2562,2562,"[0.15999994 0.15999869 0.16001894 0.16000574 0.15999996 0.15999939
 0.15999952 0.15999865 0.16000082 0.16000021]"
2563,2563,"[0.15999993 0.15999866 0.15999937 0.1599996  0.15999997 0.15999941
 0.15999953 0.15999879 0.16       0.16      ]"
2564,2564,"[0.15999954 0.15999863 0.15999944 0.1600001  0.15999997 0.15999881
 0.15999954 0.15999891 0.1600003  0.16      ]"
2565,2565,"[0.15999852 0.16000327 0.15999949 0.16       0.16000079 0.15999959
 0.15999956 0.15999902 0.15999909 0.16      ]"
2566,2566,"[0.15999846 0.15999878 0.16000077 0.1600005  0.15999894 0.1599996
 0.15999957 0.15999912 0.15999915 0.16      ]"
2567,2567,"[0.15999842 0.15999877 0.15999979 0.16000032 0.15999893 0.15999962
 0.15999959 0.15999922 0.16000023 0.16      ]"
2568,2568,"[0.15999836 0.15999876 0.15999981 0.16       0.15999893 0.15999964
 0.1599996  0.1599993  0.16       0.16      ]"
2569,2569,"[0.15999831 0.15999875 0.15999983 0.16       0.15999893 0.15999965
 0.15999961 0.15999937 0.16       0.16      ]"
2570,2570,"[0.15999826 0.15999874 0.15999985 0.16       0.15999893 0.15999967
 0.15999963 0.15999944 0.16001827 0.16000574]"
2571,2571,"[0.15999821 0.15999873 0.16000078 0.16000016 0.15999892 0.15999968
 0.1600123  0.16002153 0.16000081 0.16000022]"
2572,2572,"[0.16003044 0.15999872 0.15999944 0.15999958 0.15999892 0.16002627
 0.15999987 0.15999969 0.16       0.16      ]"
2573,2573,"[0.15999998 0.15999871 0.16000983 0.16000306 0.15999891 0.15999929
 0.15999988 0.1599997  0.16       0.16      ]"
2574,2574,"[0.15999998 0.1599987  0.15999982 0.16       0.1599989  0.15999931
 0.15999988 0.1599997  0.16       0.16      ]"
2575,2575,"[0.15999998 0.15999869 0.15999984 0.16       0.15999889 0.15999934
 0.15999989 0.15999971 0.16       0.16      ]"
2576,2576,"[0.15999998 0.15999869 0.15999985 0.16       0.15999888 0.15999936
 0.15999989 0.15999971 0.16       0.16      ]"
2577,2577,"[0.15999998 0.15999868 0.15999987 0.16       0.15999887 0.15999938
 0.1599999  0.15999971 0.16       0.16      ]"
2578,2578,"[0.15999998 0.15999867 0.15999988 0.16       0.15999887 0.1599994
 0.1599999  0.15999971 0.16       0.16      ]"
2579,2579,"[0.15999998 0.15999867 0.15999989 0.16       0.15999886 0.15999942
 0.15999991 0.15999972 0.16       0.16      ]"
2580,2580,"[0.15999998 0.15999866 0.1599999  0.16       0.15999885 0.15999944
 0.15999991 0.15999972 0.16       0.16      ]"
2581,2581,"[0.15999998 0.15999866 0.15999991 0.16       0.15999885 0.15999946
 0.15999992 0.15999972 0.16       0.16      ]"
2582,2582,"[0.15999998 0.15999866 0.15999966 0.15999996 0.15999884 0.15999948
 0.15999992 0.15999973 0.16       0.16      ]"
2583,2583,"[0.15999998 0.15999865 0.15999925 0.1599996  0.15999883 0.1599995
 0.15999992 0.15999973 0.16       0.16      ]"
2584,2584,"[0.15999998 0.15999865 0.15999932 0.15999962 0.15999883 0.15999952
 0.15999993 0.15999974 0.16       0.16      ]"
2585,2585,"[0.15999998 0.15999864 0.1600007  0.16000015 0.15999882 0.15999954
 0.15999993 0.15999974 0.16       0.16      ]"
2586,2586,"[0.15999997 0.15999864 0.15999988 0.16       0.15999881 0.15999956
 0.15999993 0.15999983 0.16       0.16      ]"
2587,2587,"[0.16000829 0.15999864 0.1599999  0.1600004  0.1599988  0.16002395
 0.15999994 0.15999892 0.16000029 0.16      ]"
2588,2588,"[0.16       0.15999864 0.15999991 0.16000028 0.1599988  0.15999954
 0.15999994 0.15999895 0.16000019 0.16      ]"
2589,2589,"[0.16       0.15999864 0.15999992 0.16       0.1599988  0.15999956
 0.15999994 0.15999899 0.16       0.16      ]"
2590,2590,"[0.16       0.15999865 0.15999993 0.16       0.16084822 0.15999958
 0.16027909 0.15999902 0.16       0.16      ]"
2591,2591,"[0.16       0.15999864 0.15999994 0.16       0.15999793 0.1599996
 0.15999855 0.15999907 0.16       0.16      ]"
2592,2592,"[0.16       0.15999863 0.15999926 0.15999963 0.15999801 0.15999961
 0.15999861 0.15999911 0.16       0.16      ]"
2593,2593,"[0.16       0.15999862 0.16000065 0.16000016 0.1599981  0.15999963
 0.15999866 0.15999915 0.16       0.16      ]"
2594,2594,"[0.16       0.15999861 0.15999991 0.16       0.15999818 0.15999964
 0.15999871 0.15999919 0.16       0.16      ]"
2595,2595,"[0.16       0.1599986  0.15999992 0.16       0.15999825 0.15999965
 0.15999876 0.15999923 0.16       0.16      ]"
2596,2596,"[0.16       0.1599986  0.15999993 0.15999999 0.15999833 0.15999967
 0.15999577 0.15999922 0.16       0.16      ]"
2597,2597,"[0.16000091 0.15999859 0.15999993 0.15999999 0.1599984  0.15999968
 0.15999581 0.1600036  0.16       0.16      ]"
2598,2598,"[0.15999821 0.15999858 0.15999994 0.15999999 0.15999847 0.15999969
 0.15999586 0.15999763 0.16       0.16      ]"
2599,2599,"[0.15999817 0.15999858 0.15999995 0.15999999 0.15999854 0.1599997
 0.15999593 0.15999786 0.16       0.16      ]"
2600,2600,"[0.15999813 0.15999857 0.16000068 0.16000022 0.1599986  0.15999971
 0.15999838 0.16000164 0.16       0.16      ]"
2601,2601,"[0.16000056 0.15999983 0.15999926 0.15999968 0.15999562 0.15999972
 0.15999919 0.15999977 0.16       0.16      ]"
2602,2602,"[0.16       0.15999981 0.16000064 0.16000019 0.15999567 0.15999972
 0.15999923 0.15999923 0.16       0.16      ]"
2603,2603,"[0.16000033 0.1599998  0.15999991 0.15999999 0.16004703 0.16000122
 0.16002535 0.15999926 0.16       0.16      ]"
2604,2604,"[0.15999934 0.15999978 0.15999992 0.15999999 0.15999996 0.15999923
 0.15999974 0.15999928 0.16       0.16      ]"
2605,2605,"[0.15999932 0.15999976 0.15999993 0.15999999 0.15999996 0.15999927
 0.15999974 0.1599993  0.16       0.16      ]"
2606,2606,"[0.15999931 0.15999974 0.15999993 0.15999999 0.15999996 0.1599993
 0.15999975 0.15999932 0.16       0.16      ]"
2607,2607,"[0.1599993  0.15999972 0.15999994 0.15999999 0.15999997 0.15999934
 0.15999976 0.15999934 0.16       0.16      ]"
2608,2608,"[0.16000002 0.1599997  0.15999994 0.15999999 0.15999997 0.15999937
 0.15999977 0.15999977 0.16       0.16      ]"
2609,2609,"[0.15999998 0.15999968 0.15999995 0.15999999 0.15999997 0.1599994
 0.15999977 0.15999989 0.16       0.16      ]"
2610,2610,"[0.15999998 0.15999966 0.15999995 0.15999999 0.15999997 0.15999943
 0.15999978 0.15999988 0.16       0.16      ]"
2611,2611,"[0.15999998 0.15999964 0.16000067 0.16000024 0.15999997 0.15999946
 0.15999979 0.15999988 0.16       0.16      ]"
2612,2612,"[0.15999998 0.15999961 0.15999926 0.1599997  0.15999998 0.15999949
 0.15999979 0.15999988 0.16       0.16      ]"
2613,2613,"[0.15999998 0.15999959 0.16000063 0.16000022 0.15999998 0.15999951
 0.1599998  0.15999989 0.16       0.16      ]"
2614,2614,"[0.15999998 0.15999956 0.15999992 0.15999998 0.15999998 0.15999954
 0.15999981 0.15999989 0.16       0.16      ]"
2615,2615,"[0.16000112 0.15999953 0.15999992 0.15999998 0.15999998 0.1600011
 0.15999981 0.15999989 0.16       0.16      ]"
2616,2616,"[0.15999818 0.1599995  0.15999993 0.15999998 0.15999998 0.15999956
 0.15999982 0.15999988 0.16       0.16      ]"
2617,2617,"[0.15999812 0.15999946 0.15999994 0.15999998 0.15999998 0.15999957
 0.15999982 0.15999988 0.16       0.16      ]"
2618,2618,"[0.15999806 0.15999943 0.15999994 0.15999998 0.15999998 0.15999958
 0.16000056 0.16000241 0.16       0.16      ]"
2619,2619,"[0.159998   0.15999939 0.16000068 0.16000025 0.15999998 0.1599996
 0.15999973 0.15999706 0.16       0.16      ]"
2620,2620,"[0.15999794 0.15999936 0.15999929 0.1599997  0.15999998 0.1599996
 0.15999974 0.15999734 0.16       0.16      ]"
2621,2621,"[0.16000073 0.15999933 0.16015505 0.16005916 0.15999998 0.16000116
 0.15999976 0.1599976  0.16       0.16      ]"
2622,2622,"[0.16       0.1599993  0.15999992 0.15999998 0.15999999 0.15999946
 0.15999977 0.15999784 0.16       0.16      ]"
2623,2623,"[0.16       0.15999926 0.15999993 0.15999998 0.15999999 0.15999949
 0.15999978 0.15999805 0.16       0.16      ]"
2624,2624,"[0.16       0.15999923 0.15999993 0.15999998 0.15999999 0.15999951
 0.15999979 0.15999825 0.16       0.16      ]"
2625,2625,"[0.16       0.15999919 0.15999994 0.15999999 0.15999999 0.15999954
 0.16000051 0.16000171 0.16       0.16      ]"
2626,2626,"[0.16       0.15999916 0.15999929 0.15999968 0.15999999 0.15999956
 0.15999979 0.15999974 0.16       0.16      ]"
2627,2627,"[0.15999998 0.15999911 0.16000915 0.16000609 0.15999999 0.15999958
 0.15999979 0.15999974 0.16       0.16      ]"
2628,2628,"[0.15999978 0.15999907 0.15999991 0.15999659 0.15999999 0.1599996
 0.1599998  0.15999974 0.16       0.16      ]"
2629,2629,"[0.15999977 0.15999902 0.15999991 0.15999663 0.15999999 0.15999962
 0.15999981 0.15999974 0.16       0.16      ]"
2630,2630,"[0.16000284 0.15999896 0.15999992 0.16001006 0.15999999 0.15999963
 0.15999982 0.15999975 0.16000027 0.16      ]"
2631,2631,"[0.15999694 0.15999891 0.15999992 0.15999528 0.15999999 0.15999964
 0.15999983 0.15999975 0.15999921 0.16      ]"
2632,2632,"[0.15999685 0.15999886 0.15999993 0.15999523 0.15999999 0.15999966
 0.15999983 0.15999974 0.15999925 0.16      ]"
2633,2633,"[0.16004886 0.1599988  0.15999993 0.16002847 0.15999999 0.15999967
 0.15999984 0.15999962 0.16000049 0.16      ]"
2634,2634,"[0.15999957 0.15999875 0.15999994 0.15999999 0.15999999 0.15999969
 0.15999984 0.15999906 0.16       0.16      ]"
2635,2635,"[0.15999957 0.16000316 0.15999994 0.15999999 0.16000074 0.1599997
 0.15999985 0.15999909 0.16       0.16      ]"
2636,2636,"[0.15999956 0.15999878 0.15999994 0.15999999 0.15999862 0.15999972
 0.15999985 0.15999911 0.16       0.16      ]"
2637,2637,"[0.15999955 0.15999878 0.15999995 0.15999999 0.15999862 0.15999973
 0.15999986 0.15999914 0.16       0.16      ]"
2638,2638,"[0.15999954 0.15999877 0.15999925 0.15999964 0.15999861 0.15999974
 0.16001212 0.15999922 0.16       0.16      ]"
2639,2639,"[0.15999953 0.15999876 0.15999932 0.15999966 0.1599986  0.15999975
 0.15999966 0.15999926 0.15999744 0.15999918]"
2640,2640,"[0.15999951 0.15999875 0.15999938 0.15999967 0.15999859 0.15999976
 0.15999967 0.1599993  0.16000092 0.16000018]"
2641,2641,"[0.1599995  0.15999875 0.15999943 0.15999969 0.15999858 0.15999977
 0.15999968 0.15999934 0.15999999 0.16      ]"
2642,2642,"[0.16000028 0.15999874 0.16000069 0.16000025 0.15999857 0.16000098
 0.15999969 0.15999938 0.15999999 0.16      ]"
2643,2643,"[0.15999999 0.15999874 0.15999985 0.15999997 0.15999856 0.1599994
 0.1599997  0.15999942 0.15999999 0.16      ]"
2644,2644,"[0.16002717 0.15999874 0.15999987 0.15999997 0.15999856 0.15999942
 0.15999971 0.16009457 0.15999999 0.16      ]"
2645,2645,"[0.15999778 0.15999874 0.15999988 0.15999998 0.15999856 0.15999944
 0.15999973 0.15999723 0.15999999 0.16      ]"
2646,2646,"[0.15999773 0.15999873 0.1599999  0.15999998 0.15999856 0.15999946
 0.15999974 0.1599975  0.15999999 0.16      ]"
2647,2647,"[0.15999767 0.15999873 0.15999991 0.15999998 0.15999857 0.15999947
 0.15999976 0.15999774 0.15999999 0.16      ]"
2648,2648,"[0.16022977 0.15999873 0.15999992 0.15999998 0.15999857 0.15999949
 0.15999977 0.16075091 0.15999999 0.16      ]"
2649,2649,"[0.15999995 0.15999873 0.15999993 0.15999998 0.15999856 0.15999951
 0.15999978 0.15999908 0.15999999 0.16      ]"
2650,2650,"[0.15999995 0.15999736 0.15999994 0.15999998 0.15999751 0.15999953
 0.15999979 0.15999914 0.15999999 0.16      ]"
2651,2651,"[0.15999994 0.16000058 0.15999995 0.15999998 0.15999986 0.15999955
 0.16001365 0.15999919 0.15999999 0.16      ]"
2652,2652,"[0.15999994 0.15999837 0.15999995 0.15999998 0.15999986 0.15999957
 0.15999969 0.15999923 0.15999999 0.16      ]"
2653,2653,"[0.15999994 0.1599983  0.15999995 0.15999998 0.15999987 0.15999958
 0.15999971 0.15999928 0.15999999 0.16      ]"
2654,2654,"[0.16001005 0.15999824 0.15999996 0.15999998 0.15999988 0.16002341
 0.15999972 0.15999932 0.15999999 0.16      ]"
2655,2655,"[0.15999961 0.15999817 0.15999996 0.15999998 0.15999988 0.15999955
 0.15999974 0.15999936 0.15999999 0.16      ]"
2656,2656,"[0.1599996  0.15999811 0.16014776 0.16006681 0.15999989 0.15999957
 0.15999975 0.15999939 0.15999999 0.16      ]"
2657,2657,"[0.15999959 0.15999805 0.15999929 0.15999968 0.1599999  0.15999959
 0.15999976 0.15999942 0.15999999 0.16      ]"
2658,2658,"[0.1600423  0.15999798 0.15999936 0.15999969 0.16001182 0.15999961
 0.15999978 0.15999946 0.15999999 0.16      ]"
2659,2659,"[0.15999354 0.15999793 0.16000064 0.16000028 0.1599996  0.15999964
 0.15999979 0.15999948 0.15999999 0.16      ]"
2660,2660,"[0.15999539 0.15999787 0.1599999  0.15999996 0.15999961 0.15999966
 0.1599998  0.16000388 0.15999999 0.16      ]"
2661,2661,"[0.15999667 0.15999782 0.15999991 0.15999996 0.15999962 0.15999968
 0.15999981 0.15999671 0.15999999 0.16      ]"
2662,2662,"[0.16028334 0.15999778 0.15999992 0.15999996 0.15999964 0.16020657
 0.15999982 0.15999702 0.15999999 0.16      ]"
2663,2663,"[0.15999987 0.15999772 0.15999993 0.15999996 0.15999965 0.1599995
 0.15999982 0.1599973  0.16       0.16      ]"
2664,2664,"[0.16000185 0.15999767 0.15999994 0.15999997 0.16000055 0.15999951
 0.15999983 0.15999756 0.16       0.16      ]"
2665,2665,"[0.15999791 0.15999761 0.15999995 0.15999997 0.15999985 0.15999952
 0.15999983 0.1599978  0.16       0.16      ]"
2666,2666,"[0.15999785 0.15999754 0.15999995 0.15999997 0.15999986 0.15999953
 0.15999984 0.15999802 0.16       0.16      ]"
2667,2667,"[0.15999778 0.15999748 0.15999996 0.15999997 0.15999986 0.15999954
 0.15999984 0.15999822 0.16       0.16      ]"
2668,2668,"[0.15999772 0.15999741 0.15999976 0.15999986 0.15999987 0.15999955
 0.15999985 0.1599984  0.16       0.16      ]"
2669,2669,"[0.15999765 0.15999734 0.15999923 0.15999967 0.15999987 0.15999956
 0.15999985 0.15999856 0.16       0.16      ]"
2670,2670,"[0.16000169 0.15999728 0.16000223 0.15999968 0.16000054 0.15999956
 0.1599998  0.15999871 0.16       0.16      ]"
2671,2671,"[0.1599999  0.15999721 0.1599989  0.15999969 0.15999966 0.15999957
 0.15999952 0.15999884 0.16       0.16      ]"
2672,2672,"[0.1599999  0.15999715 0.15999894 0.1599997  0.15999967 0.15999959
 0.15999953 0.15999896 0.16       0.16      ]"
2673,2673,"[0.1599999  0.15999744 0.15999897 0.15999972 0.15999969 0.1599996
 0.15999946 0.15999906 0.16       0.16      ]"
2674,2674,"[0.16000031 0.15999772 0.15999901 0.15999973 0.1599997  0.15999962
 0.1599993  0.16000328 0.16       0.16      ]"
2675,2675,"[0.15999727 0.15999766 0.15999904 0.15999974 0.15999971 0.15999963
 0.15999931 0.15999812 0.16       0.16      ]"
2676,2676,"[0.15999723 0.15999759 0.15999907 0.15999976 0.15999971 0.15999965
 0.15999933 0.15999823 0.16       0.16      ]"
2677,2677,"[0.15999719 0.16000363 0.1599991  0.15999977 0.16000019 0.15999967
 0.15999935 0.15999833 0.16       0.16      ]"
2678,2678,"[0.16000047 0.15999919 0.15999913 0.15999978 0.15999499 0.16001392
 0.15999937 0.15999842 0.16       0.16      ]"
2679,2679,"[0.16039794 0.15999919 0.15999917 0.15999979 0.16011265 0.16000109
 0.15999938 0.15999851 0.16       0.16      ]"
2680,2680,"[0.15999999 0.15999919 0.1599992  0.1599998  0.15999829 0.1599997
 0.1599994  0.1599986  0.15999999 0.16      ]"
2681,2681,"[0.15999999 0.15999919 0.15999922 0.15999981 0.15999829 0.15999972
 0.15999942 0.15999869 0.15999999 0.16      ]"
2682,2682,"[0.16       0.15999919 0.15999925 0.15999982 0.15999829 0.16000113
 0.15999943 0.16000374 0.15999999 0.16      ]"
2683,2683,"[0.16       0.15999919 0.15999928 0.15999983 0.15999829 0.1599993
 0.15999945 0.15999824 0.15999999 0.16      ]"
2684,2684,"[0.16000096 0.15999918 0.16007795 0.15999984 0.15999829 0.16000108
 0.16004158 0.15999842 0.15999999 0.16      ]"
2685,2685,"[0.16000068 0.15999917 0.15999817 0.15999984 0.15999829 0.16000113
 0.1599992  0.15999857 0.15999999 0.16      ]"
2686,2686,"[0.16       0.15999915 0.15999833 0.15999985 0.1599983  0.15999933
 0.15999923 0.15999871 0.15999999 0.16      ]"
2687,2687,"[0.16       0.15999914 0.15999847 0.15999985 0.1599983  0.15999936
 0.15999925 0.15999884 0.16       0.16      ]"
2688,2688,"[0.16000094 0.15999912 0.1599986  0.15999985 0.1599983  0.16000108
 0.15999927 0.15999895 0.16       0.16      ]"
2689,2689,"[0.16029241 0.15999911 0.15999872 0.15999986 0.1599983  0.16023258
 0.15999929 0.15999906 0.16       0.16      ]"
2690,2690,"[0.15999766 0.1599991  0.15999883 0.15999986 0.1599983  0.15999968
 0.15999931 0.15999915 0.16       0.16      ]"
2691,2691,"[0.16000832 0.15999764 0.15999893 0.15999986 0.15999681 0.15999875
 0.15999933 0.1600801  0.16       0.16      ]"
2692,2692,"[0.16000032 0.15999833 0.15999903 0.1600003  0.15999954 0.16000108
 0.15999935 0.15999812 0.16000022 0.16      ]"
2693,2693,"[0.15999998 0.15999827 0.16000231 0.15999989 0.15999956 0.15999968
 0.16000159 0.15999823 0.15999928 0.16      ]"
2694,2694,"[0.15999997 0.15999821 0.15999902 0.1599999  0.15999959 0.15999969
 0.15999937 0.15999834 0.15999932 0.16      ]"
2695,2695,"[0.15999997 0.15999814 0.15999904 0.1599999  0.15999961 0.15999971
 0.15999939 0.15999844 0.15999936 0.16      ]"
2696,2696,"[0.15999997 0.15999807 0.15999906 0.1599999  0.15999963 0.15999972
 0.1599994  0.15999853 0.1599994  0.16      ]"
2697,2697,"[0.16000038 0.159998   0.15999908 0.1599999  0.15999981 0.16000113
 0.15999853 0.15999862 0.15999943 0.16      ]"
2698,2698,"[0.15999962 0.15999793 0.1599991  0.1599999  0.1599966  0.15999931
 0.15999897 0.15999869 0.15999947 0.15999999]"
2699,2699,"[0.16006977 0.15999787 0.15999912 0.1599999  0.15999659 0.15999868
 0.159999   0.16077987 0.15999949 0.15999999]"
2700,2700,"[0.16029003 0.15999781 0.15999915 0.15999991 0.15999658 0.16023167
 0.15999903 0.15999836 0.15999952 0.15999999]"
2701,2701,"[0.16000056 0.15999775 0.15999917 0.15999991 0.15999657 0.16000113
 0.15999907 0.15999853 0.15999955 0.15999999]"
2702,2702,"[0.15999999 0.15999769 0.15999919 0.15999992 0.15999656 0.15999936
 0.15999911 0.15999868 0.15999958 0.15999999]"
2703,2703,"[0.15999999 0.15999763 0.15999921 0.16000034 0.15999655 0.15999939
 0.15999915 0.15999882 0.16000021 0.15999999]"
2704,2704,"[0.15999999 0.15999758 0.15999924 0.15999979 0.15999655 0.15999941
 0.15999918 0.15999895 0.15999999 0.15999999]"
2705,2705,"[0.1600768  0.15999752 0.15999926 0.1599998  0.15999654 0.16000147
 0.15999921 0.1607154  0.15999999 0.15999999]"
2706,2706,"[0.15999995 0.16074157 0.15999927 0.15999981 0.16007472 0.15999967
 0.15999924 0.15999819 0.16       0.15999999]"
2707,2707,"[0.15999994 0.15999937 0.1599993  0.15999982 0.15999886 0.15999969
 0.15999926 0.15999831 0.16000122 0.16000019]"
2708,2708,"[0.15999979 0.15999936 0.15999932 0.15999983 0.1599989  0.1599992
 0.15999929 0.15999842 0.15999687 0.15999928]"
2709,2709,"[0.15999967 0.15999935 0.15999935 0.15999984 0.15999894 0.15999933
 0.15999932 0.15999853 0.15999708 0.15999933]"
2710,2710,"[0.15999966 0.15999934 0.15999937 0.15999985 0.15999899 0.15999935
 0.15999934 0.15999862 0.15999729 0.15999937]"
2711,2711,"[0.16000023 0.15999933 0.15999939 0.15999986 0.15999903 0.15999938
 0.15999936 0.1600038  0.15999748 0.1599994 ]"
2712,2712,"[0.15999745 0.15999931 0.15999942 0.15999987 0.15999906 0.15999969
 0.15999939 0.15999825 0.16000109 0.16000017]"
2713,2713,"[0.16000048 0.1599993  0.15999944 0.16000031 0.1599991  0.16000113
 0.15999942 0.15999842 0.16000015 0.16      ]"
2714,2714,"[0.15999998 0.15999929 0.15999946 0.15999988 0.15999913 0.15999937
 0.15999944 0.15999857 0.15999915 0.16      ]"
2715,2715,"[0.15999989 0.15999927 0.15999948 0.15999988 0.15999916 0.1599994
 0.15999946 0.15999695 0.15999921 0.16      ]"
2716,2716,"[0.15999969 0.15999926 0.1599995  0.15999989 0.15999919 0.15999943
 0.15999949 0.15999825 0.15999926 0.16      ]"
2717,2717,"[0.15999968 0.15999925 0.15999952 0.15999989 0.15999923 0.15999945
 0.1599995  0.15999835 0.15999931 0.16      ]"
2718,2718,"[0.16001032 0.15999924 0.15999953 0.15999989 0.15999926 0.16002701
 0.15999952 0.15999845 0.15999935 0.16      ]"
2719,2719,"[0.15999994 0.15999924 0.15999954 0.15999989 0.15999929 0.15999967
 0.15999953 0.15999855 0.15999939 0.16      ]"
2720,2720,"[0.15999994 0.15999923 0.15999956 0.15999989 0.15999932 0.15999969
 0.15999955 0.15999864 0.15999943 0.16      ]"
2721,2721,"[0.15999994 0.15999922 0.15999957 0.15999989 0.15999934 0.1599997
 0.15999957 0.15999873 0.15999947 0.16      ]"
2722,2722,"[0.16000044 0.15999922 0.15999959 0.15999989 0.15999937 0.15999972
 0.15999959 0.16000386 0.15999951 0.16      ]"
2723,2723,"[0.1600351  0.15999921 0.1599996  0.1599999  0.15999939 0.16002773
 0.1599996  0.15999809 0.15999954 0.16      ]"
2724,2724,"[0.15999998 0.15999919 0.15999962 0.1599999  0.15999941 0.15999935
 0.15999962 0.15999828 0.15999957 0.16      ]"
2725,2725,"[0.15999998 0.15999918 0.15999963 0.16000035 0.15999943 0.15999938
 0.15999964 0.15999845 0.1600002  0.16      ]"
2726,2726,"[0.16000029 0.15999916 0.15999965 0.15999981 0.16000289 0.15999941
 0.16000135 0.16000368 0.15999999 0.16      ]"
2727,2727,"[0.15999969 0.15999916 0.15999966 0.15999982 0.15999801 0.15999944
 0.15999923 0.15999845 0.16       0.16      ]"
2728,2728,"[0.15999969 0.15999916 0.15999967 0.15999983 0.159998   0.15999946
 0.15999925 0.15999854 0.16       0.16      ]"
2729,2729,"[0.16001044 0.15999916 0.15999968 0.15999984 0.15999799 0.16002666
 0.15999926 0.15999863 0.16       0.16      ]"
2730,2730,"[0.15999731 0.15999916 0.1599997  0.15999984 0.15999799 0.15999967
 0.15999928 0.1599982  0.16       0.16      ]"
2731,2731,"[0.16000003 0.15999916 0.15999971 0.15999985 0.15999799 0.15999968
 0.15999928 0.16000374 0.16       0.16      ]"
2732,2732,"[0.15999989 0.15999916 0.15999972 0.15999986 0.15999799 0.1599997
 0.15999929 0.1599986  0.15999677 0.15999946]"
2733,2733,"[0.16001093 0.15999916 0.15999973 0.15999986 0.15999799 0.16002732
 0.1599993  0.1599987  0.15999699 0.15999949]"
2734,2734,"[0.15999973 0.15999916 0.15999975 0.15999987 0.159998   0.15999939
 0.15999931 0.15999878 0.16       0.16      ]"
2735,2735,"[0.16000029 0.15999916 0.15999975 0.15999988 0.15999799 0.15999941
 0.15999933 0.1600039  0.16       0.16      ]"
2736,2736,"[0.16000063 0.15999915 0.15999517 0.15999988 0.159998   0.16000106
 0.1599994  0.159998   0.16       0.16      ]"
2737,2737,"[0.16000029 0.15999914 0.15999553 0.15999988 0.159998   0.16000109
 0.15999943 0.15999819 0.16       0.16      ]"
2738,2738,"[0.15999983 0.15999913 0.15999586 0.15999989 0.15999801 0.15999945
 0.15999946 0.15999639 0.16       0.16      ]"
2739,2739,"[0.15999976 0.15999911 0.15999618 0.15999989 0.15999802 0.15999948
 0.15999949 0.15999848 0.16       0.16      ]"
2740,2740,"[0.15999988 0.15999911 0.15999649 0.15999989 0.15999802 0.15999965
 0.15999951 0.15999858 0.16       0.16      ]"
2741,2741,"[0.15999988 0.1599991  0.15999677 0.15999989 0.15999802 0.15999966
 0.15999953 0.15999868 0.16       0.16      ]"
2742,2742,"[0.15999975 0.1599991  0.15999704 0.1599999  0.15999802 0.15999945
 0.15999955 0.15999877 0.16       0.16      ]"
2743,2743,"[0.16000043 0.15999909 0.15999729 0.1599999  0.15999801 0.16000105
 0.15999957 0.15999885 0.16       0.16      ]"
2744,2744,"[0.15999989 0.15999909 0.16070008 0.1599999  0.15999801 0.15999967
 0.16028599 0.15999892 0.16       0.16      ]"
2745,2745,"[0.15999988 0.1599991  0.15999946 0.16000645 0.15999801 0.15999968
 0.1599993  0.15999899 0.16000642 0.16      ]"
2746,2746,"[0.15999992 0.1599991  0.15999948 0.15999984 0.15999801 0.16000109
 0.15999931 0.16000398 0.15999946 0.16      ]"
2747,2747,"[0.15999994 0.1599991  0.1599995  0.15999985 0.15999802 0.15999941
 0.15999932 0.15999763 0.15999949 0.16      ]"
2748,2748,"[0.15999994 0.1599991  0.15999952 0.15999985 0.15999803 0.15999944
 0.15999933 0.15999786 0.15999953 0.16      ]"
2749,2749,"[0.15999993 0.1599991  0.15999954 0.15999986 0.15999804 0.15999947
 0.15999934 0.15999807 0.15999956 0.16      ]"
2750,2750,"[0.16000033 0.1599991  0.15999956 0.15999986 0.15999806 0.15999949
 0.15999934 0.16000378 0.15999959 0.16      ]"
2751,2751,"[0.15999979 0.1599991  0.15999957 0.15999986 0.15999806 0.15999952
 0.15999936 0.15999865 0.15999962 0.16      ]"
2752,2752,"[0.16000044 0.1599991  0.15999959 0.15999987 0.15999807 0.16000101
 0.15999937 0.15999873 0.15999964 0.16      ]"
2753,2753,"[0.15999985 0.15999911 0.1599996  0.16000722 0.1600049  0.15999965
 0.16000171 0.15999881 0.16000582 0.16      ]"
2754,2754,"[0.15999985 0.15999911 0.15999962 0.15999987 0.15999802 0.15999966
 0.15999925 0.15999889 0.15999999 0.16      ]"
2755,2755,"[0.16000016 0.15999911 0.15999963 0.15999987 0.15999809 0.15999967
 0.15999928 0.16000398 0.16       0.16      ]"
2756,2756,"[0.15999576 0.1599991  0.15999965 0.15999988 0.15999815 0.15999968
 0.15999931 0.15999552 0.16000126 0.1600002 ]"
2757,2757,"[0.16000048 0.15999909 0.15999967 0.15999989 0.15999821 0.16000106
 0.15999935 0.15999881 0.15999668 0.15999952]"
2758,2758,"[0.15999981 0.15999909 0.15999968 0.1599999  0.15999826 0.15999945
 0.15999938 0.1599989  0.1599969  0.15999955]"
2759,2759,"[0.15999981 0.16000197 0.1599997  0.1599999  0.15999791 0.15999948
 0.15999941 0.15999898 0.16004777 0.16000738]"
2760,2760,"[0.1599998  0.15999931 0.16000381 0.15999991 0.15999701 0.15999951
 0.15999937 0.15999904 0.16       0.16      ]"
2761,2761,"[0.15999979 0.15999927 0.159996   0.15999991 0.15999701 0.15999953
 0.15999517 0.1599991  0.16       0.16      ]"
2762,2762,"[0.16000033 0.15999922 0.15999966 0.16000032 0.15999701 0.15999956
 0.15999953 0.16000403 0.16000019 0.16      ]"
2763,2763,"[0.15999992 0.15999917 0.15999967 0.15999982 0.159997   0.15999958
 0.15999955 0.1599974  0.15999947 0.16      ]"
2764,2764,"[0.15999992 0.15999912 0.15999968 0.15999983 0.15999699 0.15999961
 0.15999958 0.15999765 0.15999951 0.16      ]"
2765,2765,"[0.15999992 0.15999907 0.15999969 0.15999983 0.15999698 0.15999963
 0.1599996  0.15999788 0.15999954 0.16      ]"
2766,2766,"[0.16000045 0.15999901 0.1599997  0.15999984 0.15999696 0.16000096
 0.15999962 0.15999809 0.15999957 0.16      ]"
2767,2767,"[0.16002753 0.15999895 0.1599997  0.15999984 0.15999695 0.15999957
 0.15999965 0.16009447 0.1599996  0.16      ]"
2768,2768,"[0.15999981 0.15999888 0.15999971 0.16000034 0.15999695 0.15999958
 0.15999967 0.15999875 0.16000017 0.16      ]"
2769,2769,"[0.1599998  0.15999881 0.15999972 0.15999988 0.15999696 0.1599996
 0.15999968 0.15999884 0.16       0.16      ]"
2770,2770,"[0.1599998  0.15999891 0.15999972 0.15999988 0.15999696 0.1599997
 0.1599997  0.15999891 0.16       0.16      ]"
2771,2771,"[0.15999983 0.15999774 0.15999973 0.15999989 0.15999697 0.15999984
 0.15999971 0.15999898 0.16       0.16      ]"
2772,2772,"[0.15999982 0.15999781 0.15999973 0.15999989 0.15999697 0.15999985
 0.15999973 0.15999905 0.16       0.16      ]"
2773,2773,"[0.15999982 0.15999788 0.15999974 0.1599999  0.16004041 0.15999986
 0.16002503 0.15999911 0.16       0.16      ]"
2774,2774,"[0.15999981 0.15999795 0.15999975 0.1599999  0.16       0.15999987
 0.15999925 0.15999917 0.15999674 0.15999954]"
2775,2775,"[0.15999981 0.15999803 0.15999976 0.15999991 0.16       0.15999987
 0.15999926 0.15999922 0.1600234  0.16000342]"
2776,2776,"[0.1600744  0.1599981  0.15999976 0.15999992 0.16       0.15999988
 0.15999927 0.16085275 0.16       0.16      ]"
2777,2777,"[0.1599999  0.15999817 0.15999977 0.15999992 0.16       0.15999989
 0.15999927 0.15999729 0.16       0.16      ]"
2778,2778,"[0.15999989 0.15999825 0.15999978 0.16000033 0.16       0.15999989
 0.15999927 0.15999754 0.16000018 0.16      ]"
2779,2779,"[0.15999989 0.15999832 0.15999979 0.15999981 0.16       0.1599999
 0.15999927 0.15999778 0.15999949 0.16      ]"
2780,2780,"[0.15999989 0.15999839 0.1599998  0.15999981 0.16       0.1599999
 0.15999928 0.15999799 0.15999953 0.16      ]"
2781,2781,"[0.16000035 0.15999845 0.1599998  0.15999982 0.16       0.1599999
 0.15999928 0.16000385 0.15999956 0.16      ]"
2782,2782,"[0.15999984 0.15999851 0.15999981 0.15999982 0.16       0.15999991
 0.15999929 0.15999866 0.15999959 0.16      ]"
2783,2783,"[0.15999984 0.15999857 0.16000413 0.15999983 0.16       0.15999992
 0.16000133 0.15999874 0.15999961 0.16      ]"
2784,2784,"[0.15999984 0.15999863 0.15999482 0.16000861 0.16       0.15999992
 0.15999959 0.15999882 0.16000664 0.16      ]"
2785,2785,"[0.15999983 0.15999869 0.15999522 0.15999989 0.16       0.15999992
 0.15999961 0.15999891 0.16       0.16      ]"
2786,2786,"[0.15999982 0.15999875 0.15999559 0.15999989 0.16       0.15999993
 0.15999962 0.15999898 0.16       0.16      ]"
2787,2787,"[0.16000034 0.15999881 0.15999594 0.1599999  0.16       0.15999993
 0.15999964 0.16000407 0.16       0.16      ]"
2788,2788,"[0.1599999  0.15999887 0.15999626 0.1599999  0.16       0.15999993
 0.15999966 0.15999755 0.16       0.16      ]"
2789,2789,"[0.15999741 0.15999893 0.15999655 0.1599999  0.15999931 0.15999994
 0.15999968 0.15999777 0.16       0.16      ]"
2790,2790,"[0.15999736 0.159999   0.15999681 0.15999991 0.15999934 0.15999994
 0.1599997  0.15999797 0.16       0.16      ]"
2791,2791,"[0.15999731 0.15999906 0.15999953 0.15999991 0.15999936 0.15999994
 0.15999926 0.15999815 0.1600013  0.16000021]"
2792,2792,"[0.15999727 0.15999911 0.15999955 0.15999992 0.15999939 0.15999994
 0.15999926 0.15999832 0.16000093 0.16000016]"
2793,2793,"[0.15999723 0.16000186 0.15999958 0.15999992 0.15999943 0.15999994
 0.15999927 0.15999847 0.16       0.16      ]"
2794,2794,"[0.15999719 0.15999933 0.1599996  0.15999993 0.15999452 0.15999994
 0.15999927 0.15999861 0.16       0.16      ]"
2795,2795,"[0.15999715 0.15999935 0.15999962 0.16000033 0.15999453 0.15999994
 0.15999928 0.15999874 0.16000021 0.16      ]"
2796,2796,"[0.15999711 0.15999937 0.15999964 0.15999978 0.15999455 0.15999994
 0.15999928 0.15999886 0.15999959 0.16      ]"
2797,2797,"[0.15999707 0.15999939 0.15999966 0.15999979 0.15999458 0.15999994
 0.15999929 0.15999897 0.15999963 0.16      ]"
2798,2798,"[0.15999704 0.15999941 0.15999968 0.15999979 0.15999462 0.15999995
 0.15999929 0.15999906 0.15999966 0.16      ]"
2799,2799,"[0.15999701 0.15999942 0.1599997  0.1599998  0.15999467 0.15999995
 0.1599993  0.15999915 0.15999968 0.16      ]"
2800,2800,"[0.15999534 0.15999944 0.15999972 0.1599998  0.15999373 0.15999995
 0.1599993  0.15999923 0.15999971 0.16      ]"
2801,2801,"[0.16       0.15999946 0.15999974 0.16000034 0.15999814 0.15999995
 0.15999931 0.1599993  0.16000341 0.16000022]"
2802,2802,"[0.16       0.15999948 0.15999975 0.15999991 0.15999816 0.15999995
 0.15999931 0.15999937 0.1599964  0.15999965]"
2803,2803,"[0.16000096 0.15999949 0.16010047 0.15999991 0.15999818 0.16000005
 0.1600358  0.15999942 0.16000087 0.16000019]"
2804,2804,"[0.15999776 0.1599995  0.15999588 0.16000034 0.1599982  0.15999904
 0.15999955 0.15999947 0.16000022 0.15999999]"
2805,2805,"[0.1599977  0.15999952 0.15999619 0.15999981 0.15999821 0.15999904
 0.15999958 0.15999952 0.15999961 0.15999999]"
2806,2806,"[0.15999763 0.15999953 0.15999649 0.15999982 0.15999822 0.15999904
 0.15999961 0.15999957 0.15999964 0.15999999]"
2807,2807,"[0.15999757 0.15999954 0.15999677 0.16000034 0.15999823 0.15999904
 0.15999963 0.15999961 0.16000019 0.15999999]"
2808,2808,"[0.1599975  0.16000188 0.15999702 0.15999989 0.16000225 0.15999904
 0.15999966 0.15999965 0.15999999 0.15999999]"
2809,2809,"[0.15999743 0.15999887 0.15999958 0.15999989 0.15999958 0.15999904
 0.15999924 0.15999968 0.15999999 0.15999999]"
2810,2810,"[0.15999734 0.15999891 0.15999959 0.1599999  0.15999959 0.15999904
 0.15999925 0.15999971 0.15999999 0.15999999]"
2811,2811,"[0.15999726 0.15999866 0.1599996  0.1599999  0.15999961 0.1599997
 0.15999925 0.15999974 0.15999999 0.15999999]"
2812,2812,"[0.16000037 0.15999791 0.15999961 0.1599999  0.15999963 0.16000114
 0.15999926 0.15999977 0.15999999 0.15999999]"
2813,2813,"[0.15999996 0.15999784 0.15999962 0.15999991 0.15999965 0.15999901
 0.15999927 0.15999979 0.15999999 0.15999999]"
2814,2814,"[0.15999996 0.15999778 0.15999963 0.15999991 0.15999966 0.15999906
 0.15999928 0.15999981 0.16       0.15999999]"
2815,2815,"[0.16006218 0.15999771 0.15999964 0.15999982 0.15999968 0.1599991
 0.15999929 0.16064088 0.15999965 0.16      ]"
2816,2816,"[0.15999977 0.15999764 0.15999964 0.15999983 0.1599997  0.15999914
 0.15999931 0.15999686 0.15999967 0.16      ]"
2817,2817,"[0.15999977 0.15999756 0.15999964 0.16000032 0.15999971 0.15999917
 0.15999933 0.15999704 0.16000019 0.16      ]"
2818,2818,"[0.15999977 0.15999749 0.1600036  0.15999989 0.15999973 0.1599992
 0.16000152 0.15999722 0.15999999 0.16      ]"
2819,2819,"[0.15999977 0.15999742 0.15999657 0.15999989 0.15999974 0.15999923
 0.15999942 0.15999739 0.15999999 0.16      ]"
2820,2820,"[0.15999976 0.15999736 0.15999687 0.1599999  0.15999976 0.15999927
 0.15999943 0.15999755 0.16000127 0.16000021]"
2821,2821,"[0.15999976 0.15999731 0.15999714 0.16000032 0.15999977 0.1599993
 0.15999944 0.15999771 0.16000316 0.16000017]"
2822,2822,"[0.15999975 0.15999725 0.1599974  0.15999984 0.15999678 0.15999933
 0.15999512 0.15999785 0.15999959 0.16      ]"
2823,2823,"[0.15999974 0.1599972  0.15999562 0.15999985 0.15999679 0.15999936
 0.15999367 0.15999799 0.15999961 0.16      ]"
2824,2824,"[0.15999973 0.15999714 0.1599994  0.15999969 0.1599968  0.15999939
 0.15999944 0.15999811 0.16024337 0.16005649]"
2825,2825,"[0.15999973 0.15999707 0.15999941 0.15999987 0.1599968  0.15999941
 0.15999946 0.15999822 0.15999961 0.16      ]"
2826,2826,"[0.15999972 0.16007953 0.15999941 0.15999987 0.16000557 0.15999943
 0.15999948 0.15999832 0.16001395 0.16000319]"
2827,2827,"[0.15999972 0.15999951 0.15999943 0.15999986 0.15999888 0.15999946
 0.1599995  0.15999843 0.16000133 0.1600002 ]"
2828,2828,"[0.15999971 0.15999935 0.15999945 0.15999986 0.15999893 0.16000055
 0.15999952 0.15999854 0.16       0.16      ]"
2829,2829,"[0.16000026 0.15999899 0.15999946 0.15999987 0.15999897 0.15999992
 0.15999954 0.16000406 0.16       0.16      ]"
2830,2830,"[0.16000072 0.15999901 0.15999948 0.15999988 0.15999901 0.15999995
 0.15999956 0.15999812 0.16       0.16      ]"
2831,2831,"[0.15999729 0.15999903 0.15999951 0.15999989 0.15999904 0.1599991
 0.15999958 0.15999829 0.16       0.16      ]"
2832,2832,"[0.15999722 0.15999906 0.15999953 0.15999989 0.15999907 0.1599991
 0.15999961 0.15999845 0.16       0.16      ]"
2833,2833,"[0.15999715 0.15999908 0.15999955 0.1599999  0.1599991  0.15999909
 0.15999963 0.1599986  0.16       0.16      ]"
2834,2834,"[0.15999708 0.1599991  0.15999956 0.16000033 0.16007889 0.15999909
 0.1600279  0.15999873 0.1600002  0.16      ]"
2835,2835,"[0.159997   0.15999914 0.15999958 0.15999982 0.15999772 0.15999909
 0.15999926 0.15999886 0.15999962 0.16      ]"
2836,2836,"[0.15999692 0.15999917 0.1599996  0.15999983 0.15999772 0.15999909
 0.15999926 0.15999897 0.15999964 0.16      ]"
2837,2837,"[0.16028136 0.1599992  0.15999961 0.16000034 0.15999773 0.16008773
 0.15999927 0.15999907 0.16000017 0.16      ]"
2838,2838,"[0.1599999  0.15999923 0.15999963 0.15999989 0.15999774 0.15999998
 0.15999927 0.15999917 0.16       0.16      ]"
2839,2839,"[0.1599999  0.15999925 0.15999964 0.15999989 0.15999775 0.15999998
 0.15999928 0.15999925 0.16       0.16      ]"
2840,2840,"[0.16000033 0.15999928 0.15999966 0.1599999  0.15999776 0.15999999
 0.15999929 0.1600035  0.1600013  0.1600002 ]"
2841,2841,"[0.15999984 0.15999931 0.15999967 0.1599999  0.15999778 0.15999999
 0.15999929 0.15999762 0.16000093 0.16000016]"
2842,2842,"[0.15999984 0.15999934 0.15999969 0.16000033 0.15999778 0.15999999
 0.15999931 0.15999778 0.16000019 0.16      ]"
2843,2843,"[0.15999984 0.15999938 0.1599997  0.15999982 0.1600044  0.16000057
 0.16000156 0.15999792 0.1599996  0.16      ]"
2844,2844,"[0.15999984 0.15999939 0.15999971 0.15999983 0.15999859 0.15999911
 0.15999941 0.15999805 0.15999962 0.16      ]"
2845,2845,"[0.15999983 0.15999939 0.15999971 0.15999983 0.15999864 0.15999914
 0.15999943 0.15999818 0.15999965 0.16      ]"
2846,2846,"[0.15999983 0.15999938 0.15999972 0.15999983 0.1599987  0.15999917
 0.15999945 0.1599983  0.15999967 0.16      ]"
2847,2847,"[0.15999982 0.15999937 0.15999973 0.15999972 0.15999875 0.15999921
 0.15999947 0.15999841 0.16002617 0.1600031 ]"
2848,2848,"[0.15999981 0.15999936 0.15999974 0.15999989 0.1599988  0.15999924
 0.15999948 0.15999852 0.15999489 0.15999941]"
2849,2849,"[0.15999981 0.15999935 0.15999975 0.16000034 0.15999884 0.15999927
 0.1599995  0.15999862 0.16000018 0.16      ]"
2850,2850,"[0.1599998  0.15999934 0.15999975 0.15999982 0.15999888 0.1599993
 0.15999952 0.15999871 0.15999955 0.16      ]"
2851,2851,"[0.1599998  0.15999933 0.15999976 0.15999983 0.15999893 0.15999933
 0.15999954 0.15999879 0.15999958 0.16      ]"
2852,2852,"[0.16000033 0.15999933 0.15999977 0.15999983 0.15999897 0.15999936
 0.15999955 0.16000412 0.15999961 0.16      ]"
2853,2853,"[0.15999992 0.15999932 0.15999977 0.15999989 0.159999   0.15999939
 0.15999957 0.15999778 0.16       0.16      ]"
2854,2854,"[0.15999992 0.1599993  0.15999978 0.15999989 0.15999904 0.15999942
 0.15999959 0.15999799 0.16       0.16      ]"
2855,2855,"[0.15999992 0.15999929 0.15999979 0.1599999  0.15999907 0.15999945
 0.15999961 0.15999817 0.16       0.16      ]"
2856,2856,"[0.15999992 0.15999928 0.1599998  0.1599999  0.15999774 0.15999948
 0.1599993  0.15999835 0.16       0.16      ]"
2857,2857,"[0.15999991 0.15999927 0.15999981 0.1599999  0.15999775 0.1599995
 0.15999931 0.15999851 0.16       0.16      ]"
2858,2858,"[0.15999991 0.15999927 0.15999982 0.15999991 0.15999776 0.15999952
 0.15999931 0.15999865 0.16       0.16      ]"
2859,2859,"[0.15999991 0.15999926 0.15999983 0.15999991 0.15999777 0.15999955
 0.15999932 0.15999879 0.16       0.16      ]"
2860,2860,"[0.1599999  0.15999926 0.15999984 0.15999991 0.15999778 0.15999957
 0.15999933 0.15999891 0.16       0.16      ]"
2861,2861,"[0.1599999  0.15999925 0.15999985 0.15999991 0.15999779 0.15999959
 0.15999934 0.15999901 0.16       0.16      ]"
2862,2862,"[0.15999989 0.15999925 0.15999985 0.15999981 0.15999781 0.15999961
 0.15999934 0.15999911 0.15999963 0.16      ]"
2863,2863,"[0.15999989 0.15999925 0.15999986 0.15999982 0.15999782 0.15999963
 0.15999935 0.1599992  0.15999966 0.16      ]"
2864,2864,"[0.15999989 0.16000197 0.15999987 0.16000033 0.15999784 0.16001521
 0.15999936 0.15999928 0.16000016 0.16      ]"
2865,2865,"[0.16006863 0.15999979 0.15999987 0.1599999  0.16009672 0.15999979
 0.16003295 0.16073908 0.16       0.16      ]"
2866,2866,"[0.15999985 0.1599998  0.16000403 0.1599999  0.15999854 0.1599998
 0.15999937 0.15999763 0.16       0.16      ]"
2867,2867,"[0.15999984 0.1599998  0.15999437 0.15999991 0.1599986  0.15999981
 0.15999503 0.1599978  0.16       0.16      ]"
2868,2868,"[0.1600921  0.15999981 0.15999478 0.15999991 0.15999865 0.16003673
 0.15999513 0.15999796 0.16       0.16      ]"
2869,2869,"[0.15999982 0.15999981 0.15999518 0.15999992 0.15999871 0.15999907
 0.15999525 0.15999811 0.16000132 0.16000019]"
2870,2870,"[0.15999982 0.15999981 0.15999554 0.16000032 0.15999876 0.15999907
 0.15999537 0.15999826 0.16000312 0.16000015]"
2871,2871,"[0.15999982 0.15999981 0.15999303 0.15999981 0.15999881 0.15999906
 0.15999381 0.15999839 0.15999962 0.16      ]"
2872,2872,"[0.15999981 0.15999982 0.16000062 0.15999982 0.16000407 0.15999906
 0.16000116 0.15999851 0.15999965 0.16000153]"
2873,2873,"[0.15999981 0.15999983 0.15999979 0.15999982 0.1599978  0.15999907
 0.15999925 0.15999861 0.15999967 0.15999686]"
2874,2874,"[0.15999979 0.15999984 0.15999979 0.15999983 0.15999779 0.15999908
 0.15999927 0.1599987  0.15999969 0.15999696]"
2875,2875,"[0.15999978 0.15999985 0.15999979 0.15999983 0.15999778 0.1599991
 0.15999928 0.15999878 0.15999971 0.15999707]"
2876,2876,"[0.15999977 0.15999986 0.15999979 0.15999988 0.15999777 0.15999911
 0.15999929 0.15999886 0.15999999 0.15999717]"
2877,2877,"[0.15999985 0.15999987 0.15999979 0.15999989 0.15999776 0.15999996
 0.15999931 0.15999893 0.15999999 0.15999727]"
2878,2878,"[0.15999986 0.15999988 0.15999979 0.15999989 0.15999776 0.15999996
 0.15999932 0.15999758 0.16       0.15999738]"
2879,2879,"[0.15999985 0.15999989 0.15999979 0.15999989 0.15999777 0.15999996
 0.15999933 0.15999781 0.16       0.15999749]"
2880,2880,"[0.15999984 0.15999989 0.16000073 0.1599999  0.15999777 0.15999996
 0.15999934 0.15999802 0.16       0.16000168]"
2881,2881,"[0.15999984 0.1599999  0.15999963 0.1599999  0.15999778 0.15999997
 0.15999934 0.15999821 0.16       0.15999989]"
2882,2882,"[0.15999983 0.1599999  0.15999965 0.1599999  0.16000467 0.15999997
 0.16000138 0.15999838 0.16       0.15999989]"
2883,2883,"[0.15999983 0.1600406  0.15999966 0.15999991 0.15999925 0.15999997
 0.15999953 0.15999853 0.16       0.15999989]"
2884,2884,"[0.15999989 0.15999792 0.15999967 0.15999991 0.15999727 0.15999997
 0.15999956 0.15999826 0.16       0.1599999 ]"
2885,2885,"[0.15999988 0.15999799 0.15999968 0.15999992 0.15999725 0.15999997
 0.15999958 0.15999837 0.16       0.15999991]"
2886,2886,"[0.15999988 0.15999805 0.15999969 0.15999992 0.15999724 0.15999997
 0.1599996  0.15999848 0.16       0.15999991]"
2887,2887,"[0.15999988 0.15999812 0.15999969 0.15999993 0.15999723 0.15999998
 0.15999961 0.15999858 0.16       0.15999992]"
2888,2888,"[0.15999987 0.15999818 0.1599997  0.15999993 0.15999722 0.15999998
 0.15999963 0.15999868 0.16       0.15999992]"
2889,2889,"[0.15999987 0.15999824 0.15999971 0.16000033 0.15999721 0.15999998
 0.15999965 0.15999877 0.16000018 0.15999993]"
2890,2890,"[0.15999984 0.15999831 0.15999971 0.15999978 0.1599972  0.15999998
 0.15999967 0.15999782 0.15999968 0.15999993]"
2891,2891,"[0.15999984 0.15999838 0.15999972 0.15999978 0.15999718 0.15999998
 0.15999969 0.15999803 0.1599997  0.15999994]"
2892,2892,"[0.15999984 0.15999845 0.15999973 0.15999979 0.15999716 0.15999998
 0.15999971 0.15999822 0.15999973 0.15999994]"
2893,2893,"[0.15999983 0.15999851 0.15999974 0.1599998  0.15999997 0.15999998
 0.15999928 0.15999839 0.15999975 0.15999994]"
2894,2894,"[0.16000035 0.15999858 0.15999974 0.16007412 0.15999997 0.15999998
 0.15999928 0.16000393 0.16004402 0.15999994]"
2895,2895,"[0.15999989 0.15999863 0.15999975 0.15999991 0.15999997 0.15999999
 0.15999929 0.1599983  0.15999999 0.15999995]"
2896,2896,"[0.15999989 0.15999868 0.15999976 0.15999991 0.15999997 0.15999999
 0.1599993  0.15999842 0.15999999 0.15999995]"
2897,2897,"[0.15999988 0.15999873 0.15999976 0.15999992 0.15999998 0.15999999
 0.15999931 0.15999852 0.15999999 0.15999995]"
2898,2898,"[0.15999988 0.15999878 0.15999977 0.15999992 0.15999998 0.15999999
 0.15999932 0.15999862 0.15999999 0.15999996]"
2899,2899,"[0.16000894 0.15999883 0.15999977 0.15999993 0.15999998 0.15999999
 0.15999934 0.16009992 0.15999999 0.15999996]"
2900,2900,"[0.15999982 0.15999888 0.15999978 0.15999993 0.15999998 0.15999999
 0.15999934 0.1599982  0.15999999 0.15999996]"
2901,2901,"[0.15999981 0.15999893 0.1600005  0.15999993 0.15999998 0.15999999
 0.15999934 0.15999837 0.15999999 0.16000175]"
2902,2902,"[0.16000035 0.15999898 0.15999981 0.15999993 0.15999998 0.15999999
 0.15999935 0.16000395 0.16       0.15999731]"
2903,2903,"[0.1599999  0.15999902 0.15999981 0.15999994 0.15999998 0.15999999
 0.15999936 0.15999831 0.16       0.15999742]"
2904,2904,"[0.1599999  0.15999906 0.15999981 0.15999994 0.15999998 0.15999999
 0.15999938 0.15999842 0.16       0.15999752]"
2905,2905,"[0.1599999  0.15999909 0.15999981 0.15999994 0.15999998 0.15999999
 0.1599994  0.15999852 0.16       0.15999761]"
2906,2906,"[0.15999974 0.16000177 0.15999982 0.16000813 0.16000144 0.15999999
 0.15999941 0.15999667 0.16000501 0.15999771]"
2907,2907,"[0.1599998  0.15999943 0.15999982 0.15999977 0.15999749 0.16
 0.15999943 0.15999791 0.15999973 0.1599978 ]"
2908,2908,"[0.15999979 0.15999945 0.15999982 0.15999978 0.15999749 0.16
 0.15999944 0.15999811 0.15999975 0.1599979 ]"
2909,2909,"[0.15999979 0.15999947 0.16012266 0.16000034 0.1599975  0.16
 0.15999945 0.1599983  0.16000015 0.1604496 ]"
2910,2910,"[0.15999978 0.15999949 0.15999972 0.15999991 0.15999752 0.16
 0.15999945 0.15999846 0.15999999 0.15999981]"
2911,2911,"[0.15999956 0.15999951 0.15999974 0.15999992 0.15999754 0.16
 0.15999946 0.15999669 0.15999999 0.15999982]"
2912,2912,"[0.15999993 0.15999952 0.15999975 0.15999992 0.15999756 0.16
 0.15999946 0.15999806 0.15999999 0.15999982]"
2913,2913,"[0.15999993 0.15999955 0.15999976 0.15999992 0.15999757 0.16
 0.15999947 0.1599982  0.15999999 0.15999983]"
2914,2914,"[0.15999992 0.15999957 0.15999977 0.15999993 0.15999758 0.16
 0.15999948 0.15999832 0.15999999 0.15999984]"
2915,2915,"[0.15999992 0.15999959 0.15999978 0.15999993 0.15999759 0.16
 0.15999949 0.15999844 0.15999999 0.15999985]"
2916,2916,"[0.15999992 0.15999961 0.15999978 0.15999993 0.15999502 0.16
 0.15999872 0.15999854 0.16       0.15999986]"
2917,2917,"[0.15999992 0.15999963 0.15999979 0.15999994 0.15999853 0.16
 0.15999905 0.15999864 0.16       0.15999987]"
2918,2918,"[0.16000036 0.15999964 0.1599998  0.15999981 0.15999858 0.16
 0.15999908 0.16000415 0.15999995 0.15999988]"
2919,2919,"[0.15999978 0.15999965 0.15999981 0.15999974 0.15999862 0.16
 0.15999911 0.15999792 0.15999974 0.15999988]"
2920,2920,"[0.15999978 0.15999965 0.15999982 0.15999975 0.15999866 0.16
 0.15999915 0.15999811 0.15999976 0.15999989]"
2921,2921,"[0.15999978 0.15999966 0.15999473 0.15999975 0.1599987  0.16
 0.15999465 0.15999828 0.15999978 0.15999989]"
2922,2922,"[0.15999978 0.15999966 0.15999511 0.15999955 0.15999874 0.16
 0.15999476 0.15999844 0.15999966 0.15999989]"
2923,2923,"[0.16000034 0.15999966 0.15999546 0.15999992 0.15999879 0.16
 0.15999489 0.16000397 0.15999998 0.15999989]"
2924,2924,"[0.15999991 0.15999966 0.1599958  0.15999992 0.15999883 0.16
 0.159995   0.15999826 0.15999998 0.15999989]"
2925,2925,"[0.15999991 0.15999967 0.15999612 0.15999993 0.15999888 0.16
 0.15999511 0.15999839 0.15999998 0.1599999 ]"
2926,2926,"[0.1599999  0.15999967 0.15999643 0.15999993 0.15999893 0.16
 0.15999522 0.15999851 0.15999999 0.1599999 ]"
2927,2927,"[0.15999989 0.15999968 0.1600031  0.15999993 0.15999898 0.16
 0.15999931 0.15999862 0.15999999 0.15999991]"
2928,2928,"[0.16000036 0.15999969 0.15999963 0.15999994 0.15999902 0.16
 0.15999966 0.16000413 0.15999999 0.15999991]"
2929,2929,"[0.15999982 0.1599997  0.15999964 0.15999994 0.15999906 0.16
 0.15999967 0.15999796 0.15999999 0.15999991]"
2930,2930,"[0.15999982 0.1599997  0.15999966 0.15999995 0.15999908 0.16
 0.15999969 0.15999814 0.15999999 0.15999992]"
2931,2931,"[0.15999982 0.15999971 0.15999967 0.15999995 0.15999911 0.16
 0.15999971 0.15999831 0.15999999 0.15999992]"
2932,2932,"[0.16000035 0.15999972 0.15999968 0.15999995 0.15999914 0.16
 0.15999973 0.16000398 0.15999999 0.15999992]"
2933,2933,"[0.15999989 0.15999972 0.1599997  0.15999996 0.15999917 0.16
 0.15999975 0.15999835 0.15999999 0.15999992]"
2934,2934,"[0.15999988 0.15999973 0.15999971 0.15999996 0.16000372 0.16
 0.16000112 0.15999847 0.15999999 0.15999993]"
2935,2935,"[0.15999988 0.15999975 0.15999971 0.16000034 0.1599976  0.16
 0.15999928 0.15999858 0.16000018 0.15999993]"
2936,2936,"[0.15999988 0.15999976 0.15999972 0.15999969 0.15999761 0.16
 0.15999929 0.15999867 0.1599998  0.15999994]"
2937,2937,"[0.16000893 0.15999977 0.15999973 0.15999969 0.15999761 0.16
 0.1599993  0.16010082 0.15999981 0.15999994]"
2938,2938,"[0.15999982 0.15999978 0.15999974 0.1599997  0.15999763 0.16
 0.1599993  0.15999812 0.15999983 0.15999994]"
2939,2939,"[0.15999982 0.15999979 0.15999975 0.15999971 0.15999764 0.16
 0.1599993  0.1599983  0.15999984 0.15999994]"
2940,2940,"[0.16000035 0.1599998  0.15999976 0.16000953 0.15999766 0.16
 0.15999931 0.16000399 0.16000455 0.15999995]"
2941,2941,"[0.1599999  0.16004128 0.15999977 0.15999994 0.16004413 0.16
 0.15999931 0.15999833 0.15999998 0.15999995]"
2942,2942,"[0.1599999  0.15999825 0.15999978 0.15999994 0.15999993 0.16
 0.15999932 0.15999845 0.15999998 0.15999995]"
2943,2943,"[0.1599999  0.15999831 0.15999978 0.15999995 0.15999993 0.16
 0.15999933 0.15999855 0.15999998 0.15999996]"
2944,2944,"[0.16000037 0.15999837 0.15999978 0.15999995 0.15999993 0.16
 0.15999934 0.16000412 0.15999998 0.15999996]"
2945,2945,"[0.1599998  0.15999831 0.15999979 0.15999995 0.15999993 0.16000055
 0.15999935 0.15999805 0.15999998 0.15999996]"
2946,2946,"[0.1599998  0.15999806 0.15999979 0.15999995 0.15999994 0.1599989
 0.15999936 0.15999823 0.15999999 0.15999996]"
2947,2947,"[0.15999979 0.15999799 0.1599998  0.15999995 0.15999994 0.15999895
 0.15999936 0.15999841 0.15999999 0.15999997]"
2948,2948,"[0.15999992 0.15999792 0.1599998  0.15999995 0.15999994 0.159999
 0.15999937 0.15999828 0.15999999 0.15999997]"
2949,2949,"[0.15999992 0.15999784 0.1599998  0.15999996 0.15999994 0.15999905
 0.15999939 0.15999839 0.15999999 0.15999997]"
2950,2950,"[0.15999992 0.15999776 0.1599998  0.15999996 0.15999995 0.15999909
 0.1599994  0.1599985  0.15999999 0.15999998]"
2951,2951,"[0.16000036 0.15999768 0.1599998  0.16000035 0.15999995 0.15999913
 0.15999942 0.16000412 0.16000017 0.15999998]"
2952,2952,"[0.15999977 0.15999761 0.15999981 0.15999969 0.15999995 0.15999917
 0.15999943 0.15999812 0.15999978 0.15999998]"
2953,2953,"[0.15999976 0.15999754 0.15999981 0.1599997  0.15999995 0.15999921
 0.15999943 0.15999831 0.1599998  0.15999711]"
2954,2954,"[0.16000033 0.16000296 0.15999982 0.15999972 0.16000168 0.15999925
 0.15999945 0.16000403 0.15999981 0.15999722]"
2955,2955,"[0.15999994 0.15999952 0.15999982 0.16000036 0.15999748 0.15999928
 0.15999946 0.15999827 0.16000014 0.15999732]"
2956,2956,"[0.15999994 0.15999953 0.15999982 0.15999992 0.15999747 0.1599993
 0.15999948 0.15999838 0.15999999 0.15999742]"
2957,2957,"[0.16000036 0.15999953 0.15999982 0.15999992 0.15999746 0.15999932
 0.1599995  0.16000411 0.15999999 0.15999751]"
2958,2958,"[0.15999973 0.15999953 0.15999982 0.15999992 0.15999746 0.15999935
 0.15999951 0.15999825 0.15999999 0.15999761]"
2959,2959,"[0.16000032 0.15999953 0.15999982 0.15999992 0.15999747 0.15999937
 0.15999952 0.16000406 0.15999999 0.15999771]"
2960,2960,"[0.15999995 0.15999953 0.15999981 0.15999992 0.16095355 0.1599994
 0.16035615 0.15999831 0.15999999 0.1599978 ]"
2961,2961,"[0.15999982 0.15999953 0.15999982 0.15999993 0.15999878 0.15999942
 0.15999906 0.15999638 0.15999999 0.15999789]"
2962,2962,"[0.15999971 0.15999953 0.15999954 0.15999993 0.15999884 0.15999944
 0.15999908 0.1599981  0.16       0.1599965 ]"
2963,2963,"[0.1599997  0.15999952 0.1599997  0.15999993 0.15999889 0.15999947
 0.15999911 0.15999828 0.16       0.15999978]"
2964,2964,"[0.1599997  0.15999951 0.15999971 0.15999993 0.15999893 0.15999949
 0.15999915 0.15999844 0.16       0.15999978]"
2965,2965,"[0.15999996 0.1599995  0.16000393 0.15999994 0.15999896 0.15999952
 0.15999893 0.15999822 0.16       0.15999979]"
2966,2966,"[0.15999995 0.15999949 0.1599957  0.15999994 0.15999901 0.15999954
 0.15999461 0.15999835 0.16       0.1599998 ]"
2967,2967,"[0.15999995 0.15999948 0.15999603 0.16000912 0.15999905 0.15999956
 0.15999471 0.15999847 0.16000427 0.15999981]"
2968,2968,"[0.16000035 0.15999946 0.16000331 0.15999972 0.15999909 0.15999959
 0.15999877 0.16000416 0.15999979 0.15999982]"
2969,2969,"[0.15999972 0.15999945 0.15999963 0.15999973 0.15999913 0.15999961
 0.15999943 0.1599981  0.1599998  0.15999983]"
2970,2970,"[0.15999972 0.15999944 0.15999964 0.16000038 0.15999916 0.15999963
 0.15999946 0.15999828 0.16000013 0.15999984]"
2971,2971,"[0.16000032 0.15999943 0.15999966 0.15999992 0.15999918 0.15999965
 0.15999949 0.16000406 0.15999999 0.15999984]"
2972,2972,"[0.15999995 0.15999942 0.15999967 0.15999992 0.15999921 0.15999967
 0.15999951 0.15999831 0.15999999 0.15999985]"
2973,2973,"[0.15999995 0.15999942 0.15999968 0.15999993 0.15999924 0.15999968
 0.15999953 0.15999843 0.15999999 0.15999986]"
2974,2974,"[0.15999995 0.15999941 0.15999969 0.15999993 0.15999927 0.1599997
 0.15999954 0.15999854 0.15999999 0.15999987]"
2975,2975,"[0.16007611 0.1599994  0.15999969 0.15999994 0.16078134 0.15999971
 0.16026123 0.16085914 0.15999999 0.15999987]"
2976,2976,"[0.15999971 0.1599994  0.15999971 0.15999994 0.15999737 0.15999973
 0.15999943 0.15999816 0.15999999 0.15999988]"
2977,2977,"[0.16000032 0.1599994  0.15999972 0.15999994 0.15999738 0.15999974
 0.15999944 0.16000408 0.15999999 0.15999989]"
2978,2978,"[0.15999996 0.1599994  0.15999973 0.15999994 0.15999739 0.15999975
 0.15999944 0.15999838 0.15999999 0.15999989]"
2979,2979,"[0.15999996 0.1599994  0.15999974 0.15999995 0.1599974  0.15999976
 0.15999945 0.15999849 0.15999999 0.1599999 ]"
2980,2980,"[0.16000035 0.1599994  0.15999974 0.16008268 0.1599974  0.15999977
 0.15999947 0.16000417 0.16003605 0.15999991]"
2981,2981,"[0.15999969 0.1599994  0.15999975 0.15999968 0.15999741 0.15999978
 0.15999947 0.15999808 0.1599998  0.15999991]"
2982,2982,"[0.16000031 0.15999827 0.15999976 0.15999969 0.15999995 0.1599998
 0.15999947 0.1600041  0.15999981 0.15999992]"
2983,2983,"[0.15999996 0.15999818 0.15999976 0.16001044 0.15999995 0.15999981
 0.15999948 0.15999842 0.16000412 0.15999992]"
2984,2984,"[0.16000034 0.15999809 0.15999977 0.15999993 0.15999995 0.15999982
 0.15999949 0.16000415 0.15999999 0.15999993]"
2985,2985,"[0.16000031 0.159998   0.15999977 0.15999993 0.15999995 0.15999983
 0.1599995  0.16000411 0.15999999 0.15999993]"
2986,2986,"[0.16007594 0.15999791 0.15999978 0.15999993 0.15999996 0.15999984
 0.1599995  0.16085421 0.15999999 0.15999994]"
2987,2987,"[0.15999997 0.15999782 0.15999978 0.15999994 0.15999996 0.15999985
 0.15999951 0.15999838 0.15999999 0.15999994]"
2988,2988,"[0.15999997 0.15999772 0.15999978 0.15999994 0.15999996 0.15999986
 0.15999952 0.15999849 0.16       0.15999995]"
2989,2989,"[0.16000034 0.15999763 0.15999978 0.15999994 0.15999996 0.15999987
 0.15999953 0.16000418 0.16       0.15999995]"
2990,2990,"[0.15999963 0.15999753 0.16000414 0.1600004  0.15999996 0.15999987
 0.16000159 0.15999807 0.16000014 0.15999995]"
2991,2991,"[0.16000447 0.15999745 0.15999496 0.15999968 0.15999996 0.15999988
 0.15999918 0.16005107 0.15999979 0.15999996]"
2992,2992,"[0.15999998 0.15999738 0.15999533 0.1599997  0.1599974  0.15999989
 0.15999451 0.15999842 0.15999981 0.15999996]"
2993,2993,"[0.16000146 0.15999729 0.1599957  0.16008961 0.15999891 0.1599999
 0.15999462 0.15999853 0.16003318 0.15999996]"
2994,2994,"[0.15999701 0.15999721 0.15999603 0.15999992 0.16003353 0.15999991
 0.16003555 0.16000421 0.15999999 0.15999996]"
2995,2995,"[0.15999798 0.15999715 0.15999632 0.15999992 0.15999951 0.15999991
 0.15999939 0.159998   0.15999999 0.15999997]"
2996,2996,"[0.15999793 0.15999709 0.15999659 0.15999992 0.15999953 0.15999992
 0.15999942 0.15999818 0.15999999 0.15999997]"
2997,2997,"[0.15999789 0.1599947  0.15999958 0.15999993 0.15999974 0.15999993
 0.15999947 0.15999835 0.15999999 0.15999997]"
2998,2998,"[0.15999786 0.15999959 0.15999959 0.15999993 0.15999372 0.15999994
 0.15999947 0.15999851 0.15999999 0.15999997]"
2999,2999,"[0.15999782 0.15999959 0.15999961 0.15999993 0.15999378 0.15999994
 0.15999948 0.15999865 0.15999999 0.15999997]"
