,iteration,speed
0,0,"[0.16000297 0.15999885 0.15999982 0.16       0.1600117  0.15999911
 0.1599998  0.15999997 0.15999999 0.16000063]"
1,1,"[0.15999821 0.15999858 0.15999982 0.15999979 0.15999941 0.15999915
 0.15999979 0.15999996 0.15999997 0.15999955]"
2,2,"[0.15999813 0.15999854 0.15999983 0.15999977 0.16000243 0.15999918
 0.15999978 0.16000001 0.15999998 0.15999952]"
3,3,"[0.15999804 0.1599985  0.15999983 0.15999975 0.15999987 0.15999922
 0.15999977 0.15999999 0.15999998 0.1599995 ]"
4,4,"[0.15999796 0.15999846 0.15999984 0.15999972 0.15999987 0.15999926
 0.15999977 0.15999999 0.15999998 0.15999947]"
5,5,"[0.15999788 0.15999841 0.15999984 0.1599997  0.15999987 0.15999929
 0.15999976 0.15999999 0.15999998 0.15999945]"
6,6,"[0.15999781 0.15999837 0.15999985 0.15999967 0.15999987 0.15999933
 0.15999976 0.16       0.15999998 0.15999942]"
7,7,"[0.15999774 0.15999833 0.15999986 0.15999964 0.15999987 0.15999936
 0.15999976 0.16       0.15999998 0.15999939]"
8,8,"[0.15999767 0.15999828 0.15999986 0.1599996  0.15999987 0.15999939
 0.15999976 0.16       0.15999998 0.15999936]"
9,9,"[0.15999761 0.15999824 0.15999987 0.15999957 0.15999988 0.15999942
 0.15999976 0.16       0.15999998 0.15999933]"
10,10,"[0.15999756 0.15999819 0.15999988 0.15999953 0.15999988 0.15999945
 0.15999977 0.16       0.15999998 0.1599993 ]"
11,11,"[0.15999751 0.15999815 0.15999989 0.15999948 0.15999988 0.15999948
 0.15999978 0.16       0.15999998 0.15999927]"
12,12,"[0.15999746 0.15999811 0.15999989 0.15999944 0.15999989 0.1599995
 0.15999978 0.16       0.15999998 0.15999923]"
13,13,"[0.15999743 0.15999806 0.1599999  0.15999939 0.15999989 0.15999952
 0.15999979 0.16       0.15999998 0.1599992 ]"
14,14,"[0.1599974  0.15999802 0.15999991 0.15999934 0.1599999  0.15999954
 0.1599998  0.16       0.15999998 0.15999916]"
15,15,"[0.15999737 0.15999798 0.15999992 0.15999928 0.1599999  0.15999956
 0.15999981 0.16       0.15999998 0.15999913]"
16,16,"[0.15999735 0.15999793 0.15999993 0.15999922 0.15999991 0.15999957
 0.15999983 0.15999999 0.15999998 0.15999909]"
17,17,"[0.15999734 0.15999789 0.15999993 0.15999916 0.15999991 0.15999958
 0.15999984 0.15999999 0.15999998 0.15999905]"
18,18,"[0.15999733 0.15999785 0.15999994 0.15999909 0.15999992 0.15999958
 0.15999985 0.15999999 0.15999998 0.15999901]"
19,19,"[0.15999734 0.15999781 0.15999995 0.15999902 0.15999992 0.15999958
 0.15999987 0.15999998 0.15999998 0.15999897]"
20,20,"[0.15999734 0.15999777 0.15999996 0.15999895 0.15999993 0.15999957
 0.15999988 0.15999998 0.15999998 0.15999893]"
21,21,"[0.15999736 0.15999773 0.15999996 0.15999887 0.15999993 0.15999955
 0.15999989 0.15999997 0.15999998 0.15999889]"
22,22,"[0.15999738 0.1599977  0.15999997 0.15999879 0.15999994 0.15999952
 0.15999991 0.15999995 0.15999998 0.15999885]"
23,23,"[0.15999741 0.15999766 0.15999998 0.15999871 0.15999995 0.15999948
 0.15999992 0.15999993 0.15999998 0.15999881]"
24,24,"[0.15999744 0.15999763 0.15999998 0.15999862 0.15999995 0.15999941
 0.15999993 0.15999989 0.15999998 0.15999876]"
25,25,"[0.15999748 0.1599976  0.15999999 0.15999854 0.15999996 0.1599993
 0.15999994 0.15999983 0.15999998 0.15999872]"
26,26,"[0.15999752 0.15999756 0.15999999 0.15999845 0.15999996 0.15999914
 0.15999995 0.15999972 0.15999998 0.15999868]"
27,27,"[0.15999757 0.15999754 0.15999999 0.15999836 0.15999997 0.15999888
 0.15999996 0.15999952 0.15999998 0.15999863]"
28,28,"[0.15999763 0.15999751 0.16       0.15999827 0.15999997 0.15999847
 0.15999997 0.15999914 0.15999998 0.15999859]"
29,29,"[0.15999768 0.15999748 0.16       0.15999818 0.15999997 0.15999789
 0.15999998 0.15999847 0.15999999 0.15999854]"
30,30,"[0.15999775 0.15999746 0.16       0.1599981  0.15999998 0.15999739
 0.15999999 0.15999765 0.15999999 0.1599985 ]"
31,31,"[0.15999781 0.15999744 0.16       0.15999801 0.15999999 0.15999755
 0.15999999 0.15999738 0.15999999 0.15999845]"
32,32,"[0.15999788 0.15999742 0.16       0.15999793 0.15999983 0.15999823
 0.15999999 0.1599979  0.15999999 0.15999841]"
33,33,"[0.15999795 0.1599974  0.16       0.15999785 0.15999985 0.15999885
 0.16       0.15999856 0.15999999 0.15999836]"
34,34,"[0.15999802 0.15999738 0.16       0.15999778 0.15999988 0.15999923
 0.16       0.15999905 0.15999999 0.15999832]"
35,35,"[0.15999809 0.15999737 0.15999999 0.1599977  0.1599999  0.15999943
 0.16       0.15999937 0.15999999 0.15999827]"
36,36,"[0.15999817 0.15999736 0.15999999 0.15999764 0.15999992 0.15999954
 0.16       0.15999958 0.15999999 0.15999823]"
37,37,"[0.15999824 0.15999735 0.15999999 0.15999757 0.15999994 0.15999959
 0.16       0.15999973 0.15999999 0.15999818]"
38,38,"[0.15999832 0.15999734 0.15999999 0.15999752 0.15999995 0.15999959
 0.16       0.15999983 0.15999999 0.15999814]"
39,39,"[0.15999839 0.15999734 0.15999998 0.15999747 0.15999997 0.15999957
 0.15999999 0.15999989 0.15999999 0.1599981 ]"
40,40,"[0.15999847 0.15999733 0.15999998 0.15999742 0.15999998 0.15999951
 0.15999999 0.15999994 0.15999999 0.15999805]"
41,41,"[0.15999854 0.15999733 0.15999997 0.15999739 0.15999999 0.15999941
 0.15999998 0.15999997 0.15999999 0.15999801]"
42,42,"[0.15999861 0.15999734 0.15999997 0.15999736 0.15999999 0.15999927
 0.15999998 0.15999999 0.15999999 0.15999797]"
43,43,"[0.15999868 0.15999734 0.15999997 0.15999734 0.16       0.15999909
 0.15999997 0.16       0.15999999 0.15999793]"
44,44,"[0.15999875 0.15999735 0.15999996 0.15999733 0.16       0.15999886
 0.15999996 0.16       0.15999999 0.15999789]"
45,45,"[0.15999881 0.15999736 0.15999996 0.15999734 0.16       0.1599986
 0.15999996 0.15999999 0.15999999 0.15999785]"
46,46,"[0.15999888 0.15999737 0.15999996 0.15999735 0.16       0.15999835
 0.15999995 0.15999997 0.15999999 0.15999781]"
47,47,"[0.15999894 0.15999739 0.15999996 0.15999738 0.15999999 0.15999812
 0.15999994 0.15999995 0.15999999 0.15999777]"
48,48,"[0.159999   0.1599974  0.15999996 0.15999741 0.15999999 0.15999794
 0.15999993 0.15999993 0.15999999 0.15999773]"
49,49,"[0.15999906 0.15999742 0.15999996 0.15999746 0.15999998 0.15999781
 0.15999993 0.15999989 0.15999999 0.15999769]"
50,50,"[0.15999911 0.15999745 0.15999996 0.15999753 0.15999997 0.15999772
 0.15999992 0.15999986 0.15999999 0.15999766]"
51,51,"[0.15999916 0.15999747 0.15999997 0.1599976  0.15999996 0.15999767
 0.15999991 0.15999982 0.16       0.15999762]"
52,52,"[0.15999921 0.1599975  0.15999997 0.15999768 0.15999995 0.15999765
 0.1599999  0.15999977 0.16       0.15999759]"
53,53,"[0.15999926 0.15999753 0.15999997 0.15999777 0.15999993 0.15999765
 0.1599999  0.15999972 0.16       0.15999756]"
54,54,"[0.1599993  0.15999756 0.15999998 0.15999787 0.15999991 0.15999767
 0.15999989 0.15999967 0.16       0.15999753]"
55,55,"[0.15999934 0.1599976  0.15999998 0.15999797 0.15999989 0.1599977
 0.15999988 0.15999962 0.16       0.1599975 ]"
56,56,"[0.15999938 0.15999763 0.15999999 0.15999808 0.15999987 0.15999775
 0.15999988 0.15999956 0.16       0.15999748]"
57,57,"[0.15999942 0.15999767 0.15999999 0.15999818 0.15999985 0.15999781
 0.15999987 0.1599995  0.16       0.15999745]"
58,58,"[0.15999946 0.15999772 0.16       0.15999828 0.15999982 0.15999788
 0.15999987 0.15999944 0.16       0.15999743]"
59,59,"[0.15999949 0.15999776 0.16       0.15999838 0.15999979 0.15999796
 0.15999986 0.15999937 0.16       0.15999741]"
60,60,"[0.15999952 0.15999781 0.16       0.15999848 0.15999976 0.15999804
 0.15999986 0.15999931 0.16       0.15999739]"
61,61,"[0.15999955 0.15999785 0.16       0.15999857 0.15999973 0.15999814
 0.15999986 0.15999924 0.16       0.15999738]"
62,62,"[0.15999958 0.1599979  0.15999999 0.15999865 0.15999969 0.15999823
 0.15999985 0.15999918 0.16       0.15999736]"
63,63,"[0.1599996  0.15999795 0.15999998 0.15999873 0.15999965 0.15999833
 0.15999958 0.15999911 0.16       0.1599976 ]"
64,64,"[0.15999962 0.15999801 0.15999996 0.1599988  0.15999961 0.15999843
 0.15999959 0.15999904 0.16       0.15999757]"
65,65,"[0.15999965 0.15999806 0.15999993 0.15999886 0.15999957 0.15999853
 0.15999959 0.15999898 0.16       0.15999754]"
66,66,"[0.15999967 0.15999812 0.15999999 0.15999891 0.15999952 0.15999862
 0.15999959 0.15999891 0.16       0.15999795]"
67,67,"[0.15999969 0.15999817 0.15999992 0.15999896 0.15999948 0.15999871
 0.1599996  0.15999885 0.16       0.15999777]"
68,68,"[0.1599997  0.15999823 0.15999989 0.15999901 0.15999943 0.1599988
 0.1599996  0.15999879 0.16       0.15999773]"
69,69,"[0.15999972 0.15999829 0.15999986 0.15999904 0.15999937 0.15999889
 0.1599996  0.15999873 0.16       0.15999769]"
70,70,"[0.15999974 0.15999835 0.15999983 0.15999908 0.15999932 0.15999897
 0.15999961 0.15999868 0.16       0.15999765]"
71,71,"[0.15999975 0.1599984  0.15999979 0.15999911 0.15999927 0.15999905
 0.15999961 0.15999863 0.16       0.15999762]"
72,72,"[0.15999976 0.15999846 0.15999975 0.15999913 0.15999921 0.15999912
 0.15999962 0.15999858 0.16       0.15999758]"
73,73,"[0.15999978 0.15999852 0.1599997  0.15999915 0.15999915 0.15999919
 0.15999963 0.15999854 0.16       0.15999755]"
74,74,"[0.15999979 0.15999858 0.15999965 0.15999917 0.15999909 0.15999925
 0.15999963 0.1599985  0.16       0.15999752]"
75,75,"[0.1599998  0.15999864 0.15999959 0.15999919 0.15999903 0.15999931
 0.15999964 0.15999847 0.16       0.15999749]"
76,76,"[0.15999981 0.15999869 0.15999953 0.1599992  0.15999897 0.15999937
 0.15999964 0.15999844 0.16       0.15999746]"
77,77,"[0.15999982 0.15999875 0.15999946 0.15999921 0.15999891 0.15999942
 0.15999965 0.15999842 0.16       0.15999744]"
78,78,"[0.15999983 0.15999881 0.15999939 0.15999922 0.15999885 0.15999947
 0.15999966 0.1599984  0.15999999 0.15999741]"
79,79,"[0.15999984 0.15999886 0.15999931 0.15999923 0.15999879 0.15999951
 0.15999967 0.15999838 0.15999999 0.15999739]"
80,80,"[0.15999984 0.15999892 0.15999924 0.15999924 0.15999873 0.15999955
 0.15999967 0.15999837 0.15999999 0.15999738]"
81,81,"[0.15999985 0.15999897 0.15999915 0.15999925 0.15999875 0.15999959
 0.15999968 0.16000587 0.15999999 0.15999736]"
82,82,"[0.15999986 0.15999902 0.15999907 0.15999925 0.15999869 0.15999962
 0.15999969 0.15999966 0.15999999 0.15999735]"
83,83,"[0.15999986 0.15999907 0.15999898 0.15999926 0.15999864 0.15999965
 0.1599997  0.15999967 0.15999998 0.15999734]"
84,84,"[0.15999987 0.15999912 0.15999889 0.15999926 0.15999859 0.15999968
 0.1599997  0.15999968 0.15999998 0.15999734]"
85,85,"[0.15999988 0.15999917 0.1599988  0.15999927 0.15999854 0.15999971
 0.15999971 0.15999969 0.15999998 0.15999733]"
86,86,"[0.15999988 0.15999921 0.1599987  0.15999928 0.15999849 0.15999973
 0.15999972 0.1599997  0.15999997 0.15999733]"
87,87,"[0.15999989 0.15999926 0.15999861 0.15999928 0.15999843 0.15999976
 0.15999973 0.15999971 0.15999997 0.15999734]"
88,88,"[0.15999989 0.1599993  0.15999852 0.15999929 0.15999838 0.15999978
 0.15999974 0.15999972 0.15999996 0.15999734]"
89,89,"[0.1599999  0.15999934 0.15999843 0.15999929 0.15999833 0.1599998
 0.15999974 0.15999973 0.15999996 0.15999735]"
90,90,"[0.1599999  0.15999938 0.15999834 0.1599993  0.15999827 0.15999982
 0.15999975 0.15999974 0.15999995 0.15999736]"
91,91,"[0.1599999  0.15999942 0.15999825 0.15999931 0.15999822 0.15999983
 0.15999976 0.15999976 0.15999994 0.15999738]"
92,92,"[0.15999991 0.15999945 0.15999816 0.15999931 0.15999817 0.15999985
 0.15999977 0.15999977 0.15999993 0.1599974 ]"
93,93,"[0.15999991 0.15999949 0.15999808 0.15999932 0.15999811 0.15999986
 0.15999977 0.15999978 0.15999992 0.15999742]"
94,94,"[0.15999991 0.15999952 0.15999799 0.15999933 0.15999806 0.15999987
 0.15999978 0.15999979 0.15999991 0.15999744]"
95,95,"[0.15999992 0.15999955 0.15999792 0.15999934 0.15999801 0.15999988
 0.15999979 0.1599998  0.1599999  0.15999747]"
96,96,"[0.15999992 0.15999958 0.15999784 0.15999934 0.15999795 0.15999989
 0.15999979 0.15999981 0.15999989 0.1599975 ]"
97,97,"[0.15999992 0.15999961 0.15999777 0.15999935 0.1599979  0.1599999
 0.1599998  0.15999982 0.15999988 0.15999753]"
98,98,"[0.15999993 0.15999964 0.15999771 0.15999936 0.15999785 0.15999991
 0.15999981 0.15999982 0.15999986 0.15999756]"
99,99,"[0.15999993 0.15999966 0.15999765 0.15999937 0.1599978  0.15999992
 0.15999982 0.15999983 0.15999985 0.1599976 ]"
100,100,"[0.15999993 0.16000116 0.15999759 0.15999938 0.16000101 0.15999993
 0.15999982 0.16007576 0.15999983 0.15999789]"
101,101,"[0.15999996 0.15999958 0.15999754 0.15999939 0.15999817 0.15999994
 0.15999994 0.15999869 0.15999981 0.15999748]"
102,102,"[0.16000737 0.15999961 0.1599975  0.16000104 0.15999818 0.15999994
 0.15999997 0.15999875 0.15999979 0.15999751]"
103,103,"[0.15999999 0.15999964 0.15999746 0.15999921 0.15999818 0.15999995
 0.15999997 0.1599988  0.15999977 0.15999754]"
104,104,"[0.15999999 0.15999966 0.15999743 0.15999922 0.15999819 0.15999995
 0.15999997 0.15999885 0.15999975 0.15999757]"
105,105,"[0.15999999 0.15999969 0.1599974  0.15999923 0.1599982  0.15999996
 0.15999997 0.15999891 0.15999972 0.15999761]"
106,106,"[0.15999999 0.15999971 0.15999737 0.15999924 0.15999821 0.15999996
 0.15999997 0.15999895 0.1599997  0.15999764]"
107,107,"[0.15999999 0.15999973 0.15999736 0.15999925 0.15999823 0.15999997
 0.15999998 0.159999   0.15999967 0.15999768]"
108,108,"[0.16       0.15999975 0.15999734 0.15999926 0.15999824 0.15999997
 0.15999998 0.15999905 0.15999964 0.15999772]"
109,109,"[0.16       0.15999977 0.15999734 0.15999927 0.15999826 0.15999999
 0.15999998 0.15999909 0.15999961 0.15999767]"
110,110,"[0.16       0.15999975 0.15999733 0.15999928 0.15999828 0.15999999
 0.15999997 0.15999913 0.15999958 0.15999758]"
111,111,"[0.16       0.1599997  0.15999734 0.15999929 0.1599983  0.16
 0.15999995 0.15999918 0.15999955 0.15999761]"
112,112,"[0.16       0.15999972 0.15999734 0.1599993  0.15999832 0.16
 0.15999995 0.15999921 0.15999952 0.15999764]"
113,113,"[0.16       0.15999974 0.15999736 0.15999931 0.15999835 0.16
 0.15999995 0.15999925 0.15999948 0.15999768]"
114,114,"[0.16       0.15999976 0.15999738 0.15999933 0.15999837 0.16
 0.15999995 0.15999929 0.15999944 0.15999771]"
115,115,"[0.16       0.15999978 0.1599974  0.15999934 0.1599984  0.16
 0.15999995 0.15999932 0.15999941 0.15999775]"
116,116,"[0.16       0.15999979 0.15999743 0.15999935 0.15999843 0.16
 0.15999995 0.15999935 0.15999937 0.15999779]"
117,117,"[0.16       0.15999981 0.15999746 0.15999936 0.15999846 0.16
 0.15999996 0.15999938 0.15999933 0.15999783]"
118,118,"[0.16       0.15999982 0.1599975  0.15999937 0.15999849 0.16
 0.15999996 0.15999941 0.15999929 0.15999787]"
119,119,"[0.16       0.15999984 0.15999754 0.15999938 0.15999852 0.16000002
 0.15999994 0.15999944 0.15999925 0.1599979 ]"
120,120,"[0.16       0.15999985 0.15999758 0.15999939 0.15999855 0.15999995
 0.15999985 0.15999946 0.1599992  0.15999794]"
121,121,"[0.16       0.15999986 0.15999763 0.1599994  0.15999858 0.15999995
 0.15999986 0.15999949 0.15999916 0.15999798]"
122,122,"[0.16       0.15999987 0.15999768 0.15999941 0.15999862 0.15999994
 0.15999986 0.15999951 0.15999912 0.15999802]"
123,123,"[0.16       0.15999988 0.15999773 0.15999942 0.15999865 0.15999994
 0.15999986 0.15999953 0.15999907 0.15999806]"
124,124,"[0.16       0.15999989 0.15999779 0.15999944 0.15999869 0.15999994
 0.15999987 0.15999955 0.15999903 0.1599981 ]"
125,125,"[0.16       0.1599999  0.15999785 0.15999945 0.15999872 0.15999994
 0.15999987 0.15999957 0.15999898 0.15999814]"
126,126,"[0.16       0.15999991 0.15999791 0.15999946 0.15999876 0.15999993
 0.15999987 0.15999959 0.15999894 0.15999818]"
127,127,"[0.16       0.15999992 0.15999798 0.15999947 0.15999879 0.15999993
 0.15999988 0.15999961 0.15999889 0.15999822]"
128,128,"[0.16       0.15999992 0.15999805 0.15999948 0.16000135 0.15999993
 0.15999988 0.15999963 0.15999983 0.15999826]"
129,129,"[0.16       0.15999993 0.15999811 0.15999949 0.15999738 0.15999993
 0.15999988 0.15999964 0.15999786 0.1599983 ]"
130,130,"[0.16       0.15999994 0.15999818 0.1599995  0.1599974  0.15999993
 0.15999989 0.15999966 0.15999781 0.15999834]"
131,131,"[0.16       0.15999994 0.15999825 0.15999951 0.15999743 0.15999992
 0.15999989 0.15999967 0.15999776 0.15999838]"
132,132,"[0.1600001  0.15999995 0.15999832 0.15999952 0.15999745 0.16000012
 0.15999989 0.15999969 0.15999772 0.15999841]"
133,133,"[0.15999962 0.15999995 0.1599984  0.15999953 0.15999748 0.15999997
 0.1599999  0.1599997  0.15999767 0.15999845]"
134,134,"[0.15999963 0.15999996 0.15999847 0.15999954 0.15999752 0.15999998
 0.1599999  0.15999971 0.15999763 0.15999849]"
135,135,"[0.15999964 0.15999996 0.15999854 0.15999955 0.15999755 0.15999998
 0.1599999  0.15999972 0.1599976  0.15999852]"
136,136,"[0.15999965 0.15999996 0.15999861 0.15999956 0.15999759 0.15999998
 0.1599999  0.15999974 0.15999756 0.15999856]"
137,137,"[0.15999966 0.15999997 0.15999868 0.15999957 0.15999763 0.15999999
 0.15999991 0.15999975 0.15999753 0.15999859]"
138,138,"[0.15999967 0.15999997 0.15999875 0.15999958 0.15999767 0.15999999
 0.15999991 0.15999976 0.1599975  0.15999862]"
139,139,"[0.15999968 0.15999997 0.15999882 0.15999959 0.15999772 0.15999999
 0.15999991 0.15999977 0.15999747 0.15999866]"
140,140,"[0.15999969 0.15999998 0.15999888 0.1599996  0.15999777 0.15999999
 0.15999991 0.15999977 0.15999745 0.15999869]"
141,141,"[0.15999969 0.15999998 0.15999895 0.15999961 0.15999781 0.15999999
 0.15999991 0.15999978 0.15999742 0.15999872]"
142,142,"[0.1599997  0.15999998 0.15999901 0.15999962 0.15999786 0.15999999
 0.15999992 0.15999979 0.1599974  0.15999875]"
143,143,"[0.15999971 0.15999998 0.15999907 0.15999963 0.15999791 0.16
 0.15999992 0.1599998  0.15999739 0.15999878]"
144,144,"[0.15999971 0.15999999 0.15999913 0.15999964 0.15999797 0.16
 0.15999992 0.15999981 0.15999737 0.15999881]"
145,145,"[0.15999972 0.15999999 0.15999919 0.16000545 0.15999802 0.16
 0.15999992 0.15999945 0.15999736 0.16000768]"
146,146,"[0.15999972 0.15999999 0.15999924 0.15999936 0.15999807 0.16
 0.15999992 0.15999942 0.15999735 0.15999832]"
147,147,"[0.15999973 0.15999999 0.15999929 0.15999937 0.15999812 0.16
 0.15999992 0.15999945 0.15999734 0.15999834]"
148,148,"[0.15999973 0.15999999 0.15999934 0.15999939 0.15999818 0.16
 0.15999993 0.15999948 0.15999734 0.15999836]"
149,149,"[0.15999974 0.15999999 0.15999939 0.1599994  0.15999823 0.16
 0.15999993 0.15999951 0.15999733 0.15999838]"
150,150,"[0.15999974 0.15999999 0.15999944 0.15999942 0.15999828 0.16
 0.15999993 0.15999954 0.15999733 0.1599984 ]"
151,151,"[0.15999975 0.16       0.15999948 0.15999943 0.15999833 0.16
 0.15999993 0.15999957 0.15999733 0.15999842]"
152,152,"[0.15999975 0.16       0.15999952 0.15999944 0.15999839 0.16
 0.15999993 0.1599996  0.15999734 0.15999843]"
153,153,"[0.15999976 0.16       0.15999956 0.15999946 0.15999844 0.16
 0.15999993 0.15999962 0.15999734 0.15999845]"
154,154,"[0.15999976 0.16       0.15999959 0.15999947 0.15999793 0.16
 0.15999993 0.15999965 0.15999726 0.15999847]"
155,155,"[0.15999977 0.16       0.15999963 0.15999948 0.15999991 0.16
 0.15999993 0.15999967 0.1599977  0.15999848]"
156,156,"[0.15999977 0.16       0.15999966 0.15999949 0.15999991 0.16
 0.15999993 0.15999969 0.15999767 0.1599985 ]"
157,157,"[0.15999977 0.16       0.15999969 0.15999951 0.15999992 0.16
 0.1599999  0.15999966 0.15999765 0.15999851]"
158,158,"[0.15999978 0.16       0.15999972 0.15999952 0.15999992 0.16
 0.15999973 0.1599978  0.15999763 0.15999853]"
159,159,"[0.15999978 0.16       0.15999974 0.15999953 0.15999993 0.16
 0.15999974 0.15999785 0.15999761 0.15999854]"
160,160,"[0.15999979 0.16000001 0.15999971 0.15999954 0.15999993 0.16
 0.15999974 0.15999791 0.15999759 0.15999856]"
161,161,"[0.15999979 0.15999997 0.15999963 0.15999955 0.15999994 0.16
 0.15999974 0.15999797 0.15999757 0.15999857]"
162,162,"[0.15999979 0.15999998 0.15999966 0.15999956 0.15999994 0.16
 0.15999975 0.15999804 0.15999755 0.15999859]"
163,163,"[0.1599998  0.15999998 0.1599997  0.15999957 0.15999994 0.16
 0.15999975 0.1599981  0.15999753 0.1599986 ]"
164,164,"[0.1599998  0.15999998 0.15999973 0.15999958 0.15999995 0.16
 0.15999975 0.15999817 0.15999752 0.15999861]"
165,165,"[0.15999981 0.15999998 0.15999976 0.15999959 0.15999995 0.16
 0.15999976 0.15999823 0.1599975  0.15999863]"
166,166,"[0.15999981 0.15999998 0.15999979 0.1599996  0.15999995 0.16
 0.15999976 0.1599983  0.15999749 0.15999864]"
167,167,"[0.15999981 0.15999999 0.15999982 0.15999961 0.15999996 0.16
 0.15999976 0.15999837 0.15999747 0.15999865]"
168,168,"[0.15999982 0.15999999 0.15999984 0.15999962 0.15999996 0.16
 0.15999977 0.15999844 0.15999746 0.15999866]"
169,169,"[0.15999982 0.15999999 0.15999986 0.15999963 0.15999998 0.16
 0.15999977 0.15999851 0.15999744 0.15999868]"
170,170,"[0.15999982 0.15999991 0.15999988 0.15999963 0.15999999 0.15999999
 0.15999977 0.15999857 0.15999743 0.15999869]"
171,171,"[0.15999982 0.15999992 0.16000001 0.15999964 0.15999999 0.16000014
 0.15999977 0.15999864 0.15999742 0.1599987 ]"
172,172,"[0.15999983 0.15999993 0.16       0.15999965 0.16       0.15999946
 0.15999978 0.15999871 0.15999741 0.15999871]"
173,173,"[0.15999983 0.15999993 0.15999999 0.15999965 0.16       0.15999946
 0.15999978 0.15999877 0.15999739 0.15999873]"
174,174,"[0.15999983 0.15999994 0.15999998 0.16002821 0.16       0.15999946
 0.15999978 0.15999884 0.15999738 0.16001946]"
175,175,"[0.15999984 0.15999994 0.15999996 0.15999999 0.16       0.15999946
 0.15999978 0.1599989  0.15999738 0.15999768]"
176,176,"[0.15999984 0.15999995 0.15999994 0.15999999 0.16       0.15999946
 0.15999979 0.15999896 0.15999737 0.15999769]"
177,177,"[0.15999996 0.15999995 0.16000025 0.15999999 0.16       0.15999946
 0.15999979 0.15999903 0.15999736 0.15999771]"
178,178,"[0.15999787 0.15999996 0.15999747 0.15999999 0.16       0.15999946
 0.15999979 0.15999908 0.15999735 0.15999773]"
179,179,"[0.1599979  0.15999996 0.15999745 0.15999999 0.16       0.15999946
 0.15999979 0.15999914 0.15999735 0.15999774]"
180,180,"[0.15999794 0.15999997 0.15999743 0.15999999 0.16       0.15999946
 0.15999979 0.1599992  0.15999734 0.15999776]"
181,181,"[0.15999798 0.15999997 0.15999742 0.15999999 0.16027842 0.16009409
 0.1599998  0.15999925 0.15999734 0.15999778]"
182,182,"[0.15999802 0.15999998 0.1599974  0.15999999 0.15999778 0.15999748
 0.1599998  0.1599993  0.15999734 0.1599978 ]"
183,183,"[0.15999806 0.15999998 0.15999739 0.15999999 0.1599978  0.15999748
 0.1599998  0.15999935 0.15999733 0.15999783]"
184,184,"[0.1599981  0.15999998 0.15999737 0.15999999 0.15999782 0.15999748
 0.1599998  0.1599994  0.15999733 0.15999785]"
185,185,"[0.15999814 0.15999999 0.15999736 0.15999999 0.15999785 0.15999749
 0.16000035 0.15999944 0.15999733 0.15999768]"
186,186,"[0.15999818 0.15999999 0.15999735 0.16021436 0.15999787 0.15999749
 0.15999991 0.16000253 0.15999734 0.15999738]"
187,187,"[0.15999822 0.15999999 0.15999734 0.159998   0.15999788 0.1599975
 0.15999992 0.15999974 0.15999734 0.15999737]"
188,188,"[0.15999971 0.15999999 0.15999734 0.15999797 0.1599979  0.1599975
 0.15999992 0.1599998  0.15999734 0.15999781]"
189,189,"[0.15999983 0.16       0.15999734 0.16000526 0.15999791 0.15999751
 0.16000045 0.15999985 0.15999735 0.15999817]"
190,190,"[0.15999982 0.16       0.15999733 0.15999792 0.15999792 0.15999751
 0.15999963 0.15999989 0.15999736 0.15999813]"
191,191,"[0.15999981 0.16       0.15999733 0.15999796 0.15999792 0.15999752
 0.15999962 0.15999992 0.15999737 0.15999808]"
192,192,"[0.15999979 0.16       0.15999734 0.15999693 0.15999792 0.15999752
 0.15999961 0.15999995 0.15999714 0.15999804]"
193,193,"[0.15999977 0.16       0.15999734 0.16       0.15999792 0.15999753
 0.15999961 0.15999997 0.15999826 0.15999799]"
194,194,"[0.15999975 0.16       0.15999735 0.16       0.15999792 0.15999753
 0.1599996  0.15999999 0.15999822 0.15999795]"
195,195,"[0.15999973 0.16       0.15999736 0.16       0.15999791 0.15999754
 0.1599996  0.16       0.15999818 0.1599979 ]"
196,196,"[0.1599997  0.16       0.15999737 0.16       0.1599979  0.15999755
 0.1599996  0.16       0.15999814 0.15999786]"
197,197,"[0.15999967 0.15999999 0.15999738 0.16       0.15999789 0.15999755
 0.15999959 0.16       0.1599981  0.15999782]"
198,198,"[0.15999964 0.15999999 0.1599974  0.16       0.15999787 0.15999756
 0.15999959 0.15999999 0.15999807 0.15999778]"
199,199,"[0.1599996  0.15999998 0.15999741 0.16       0.15999785 0.15999757
 0.15999959 0.15999998 0.15999803 0.15999774]"
200,200,"[0.16022438 0.15999997 0.15999743 0.16       0.15999783 0.15999757
 0.16012467 0.15999996 0.15999799 0.1599977 ]"
201,201,"[0.15999958 0.15999996 0.15999745 0.16       0.15999781 0.15999758
 0.15999735 0.15999994 0.15999795 0.15999766]"
202,202,"[0.15999958 0.15999995 0.15999748 0.16       0.15999779 0.15999759
 0.15999736 0.15999992 0.15999791 0.15999762]"
203,203,"[0.15999959 0.15999994 0.15999751 0.16       0.15999776 0.1599976
 0.15999736 0.1599999  0.15999788 0.15999759]"
204,204,"[0.15999959 0.15999992 0.15999753 0.16       0.15999773 0.15999761
 0.15999737 0.15999988 0.15999784 0.15999755]"
205,205,"[0.1599996  0.15999777 0.15999756 0.15999994 0.15999771 0.15999762
 0.15999738 0.15999985 0.1599978  0.15999752]"
206,206,"[0.15999961 0.15999777 0.1599976  0.15999994 0.15999768 0.15999763
 0.15999739 0.15999983 0.15999777 0.15999749]"
207,207,"[0.15999961 0.15999778 0.15999763 0.15999994 0.15999765 0.15999898
 0.1599974  0.1599998  0.15999773 0.16000193]"
208,208,"[0.15999962 0.15999778 0.15999767 0.15999994 0.15999762 0.15999828
 0.15999741 0.15999977 0.1599977  0.15999872]"
209,209,"[0.15999963 0.15999778 0.15999771 0.15999994 0.15999759 0.15999827
 0.15999743 0.15999974 0.15999767 0.15999867]"
210,210,"[0.15999965 0.15999779 0.15999774 0.15999994 0.15999756 0.15999825
 0.15999745 0.15999972 0.15999764 0.15999862]"
211,211,"[0.15999966 0.1599978  0.15999779 0.15999994 0.15999754 0.15999823
 0.15999746 0.15999969 0.1599976  0.15999857]"
212,212,"[0.15999967 0.15999781 0.15999783 0.15999994 0.15999751 0.15999821
 0.15999748 0.15999966 0.15999757 0.15999852]"
213,213,"[0.15999969 0.15999782 0.15999787 0.15999994 0.15999748 0.15999819
 0.15999751 0.15999963 0.15999755 0.15999847]"
214,214,"[0.15999971 0.15999783 0.15999792 0.15999994 0.15999746 0.15999817
 0.15999753 0.1599996  0.15999752 0.15999842]"
215,215,"[0.15999972 0.15999784 0.15999796 0.15999994 0.15999743 0.15999815
 0.15999756 0.15999957 0.15999749 0.15999837]"
216,216,"[0.15999974 0.15999785 0.15999801 0.15999994 0.15999741 0.15999813
 0.15999759 0.15999954 0.15999747 0.15999832]"
217,217,"[0.15999976 0.15999787 0.15999805 0.15999994 0.15999739 0.1599981
 0.15999762 0.15999951 0.15999745 0.15999828]"
218,218,"[0.15999978 0.15999892 0.1599981  0.15999994 0.15999868 0.15999808
 0.15999789 0.15999956 0.15999743 0.15999823]"
219,219,"[0.15999979 0.15999937 0.15999815 0.15999993 0.15999915 0.15999805
 0.15999807 0.15999962 0.15999741 0.15999818]"
220,220,"[0.15999981 0.15999935 0.1599982  0.15999993 0.15999905 0.15999803
 0.15999801 0.15999961 0.15999739 0.15999813]"
221,221,"[0.15999983 0.15999933 0.15999824 0.15999993 0.15999895 0.159998
 0.15999795 0.15999959 0.15999738 0.15999809]"
222,222,"[0.15999985 0.15999931 0.15999829 0.15999993 0.15999885 0.15999798
 0.15999789 0.15999958 0.15999736 0.15999804]"
223,223,"[0.15999987 0.15999929 0.15999834 0.15999993 0.15999875 0.15999796
 0.15999783 0.15999957 0.15999735 0.159998  ]"
224,224,"[0.15999988 0.15999928 0.15999839 0.15999993 0.15999864 0.15999793
 0.15999777 0.15999955 0.15999735 0.15999795]"
225,225,"[0.1599999  0.15999927 0.15999843 0.15999992 0.15999853 0.15999791
 0.15999986 0.15999954 0.1599975  0.15999791]"
226,226,"[0.15999991 0.15999926 0.15999848 0.15999992 0.15999843 0.15999788
 0.15999986 0.15999952 0.15999764 0.15999787]"
227,227,"[0.15999993 0.15999926 0.15999852 0.15999992 0.15999832 0.15999786
 0.15999984 0.15999951 0.15999761 0.15999783]"
228,228,"[0.15999994 0.15999925 0.15999857 0.15999992 0.15999822 0.15999783
 0.15999983 0.15999949 0.15999759 0.15999779]"
229,229,"[0.15999995 0.15999925 0.15999861 0.15999991 0.15999812 0.15999781
 0.15999981 0.15999947 0.15999756 0.15999776]"
230,230,"[0.15999997 0.15999925 0.15999866 0.15999991 0.15999802 0.15999779
 0.15999978 0.15999946 0.15999754 0.15999772]"
231,231,"[0.15999998 0.15999926 0.1599987  0.15999991 0.15999792 0.15999776
 0.15999976 0.15999944 0.15999751 0.15999769]"
232,232,"[0.15999998 0.15999926 0.15999874 0.1599999  0.15999783 0.15999882
 0.15999973 0.15999945 0.15999749 0.15999765]"
233,233,"[0.15999999 0.15999927 0.15999878 0.1599999  0.15999775 0.15999927
 0.1599997  0.15999946 0.15999747 0.15999762]"
234,234,"[0.15999999 0.15999927 0.15999882 0.1599999  0.15999767 0.15999925
 0.15999966 0.15999945 0.15999745 0.15999759]"
235,235,"[0.16       0.15999928 0.15999886 0.15999989 0.1599976  0.15999923
 0.15999962 0.15999943 0.15999743 0.15999757]"
236,236,"[0.16       0.15999929 0.15999889 0.15999989 0.15999753 0.15999922
 0.15999957 0.15999941 0.15999742 0.15999754]"
237,237,"[0.16       0.15999931 0.15999893 0.15999988 0.15999748 0.1599992
 0.15999952 0.1599994  0.1599974  0.15999752]"
238,238,"[0.16       0.15999932 0.15999896 0.15999988 0.15999743 0.15999918
 0.15999947 0.15999938 0.15999739 0.15999749]"
239,239,"[0.15999999 0.15999933 0.159999   0.15999987 0.15999739 0.15999916
 0.1599994  0.15999936 0.15999738 0.15999747]"
240,240,"[0.15999999 0.15999935 0.15999903 0.15999987 0.15999736 0.16000699
 0.15999934 0.15999935 0.159998   0.15999745]"
241,241,"[0.15999998 0.15999936 0.15999906 0.15999986 0.15999734 0.15999952
 0.15999926 0.15999933 0.15999753 0.15999743]"
242,242,"[0.15999997 0.15999938 0.15999909 0.15999985 0.15999733 0.15999951
 0.15999919 0.15999931 0.1599975  0.15999742]"
243,243,"[0.15999996 0.15999939 0.15999912 0.15999985 0.15999733 0.1599995
 0.1599991  0.15999929 0.15999748 0.1599974 ]"
244,244,"[0.15999995 0.15999941 0.15999914 0.15999984 0.15999735 0.15999949
 0.15999901 0.15999927 0.15999746 0.15999739]"
245,245,"[0.15999993 0.15999941 0.15999917 0.15999983 0.15999736 0.15999948
 0.15999892 0.15999925 0.15999746 0.15999738]"
246,246,"[0.15999991 0.1599983  0.15999919 0.15999983 0.15999739 0.15999947
 0.15999883 0.15999923 0.15999838 0.15999737]"
247,247,"[0.1599999  0.15999826 0.15999922 0.15999982 0.15999743 0.15999946
 0.15999873 0.15999921 0.15999835 0.15999736]"
248,248,"[0.15999987 0.15999822 0.16000373 0.15999981 0.15999748 0.15999946
 0.15999863 0.16000264 0.15999832 0.15999735]"
249,249,"[0.15999985 0.15999819 0.15999764 0.1599998  0.15999753 0.15999945
 0.15999853 0.15999979 0.15999829 0.15999734]"
250,250,"[0.15999982 0.15999815 0.15999766 0.15999979 0.15999759 0.15999944
 0.15999843 0.15999979 0.15999826 0.15999734]"
251,251,"[0.1599998  0.15999812 0.15999768 0.15999978 0.15999765 0.15999943
 0.15999834 0.15999978 0.15999823 0.15999734]"
252,252,"[0.16000069 0.15999809 0.15999753 0.15999977 0.15999772 0.15999942
 0.15999824 0.15999977 0.1599982  0.15999733]"
253,253,"[0.15999991 0.15999806 0.15999737 0.15999975 0.1599978  0.15999942
 0.15999816 0.15999976 0.15999817 0.15999733]"
254,254,"[0.15999988 0.15999803 0.15999736 0.15999974 0.15999788 0.15999941
 0.15999807 0.15999975 0.15999814 0.15999733]"
255,255,"[0.15999984 0.159998   0.15999736 0.15999973 0.15999796 0.1599994
 0.15999799 0.15999974 0.15999811 0.15999734]"
256,256,"[0.1599998  0.15999798 0.15999735 0.15999971 0.15999805 0.1599994
 0.15999791 0.15999973 0.15999808 0.15999734]"
257,257,"[0.15999976 0.15999795 0.15999735 0.1599997  0.15999813 0.15999939
 0.15999784 0.15999972 0.15999806 0.15999735]"
258,258,"[0.15999972 0.15999793 0.15999734 0.15999969 0.15999822 0.15999939
 0.15999778 0.15999971 0.15999803 0.15999735]"
259,259,"[0.15999967 0.15999791 0.15999734 0.15999967 0.15999831 0.15999938
 0.15999772 0.1599997  0.159998   0.15999736]"
260,260,"[0.15999962 0.15999788 0.15999734 0.15999965 0.15999839 0.15999937
 0.15999766 0.15999969 0.15999797 0.15999737]"
261,261,"[0.15999956 0.15999786 0.15999734 0.15999964 0.15999848 0.15999937
 0.15999761 0.15999968 0.15999795 0.15999738]"
262,262,"[0.1599995  0.15999784 0.15999733 0.15999962 0.15999856 0.15999937
 0.15999757 0.15999967 0.15999792 0.15999739]"
263,263,"[0.15999944 0.15999782 0.15999733 0.1599996  0.15999865 0.15999936
 0.15999753 0.15999965 0.1599979  0.15999741]"
264,264,"[0.15999937 0.1599978  0.15999733 0.15999958 0.15999873 0.15999936
 0.1599975  0.15999964 0.15999787 0.15999742]"
265,265,"[0.1599993  0.15999777 0.15999733 0.15999956 0.1599988  0.15999936
 0.15999746 0.15999963 0.15999785 0.15999744]"
266,266,"[0.15999922 0.15999775 0.15999734 0.15999954 0.15999888 0.15999935
 0.15999744 0.15999961 0.15999782 0.15999746]"
267,267,"[0.15999915 0.15999773 0.15999734 0.15999952 0.15999895 0.15999935
 0.15999742 0.1599996  0.1599978  0.15999748]"
268,268,"[0.15999906 0.15999771 0.15999734 0.1599995  0.15999902 0.15999935
 0.1599974  0.15999958 0.15999778 0.1599975 ]"
269,269,"[0.15999898 0.15999769 0.15999734 0.15999948 0.15999909 0.15999935
 0.15999738 0.15999956 0.15999776 0.15999752]"
270,270,"[0.15999889 0.15999767 0.15999735 0.15999946 0.15999915 0.15999935
 0.15999737 0.15999955 0.15999774 0.15999754]"
271,271,"[0.1599988  0.15999764 0.15999735 0.15999944 0.15999921 0.15999934
 0.15999735 0.15999953 0.15999771 0.15999757]"
272,272,"[0.15999871 0.15999762 0.15999736 0.15999942 0.15999927 0.15999934
 0.15999735 0.15999951 0.15999769 0.15999759]"
273,273,"[0.15999861 0.1599976  0.15999737 0.1599994  0.15999933 0.15999934
 0.15999734 0.15999949 0.15999768 0.15999762]"
274,274,"[0.15999851 0.15999758 0.15999738 0.15999939 0.15999938 0.15999934
 0.15999734 0.15999947 0.15999766 0.15999765]"
275,275,"[0.15999841 0.15999756 0.15999739 0.15999937 0.15999942 0.15999934
 0.15999733 0.15999945 0.15999764 0.15999768]"
276,276,"[0.1599983  0.15999753 0.1599974  0.15999936 0.15999947 0.15999934
 0.15999733 0.15999943 0.15999762 0.15999771]"
277,277,"[0.1599982  0.15999751 0.15999741 0.15999935 0.15999936 0.15999934
 0.15999733 0.15999962 0.1599976  0.15999775]"
278,278,"[0.15999809 0.15999749 0.15999742 0.15999934 0.159999   0.15999934
 0.15999734 0.15999973 0.15999759 0.15999778]"
279,279,"[0.15999798 0.15999747 0.15999744 0.15999933 0.15999906 0.15999934
 0.15999734 0.15999972 0.15999757 0.15999782]"
280,280,"[0.15999788 0.15999745 0.15999745 0.15999934 0.15999911 0.15999934
 0.15999735 0.1599997  0.15999756 0.15999785]"
281,281,"[0.15999777 0.15999743 0.15999747 0.15999934 0.15999916 0.15999935
 0.15999735 0.15999969 0.15999754 0.15999789]"
282,282,"[0.15999767 0.15999742 0.15999749 0.15999935 0.1599992  0.15999935
 0.15999736 0.15999967 0.15999753 0.15999793]"
283,283,"[0.15999757 0.1599974  0.15999751 0.15999938 0.15999925 0.15999935
 0.15999737 0.15999965 0.15999752 0.15999797]"
284,284,"[0.15999749 0.15999738 0.15999747 0.15999939 0.15999929 0.15999935
 0.15999738 0.15999964 0.1599975  0.15999801]"
285,285,"[0.15999742 0.15999737 0.15999738 0.15999941 0.15999933 0.15999935
 0.15999739 0.15999962 0.15999749 0.15999805]"
286,286,"[0.15999736 0.15999736 0.15999737 0.15999947 0.15999937 0.15999935
 0.1599974  0.1599996  0.15999748 0.15999809]"
287,287,"[0.15999734 0.15999735 0.15999736 0.15999953 0.15999941 0.15999935
 0.15999742 0.15999958 0.15999747 0.15999814]"
288,288,"[0.15999734 0.15999734 0.15999735 0.15999961 0.15999944 0.15999935
 0.15999743 0.15999956 0.15999746 0.15999818]"
289,289,"[0.1599974  0.15999734 0.15999734 0.1599997  0.15999924 0.15999935
 0.15999744 0.15999954 0.15999802 0.15999823]"
290,290,"[0.15999751 0.15999733 0.15999734 0.15999979 0.1599982  0.15999934
 0.15999746 0.15999951 0.15999849 0.15999827]"
291,291,"[0.1599977  0.15999733 0.15999734 0.15999989 0.15999825 0.15999934
 0.15999747 0.15999949 0.15999853 0.15999832]"
292,292,"[0.15999797 0.15999734 0.15999733 0.15999996 0.1599983  0.15999934
 0.15999749 0.15999946 0.15999857 0.15999836]"
293,293,"[0.15999831 0.15999734 0.15999733 0.16       0.15999835 0.15999934
 0.1599975  0.15999944 0.15999861 0.15999841]"
294,294,"[0.15999872 0.15999735 0.15999733 0.15999997 0.1599984  0.15999933
 0.15999752 0.15999941 0.15999865 0.15999845]"
295,295,"[0.15999914 0.15999736 0.15999734 0.15999985 0.15999845 0.15999933
 0.15999753 0.15999938 0.15999869 0.1599985 ]"
296,296,"[0.15999952 0.15999738 0.15999734 0.15999963 0.1599985  0.15999932
 0.15999755 0.15999935 0.15999873 0.15999855]"
297,297,"[0.15999981 0.15999739 0.15999735 0.15999933 0.15999854 0.15999932
 0.15999757 0.15999932 0.15999877 0.15999859]"
298,298,"[0.15999996 0.15999741 0.15999735 0.15999897 0.15999859 0.15999931
 0.15999759 0.15999929 0.15999881 0.15999864]"
299,299,"[0.16       0.15999744 0.15999736 0.15999861 0.15999863 0.1599993
 0.1599976  0.15999926 0.15999885 0.15999869]"
300,300,"[0.15999993 0.15999746 0.15999737 0.15999828 0.15999867 0.15999929
 0.15999762 0.15999922 0.15999888 0.15999873]"
301,301,"[0.15999981 0.15999749 0.15999738 0.15999801 0.15999871 0.15999928
 0.15999764 0.15999918 0.15999892 0.15999878]"
302,302,"[0.15999965 0.15999752 0.15999739 0.15999779 0.15999875 0.15999926
 0.15999766 0.15999915 0.15999896 0.15999882]"
303,303,"[0.15999949 0.15999756 0.1599974  0.15999762 0.15999879 0.15999925
 0.15999768 0.15999911 0.159999   0.15999887]"
304,304,"[0.15999933 0.1599976  0.15999741 0.15999751 0.15999883 0.15999924
 0.1599977  0.15999907 0.15999903 0.15999891]"
305,305,"[0.15999918 0.15999763 0.15999742 0.15999743 0.15999886 0.15999922
 0.15999772 0.15999903 0.15999907 0.15999896]"
306,306,"[0.15999905 0.15999768 0.15999743 0.15999738 0.1599989  0.1599992
 0.15999774 0.15999898 0.15999911 0.159999  ]"
307,307,"[0.15999894 0.15999772 0.15999744 0.15999735 0.15999893 0.15999918
 0.15999776 0.15999894 0.15999914 0.15999904]"
308,308,"[0.15999883 0.15999776 0.15999745 0.15999734 0.15999896 0.15999916
 0.15999778 0.15999889 0.15999918 0.15999908]"
309,309,"[0.15999874 0.15999781 0.15999746 0.15999733 0.15999899 0.15999914
 0.1599978  0.15999884 0.15999922 0.15999912]"
310,310,"[0.15999866 0.15999786 0.15999748 0.15999734 0.15999902 0.15999911
 0.15999782 0.15999879 0.15999925 0.15999916]"
311,311,"[0.15999859 0.1599979  0.15999749 0.15999736 0.15999905 0.15999908
 0.15999784 0.15999874 0.15999929 0.1599992 ]"
312,312,"[0.15999853 0.15999795 0.1599975  0.15999737 0.15999908 0.15999906
 0.15999786 0.15999869 0.15999933 0.15999924]"
313,313,"[0.15999848 0.159998   0.15999751 0.15999739 0.15999911 0.15999903
 0.15999789 0.15999864 0.15999937 0.15999928]"
314,314,"[0.15999843 0.15999805 0.15999752 0.15999742 0.15999914 0.15999899
 0.15999791 0.15999858 0.15999941 0.15999931]"
315,315,"[0.15999838 0.1599981  0.15999753 0.15999744 0.15999916 0.15999896
 0.15999793 0.15999853 0.15999945 0.15999935]"
316,316,"[0.15999834 0.15999816 0.15999755 0.15999747 0.15999919 0.15999892
 0.15999796 0.15999847 0.15999949 0.15999938]"
317,317,"[0.1599983  0.15999821 0.15999756 0.15999749 0.15999921 0.15999888
 0.15999798 0.15999842 0.15999953 0.15999941]"
318,318,"[0.15999827 0.15999826 0.15999757 0.15999752 0.15999923 0.15999884
 0.159998   0.15999836 0.15999958 0.15999945]"
319,319,"[0.15999823 0.15999831 0.15999758 0.15999755 0.15999926 0.1599988
 0.15999803 0.1599983  0.15999962 0.15999948]"
320,320,"[0.1599982  0.15999836 0.1599976  0.15999757 0.15999928 0.15999875
 0.15999805 0.15999824 0.15999966 0.15999951]"
321,321,"[0.15999817 0.15999841 0.15999761 0.1599976  0.1599993  0.1599987
 0.15999808 0.15999818 0.15999971 0.15999954]"
322,322,"[0.15999814 0.15999846 0.15999751 0.15999763 0.15999932 0.15999865
 0.15999785 0.15999812 0.15999975 0.15999956]"
323,323,"[0.15999811 0.15999851 0.15999735 0.15999765 0.15999934 0.1599986
 0.15999746 0.15999806 0.1599998  0.15999959]"
324,324,"[0.15999808 0.15999856 0.15999736 0.15999768 0.15999936 0.15999854
 0.15999747 0.15999801 0.15999984 0.15999962]"
325,325,"[0.15999806 0.1599986  0.15999737 0.15999771 0.15999938 0.15999848
 0.15999749 0.15999795 0.15999988 0.15999964]"
326,326,"[0.15999803 0.15999865 0.15999738 0.15999774 0.15999939 0.15999841
 0.15999751 0.15999789 0.15999992 0.15999966]"
327,327,"[0.15999801 0.15999869 0.15999739 0.15999776 0.15999941 0.15999835
 0.15999754 0.15999784 0.15999996 0.15999969]"
328,328,"[0.15999799 0.15999874 0.15999741 0.15999779 0.15999943 0.15999828
 0.15999756 0.15999778 0.15999998 0.15999971]"
329,329,"[0.15999791 0.15999844 0.15999743 0.15999782 0.15999945 0.1599982
 0.15999758 0.15999773 0.16       0.15999973]"
330,330,"[0.15999776 0.15999766 0.15999745 0.15999785 0.15999946 0.15999812
 0.15999761 0.15999768 0.16       0.15999975]"
331,331,"[0.15999763 0.15999771 0.15999747 0.15999788 0.16000025 0.1599982
 0.15999763 0.15999763 0.15999998 0.15999977]"
332,332,"[0.15999739 0.15999775 0.1599975  0.1599979  0.16       0.15999827
 0.15999766 0.15999783 0.16000034 0.15999978]"
333,333,"[0.16001404 0.1599978  0.15999752 0.15999793 0.16       0.15999817
 0.15999769 0.15999803 0.1599998  0.1599998 ]"
334,334,"[0.15999799 0.15999784 0.15999756 0.15999796 0.16       0.15999806
 0.15999772 0.15999797 0.15999981 0.15999982]"
335,335,"[0.15999767 0.15999789 0.15999743 0.15999799 0.16       0.15999816
 0.15999775 0.15999792 0.15999983 0.15999983]"
336,336,"[0.1599975  0.15999794 0.15999738 0.15999802 0.16       0.15999798
 0.15999778 0.15999786 0.15999985 0.15999985]"
337,337,"[0.15999739 0.15999799 0.1599974  0.15999804 0.16       0.15999785
 0.15999781 0.15999781 0.15999987 0.15999986]"
338,338,"[0.15999734 0.15999803 0.15999743 0.15999807 0.16       0.15999773
 0.15999785 0.15999776 0.15999989 0.15999987]"
339,339,"[0.15999735 0.15999808 0.15999746 0.1599981  0.16       0.15999761
 0.15999788 0.15999771 0.15999991 0.15999988]"
340,340,"[0.15999742 0.15999813 0.15999749 0.15999812 0.16       0.15999751
 0.15999792 0.15999767 0.15999993 0.15999989]"
341,341,"[0.15999754 0.15999818 0.15999753 0.15999815 0.16       0.15999742
 0.15999795 0.15999762 0.15999994 0.15999991]"
342,342,"[0.15999772 0.15999823 0.15999758 0.15999818 0.16       0.15999737
 0.15999799 0.15999758 0.15999996 0.15999991]"
343,343,"[0.15999795 0.15999828 0.15999763 0.1599982  0.16       0.15999734
 0.15999803 0.15999754 0.15999997 0.15999992]"
344,344,"[0.1599982  0.15999833 0.15999768 0.15999823 0.16       0.15999734
 0.15999807 0.15999751 0.15999999 0.15999993]"
345,345,"[0.15999846 0.15999838 0.15999774 0.15999826 0.16       0.15999737
 0.1599981  0.15999748 0.16       0.15999994]"
346,346,"[0.15999872 0.15999842 0.1599978  0.15999828 0.16       0.15999743
 0.15999814 0.15999745 0.16       0.15999995]"
347,347,"[0.15999897 0.15999847 0.15999786 0.15999831 0.16       0.15999751
 0.15999818 0.15999742 0.16       0.15999995]"
348,348,"[0.15999911 0.15999852 0.15999793 0.15999834 0.16       0.1599976
 0.15999822 0.1599974  0.15999985 0.15999996]"
349,349,"[0.15999934 0.15999856 0.159998   0.15999836 0.16       0.15999771
 0.15999826 0.15999738 0.15999986 0.15999996]"
350,350,"[0.15999954 0.15999861 0.15999808 0.15999839 0.16       0.15999782
 0.1599983  0.15999736 0.15999987 0.15999997]"
351,351,"[0.1599997  0.15999865 0.15999815 0.15999842 0.16       0.15999794
 0.15999834 0.15999735 0.15999987 0.15999997]"
352,352,"[0.15999981 0.1599987  0.15999823 0.15999844 0.16       0.15999805
 0.15999839 0.15999734 0.15999988 0.15999998]"
353,353,"[0.1599999  0.15999874 0.15999831 0.15999847 0.16       0.15999817
 0.15999843 0.15999734 0.15999988 0.15999998]"
354,354,"[0.15999995 0.15999878 0.15999839 0.1599985  0.16       0.15999827
 0.15999847 0.15999733 0.15999988 0.15999998]"
355,355,"[0.15999998 0.15999882 0.15999847 0.15999853 0.16       0.15999837
 0.15999851 0.15999733 0.15999988 0.15999999]"
356,356,"[0.16       0.15999886 0.15999855 0.15999856 0.16       0.15999847
 0.15999855 0.15999734 0.15999989 0.15999999]"
357,357,"[0.16       0.1599989  0.15999863 0.15999859 0.16       0.15999856
 0.15999859 0.15999734 0.15999989 0.15999999]"
358,358,"[0.15999999 0.15999894 0.15999871 0.15999861 0.16       0.15999864
 0.15999863 0.15999735 0.15999989 0.15999999]"
359,359,"[0.15999997 0.15999897 0.15999878 0.15999864 0.16       0.15999872
 0.15999867 0.15999736 0.15999988 0.15999999]"
360,360,"[0.15999994 0.15999901 0.15999886 0.15999867 0.15999757 0.1599988
 0.15999871 0.15999734 0.15999988 0.16      ]"
361,361,"[0.15999991 0.15999904 0.15999893 0.1599987  0.1599976  0.15999886
 0.15999875 0.15999735 0.15999987 0.16      ]"
362,362,"[0.15999988 0.15999908 0.15999901 0.15999873 0.15999765 0.15999893
 0.15999879 0.15999736 0.15999986 0.16      ]"
363,363,"[0.15999985 0.15999911 0.15999907 0.15999876 0.15999769 0.15999899
 0.15999883 0.15999737 0.15999984 0.16      ]"
364,364,"[0.15999982 0.15999914 0.15999914 0.15999879 0.15999774 0.15999905
 0.15999887 0.15999738 0.15999981 0.16      ]"
365,365,"[0.15999979 0.15999917 0.15999921 0.15999882 0.15999779 0.1599991
 0.15999891 0.15999739 0.15999977 0.16      ]"
366,366,"[0.15999976 0.1599992  0.1599997  0.15999885 0.15999784 0.15999915
 0.15999943 0.1599974  0.1599997  0.16      ]"
367,367,"[0.15999973 0.15999923 0.15999987 0.15999888 0.1599979  0.1599992
 0.15999968 0.15999742 0.15999958 0.16      ]"
368,368,"[0.1599997  0.15999926 0.1599999  0.1599989  0.15999795 0.15999925
 0.15999969 0.15999743 0.15999933 0.16      ]"
369,369,"[0.15999967 0.15999929 0.15999993 0.15999893 0.15999801 0.15999929
 0.15999971 0.15999745 0.15999877 0.16      ]"
370,370,"[0.16000075 0.15999931 0.16000288 0.15999896 0.15999807 0.15999933
 0.15999972 0.15999746 0.15999768 0.16      ]"
371,371,"[0.15999987 0.15999934 0.15999993 0.15999899 0.15999813 0.15999924
 0.15999973 0.15999748 0.15999788 0.16      ]"
372,372,"[0.15999985 0.15999936 0.15999991 0.15999902 0.15999819 0.15999902
 0.15999975 0.15999749 0.15999922 0.16      ]"
373,373,"[0.15999983 0.15999939 0.15999989 0.15999904 0.15999826 0.15999906
 0.15999976 0.15999751 0.15999974 0.16      ]"
374,374,"[0.15999982 0.15999941 0.15999987 0.15999907 0.15999832 0.15999909
 0.15999977 0.15999753 0.1599999  0.16      ]"
375,375,"[0.1599998  0.15999943 0.15999984 0.15999909 0.15999838 0.15999913
 0.15999978 0.15999754 0.15999996 0.16      ]"
376,376,"[0.15999979 0.15999945 0.15999982 0.15999912 0.15999845 0.15999916
 0.1599998  0.15999756 0.15999999 0.16      ]"
377,377,"[0.15999978 0.15999947 0.1599998  0.15999914 0.15999851 0.15999919
 0.15999981 0.15999757 0.15999999 0.16      ]"
378,378,"[0.15999977 0.15999949 0.15999977 0.15999974 0.15999858 0.15999922
 0.15999982 0.15999759 0.16       0.16      ]"
379,379,"[0.15999976 0.15999951 0.15999975 0.15999988 0.15999864 0.15999925
 0.15999983 0.1599976  0.16       0.16      ]"
380,380,"[0.15999975 0.15999953 0.15999972 0.15999989 0.15999871 0.15999928
 0.15999984 0.15999762 0.16       0.16      ]"
381,381,"[0.15999974 0.15999954 0.1599997  0.1599999  0.15999878 0.15999931
 0.15999985 0.15999763 0.16       0.16      ]"
382,382,"[0.15999973 0.15999956 0.15999967 0.15999991 0.15999884 0.15999934
 0.15999986 0.15999765 0.16       0.15999999]"
383,383,"[0.15999973 0.15999958 0.15999964 0.15999991 0.1599989  0.15999936
 0.15999986 0.15999766 0.16       0.15999999]"
384,384,"[0.15999972 0.15999959 0.15999962 0.15999992 0.15999897 0.15999939
 0.15999987 0.15999767 0.16       0.15999999]"
385,385,"[0.15999972 0.15999961 0.15999959 0.15999993 0.15999903 0.15999941
 0.15999988 0.15999769 0.16       0.15999999]"
386,386,"[0.15999971 0.15999962 0.15999957 0.15999994 0.15999909 0.16000256
 0.16000766 0.1599977  0.16       0.15999999]"
387,387,"[0.15999971 0.15999964 0.15999954 0.15999994 0.15999915 0.15999826
 0.15999872 0.15999771 0.16       0.15999999]"
388,388,"[0.15999971 0.15999965 0.15999952 0.15999995 0.15999921 0.15999827
 0.15999876 0.15999773 0.16       0.15999999]"
389,389,"[0.15999971 0.15999966 0.1599995  0.15999995 0.15999927 0.15999827
 0.1599988  0.15999774 0.16       0.15999999]"
390,390,"[0.15999971 0.15999967 0.15999947 0.15999996 0.15999933 0.15999827
 0.15999884 0.15999775 0.16       0.15999998]"
391,391,"[0.15999971 0.15999969 0.15999945 0.15999996 0.15999938 0.15999827
 0.15999888 0.15999776 0.16       0.15999998]"
392,392,"[0.15999972 0.1599997  0.15999943 0.15999997 0.15999943 0.15999827
 0.15999891 0.15999778 0.16       0.15999998]"
393,393,"[0.15999972 0.15999971 0.15999941 0.15999997 0.15999948 0.15999827
 0.15999895 0.15999779 0.16       0.15999998]"
394,394,"[0.15999972 0.15999972 0.15999939 0.15999998 0.15999953 0.15999827
 0.15999898 0.1599978  0.16       0.15999997]"
395,395,"[0.15999973 0.15999973 0.15999937 0.15999998 0.15999958 0.15999826
 0.15999902 0.15999781 0.16       0.15999997]"
396,396,"[0.15999973 0.15999974 0.15999935 0.15999998 0.15999962 0.15999825
 0.15999905 0.15999783 0.16       0.15999997]"
397,397,"[0.15999974 0.15999975 0.15999933 0.15999999 0.15999966 0.15999824
 0.15999908 0.15999784 0.16       0.15999997]"
398,398,"[0.15999975 0.15999975 0.15999932 0.15999999 0.1599997  0.15999823
 0.15999911 0.15999785 0.16       0.15999996]"
399,399,"[0.15999975 0.15999976 0.1599993  0.16000082 0.15999974 0.15999822
 0.15999878 0.15999786 0.16       0.15999996]"
400,400,"[0.15999976 0.15999977 0.15999929 0.15999857 0.15999977 0.15999821
 0.15999734 0.15999787 0.16       0.15999996]"
401,401,"[0.15999977 0.15999978 0.15999927 0.15999856 0.1599998  0.15999819
 0.15999734 0.15999789 0.16       0.15999995]"
402,402,"[0.15999978 0.15999979 0.15999926 0.15999856 0.15999983 0.15999817
 0.15999735 0.1599979  0.16       0.15999995]"
403,403,"[0.15999979 0.15999979 0.15999924 0.15999856 0.15999986 0.15999815
 0.15999736 0.15999791 0.16       0.15999995]"
404,404,"[0.1599998  0.1599998  0.15999923 0.15999855 0.15999988 0.15999813
 0.15999737 0.15999793 0.16       0.15999994]"
405,405,"[0.15999981 0.15999981 0.15999922 0.15999855 0.1599999  0.15999811
 0.15999738 0.15999794 0.16       0.15999994]"
406,406,"[0.15999982 0.15999981 0.15999921 0.15999855 0.15999992 0.15999809
 0.15999739 0.15999796 0.16       0.15999994]"
407,407,"[0.15999983 0.15999982 0.1599992  0.15999855 0.15999994 0.15999806
 0.1599974  0.15999797 0.16       0.15999993]"
408,408,"[0.15999984 0.15999982 0.15999919 0.15999854 0.15999995 0.15999804
 0.15999741 0.15999799 0.16       0.15999993]"
409,409,"[0.15999985 0.15999983 0.15999919 0.15999854 0.15999997 0.15999801
 0.15999742 0.159998   0.16       0.15999993]"
410,410,"[0.15999986 0.15999983 0.15999918 0.15999854 0.15999998 0.15999798
 0.15999743 0.15999802 0.16       0.15999992]"
411,411,"[0.15999987 0.15999984 0.15999917 0.15999854 0.15999998 0.15999795
 0.15999745 0.15999804 0.16       0.15999992]"
412,412,"[0.15999988 0.15999984 0.15999917 0.1599982  0.16000051 0.15999792
 0.15999746 0.15999806 0.15999999 0.15999992]"
413,413,"[0.15999989 0.15999985 0.15999916 0.15999749 0.1599984  0.15999789
 0.15999747 0.15999808 0.15999999 0.15999992]"
414,414,"[0.1599999  0.15999985 0.15999916 0.1599975  0.15999847 0.15999786
 0.15999749 0.1599981  0.15999999 0.15999991]"
415,415,"[0.15999991 0.15999986 0.15999916 0.161302   0.15999853 0.15999783
 0.1599975  0.15999812 0.16013539 0.15999991]"
416,416,"[0.15999992 0.15999986 0.15999915 0.1599974  0.15999822 0.1599978
 0.15999752 0.15999892 0.15999882 0.15999991]"
417,417,"[0.15999993 0.15999987 0.16000142 0.15999738 0.15999735 0.15999776
 0.15999753 0.16003219 0.15999886 0.1599999 ]"
418,418,"[0.15999994 0.15999987 0.15999798 0.15999736 0.15999737 0.15999773
 0.15999755 0.15999942 0.1599989  0.1599999 ]"
419,419,"[0.15999995 0.15999987 0.15999799 0.15999735 0.15999738 0.1599977
 0.15999756 0.15999942 0.15999894 0.1599999 ]"
420,420,"[0.15999996 0.16000025 0.15999799 0.15999734 0.15999847 0.15999766
 0.15999758 0.15999941 0.15999897 0.1599999 ]"
421,421,"[0.15999996 0.1600197  0.15999787 0.15999734 0.15999901 0.15999763
 0.15999759 0.15999941 0.15999901 0.15999989]"
422,422,"[0.15999997 0.15999756 0.15999771 0.15999733 0.15999899 0.1599976
 0.15999761 0.1599994  0.15999904 0.15999989]"
423,423,"[0.15999998 0.15999752 0.15999768 0.15999733 0.15999898 0.15999757
 0.15999762 0.1599994  0.15999907 0.15999989]"
424,424,"[0.15999998 0.15999749 0.15999766 0.15999734 0.15999896 0.15999754
 0.15999764 0.15999939 0.1599991  0.15999989]"
425,425,"[0.15999999 0.15999746 0.15999763 0.15999734 0.15999895 0.15999752
 0.15999766 0.15999939 0.15999913 0.15999989]"
426,426,"[0.15999999 0.15999744 0.1599976  0.15999735 0.15999893 0.15999749
 0.15999767 0.15999938 0.15999916 0.15999989]"
427,427,"[0.16       0.15999741 0.15999758 0.15999737 0.15999892 0.15999747
 0.15999769 0.15999937 0.15999918 0.15999988]"
428,428,"[0.16       0.15999739 0.15999755 0.15999738 0.15999891 0.15999745
 0.1599977  0.15999937 0.15999921 0.15999988]"
429,429,"[0.16       0.15999738 0.15999753 0.1599974  0.1599989  0.16000773
 0.16000479 0.15999936 0.1600564  0.15999988]"
430,430,"[0.16       0.15999736 0.15999751 0.15999742 0.15999889 0.15999937
 0.15999923 0.15999935 0.15999851 0.15999988]"
431,431,"[0.16000075 0.15999735 0.15999749 0.15999744 0.15999888 0.15999938
 0.15999921 0.15999935 0.15999863 0.15999988]"
432,432,"[0.159998   0.15999734 0.15999747 0.15999746 0.15999887 0.15999939
 0.15999919 0.15999934 0.15999877 0.15999988]"
433,433,"[0.15999798 0.15999734 0.15999745 0.15999749 0.15999886 0.1599994
 0.15999917 0.15999933 0.15999873 0.15999988]"
434,434,"[0.15999797 0.15999733 0.15999743 0.15999751 0.15999885 0.1599994
 0.15999914 0.15999933 0.15999869 0.15999988]"
435,435,"[0.15999795 0.15999733 0.15999742 0.15999754 0.15999885 0.1599994
 0.15999912 0.15999932 0.15999866 0.15999988]"
436,436,"[0.15999794 0.15999734 0.1599974  0.15999757 0.15999884 0.1599994
 0.15999909 0.15999931 0.15999863 0.15999988]"
437,437,"[0.15999794 0.15999735 0.15999739 0.15999759 0.15999884 0.1599994
 0.15999907 0.15999931 0.15999859 0.15999988]"
438,438,"[0.15999793 0.15999736 0.15999738 0.15999762 0.15999883 0.1599994
 0.15999904 0.1599993  0.15999856 0.15999988]"
439,439,"[0.15999792 0.15999738 0.15999737 0.15999765 0.15999883 0.15999939
 0.15999901 0.1599993  0.15999852 0.15999988]"
440,440,"[0.15999792 0.1599974  0.15999736 0.15999768 0.15999883 0.15999939
 0.15999897 0.1599993  0.15999849 0.15999989]"
441,441,"[0.15999792 0.15999742 0.15999735 0.15999771 0.15999883 0.15999938
 0.15999894 0.15999929 0.15999846 0.15999989]"
442,442,"[0.15999792 0.15999745 0.15999735 0.15999774 0.15999883 0.15999937
 0.15999891 0.15999929 0.15999842 0.15999989]"
443,443,"[0.15999792 0.15999749 0.15999734 0.15999777 0.15999883 0.15999936
 0.15999887 0.15999929 0.15999839 0.15999989]"
444,444,"[0.15999792 0.15999752 0.15999734 0.1599978  0.15999883 0.15999935
 0.15999883 0.15999928 0.15999836 0.1599999 ]"
445,445,"[0.15999793 0.15999757 0.15999734 0.15999783 0.15999884 0.15999934
 0.15999879 0.15999928 0.15999833 0.1599999 ]"
446,446,"[0.15999793 0.15999761 0.15999733 0.15999786 0.15999884 0.15999933
 0.15999875 0.15999928 0.1599983  0.1599999 ]"
447,447,"[0.15999794 0.15999766 0.15999733 0.15999789 0.15999884 0.15999932
 0.15999871 0.15999928 0.15999826 0.15999991]"
448,448,"[0.15999795 0.15999772 0.15999733 0.15999791 0.15999885 0.15999931
 0.15999867 0.15999928 0.15999823 0.15999991]"
449,449,"[0.15999796 0.15999778 0.15999733 0.15999794 0.15999886 0.15999929
 0.15999862 0.15999928 0.1599982  0.15999992]"
450,450,"[0.15999797 0.15999784 0.15999734 0.15999797 0.15999886 0.15999928
 0.15999857 0.15999928 0.15999818 0.15999992]"
451,451,"[0.15999798 0.15999791 0.15999734 0.15999799 0.15999887 0.15999926
 0.15999853 0.15999928 0.15999815 0.15999993]"
452,452,"[0.159998   0.15999875 0.15999734 0.15999801 0.15999888 0.15999925
 0.15999848 0.15999928 0.15999812 0.16000014]"
453,453,"[0.15999801 0.15999916 0.15999735 0.15999804 0.15999888 0.15999923
 0.15999843 0.15999928 0.15999809 0.15999841]"
454,454,"[0.15999803 0.15999912 0.15999736 0.15999806 0.15999889 0.15999921
 0.15999837 0.15999929 0.15999806 0.15999844]"
455,455,"[0.15999805 0.15999908 0.15999736 0.15999808 0.1599989  0.1599992
 0.15999832 0.15999929 0.15999804 0.15999848]"
456,456,"[0.15999807 0.15999904 0.15999737 0.1599981  0.15999891 0.15999918
 0.15999827 0.15999929 0.15999801 0.15999852]"
457,457,"[0.15999809 0.15999899 0.15999738 0.15999812 0.15999892 0.15999916
 0.15999821 0.1599993  0.15999798 0.15999856]"
458,458,"[0.15999811 0.15999894 0.15999739 0.15999814 0.15999892 0.15999914
 0.15999816 0.1599993  0.15999796 0.1599986 ]"
459,459,"[0.15999813 0.15999888 0.1599974  0.15999816 0.15999893 0.15999912
 0.1599981  0.15999931 0.15999793 0.15999864]"
460,460,"[0.15999815 0.15999882 0.15999741 0.15999818 0.15999894 0.1599991
 0.15999804 0.15999931 0.15999791 0.15999868]"
461,461,"[0.15999818 0.15999874 0.15999742 0.15999819 0.15999895 0.15999907
 0.15999799 0.15999932 0.15999789 0.15999872]"
462,462,"[0.1599982  0.15999866 0.15999743 0.15999821 0.15999895 0.15999905
 0.15999793 0.15999933 0.15999786 0.15999875]"
463,463,"[0.15999823 0.15999856 0.15999744 0.15999822 0.15999896 0.15999902
 0.15999788 0.15999933 0.15999784 0.15999879]"
464,464,"[0.15999826 0.15999822 0.15999745 0.15999824 0.15999897 0.159999
 0.15999782 0.15999934 0.15999782 0.15999843]"
465,465,"[0.15999828 0.15999774 0.15999746 0.15999825 0.15999897 0.15999897
 0.15999777 0.15999935 0.1599978  0.15999733]"
466,466,"[0.15999831 0.15999769 0.15999747 0.15999826 0.15999897 0.15999894
 0.15999771 0.15999936 0.15999778 0.15999733]"
467,467,"[0.15999834 0.15999764 0.15999749 0.15999827 0.15999898 0.15999891
 0.1599985  0.15999909 0.15999776 0.15999734]"
468,468,"[0.15999837 0.1599976  0.1599975  0.15999828 0.15999898 0.15999888
 0.15999895 0.15999772 0.15999774 0.15999734]"
469,469,"[0.1599984  0.15999755 0.15999751 0.15999829 0.15999898 0.16000307
 0.15999892 0.15999924 0.15999772 0.15999734]"
470,470,"[0.15999842 0.15999751 0.15999753 0.1599983  0.15999898 0.15999965
 0.15999889 0.1599984  0.1599977  0.15999734]"
471,471,"[0.15999845 0.15999747 0.15999754 0.1599983  0.15999898 0.15999964
 0.15999886 0.15999839 0.15999768 0.15999734]"
472,472,"[0.15999848 0.15999743 0.15999755 0.15999831 0.15999897 0.15999962
 0.15999883 0.15999838 0.15999767 0.15999734]"
473,473,"[0.15999851 0.1599974  0.15999757 0.15999831 0.15999897 0.1599996
 0.15999879 0.15999837 0.15999765 0.15999734]"
474,474,"[0.15999854 0.15999738 0.15999758 0.15999832 0.15999896 0.15999958
 0.15999876 0.15999836 0.15999764 0.15999735]"
475,475,"[0.15999857 0.15999736 0.15999759 0.15999832 0.15999896 0.15999956
 0.15999873 0.15999835 0.15999762 0.15999735]"
476,476,"[0.1599986  0.15999734 0.1599976  0.15999832 0.15999895 0.15999953
 0.15999869 0.15999834 0.15999761 0.15999735]"
477,477,"[0.15999863 0.15999733 0.15999762 0.15999833 0.15999894 0.15999951
 0.15999866 0.15999834 0.15999759 0.15999735]"
478,478,"[0.15999866 0.15999733 0.15999763 0.15999833 0.15999892 0.15999948
 0.15999862 0.15999833 0.15999758 0.15999735]"
479,479,"[0.15999869 0.15999734 0.15999764 0.15999833 0.15999891 0.15999945
 0.15999859 0.15999833 0.15999757 0.15999734]"
480,480,"[0.15999872 0.15999736 0.15999765 0.15999833 0.15999889 0.15999942
 0.15999855 0.15999833 0.15999756 0.15999734]"
481,481,"[0.15999875 0.15999738 0.15999766 0.15999833 0.15999888 0.15999939
 0.15999852 0.15999832 0.15999755 0.15999734]"
482,482,"[0.15999878 0.15999741 0.15999767 0.15999832 0.15999886 0.15999935
 0.15999848 0.15999832 0.15999754 0.15999734]"
483,483,"[0.15999881 0.15999745 0.15999768 0.15999832 0.15999883 0.15999931
 0.15999845 0.15999832 0.15999754 0.15999734]"
484,484,"[0.15999883 0.1599975  0.15999768 0.15999832 0.15999881 0.15999927
 0.15999841 0.15999832 0.15999753 0.15999734]"
485,485,"[0.16000004 0.15999755 0.16000053 0.15999831 0.15999878 0.15999922
 0.15999838 0.15999833 0.15999752 0.15999734]"
486,486,"[0.1599979  0.15999761 0.15999866 0.15999831 0.15999875 0.15999917
 0.15999834 0.15999833 0.15999752 0.15999733]"
487,487,"[0.15999794 0.15999768 0.15999866 0.1599983  0.15999872 0.15999912
 0.15999831 0.15999833 0.15999752 0.15999733]"
488,488,"[0.15999799 0.15999776 0.15999865 0.15999829 0.15999868 0.15999906
 0.15999827 0.15999834 0.15999751 0.15999733]"
489,489,"[0.15999803 0.15999784 0.15999863 0.15999828 0.15999864 0.16000278
 0.15999824 0.15999834 0.16000047 0.15999733]"
490,490,"[0.15999808 0.15999793 0.15999862 0.15999827 0.1599986  0.15999968
 0.1599982  0.15999835 0.15999856 0.15999734]"
491,491,"[0.15999812 0.15999802 0.1599986  0.15999826 0.15999856 0.15999963
 0.15999817 0.15999836 0.15999855 0.15999734]"
492,492,"[0.15999817 0.15999811 0.15999858 0.15999825 0.15999851 0.15999958
 0.15999813 0.15999837 0.15999855 0.15999734]"
493,493,"[0.15999822 0.15999821 0.15999856 0.15999824 0.15999846 0.15999953
 0.1599981  0.15999838 0.15999855 0.15999735]"
494,494,"[0.15999826 0.15999831 0.15999853 0.15999822 0.1599984  0.15999947
 0.15999807 0.15999839 0.15999856 0.15999735]"
495,495,"[0.15999831 0.15999841 0.1599985  0.15999821 0.15999835 0.1599994
 0.15999803 0.1599984  0.15999856 0.15999736]"
496,496,"[0.15999835 0.15999851 0.15999847 0.15999819 0.15999829 0.15999932
 0.159998   0.15999841 0.15999856 0.15999737]"
497,497,"[0.1599984  0.15999861 0.15999843 0.15999818 0.15999823 0.15999923
 0.15999797 0.15999842 0.15999857 0.15999738]"
498,498,"[0.15999844 0.1599987  0.15999838 0.15999816 0.15999816 0.15999914
 0.15999794 0.15999844 0.15999858 0.15999739]"
499,499,"[0.15999849 0.1599988  0.15999833 0.15999814 0.1599981  0.15999903
 0.15999791 0.15999845 0.15999859 0.1599974 ]"
500,500,"[0.15999853 0.15999889 0.15999828 0.15999812 0.15999803 0.15999892
 0.15999788 0.15999846 0.15999861 0.15999741]"
501,501,"[0.15999887 0.15999898 0.15999813 0.1599981  0.15999796 0.1599988
 0.15999785 0.15999848 0.15999863 0.15999742]"
502,502,"[0.15999914 0.15999907 0.15999807 0.15999808 0.15999789 0.15999867
 0.15999782 0.15999849 0.15999865 0.15999743]"
503,503,"[0.15999916 0.15999915 0.15999818 0.16000093 0.15999842 0.15999854
 0.15999779 0.1599985  0.15999867 0.15999744]"
504,504,"[0.15999918 0.15999922 0.15999828 0.15999999 0.15999876 0.1599984
 0.15999777 0.15999852 0.15999869 0.15999744]"
505,505,"[0.15999921 0.1599993  0.15999839 0.16       0.15999866 0.15999826
 0.15999774 0.15999853 0.15999872 0.15999745]"
506,506,"[0.15999889 0.15999937 0.15999849 0.16       0.15999884 0.15999811
 0.15999772 0.15999854 0.15999875 0.15999746]"
507,507,"[0.15999735 0.15999943 0.15999859 0.16       0.15999895 0.15999797
 0.15999769 0.15999855 0.15999879 0.15999746]"
508,508,"[0.15999734 0.15999949 0.15999868 0.16       0.1599988  0.15999783
 0.15999767 0.15999856 0.15999882 0.15999746]"
509,509,"[0.15999733 0.15999954 0.15999877 0.15999999 0.15999866 0.15999771
 0.15999765 0.15999857 0.15999886 0.15999746]"
510,510,"[0.15999734 0.15999959 0.15999885 0.15999998 0.15999851 0.15999759
 0.15999763 0.15999858 0.15999891 0.15999746]"
511,511,"[0.15999734 0.15999964 0.15999893 0.15999997 0.15999835 0.15999749
 0.15999761 0.15999859 0.15999895 0.15999746]"
512,512,"[0.15999735 0.15999968 0.16000265 0.15999996 0.1599982  0.15999741
 0.15999759 0.15999909 0.159999   0.15999746]"
513,513,"[0.15999737 0.15999972 0.1599989  0.15999994 0.15999805 0.15999736
 0.15999757 0.15999938 0.15999906 0.15999745]"
514,514,"[0.15999739 0.15999976 0.15999892 0.15999992 0.15999791 0.15999734
 0.15999755 0.15999936 0.15999911 0.15999744]"
515,515,"[0.15999741 0.15999979 0.15999895 0.15999989 0.15999778 0.15999734
 0.15999754 0.15999935 0.15999917 0.15999744]"
516,516,"[0.15999744 0.15999982 0.15999897 0.15999986 0.15999767 0.15999737
 0.15999752 0.15999933 0.15999923 0.15999743]"
517,517,"[0.15999748 0.15999984 0.15999898 0.15999983 0.15999756 0.15999744
 0.1599975  0.15999932 0.15999929 0.15999742]"
518,518,"[0.15999752 0.15999987 0.159999   0.1599998  0.15999748 0.15999753
 0.15999748 0.1599993  0.15999935 0.15999741]"
519,519,"[0.15999756 0.15999989 0.159999   0.15999975 0.15999741 0.15999766
 0.15999747 0.15999928 0.15999942 0.1599974 ]"
520,520,"[0.1599976  0.1599999  0.15999901 0.15999971 0.15999736 0.1599978
 0.15999745 0.15999925 0.15999948 0.15999739]"
521,521,"[0.15999765 0.15999992 0.15999901 0.15999966 0.15999734 0.15999797
 0.15999743 0.15999923 0.15999954 0.15999737]"
522,522,"[0.1599977  0.15999993 0.159999   0.1599996  0.15999733 0.15999815
 0.15999742 0.1599992  0.15999961 0.15999736]"
523,523,"[0.15999775 0.16000046 0.15999899 0.16000041 0.15999735 0.15999834
 0.1599974  0.15999916 0.15999967 0.15999735]"
524,524,"[0.15999781 0.1599976  0.15999898 0.15999998 0.15999738 0.15999854
 0.15999738 0.15999913 0.15999973 0.15999735]"
525,525,"[0.15999787 0.15999768 0.15999897 0.15999999 0.15999744 0.15999873
 0.15999736 0.15999909 0.15999979 0.15999734]"
526,526,"[0.15999792 0.15999778 0.15999895 0.16       0.1599975  0.15999893
 0.15999735 0.15999904 0.15999984 0.15999734]"
527,527,"[0.15999798 0.15999788 0.15999893 0.16       0.15999758 0.15999911
 0.15999733 0.15999899 0.15999989 0.15999733]"
528,528,"[0.15999802 0.15999798 0.1599989  0.16       0.15999768 0.15999927
 0.15999736 0.15999893 0.15999988 0.15999733]"
529,529,"[0.1599981  0.1599981  0.15999888 0.15999998 0.15999778 0.15999943
 0.15999783 0.15999886 0.15999997 0.15999734]"
530,530,"[0.15999799 0.15999821 0.15999884 0.15999996 0.15999789 0.15999956
 0.16000033 0.15999878 0.15999995 0.15999735]"
531,531,"[0.15999788 0.15999833 0.15999881 0.15999994 0.159998   0.15999968
 0.15999817 0.15999869 0.15999992 0.15999736]"
532,532,"[0.15999778 0.15999845 0.15999877 0.1599999  0.15999812 0.15999977
 0.15999782 0.15999859 0.15999987 0.15999737]"
533,533,"[0.15999768 0.15999857 0.15999873 0.15999985 0.15999824 0.15999985
 0.15999774 0.15999847 0.15999981 0.15999739]"
534,534,"[0.1599976  0.1599987  0.15999868 0.15999979 0.15999892 0.15999991
 0.15999773 0.1599984  0.15999972 0.15999742]"
535,535,"[0.15999797 0.15999882 0.15999863 0.15999975 0.15999941 0.15999995
 0.15999775 0.15999833 0.1599996  0.15999745]"
536,536,"[0.15999779 0.15999893 0.15999858 0.15999969 0.15999954 0.15999998
 0.15999778 0.15999815 0.15999944 0.15999748]"
537,537,"[0.15999774 0.15999905 0.15999852 0.15999963 0.15999965 0.16
 0.15999782 0.15999795 0.15999923 0.15999752]"
538,538,"[0.1599977  0.15999916 0.15999846 0.15999956 0.15999975 0.16
 0.15999786 0.15999774 0.15999896 0.15999757]"
539,539,"[0.15999765 0.15999926 0.1599984  0.15999949 0.15999983 0.15999999
 0.15999791 0.15999755 0.15999864 0.15999762]"
540,540,"[0.15999761 0.15999936 0.15999834 0.15999941 0.15999989 0.15999998
 0.15999796 0.15999741 0.15999828 0.15999768]"
541,541,"[0.15999758 0.15999945 0.15999827 0.15999932 0.15999994 0.16000089
 0.15999801 0.15999734 0.15999791 0.15999758]"
542,542,"[0.15999754 0.15999954 0.1599982  0.15999922 0.15999997 0.15999906
 0.15999807 0.15999738 0.1599976  0.15999735]"
543,543,"[0.15999751 0.15999962 0.15999813 0.15999921 0.15999999 0.15999922
 0.15999812 0.1599975  0.1599974  0.15999737]"
544,544,"[0.15999748 0.15999969 0.15999806 0.15999921 0.16       0.15999937
 0.15999818 0.15999766 0.15999734 0.15999741]"
545,545,"[0.15999745 0.15999975 0.15999799 0.15999913 0.16       0.15999951
 0.15999823 0.15999793 0.15999742 0.15999745]"
546,546,"[0.15999743 0.1600051  0.15999792 0.15999903 0.15999999 0.15999964
 0.15999828 0.15999823 0.1599976  0.15999751]"
547,547,"[0.15999741 0.15999746 0.15999785 0.15999894 0.15999997 0.15999975
 0.15999833 0.15999851 0.15999784 0.15999752]"
548,548,"[0.15999739 0.1599975  0.15999778 0.15999883 0.15999995 0.15999985
 0.15999838 0.15999875 0.1599981  0.15999761]"
549,549,"[0.15999738 0.15999754 0.15999771 0.15999873 0.15999992 0.15999992
 0.16000382 0.15999895 0.15999835 0.15999755]"
550,550,"[0.15999736 0.15999758 0.15999765 0.15999862 0.15999989 0.15999997
 0.1599985  0.15999911 0.15999858 0.15999735]"
551,551,"[0.15999735 0.15999763 0.1599982  0.1599985  0.16000078 0.16
 0.15999844 0.15999924 0.15999879 0.15999738]"
552,552,"[0.15999735 0.15999768 0.1599979  0.15999839 0.15999982 0.15999999
 0.15999838 0.15999934 0.15999896 0.15999743]"
553,553,"[0.15999734 0.15999773 0.15999782 0.15999828 0.16000301 0.15999996
 0.15999833 0.15999942 0.15999908 0.1599975 ]"
554,554,"[0.15999734 0.15999779 0.15999775 0.15999816 0.15999746 0.15999991
 0.15999827 0.15999948 0.15999917 0.15999758]"
555,555,"[0.15999733 0.15999784 0.15999769 0.15999805 0.15999748 0.15999983
 0.15999821 0.15999952 0.1599993  0.15999768]"
556,556,"[0.15999733 0.15999789 0.15999763 0.15999794 0.1599975  0.15999973
 0.15999815 0.15999955 0.1599994  0.15999779]"
557,557,"[0.15999734 0.15999795 0.15999757 0.15999784 0.15999752 0.15999961
 0.15999809 0.15999958 0.15999949 0.15999792]"
558,558,"[0.15999734 0.159998   0.15999752 0.15999758 0.15999756 0.16004151
 0.15999803 0.15999959 0.15999957 0.15999805]"
559,559,"[0.15999735 0.15999806 0.15999747 0.15999739 0.1599976  0.15999883
 0.15999797 0.1599996  0.15999964 0.1599982 ]"
560,560,"[0.15999735 0.15999812 0.15999743 0.15999736 0.15999766 0.15999886
 0.1599979  0.15999961 0.1599997  0.15999834]"
561,561,"[0.15999736 0.15999817 0.15999751 0.15999734 0.15999772 0.15999888
 0.15999784 0.15999961 0.15999972 0.15999849]"
562,562,"[0.15999738 0.15999823 0.15999757 0.15999733 0.15999779 0.1599989
 0.15999778 0.1599996  0.15999973 0.15999865]"
563,563,"[0.15999739 0.15999829 0.15999751 0.15999734 0.15999787 0.15999892
 0.15999773 0.15999959 0.15999978 0.15999879]"
564,564,"[0.15999741 0.15999834 0.15999746 0.15999735 0.15999796 0.16027952
 0.16033648 0.15999958 0.15999982 0.15999894]"
565,565,"[0.15999742 0.1599984  0.15999742 0.15999738 0.15999805 0.1599998
 0.15999999 0.15999956 0.15999986 0.15999908]"
566,566,"[0.15999744 0.15999845 0.15999738 0.15999742 0.15999814 0.15999978
 0.15999999 0.15999954 0.15999989 0.15999921]"
567,567,"[0.15999746 0.15999851 0.15999736 0.15999746 0.15999824 0.15999977
 0.15999999 0.15999952 0.15999992 0.15999933]"
568,568,"[0.15999748 0.15999874 0.15999737 0.15999752 0.15999833 0.15999975
 0.15999998 0.1599995  0.15999994 0.15999945]"
569,569,"[0.15999751 0.15999877 0.15999737 0.15999758 0.15999841 0.15999973
 0.15999998 0.15999947 0.15999996 0.15999955]"
570,570,"[0.15999753 0.15999858 0.15999735 0.15999765 0.15999849 0.15999971
 0.15999997 0.15999943 0.15999997 0.15999965]"
571,571,"[0.15999756 0.15999839 0.15999734 0.15999773 0.15999857 0.1599997
 0.15999997 0.1599994  0.15999998 0.15999973]"
572,572,"[0.15999759 0.1599982  0.15999733 0.15999781 0.15999863 0.15999968
 0.15999996 0.15999936 0.15999999 0.1599998 ]"
573,573,"[0.15999762 0.159998   0.15999734 0.1599979  0.15999869 0.15999966
 0.15999996 0.15999932 0.16       0.15999986]"
574,574,"[0.15999765 0.15999782 0.15999735 0.15999799 0.15999874 0.15999964
 0.15999995 0.15999927 0.16       0.15999991]"
575,575,"[0.15999768 0.15999766 0.15999736 0.15999808 0.15999879 0.15999962
 0.15999994 0.15999923 0.16       0.15999995]"
576,576,"[0.15999771 0.15999752 0.15999739 0.15999817 0.15999882 0.1599996
 0.15999994 0.15999918 0.16       0.15999998]"
577,577,"[0.15999774 0.15999742 0.15999742 0.15999826 0.15999885 0.15999958
 0.15999993 0.15999912 0.16       0.15999999]"
578,578,"[0.15999778 0.15999735 0.15999746 0.15999835 0.15999888 0.15999956
 0.15999992 0.15999907 0.15999999 0.16      ]"
579,579,"[0.15999782 0.15999733 0.1599975  0.15999844 0.15999889 0.15999954
 0.15999991 0.15999901 0.15999999 0.16      ]"
580,580,"[0.15999785 0.15999736 0.15999755 0.15999853 0.15999891 0.15999951
 0.15999989 0.15999895 0.15999998 0.15999998]"
581,581,"[0.15999789 0.15999742 0.1599976  0.15999861 0.15999891 0.15999949
 0.15999988 0.15999889 0.15999997 0.15999996]"
582,582,"[0.15999793 0.15999752 0.15999766 0.15999869 0.15999891 0.15999947
 0.15999987 0.15999883 0.15999996 0.15999993]"
583,583,"[0.15999797 0.15999766 0.15999771 0.15999877 0.15999891 0.15999945
 0.15999985 0.15999877 0.15999995 0.15999989]"
584,584,"[0.15999801 0.15999782 0.15999778 0.15999884 0.15999894 0.15999942
 0.15999984 0.15999922 0.15999994 0.15999985]"
585,585,"[0.15999805 0.159998   0.15999784 0.15999891 0.15999896 0.1599994
 0.15999982 0.15999939 0.15999993 0.15999979]"
586,586,"[0.15999809 0.15999819 0.15999791 0.15999898 0.15999895 0.15999938
 0.1599998  0.15999921 0.15999992 0.15999974]"
587,587,"[0.15999813 0.15999838 0.15999798 0.15999904 0.15999893 0.15999935
 0.15999979 0.15999898 0.15999991 0.15999967]"
588,588,"[0.15999817 0.15999857 0.15999805 0.1599991  0.1599989  0.15999933
 0.15999977 0.1599987  0.15999989 0.1599996 ]"
589,589,"[0.15999821 0.15999876 0.15999812 0.15999915 0.15999888 0.1599993
 0.15999975 0.15999838 0.15999988 0.15999953]"
590,590,"[0.15999826 0.15999893 0.15999819 0.1599992  0.15999886 0.15999928
 0.15999973 0.15999804 0.15999986 0.15999946]"
591,591,"[0.1599983  0.1599991  0.15999826 0.15999925 0.15999883 0.15999925
 0.1599997  0.15999774 0.15999985 0.15999938]"
592,592,"[0.15999834 0.15999925 0.15999833 0.1599993  0.1599988  0.15999923
 0.15999968 0.15999751 0.15999984 0.1599993 ]"
593,593,"[0.15999839 0.15999938 0.15999839 0.15999934 0.15999877 0.1599992
 0.15999966 0.15999738 0.15999982 0.15999922]"
594,594,"[0.15999892 0.1599995  0.1599983  0.15999938 0.15999874 0.15999918
 0.15999963 0.15999734 0.15999981 0.15999914]"
595,595,"[0.15999927 0.15999961 0.15999811 0.15999942 0.15999871 0.15999915
 0.1599996  0.15999735 0.15999979 0.15999907]"
596,596,"[0.15999928 0.1599997  0.15999817 0.15999945 0.15999867 0.15999913
 0.15999958 0.15999741 0.15999978 0.15999899]"
597,597,"[0.15999928 0.15999978 0.15999823 0.15999948 0.15999864 0.1599991
 0.15999955 0.15999748 0.15999976 0.15999892]"
598,598,"[0.15999929 0.15999984 0.15999829 0.15999951 0.1599986  0.15999908
 0.15999952 0.15999754 0.15999975 0.15999885]"
599,599,"[0.1599993  0.1599999  0.15999835 0.15999954 0.15999856 0.15999905
 0.15999949 0.1599976  0.15999973 0.15999878]"
600,600,"[0.15999931 0.15999994 0.1599984  0.15999956 0.15999852 0.15999903
 0.15999946 0.15999765 0.15999972 0.15999872]"
601,601,"[0.15999932 0.15999997 0.15999846 0.15999959 0.15999848 0.159999
 0.15999943 0.15999769 0.15999971 0.15999866]"
602,602,"[0.15999933 0.15999999 0.15999851 0.15999961 0.15999844 0.15999898
 0.15999939 0.16000174 0.15999969 0.15999861]"
603,603,"[0.15999934 0.15999999 0.15999857 0.15999963 0.1599984  0.15999895
 0.15999936 0.15999989 0.15999968 0.15999856]"
604,604,"[0.15999935 0.15999999 0.15999862 0.15999965 0.15999836 0.15999893
 0.15999933 0.1599999  0.15999966 0.15999852]"
605,605,"[0.15999937 0.15999999 0.15999867 0.15999966 0.15999831 0.15999891
 0.1599993  0.15999992 0.15999965 0.15999848]"
606,606,"[0.15999938 0.16       0.15999872 0.15999968 0.15999827 0.15999888
 0.15999926 0.15999993 0.16000102 0.15999844]"
607,607,"[0.1599994  0.16       0.15999877 0.15999969 0.15999822 0.15999886
 0.15999923 0.15999994 0.15999956 0.15999841]"
608,608,"[0.15999941 0.16       0.15999882 0.1599997  0.15999817 0.15999883
 0.1599992  0.15999995 0.15999957 0.15999838]"
609,609,"[0.15999943 0.16       0.15999886 0.15999972 0.15999812 0.15999881
 0.15999916 0.15999996 0.15999958 0.15999836]"
610,610,"[0.15999945 0.16       0.15999891 0.15999973 0.15999808 0.15999879
 0.15999913 0.15999997 0.1599996  0.15999834]"
611,611,"[0.15999947 0.16       0.15999895 0.15999974 0.15999803 0.15999877
 0.1599991  0.15999997 0.15999961 0.15999832]"
612,612,"[0.15999949 0.16       0.15999899 0.15999974 0.15999798 0.15999874
 0.15999907 0.15999998 0.15999962 0.15999831]"
613,613,"[0.15999951 0.16       0.15999903 0.15999975 0.15999794 0.15999872
 0.15999904 0.15999998 0.15999962 0.1599983 ]"
614,614,"[0.15999953 0.15999999 0.15999907 0.15999976 0.15999789 0.1599987
 0.15999902 0.15999999 0.15999963 0.1599983 ]"
615,615,"[0.15999956 0.15999999 0.15999911 0.15999976 0.15999785 0.15999868
 0.15999899 0.15999999 0.15999964 0.1599983 ]"
616,616,"[0.15999958 0.15999999 0.15999914 0.15999977 0.1599978  0.15999866
 0.15999897 0.16       0.15999964 0.1599983 ]"
617,617,"[0.1599996  0.15999998 0.15999918 0.15999977 0.15999776 0.15999863
 0.15999895 0.16       0.15999965 0.1599983 ]"
618,618,"[0.15999962 0.15999997 0.15999921 0.15999978 0.15999772 0.15999861
 0.15999894 0.16       0.15999965 0.15999831]"
619,619,"[0.15999965 0.15999997 0.15999925 0.15999978 0.15999768 0.15999859
 0.15999893 0.16       0.15999966 0.15999832]"
620,620,"[0.15999967 0.15999996 0.15999928 0.15999978 0.15999764 0.15999857
 0.15999892 0.16       0.15999966 0.15999833]"
621,621,"[0.15999969 0.15999995 0.16000062 0.15999978 0.1599976  0.15999855
 0.15999888 0.16       0.15999966 0.15999835]"
622,622,"[0.15999971 0.15999995 0.15999851 0.15999978 0.15999757 0.15999853
 0.15999854 0.16       0.15999966 0.15999837]"
623,623,"[0.15999974 0.15999994 0.15999853 0.15999978 0.15999753 0.15999851
 0.15999852 0.15999999 0.15999965 0.15999839]"
624,624,"[0.15999976 0.15999993 0.15999855 0.15999978 0.1599975  0.15999849
 0.1599985  0.15999999 0.15999965 0.15999841]"
625,625,"[0.15999978 0.15999992 0.15999857 0.15999977 0.15999747 0.15999847
 0.15999847 0.15999998 0.15999964 0.15999843]"
626,626,"[0.1599998  0.16000042 0.15999859 0.15999977 0.15999745 0.15999845
 0.15999845 0.15999998 0.16001151 0.15999846]"
627,627,"[0.15999981 0.15999998 0.15999861 0.15999976 0.15999742 0.15999843
 0.15999843 0.15999997 0.15999738 0.15999849]"
628,628,"[0.15999983 0.15999998 0.15999862 0.15999976 0.1599974  0.15999841
 0.15999841 0.15999996 0.15999739 0.15999852]"
629,629,"[0.15999985 0.15999998 0.15999863 0.15999975 0.15999738 0.15999839
 0.15999839 0.15999995 0.15999739 0.15999855]"
630,630,"[0.15999987 0.15999998 0.15999864 0.15999974 0.15999737 0.15999837
 0.15999838 0.15999994 0.1599974  0.15999858]"
631,631,"[0.15999988 0.15999997 0.15999864 0.15999974 0.15999735 0.15999835
 0.15999836 0.15999993 0.1599974  0.15999861]"
632,632,"[0.15999989 0.15999997 0.15999864 0.15999973 0.15999734 0.15999833
 0.15999834 0.15999991 0.15999741 0.15999865]"
633,633,"[0.15999991 0.15999958 0.15999864 0.15999971 0.15999783 0.15999831
 0.15999833 0.1599999  0.15999742 0.15999868]"
634,634,"[0.15999992 0.15999958 0.15999863 0.1599997  0.15999778 0.15999829
 0.15999831 0.15999988 0.15999742 0.15999872]"
635,635,"[0.15999993 0.15999957 0.15999862 0.15999969 0.15999774 0.15999827
 0.1599983  0.15999986 0.15999743 0.15999876]"
636,636,"[0.15999994 0.15999957 0.1599986  0.15999968 0.15999769 0.15999825
 0.15999828 0.15999984 0.15999744 0.1599988 ]"
637,637,"[0.15999995 0.15999957 0.15999858 0.15999966 0.15999765 0.15999823
 0.15999827 0.15999982 0.15999744 0.15999884]"
638,638,"[0.15999996 0.15999956 0.15999855 0.15999964 0.1599976  0.15999821
 0.15999826 0.15999979 0.15999745 0.15999888]"
639,639,"[0.15999997 0.15999956 0.15999851 0.15999963 0.15999757 0.15999819
 0.15999825 0.15999977 0.15999746 0.15999892]"
640,640,"[0.15999997 0.15999955 0.15999846 0.15999961 0.15999753 0.15999817
 0.15999824 0.15999974 0.15999747 0.15999895]"
641,641,"[0.15999998 0.15999955 0.1599984  0.15999959 0.1599975  0.15999815
 0.15999823 0.15999971 0.15999748 0.15999899]"
642,642,"[0.15999998 0.15999954 0.15999833 0.15999957 0.15999746 0.15999812
 0.15999821 0.15999968 0.15999749 0.15999903]"
643,643,"[0.15999999 0.15999954 0.15999824 0.15999955 0.15999744 0.1599981
 0.1599982  0.15999965 0.15999749 0.15999907]"
644,644,"[0.15999999 0.15999953 0.15999814 0.15999953 0.15999741 0.15999808
 0.15999819 0.15999961 0.1599975  0.15999911]"
645,645,"[0.15999999 0.15999952 0.15999802 0.15999951 0.15999739 0.15999806
 0.15999818 0.15999958 0.15999751 0.15999915]"
646,646,"[0.16       0.15999952 0.15999789 0.15999949 0.15999737 0.15999803
 0.15999817 0.15999954 0.15999752 0.15999919]"
647,647,"[0.16       0.15999951 0.15999774 0.15999947 0.15999736 0.15999801
 0.15999816 0.1599995  0.15999753 0.15999922]"
648,648,"[0.16       0.1599995  0.15999759 0.15999945 0.15999735 0.15999798
 0.15999814 0.15999946 0.15999754 0.15999926]"
649,649,"[0.16       0.1599995  0.15999746 0.15999944 0.15999734 0.15999796
 0.15999813 0.15999942 0.15999755 0.15999929]"
650,650,"[0.16000081 0.15999949 0.15999736 0.15999942 0.15999733 0.15999827
 0.15999812 0.15999937 0.15999757 0.15999933]"
651,651,"[0.15999814 0.15999948 0.15999734 0.1599994  0.15999733 0.15999853
 0.1599981  0.15999933 0.15999758 0.15999936]"
652,652,"[0.15999823 0.15999947 0.1599974  0.15999938 0.15999734 0.1599985
 0.15999808 0.15999928 0.15999759 0.15999939]"
653,653,"[0.15999833 0.15999946 0.15999756 0.15999937 0.15999734 0.15999846
 0.15999807 0.15999923 0.1599976  0.15999942]"
654,654,"[0.15999842 0.15999945 0.15999777 0.15999936 0.15999736 0.15999843
 0.15999805 0.15999917 0.15999761 0.15999945]"
655,655,"[0.15999852 0.15999944 0.15999802 0.15999934 0.15999737 0.15999839
 0.15999803 0.15999912 0.15999763 0.15999948]"
656,656,"[0.15999862 0.15999943 0.15999828 0.15999933 0.15999739 0.15999835
 0.15999801 0.15999906 0.15999764 0.15999951]"
657,657,"[0.15999872 0.15999942 0.15999851 0.15999932 0.15999741 0.15999832
 0.15999798 0.159999   0.15999765 0.15999954]"
658,658,"[0.15999881 0.1599994  0.15999871 0.15999932 0.15999743 0.15999828
 0.15999796 0.15999893 0.15999767 0.15999956]"
659,659,"[0.15999891 0.15999939 0.15999888 0.15999931 0.15999746 0.15999824
 0.15999793 0.15999884 0.15999768 0.15999959]"
660,660,"[0.159999   0.15999938 0.15999903 0.15999931 0.15999749 0.1599982
 0.15999791 0.15999875 0.15999769 0.15999961]"
661,661,"[0.15999909 0.15999936 0.15999915 0.15999931 0.15999748 0.15999816
 0.15999788 0.15999861 0.15999771 0.15999949]"
662,662,"[0.15999918 0.15999935 0.15999925 0.16000619 0.15999744 0.15999803
 0.15999785 0.15999835 0.15999772 0.15999901]"
663,663,"[0.15999926 0.15999934 0.15999934 0.15999733 0.15999751 0.15999758
 0.15999782 0.15999757 0.15999818 0.15999905]"
664,664,"[0.15999934 0.15999932 0.15999941 0.15999734 0.15999738 0.15999755
 0.15999778 0.15999988 0.15999753 0.1599991 ]"
665,665,"[0.16000116 0.15999931 0.15999947 0.16000642 0.15999741 0.15999753
 0.15999775 0.15999921 0.15999753 0.15999914]"
666,666,"[0.15999952 0.15999929 0.15999952 0.1599975  0.15999744 0.1599975
 0.15999772 0.15999904 0.15999754 0.15999918]"
667,667,"[0.15999935 0.15999927 0.15999957 0.15999747 0.15999748 0.15999748
 0.15999768 0.15999898 0.15999755 0.15999921]"
668,668,"[0.15999915 0.15999926 0.15999961 0.15999744 0.15999752 0.15999746
 0.15999765 0.15999896 0.15999756 0.15999925]"
669,669,"[0.15999894 0.15999924 0.15999964 0.15999741 0.15999756 0.15999744
 0.15999762 0.15999896 0.15999757 0.15999928]"
670,670,"[0.15999871 0.15999922 0.15999968 0.15999738 0.15999761 0.15999742
 0.15999758 0.15999897 0.15999758 0.15999932]"
671,671,"[0.15999848 0.1599992  0.15999971 0.15999736 0.15999767 0.15999779
 0.15999755 0.16000411 0.1599976  0.15999935]"
672,672,"[0.15999825 0.15999918 0.15999974 0.15999734 0.15999773 0.1599981
 0.15999752 0.15999758 0.15999761 0.15999938]"
673,673,"[0.15999804 0.15999916 0.15999976 0.15999733 0.15999779 0.15999805
 0.15999748 0.15999751 0.15999763 0.1599994 ]"
674,674,"[0.15999786 0.15999914 0.15999979 0.15999733 0.15999786 0.15999799
 0.15999745 0.15999746 0.15999765 0.15999943]"
675,675,"[0.16087512 0.15999911 0.15999981 0.15999734 0.15999792 0.15999794
 0.16006127 0.15999741 0.15999767 0.15999946]"
676,676,"[0.15999877 0.15999909 0.15999983 0.15999736 0.15999799 0.15999788
 0.15999913 0.15999737 0.15999769 0.15999948]"
677,677,"[0.15999873 0.15999907 0.15999985 0.15999738 0.15999807 0.15999783
 0.15999909 0.15999735 0.15999758 0.16000088]"
678,678,"[0.15999868 0.15999904 0.15999986 0.15999741 0.15999814 0.15999778
 0.15999906 0.15999733 0.15999737 0.15999974]"
679,679,"[0.15999864 0.15999902 0.15999988 0.15999745 0.15999821 0.15999773
 0.15999902 0.15999734 0.15999736 0.15999974]"
680,680,"[0.15999859 0.15999899 0.1599999  0.1599975  0.15999829 0.15999768
 0.15999898 0.15999736 0.15999734 0.15999974]"
681,681,"[0.15999854 0.15999896 0.15999991 0.15999756 0.15999837 0.15999763
 0.15999894 0.15999739 0.15999734 0.15999973]"
682,682,"[0.15999849 0.15999893 0.15999992 0.15999763 0.15999844 0.15999759
 0.1599989  0.15999745 0.15999733 0.15999973]"
683,683,"[0.15999844 0.15999891 0.15999994 0.1599977  0.15999852 0.15999754
 0.15999885 0.15999752 0.15999733 0.15999973]"
684,684,"[0.15999839 0.15999888 0.15999995 0.15999778 0.15999859 0.15999751
 0.15999881 0.15999762 0.15999734 0.15999973]"
685,685,"[0.15999833 0.15999885 0.15999996 0.15999786 0.15999866 0.15999747
 0.15999876 0.15999773 0.15999734 0.15999973]"
686,686,"[0.15999827 0.15999882 0.15999997 0.15999794 0.15999874 0.15999744
 0.15999871 0.15999786 0.15999736 0.15999973]"
687,687,"[0.15999822 0.15999879 0.15999998 0.15999803 0.15999881 0.15999741
 0.15999866 0.159998   0.15999737 0.15999973]"
688,688,"[0.15999816 0.15999876 0.15999998 0.15999811 0.15999888 0.15999738
 0.15999861 0.15999816 0.15999739 0.15999973]"
689,689,"[0.1599981  0.15999872 0.15999999 0.1599982  0.15999895 0.15999736
 0.15999856 0.15999832 0.15999741 0.15999973]"
690,690,"[0.15999804 0.15999869 0.15999999 0.15999828 0.15999901 0.15999735
 0.15999851 0.15999849 0.15999744 0.15999973]"
691,691,"[0.15999797 0.15999866 0.16       0.15999837 0.15999908 0.15999734
 0.15999845 0.15999865 0.15999747 0.15999973]"
692,692,"[0.15999791 0.15999862 0.16       0.15999845 0.15999914 0.15999733
 0.1599984  0.15999882 0.15999751 0.15999973]"
693,693,"[0.15999785 0.15999859 0.16       0.15999852 0.1599992  0.15999733
 0.15999834 0.15999897 0.15999754 0.15999973]"
694,694,"[0.15999778 0.15999856 0.16       0.15999859 0.15999926 0.15999734
 0.15999828 0.15999912 0.15999758 0.15999974]"
695,695,"[0.15999772 0.15999852 0.16       0.15999866 0.15999932 0.15999735
 0.15999823 0.15999925 0.15999763 0.15999974]"
696,696,"[0.15999765 0.15999848 0.15999999 0.15999872 0.15999937 0.15999737
 0.15999817 0.15999937 0.15999767 0.15999974]"
697,697,"[0.15999759 0.15999845 0.15999998 0.15999877 0.15999942 0.15999739
 0.15999811 0.15999948 0.15999772 0.15999974]"
698,698,"[0.15999753 0.15999841 0.15999997 0.15999882 0.15999947 0.15999742
 0.15999805 0.15999958 0.15999778 0.15999975]"
699,699,"[0.15999748 0.15999838 0.15999996 0.15999886 0.15999952 0.15999745
 0.15999799 0.15999966 0.15999783 0.15999975]"
700,700,"[0.15999742 0.15999834 0.16000041 0.15999889 0.15999956 0.15999749
 0.15999794 0.16000242 0.15999789 0.15999975]"
701,701,"[0.15999738 0.1599983  0.15999966 0.15999892 0.15999961 0.15999753
 0.15999788 0.15999773 0.15999795 0.15999976]"
702,702,"[0.15999735 0.15999826 0.15999966 0.15999894 0.15999965 0.15999758
 0.15999783 0.15999778 0.159998   0.15999976]"
703,703,"[0.15999733 0.15999823 0.15999966 0.15999895 0.15999968 0.15999763
 0.15999777 0.15999783 0.15999806 0.15999976]"
704,704,"[0.15999734 0.15999819 0.15999966 0.15999897 0.15999972 0.15999768
 0.15999772 0.15999788 0.15999813 0.15999977]"
705,705,"[0.15999739 0.15999815 0.15999966 0.15999897 0.15999975 0.15999774
 0.15999767 0.15999793 0.15999819 0.15999977]"
706,706,"[0.15999748 0.15999811 0.15999966 0.15999897 0.15999978 0.15999781
 0.15999762 0.15999799 0.15999825 0.15999978]"
707,707,"[0.15999764 0.15999807 0.15999966 0.15999896 0.15999981 0.15999787
 0.15999757 0.15999804 0.15999831 0.15999978]"
708,708,"[0.1599979  0.15999803 0.15999966 0.15999895 0.15999984 0.15999794
 0.15999753 0.1599981  0.15999837 0.15999979]"
709,709,"[0.15999827 0.159998   0.15999966 0.15999892 0.15999986 0.15999801
 0.15999749 0.15999816 0.15999843 0.15999979]"
710,710,"[0.15999876 0.15999796 0.16003326 0.1599989  0.16049156 0.15999809
 0.15999745 0.15999821 0.15999849 0.15999979]"
711,711,"[0.15999929 0.15999792 0.16       0.15999887 0.15999743 0.15999816
 0.15999742 0.15999827 0.15999855 0.1599998 ]"
712,712,"[0.15999974 0.15999788 0.16       0.15999884 0.15999745 0.15999824
 0.15999739 0.15999833 0.15999861 0.15999981]"
713,713,"[0.15999997 0.15999785 0.16       0.15999881 0.15999746 0.15999832
 0.15999737 0.15999839 0.15999867 0.15999981]"
714,714,"[0.15999997 0.15999781 0.16       0.15999878 0.15999748 0.15999839
 0.15999735 0.15999844 0.15999872 0.15999982]"
715,715,"[0.15999981 0.15999778 0.16       0.15999875 0.15999749 0.15999847
 0.15999734 0.1599985  0.15999878 0.15999982]"
716,716,"[0.15999961 0.15999774 0.16       0.15999881 0.15999751 0.15999855
 0.15999733 0.15999856 0.15999883 0.16001051]"
717,717,"[0.1599994  0.15999771 0.16       0.15999878 0.15999754 0.15999863
 0.15999733 0.15999861 0.15999888 0.15999815]"
718,718,"[0.15999923 0.15999767 0.16       0.15999876 0.15999756 0.1599987
 0.15999734 0.15999866 0.15999894 0.15999814]"
719,719,"[0.15999909 0.15999764 0.16       0.15999873 0.15999758 0.15999878
 0.15999736 0.15999872 0.15999898 0.15999813]"
720,720,"[0.15999899 0.15999761 0.16       0.15999871 0.15999761 0.15999885
 0.15999738 0.15999877 0.15999903 0.15999812]"
721,721,"[0.15999891 0.15999758 0.15999999 0.15999871 0.15999763 0.15999893
 0.15999742 0.15999882 0.15999893 0.15999812]"
722,722,"[0.15999885 0.15999755 0.15999999 0.15999871 0.15999766 0.159999
 0.15999746 0.15999887 0.15999873 0.15999811]"
723,723,"[0.15999882 0.15999752 0.15999999 0.15999867 0.15999769 0.15999869
 0.1600009  0.15999892 0.15999879 0.1599981 ]"
724,724,"[0.15999879 0.1599975  0.15999998 0.15999864 0.15999772 0.15999734
 0.16       0.15999896 0.15999884 0.1599981 ]"
725,725,"[0.15999878 0.15999747 0.15999998 0.1599986  0.15999776 0.15999735
 0.15999998 0.15999901 0.15999889 0.15999809]"
726,726,"[0.15999878 0.15999745 0.15999997 0.15999856 0.15999779 0.15999735
 0.15999996 0.15999905 0.15999895 0.15999809]"
727,727,"[0.15999879 0.15999743 0.15999997 0.15999852 0.15999783 0.15999736
 0.15999993 0.15999909 0.159999   0.15999809]"
728,728,"[0.1599988  0.15999741 0.15999996 0.15999849 0.15999786 0.15999736
 0.15999989 0.15999913 0.15999904 0.15999808]"
729,729,"[0.15999882 0.15999739 0.15999995 0.15999845 0.1599979  0.15999737
 0.15999984 0.15999917 0.15999909 0.15999808]"
730,730,"[0.15999884 0.15999738 0.15999994 0.15999841 0.15999794 0.15999737
 0.15999978 0.15999921 0.15999913 0.15999808]"
731,731,"[0.15999887 0.15999736 0.15999994 0.15999837 0.15999798 0.15999737
 0.1599997  0.15999924 0.15999918 0.15999808]"
732,732,"[0.15999891 0.15999735 0.15999993 0.15999833 0.15999802 0.15999737
 0.15999961 0.15999927 0.15999922 0.15999809]"
733,733,"[0.15999895 0.15999735 0.15999991 0.15999829 0.15999705 0.15999737
 0.15999951 0.15999931 0.15999913 0.15999809]"
734,734,"[0.15999899 0.15999734 0.1599999  0.15999825 0.15999999 0.15999737
 0.1599994  0.15999934 0.15999974 0.1599981 ]"
735,735,"[0.15999903 0.15999733 0.15999989 0.15999821 0.15999997 0.15999736
 0.15999927 0.15999936 0.15999976 0.15999811]"
736,736,"[0.15999908 0.15999733 0.15999988 0.15999817 0.15999994 0.15999736
 0.15999914 0.15999939 0.15999978 0.15999812]"
737,737,"[0.15999912 0.15999733 0.15999986 0.15999813 0.15999989 0.15999735
 0.159999   0.15999942 0.1599998  0.15999814]"
738,738,"[0.15999918 0.15999734 0.15999984 0.15999809 0.15999982 0.15999734
 0.15999886 0.15999944 0.15999981 0.15999816]"
739,739,"[0.15999923 0.15999734 0.15999983 0.15999805 0.15999974 0.15999734
 0.15999871 0.15999946 0.15999983 0.15999818]"
740,740,"[0.15999928 0.15999735 0.15999981 0.15999801 0.15999964 0.15999733
 0.15999855 0.15999948 0.15999984 0.15999821]"
741,741,"[0.15999934 0.15999738 0.15999978 0.15999797 0.15999952 0.15999734
 0.16000049 0.1599995  0.15999985 0.15999939]"
742,742,"[0.15999939 0.15999737 0.15999976 0.15999793 0.15999939 0.15999735
 0.15999999 0.15999952 0.15999986 0.1599994 ]"
743,743,"[0.15999945 0.15999739 0.15999973 0.15999789 0.15999924 0.15999736
 0.15999998 0.15999954 0.15999987 0.15999941]"
744,744,"[0.1599995  0.1599974  0.1599997  0.15999785 0.15999908 0.15999739
 0.15999996 0.15999955 0.15999988 0.15999943]"
745,745,"[0.15999956 0.15999743 0.15999967 0.15999781 0.15999891 0.15999743
 0.15999992 0.15999957 0.15999989 0.15999944]"
746,746,"[0.15999961 0.15999745 0.15999964 0.15999777 0.15999873 0.15999748
 0.15999987 0.15999958 0.1599999  0.15999946]"
747,747,"[0.15999966 0.15999748 0.1599996  0.15999773 0.15999855 0.15999753
 0.15999981 0.15999959 0.15999991 0.15999948]"
748,748,"[0.15999971 0.15999751 0.15999956 0.15999769 0.15999838 0.1599976
 0.15999973 0.1599996  0.15999992 0.1599995 ]"
749,749,"[0.15999976 0.15999754 0.15999951 0.15999766 0.1599982  0.15999767
 0.15999963 0.15999961 0.15999993 0.15999952]"
750,750,"[0.15999981 0.15999764 0.15999946 0.15999762 0.15999804 0.15999774
 0.15999952 0.15999962 0.15999991 0.15999954]"
751,751,"[0.15999985 0.15999777 0.15999941 0.15999759 0.15999789 0.15999782
 0.15999938 0.15999962 0.1599996  0.15999956]"
752,752,"[0.15999989 0.15999745 0.15999935 0.15999756 0.15999776 0.15999789
 0.15999923 0.15999963 0.15999963 0.15999769]"
753,753,"[0.15999992 0.15999747 0.15999928 0.15999753 0.15999764 0.15999795
 0.15999907 0.15999963 0.15999965 0.15999765]"
754,754,"[0.15999995 0.1599975  0.15999921 0.1599975  0.15999754 0.15999801
 0.15999889 0.15999964 0.15999968 0.15999762]"
755,755,"[0.15999997 0.15999753 0.15999913 0.15999747 0.15999746 0.15999807
 0.1599987  0.15999964 0.1599997  0.15999758]"
756,756,"[0.15999998 0.15999756 0.15999905 0.15999745 0.1599974  0.15999811
 0.1599985  0.15999964 0.15999972 0.15999755]"
757,757,"[0.16002935 0.1599976  0.15999896 0.15999743 0.15999736 0.15999815
 0.1599983  0.15999964 0.16001342 0.16000391]"
758,758,"[0.15999737 0.15999764 0.15999887 0.15999741 0.15999734 0.15999818
 0.15999811 0.15999964 0.15999975 0.15999907]"
759,759,"[0.1599974  0.15999768 0.15999876 0.15999739 0.15999733 0.1599982
 0.15999793 0.15999963 0.15999975 0.15999907]"
760,760,"[0.15999746 0.15999772 0.15999866 0.15999737 0.15999735 0.15999822
 0.15999777 0.15999963 0.15999975 0.15999907]"
761,761,"[0.15999755 0.15999776 0.15999854 0.15999736 0.15999738 0.15999823
 0.15999763 0.15999962 0.15999975 0.15999908]"
762,762,"[0.15999768 0.1599978  0.15999842 0.15999735 0.15999743 0.15999823
 0.15999751 0.15999961 0.15999975 0.15999907]"
763,763,"[0.15999789 0.15999785 0.1599983  0.15999734 0.15999749 0.15999823
 0.15999743 0.1599996  0.15999975 0.15999907]"
764,764,"[0.15999823 0.1599979  0.15999817 0.15999734 0.15999756 0.15999822
 0.15999737 0.15999959 0.15999975 0.15999906]"
765,765,"[0.1599988  0.15999794 0.15999804 0.15999733 0.15999764 0.15999821
 0.15999734 0.15999958 0.15999975 0.15999904]"
766,766,"[0.15999957 0.15999799 0.16000016 0.15999733 0.15999871 0.15999819
 0.15999734 0.15999957 0.15999975 0.15999902]"
767,767,"[0.15999999 0.15999804 0.15999994 0.15999734 0.15999913 0.15999817
 0.15999737 0.15999955 0.15999974 0.15999899]"
768,768,"[0.15999945 0.1599981  0.15999993 0.15999734 0.15999903 0.15999815
 0.15999742 0.15999953 0.15999974 0.15999895]"
769,769,"[0.15999872 0.15999815 0.15999993 0.15999735 0.15999893 0.15999812
 0.15999749 0.15999951 0.15999974 0.1599989 ]"
770,770,"[0.15999827 0.1599982  0.15999991 0.15999737 0.15999882 0.15999809
 0.15999759 0.15999949 0.15999974 0.15999883]"
771,771,"[0.15999804 0.15999825 0.1599999  0.15999738 0.15999871 0.15999806
 0.1599977  0.15999947 0.15999974 0.15999874]"
772,772,"[0.15999792 0.1599983  0.15999989 0.1599974  0.1599986  0.15999802
 0.15999782 0.15999944 0.15999974 0.15999863]"
773,773,"[0.15999787 0.15999835 0.15999987 0.15999742 0.15999848 0.15999798
 0.15999795 0.15999941 0.15999974 0.15999849]"
774,774,"[0.15999784 0.1599984  0.15999985 0.15999745 0.15999837 0.15999794
 0.15999809 0.15999938 0.15999974 0.15999832]"
775,775,"[0.15999784 0.15999845 0.15999982 0.15999748 0.15999825 0.1599979
 0.15999823 0.15999935 0.15999973 0.15999812]"
776,776,"[0.15999786 0.1599985  0.15999979 0.15999751 0.15999814 0.15999786
 0.15999837 0.15999931 0.15999973 0.1599979 ]"
777,777,"[0.15999788 0.15999855 0.15999976 0.15999754 0.15999803 0.15999782
 0.15999851 0.15999927 0.15999973 0.15999767]"
778,778,"[0.15999791 0.15999859 0.15999972 0.15999758 0.15999792 0.15999778
 0.15999864 0.15999923 0.15999973 0.15999747]"
779,779,"[0.15999795 0.15999864 0.15999967 0.15999763 0.15999782 0.15999773
 0.15999877 0.15999919 0.15999973 0.15999735]"
780,780,"[0.159998   0.15999868 0.15999962 0.15999767 0.15999773 0.15999769
 0.15999889 0.15999915 0.15999973 0.15999735]"
781,781,"[0.15999805 0.15999873 0.15999956 0.15999772 0.15999764 0.15999765
 0.15999901 0.1599991  0.15999973 0.15999748]"
782,782,"[0.1599981  0.15999877 0.15999949 0.15999778 0.15999757 0.15999761
 0.15999912 0.15999905 0.15999973 0.15999771]"
783,783,"[0.15999815 0.15999881 0.15999942 0.15999784 0.1599975  0.15999757
 0.15999922 0.159999   0.15999973 0.15999799]"
784,784,"[0.15999821 0.15999886 0.15999933 0.1599979  0.15999744 0.15999753
 0.15999931 0.15999895 0.15999973 0.15999828]"
785,785,"[0.15999827 0.1599989  0.16001469 0.15999797 0.1599974  0.1599975
 0.1599994  0.1599989  0.15999972 0.16005792]"
786,786,"[0.15999833 0.15999893 0.15999997 0.15999804 0.15999737 0.15999746
 0.15999947 0.15999885 0.15999972 0.15999925]"
787,787,"[0.15999839 0.15999897 0.15999997 0.15999812 0.15999734 0.15999744
 0.15999955 0.1599988  0.15999972 0.15999919]"
788,788,"[0.15999846 0.15999901 0.15999997 0.1599982  0.15999733 0.15999741
 0.15999961 0.15999876 0.15999972 0.15999912]"
789,789,"[0.15999852 0.15999905 0.15999998 0.15999829 0.15999734 0.15999739
 0.15999967 0.15999871 0.15999972 0.15999906]"
790,790,"[0.15999858 0.15999908 0.15999998 0.15999803 0.15999735 0.15999737
 0.15999972 0.15999867 0.15999959 0.159999  ]"
791,791,"[0.15999864 0.15999911 0.15999998 0.15999734 0.15999738 0.15999735
 0.15999977 0.15999862 0.1599989  0.15999894]"
792,792,"[0.16004452 0.16006075 0.15999998 0.15999735 0.15999742 0.15999734
 0.15999981 0.16032092 0.15999892 0.15999888]"
793,793,"[0.15999964 0.15999738 0.15999999 0.15999939 0.15999747 0.15999862
 0.15999985 0.16000045 0.15999893 0.15999883]"
794,794,"[0.15999959 0.15999739 0.15999999 0.1599998  0.15999753 0.15999914
 0.15999991 0.16000029 0.15999935 0.15999877]"
795,795,"[0.15999954 0.15999739 0.15999999 0.15999994 0.1599976  0.1599991
 0.15999995 0.1599992  0.15999832 0.15999872]"
796,796,"[0.15999949 0.1599974  0.15999999 0.16       0.15999768 0.15999907
 0.15999998 0.15999927 0.15999833 0.16003803]"
797,797,"[0.15999943 0.15999741 0.16       0.15999997 0.15999776 0.15999903
 0.15999999 0.15999867 0.15999835 0.15999968]"
798,798,"[0.15999937 0.15999742 0.16       0.15999983 0.15999786 0.15999899
 0.16       0.1599986  0.15999837 0.15999964]"
799,799,"[0.15999931 0.15999742 0.16       0.1599996  0.15999795 0.15999895
 0.16       0.15999853 0.15999838 0.1599996 ]"
800,800,"[0.15999925 0.15999743 0.16       0.1599993  0.15999805 0.15999892
 0.15999999 0.15999845 0.1599984  0.15999955]"
801,801,"[0.15999918 0.15999744 0.16       0.15999897 0.15999816 0.15999888
 0.15999998 0.15999838 0.15999841 0.1599995 ]"
802,802,"[0.1599991  0.15999745 0.16000004 0.16000025 0.15999826 0.15999884
 0.15999997 0.1599983  0.15999843 0.15999945]"
803,803,"[0.15999903 0.15999745 0.15999994 0.15999995 0.15999837 0.1599988
 0.15999995 0.15999822 0.15999844 0.15999939]"
804,804,"[0.15999895 0.15999746 0.15999994 0.15999988 0.15999847 0.15999877
 0.15999993 0.15999814 0.15999846 0.15999933]"
805,805,"[0.15999887 0.15999747 0.15999994 0.15999978 0.15999857 0.15999873
 0.15999991 0.15999806 0.15999847 0.15999927]"
806,806,"[0.15999879 0.15999748 0.15999994 0.15999964 0.15999867 0.15999869
 0.15999989 0.15999798 0.15999849 0.15999921]"
807,807,"[0.15999871 0.15999749 0.15999994 0.15999947 0.15999877 0.15999866
 0.15999987 0.1599979  0.1599985  0.15999914]"
808,808,"[0.15999863 0.15999749 0.15999994 0.15999926 0.15999886 0.15999862
 0.15999984 0.15999782 0.15999852 0.15999907]"
809,809,"[0.15999855 0.1599975  0.15999994 0.15999902 0.15999895 0.15999859
 0.15999982 0.15999775 0.15999853 0.159999  ]"
810,810,"[0.15999846 0.15999751 0.15999995 0.15999876 0.15999904 0.15999855
 0.1599998  0.15999768 0.15999854 0.15999893]"
811,811,"[0.15999838 0.15999752 0.15999995 0.15999849 0.15999912 0.15999852
 0.15999978 0.15999761 0.15999856 0.15999885]"
812,812,"[0.1599983  0.15999753 0.15999995 0.15999822 0.15999919 0.15999849
 0.15999976 0.15999755 0.15999857 0.15999878]"
813,813,"[0.15999821 0.15999753 0.15999995 0.15999796 0.15999926 0.15999845
 0.15999974 0.1599975  0.15999858 0.1599987 ]"
814,814,"[0.15999814 0.15999754 0.15999995 0.15999774 0.15999933 0.15999842
 0.15999972 0.15999745 0.15999859 0.15999862]"
815,815,"[0.15999806 0.15999755 0.15999995 0.15999755 0.15999939 0.15999839
 0.15999971 0.15999741 0.1599986  0.15999855]"
816,816,"[0.15999798 0.15999756 0.15999995 0.15999742 0.15999945 0.15999836
 0.15999969 0.15999738 0.15999861 0.15999847]"
817,817,"[0.15999791 0.15999757 0.15999995 0.15999735 0.1599995  0.15999833
 0.15999968 0.15999735 0.15999862 0.15999839]"
818,818,"[0.15999784 0.15999864 0.15999995 0.15999734 0.15999955 0.1599983
 0.15999966 0.15999734 0.15999863 0.15999927]"
819,819,"[0.15999777 0.15999918 0.15999995 0.15999739 0.15999959 0.15999827
 0.15999965 0.15999733 0.15999864 0.15999956]"
820,820,"[0.15999771 0.15999918 0.15999995 0.1599975  0.15999964 0.15999824
 0.15999963 0.15999734 0.15999865 0.15999953]"
821,821,"[0.15999766 0.15999918 0.15999996 0.15999766 0.15999968 0.15999822
 0.15999962 0.15999735 0.15999866 0.15999949]"
822,822,"[0.1599976  0.15999918 0.15999996 0.15999786 0.15999971 0.15999819
 0.15999961 0.15999738 0.15999867 0.15999945]"
823,823,"[0.15999755 0.15999918 0.15999996 0.15999809 0.15999974 0.15999817
 0.1599996  0.15999741 0.15999868 0.15999942]"
824,824,"[0.15999751 0.1599999  0.16000042 0.15999833 0.15999977 0.15999814
 0.15999959 0.15999745 0.15999869 0.15999938]"
825,825,"[0.15999747 0.15999994 0.15999958 0.15999858 0.1599998  0.15999812
 0.15999958 0.15999749 0.15999869 0.15999934]"
826,826,"[0.15999744 0.15999994 0.15999955 0.15999882 0.15999983 0.1599981
 0.15999957 0.15999755 0.1599987  0.1599993 ]"
827,827,"[0.16000515 0.15999995 0.15999952 0.15999905 0.15999985 0.15999872
 0.15999956 0.1599976  0.15999871 0.15999926]"
828,828,"[0.15999818 0.15999995 0.1599995  0.15999926 0.15999987 0.15999911
 0.15999955 0.1599975  0.1599987  0.15999921]"
829,829,"[0.15999786 0.15999996 0.15999947 0.15999944 0.15999989 0.1599991
 0.15999955 0.15999746 0.15999736 0.15999917]"
830,830,"[0.15999782 0.15999996 0.15999944 0.15999959 0.1599999  0.15999909
 0.15999954 0.1599975  0.15999736 0.15999913]"
831,831,"[0.15999778 0.15999997 0.1599994  0.15999972 0.15999992 0.15999909
 0.15999953 0.15999755 0.15999736 0.15999908]"
832,832,"[0.15999774 0.15999997 0.15999937 0.15999982 0.15999993 0.15999908
 0.15999953 0.15999759 0.15999736 0.15999903]"
833,833,"[0.1599977  0.15999998 0.15999934 0.1599999  0.15999994 0.15999908
 0.15999952 0.15999764 0.15999735 0.15999899]"
834,834,"[0.15999766 0.15999998 0.1599993  0.15999995 0.15999995 0.15999907
 0.15999952 0.1599977  0.15999735 0.15999894]"
835,835,"[0.15999763 0.15999998 0.15999927 0.15999999 0.15999996 0.15999907
 0.15999951 0.15999775 0.15999735 0.15999889]"
836,836,"[0.15999759 0.15999999 0.15999923 0.16       0.15999997 0.15999906
 0.15999951 0.15999781 0.15999735 0.15999884]"
837,837,"[0.16000038 0.15999999 0.15999919 0.16       0.15999998 0.15999906
 0.16001835 0.15999787 0.15999735 0.15999879]"
838,838,"[0.15999853 0.15999999 0.15999915 0.15999998 0.15999998 0.15999906
 0.15999982 0.15999792 0.15999735 0.15999875]"
839,839,"[0.15999849 0.15999999 0.15999911 0.15999996 0.15999999 0.15999906
 0.15999984 0.15999798 0.15999735 0.1599987 ]"
840,840,"[0.15999845 0.16       0.15999907 0.15999992 0.15999999 0.15999905
 0.15999987 0.15999804 0.15999735 0.15999865]"
841,841,"[0.15999841 0.16       0.15999903 0.15999988 0.15999999 0.15999905
 0.15999989 0.15999809 0.15999735 0.1599986 ]"
842,842,"[0.15999837 0.16       0.15999899 0.15999984 0.16       0.15999905
 0.15999991 0.15999815 0.15999735 0.15999855]"
843,843,"[0.15999833 0.16       0.15999895 0.15999979 0.16       0.15999905
 0.15999993 0.15999821 0.15999734 0.1599985 ]"
844,844,"[0.1599983  0.16       0.1599989  0.15999974 0.16       0.15999906
 0.15999994 0.15999826 0.15999734 0.15999845]"
845,845,"[0.15999826 0.16       0.15999886 0.15999969 0.16       0.15999906
 0.15999995 0.15999831 0.15999734 0.15999841]"
846,846,"[0.15999822 0.16       0.15999881 0.15999964 0.16       0.15999906
 0.15999997 0.15999836 0.15999734 0.15999836]"
847,847,"[0.15999818 0.16       0.15999876 0.15999959 0.16       0.15999906
 0.15999997 0.15999842 0.15999734 0.15999831]"
848,848,"[0.15999815 0.16       0.15999872 0.15999954 0.16       0.15999907
 0.15999998 0.15999846 0.15999734 0.15999827]"
849,849,"[0.15999811 0.16       0.15999867 0.15999949 0.16       0.15999907
 0.15999999 0.15999851 0.15999734 0.15999822]"
850,850,"[0.15999807 0.16       0.15999862 0.15999944 0.16       0.15999908
 0.15999999 0.15999856 0.15999734 0.15999818]"
851,851,"[0.15999804 0.16       0.15999858 0.1599994  0.15999999 0.15999909
 0.16       0.15999861 0.15999734 0.15999814]"
852,852,"[0.159998   0.15999999 0.15999853 0.15999936 0.15999999 0.15999909
 0.16       0.15999865 0.15999734 0.15999809]"
853,853,"[0.15999797 0.15999826 0.15999848 0.15999741 0.15999999 0.1599991
 0.16       0.15999869 0.15999734 0.15999805]"
854,854,"[0.15999794 0.15999824 0.15999843 0.15999739 0.15999999 0.15999911
 0.16       0.15999874 0.15999734 0.15999801]"
855,855,"[0.1599979  0.15999822 0.15999838 0.15999738 0.15999998 0.15999912
 0.16       0.15999878 0.15999734 0.15999797]"
856,856,"[0.15999787 0.1599982  0.15999834 0.15999737 0.15999998 0.15999913
 0.16       0.15999882 0.15999734 0.15999793]"
857,857,"[0.15999784 0.15999818 0.15999829 0.15999736 0.15999998 0.15999914
 0.15999999 0.15999886 0.15999734 0.1599979 ]"
858,858,"[0.15999781 0.15999816 0.15999824 0.15999735 0.15999998 0.15999916
 0.15999999 0.15999889 0.15999734 0.15999786]"
859,859,"[0.15999778 0.15999813 0.15999819 0.15999735 0.15999997 0.15999917
 0.15999999 0.15999893 0.15999733 0.15999783]"
860,860,"[0.15999775 0.15999811 0.15999815 0.15999734 0.16000065 0.15999918
 0.16000042 0.15999896 0.15999733 0.15999779]"
861,861,"[0.15999772 0.15999809 0.1599981  0.15999734 0.15999737 0.1599992
 0.15999834 0.159999   0.15999733 0.15999776]"
862,862,"[0.1599977  0.15999807 0.15999806 0.15999733 0.15999736 0.15999921
 0.1599983  0.15999903 0.15999733 0.15999773]"
863,863,"[0.15999767 0.15999804 0.15999801 0.15999733 0.15999735 0.15999923
 0.15999827 0.15999906 0.15999733 0.1599977 ]"
864,864,"[0.15999764 0.15999802 0.15999797 0.15999733 0.15999734 0.15999925
 0.15999824 0.1599991  0.15999733 0.15999767]"
865,865,"[0.15999762 0.159998   0.15999792 0.15999734 0.15999734 0.15999926
 0.1599982  0.15999913 0.15999733 0.15999765]"
866,866,"[0.1599976  0.15999798 0.15999788 0.15999734 0.15999733 0.15999928
 0.15999817 0.15999916 0.15999733 0.15999762]"
867,867,"[0.15999757 0.15999795 0.15999784 0.15999735 0.15999733 0.1599993
 0.15999813 0.15999918 0.15999733 0.1599976 ]"
868,868,"[0.15999755 0.15999793 0.1599978  0.15999735 0.15999734 0.15999932
 0.1599981  0.15999921 0.15999733 0.15999757]"
869,869,"[0.15999753 0.15999791 0.15999776 0.15999736 0.15999734 0.15999934
 0.15999807 0.15999924 0.15999733 0.15999755]"
870,870,"[0.15999751 0.15999789 0.15999772 0.15999737 0.15999735 0.15999936
 0.15999803 0.15999926 0.15999733 0.15999753]"
871,871,"[0.15999749 0.15999787 0.15999769 0.15999739 0.15999736 0.15999939
 0.159998   0.15999929 0.15999734 0.15999751]"
872,872,"[0.15999748 0.15999784 0.15999765 0.15999741 0.15999738 0.15999941
 0.15999796 0.15999931 0.15999734 0.1599975 ]"
873,873,"[0.15999746 0.16001229 0.15999762 0.15999743 0.1599974  0.15999943
 0.16012406 0.15999934 0.15999734 0.15999748]"
874,874,"[0.15999744 0.15999864 0.15999758 0.15999745 0.15999742 0.15999945
 0.15999976 0.15999936 0.15999734 0.15999746]"
875,875,"[0.15999743 0.15999862 0.15999755 0.15999747 0.15999744 0.15999948
 0.15999973 0.15999938 0.15999734 0.15999745]"
876,876,"[0.15999741 0.15999859 0.15999753 0.1599975  0.15999746 0.1599995
 0.15999971 0.1599994  0.15999734 0.15999743]"
877,877,"[0.1599974  0.15999857 0.1599975  0.15999753 0.15999749 0.15999953
 0.15999968 0.15999942 0.15999734 0.15999742]"
878,878,"[0.15999739 0.15999854 0.15999747 0.15999756 0.15999752 0.15999955
 0.15999965 0.15999944 0.15999734 0.15999741]"
879,879,"[0.15999738 0.15999852 0.15999745 0.1599976  0.15999755 0.15999957
 0.15999963 0.15999946 0.15999735 0.1599974 ]"
880,880,"[0.15999737 0.1599985  0.15999743 0.15999764 0.15999758 0.1599996
 0.1599996  0.16000291 0.15999735 0.16000481]"
881,881,"[0.15999736 0.15999847 0.15999741 0.15999768 0.15999762 0.15999962
 0.15999957 0.15999995 0.15999735 0.15999909]"
882,882,"[0.15999735 0.15999845 0.15999739 0.15999773 0.15999765 0.15999965
 0.15999954 0.15999995 0.15999736 0.1599991 ]"
883,883,"[0.15999735 0.15999842 0.15999738 0.15999778 0.15999769 0.15999967
 0.15999951 0.15999996 0.15999736 0.1599991 ]"
884,884,"[0.15999734 0.1599984  0.15999737 0.15999783 0.15999774 0.1599997
 0.15999948 0.15999996 0.15999736 0.15999911]"
885,885,"[0.15999734 0.15999838 0.15999735 0.15999788 0.15999778 0.15999972
 0.15999945 0.15999997 0.15999737 0.15999913]"
886,886,"[0.15999734 0.15999836 0.15999735 0.15999794 0.15999782 0.15999974
 0.15999941 0.15999997 0.15999737 0.15999914]"
887,887,"[0.15999733 0.15999833 0.15999734 0.159998   0.15999787 0.15999976
 0.15999938 0.15999998 0.15999738 0.15999915]"
888,888,"[0.15999733 0.15999831 0.15999734 0.15999807 0.15999792 0.15999979
 0.15999935 0.15999998 0.15999738 0.15999917]"
889,889,"[0.15999733 0.15999829 0.15999733 0.15999814 0.15999796 0.15999981
 0.15999931 0.15999999 0.15999739 0.15999918]"
890,890,"[0.15999734 0.15999827 0.15999733 0.15999821 0.15999801 0.15999983
 0.16009697 0.15999999 0.15999738 0.1599992 ]"
891,891,"[0.15999734 0.15999825 0.15999734 0.15999828 0.15999806 0.15999985
 0.16       0.15999999 0.15999737 0.15999922]"
892,892,"[0.15999734 0.15999823 0.15999734 0.15999835 0.15999861 0.16000011
 0.16       0.16       0.15999736 0.15999923]"
893,893,"[0.15999735 0.1599982  0.15999735 0.15999843 0.15999898 0.15999999
 0.16       0.16       0.15999735 0.15999925]"
894,894,"[0.15999735 0.15999818 0.15999736 0.15999851 0.159999   0.15999998
 0.16       0.16       0.15999734 0.15999927]"
895,895,"[0.15999736 0.15999816 0.15999737 0.1599986  0.15999902 0.15999998
 0.16       0.16       0.15999734 0.15999929]"
896,896,"[0.15999737 0.15999814 0.15999739 0.15999868 0.15999904 0.15999997
 0.16       0.16       0.15999734 0.15999932]"
897,897,"[0.15999738 0.15999812 0.1599974  0.15999877 0.15999906 0.15999996
 0.16       0.16       0.15999733 0.15999934]"
898,898,"[0.15999739 0.1599981  0.15999742 0.15999886 0.15999908 0.15999995
 0.16       0.16       0.15999733 0.15999936]"
899,899,"[0.15999741 0.15999808 0.15999744 0.15999894 0.1599991  0.15999995
 0.16       0.16       0.15999733 0.15999939]"
900,900,"[0.15999742 0.15999806 0.15999747 0.15999903 0.15999913 0.15999994
 0.15999999 0.16       0.15999734 0.15999941]"
901,901,"[0.15999743 0.15999804 0.15999749 0.15999912 0.15999915 0.15999992
 0.15999999 0.15999999 0.15999734 0.15999944]"
902,902,"[0.15999745 0.15999802 0.15999752 0.15999921 0.15999918 0.15999991
 0.15999999 0.15999999 0.15999735 0.15999946]"
903,903,"[0.15999747 0.159998   0.15999755 0.1599993  0.1599992  0.1599999
 0.15999999 0.15999999 0.15999736 0.15999949]"
904,904,"[0.15999749 0.15999798 0.15999758 0.15999939 0.15999923 0.15999989
 0.15999999 0.15999998 0.15999737 0.15999952]"
905,905,"[0.15999751 0.15999796 0.15999761 0.15999947 0.15999925 0.15999988
 0.15999999 0.15999997 0.15999739 0.15999954]"
906,906,"[0.15999753 0.15999793 0.15999765 0.15999956 0.15999928 0.15999986
 0.15999999 0.15999997 0.15999741 0.15999957]"
907,907,"[0.15999741 0.15999791 0.15999768 0.15999963 0.15999931 0.15999985
 0.15999999 0.15999996 0.15999736 0.1599996 ]"
908,908,"[0.15999735 0.15999789 0.15999772 0.15999971 0.15999933 0.15999984
 0.15999999 0.15999995 0.15999737 0.15999962]"
909,909,"[0.15999734 0.15999787 0.15999776 0.15999977 0.15999936 0.15999983
 0.15999999 0.15999995 0.15999739 0.15999965]"
910,910,"[0.15999734 0.15999784 0.1599978  0.15999983 0.15999938 0.15999982
 0.15999999 0.15999994 0.15999741 0.15999967]"
911,911,"[0.15999733 0.15999782 0.15999785 0.15999989 0.15999941 0.15999998
 0.15999998 0.15999993 0.15999744 0.16000101]"
912,912,"[0.15999733 0.15999779 0.15999789 0.15999993 0.15999943 0.15999964
 0.15999998 0.15999992 0.15999748 0.15999913]"
913,913,"[0.15999734 0.15999776 0.15999794 0.15999996 0.15999945 0.15999963
 0.15999998 0.15999991 0.15999752 0.15999912]"
914,914,"[0.15999734 0.15999774 0.15999798 0.15999998 0.15999947 0.15999962
 0.15999998 0.1599999  0.15999757 0.15999911]"
915,915,"[0.15999735 0.15999771 0.15999803 0.16       0.15999949 0.15999962
 0.15999998 0.15999988 0.15999762 0.15999909]"
916,916,"[0.15999736 0.15999768 0.15999808 0.16       0.15999951 0.15999962
 0.15999998 0.15999987 0.15999768 0.15999908]"
917,917,"[0.15999737 0.15999765 0.15999812 0.15999999 0.15999953 0.15999962
 0.15999998 0.15999986 0.15999775 0.15999907]"
918,918,"[0.15999739 0.15999762 0.15999817 0.15999997 0.15999955 0.15999963
 0.15999998 0.15999985 0.15999782 0.15999906]"
919,919,"[0.1599974  0.15999758 0.15999822 0.15999994 0.15999957 0.15999965
 0.15999998 0.15999984 0.15999789 0.15999905]"
920,920,"[0.15999742 0.15999755 0.15999827 0.15999991 0.15999958 0.15999967
 0.15999998 0.15999982 0.15999797 0.15999904]"
921,921,"[0.15999745 0.15999752 0.15999832 0.15999987 0.1599996  0.15999969
 0.15999999 0.15999981 0.15999805 0.15999903]"
922,922,"[0.15999747 0.15999749 0.15999837 0.15999982 0.15999961 0.15999972
 0.15999999 0.1599998  0.15999814 0.15999901]"
923,923,"[0.1599975  0.15999746 0.15999842 0.15999977 0.15999962 0.15999976
 0.15999999 0.15999979 0.15999823 0.159999  ]"
924,924,"[0.15999753 0.15999743 0.15999846 0.15999972 0.15999963 0.1599998
 0.15999999 0.15999986 0.15999828 0.15999899]"
925,925,"[0.15999757 0.1599974  0.15999851 0.15999966 0.15999964 0.15999985
 0.15999999 0.1599974  0.15999833 0.15999897]"
926,926,"[0.1599976  0.15999737 0.15999856 0.15999961 0.15999965 0.15999989
 0.15999999 0.15999741 0.15999844 0.15999896]"
927,927,"[0.15999764 0.15999735 0.15999861 0.15999956 0.15999966 0.15999993
 0.15999999 0.15999742 0.15999855 0.15999894]"
928,928,"[0.15999768 0.15999734 0.15999865 0.15999951 0.15999967 0.15999997
 0.15999999 0.15999744 0.15999865 0.15999893]"
929,929,"[0.1599979  0.15999733 0.1599987  0.15999947 0.15999967 0.15999999
 0.16       0.15999746 0.15999876 0.15999881]"
930,930,"[0.15999814 0.15999733 0.15999874 0.15999954 0.15999968 0.16
 0.16       0.15999748 0.15999886 0.15999862]"
931,931,"[0.15999819 0.15999736 0.15999879 0.15999861 0.15999969 0.15999999
 0.16       0.1599975  0.15999896 0.15999859]"
932,932,"[0.15999825 0.15999734 0.15999883 0.15999885 0.15999969 0.15999996
 0.15999998 0.15999752 0.15999906 0.15999825]"
933,933,"[0.15999831 0.15999733 0.15999887 0.15999735 0.15999969 0.15999976
 0.15999977 0.15999754 0.15999915 0.15999955]"
934,934,"[0.15999836 0.15999735 0.15999891 0.15999736 0.1599997  0.15999963
 0.15999977 0.15999756 0.15999924 0.15999954]"
935,935,"[0.15999842 0.15999738 0.15999895 0.15999738 0.1599997  0.15999948
 0.15999977 0.15999759 0.15999932 0.15999953]"
936,936,"[0.15999848 0.15999744 0.15999899 0.15999739 0.1599997  0.15999929
 0.15999977 0.15999761 0.1599994  0.15999952]"
937,937,"[0.15999854 0.15999753 0.15999903 0.15999743 0.1599997  0.1599993
 0.15999977 0.15999764 0.15999947 0.15999951]"
938,938,"[0.1599986  0.15999764 0.15999907 0.15999743 0.1599997  0.15999929
 0.15999977 0.15999766 0.15999954 0.1599995 ]"
939,939,"[0.15999866 0.15999778 0.1599991  0.1599974  0.15999969 0.15999908
 0.15999978 0.15999769 0.1599996  0.15999949]"
940,940,"[0.15999872 0.15999793 0.15999914 0.15999738 0.15999969 0.15999886
 0.15999978 0.15999772 0.15999966 0.15999948]"
941,941,"[0.15999878 0.1599981  0.15999917 0.15999736 0.15999969 0.15999862
 0.15999978 0.15999775 0.15999971 0.15999947]"
942,942,"[0.15999884 0.15999828 0.15999921 0.15999735 0.15999969 0.15999839
 0.15999978 0.15999778 0.15999976 0.15999946]"
943,943,"[0.1599989  0.15999847 0.15999924 0.15999734 0.15999968 0.15999816
 0.15999979 0.15999781 0.15999981 0.15999945]"
944,944,"[0.15999895 0.15999865 0.15999927 0.15999733 0.15999968 0.15999796
 0.15999979 0.15999784 0.15999984 0.15999944]"
945,945,"[0.15999901 0.15999884 0.1599993  0.15999733 0.15999967 0.15999777
 0.15999979 0.15999787 0.15999988 0.15999942]"
946,946,"[0.15999907 0.15999901 0.15999933 0.15999734 0.15999966 0.15999762
 0.1599998  0.15999791 0.15999991 0.15999941]"
947,947,"[0.15999912 0.15999916 0.15999936 0.15999734 0.15999966 0.1599975
 0.1599998  0.15999794 0.15999993 0.1599994 ]"
948,948,"[0.15999918 0.15999931 0.15999939 0.15999735 0.15999965 0.15999741
 0.15999981 0.15999797 0.15999995 0.15999938]"
949,949,"[0.15999923 0.15999944 0.15999942 0.15999737 0.15999964 0.15999736
 0.15999982 0.15999801 0.15999997 0.15999936]"
950,950,"[0.15999928 0.15999955 0.15999944 0.15999739 0.15999963 0.15999734
 0.15999982 0.15999805 0.15999998 0.15999935]"
951,951,"[0.15999933 0.15999964 0.15999947 0.15999741 0.15999962 0.15999734
 0.15999983 0.15999808 0.15999999 0.15999933]"
952,952,"[0.15999938 0.15999972 0.15999949 0.15999743 0.15999961 0.15999736
 0.15999984 0.15999812 0.16       0.15999931]"
953,953,"[0.15999943 0.15999979 0.15999951 0.15999746 0.1599996  0.15999741
 0.15999985 0.15999816 0.16       0.1599993 ]"
954,954,"[0.15999947 0.15999984 0.15999953 0.15999749 0.15999958 0.15999747
 0.15999986 0.1599982  0.16       0.15999928]"
955,955,"[0.15999951 0.15999989 0.15999956 0.15999752 0.15999957 0.15999754
 0.15999987 0.15999824 0.15999999 0.15999926]"
956,956,"[0.15999955 0.15999992 0.15999958 0.15999756 0.15999956 0.15999762
 0.15999987 0.15999828 0.15999999 0.15999924]"
957,957,"[0.15999959 0.15999995 0.15999959 0.15999759 0.15999953 0.1599977
 0.15999988 0.15999735 0.15999998 0.15999922]"
958,958,"[0.15999963 0.15999997 0.15999961 0.15999763 0.15999951 0.15999779
 0.15999989 0.15999737 0.15999997 0.15999919]"
959,959,"[0.15999967 0.15999998 0.15999963 0.15999767 0.15999949 0.15999787
 0.1599999  0.15999739 0.15999995 0.15999917]"
960,960,"[0.1599997  0.15999999 0.15999965 0.15999771 0.15999947 0.15999796
 0.15999991 0.15999743 0.15999993 0.15999915]"
961,961,"[0.15999973 0.16       0.1600005  0.15999776 0.15999944 0.15999804
 0.15999992 0.15999797 0.15999991 0.15999912]"
962,962,"[0.15999976 0.16       0.15999988 0.1599978  0.15999942 0.15999812
 0.15999993 0.15999832 0.15999989 0.1599991 ]"
963,963,"[0.15999979 0.16       0.15999988 0.15999784 0.15999939 0.1599982
 0.15999994 0.15999823 0.15999987 0.15999907]"
964,964,"[0.15999982 0.16       0.15999988 0.15999789 0.15999936 0.15999827
 0.15999995 0.15999814 0.15999984 0.15999905]"
965,965,"[0.15999969 0.15999999 0.15999989 0.15999789 0.15999934 0.15999833
 0.15999996 0.15999805 0.15999981 0.15999902]"
966,966,"[0.15999993 0.15999998 0.15999989 0.15999807 0.15999931 0.15999839
 0.15999997 0.15999796 0.15999978 0.15999899]"
967,967,"[0.15999992 0.15999998 0.15999989 0.15999803 0.15999928 0.15999845
 0.15999997 0.15999788 0.15999975 0.15999896]"
968,968,"[0.15999991 0.15999997 0.15999989 0.15999799 0.15999925 0.1599985
 0.15999998 0.1599978  0.15999972 0.15999893]"
969,969,"[0.1599999  0.15999996 0.15999989 0.15999795 0.15999921 0.15999854
 0.15999998 0.15999772 0.15999969 0.1599989 ]"
970,970,"[0.15999989 0.15999995 0.15999989 0.15999791 0.15999918 0.15999858
 0.15999999 0.15999764 0.15999966 0.15999887]"
971,971,"[0.15999988 0.15999994 0.15999989 0.15999787 0.15999915 0.15999862
 0.15999999 0.15999757 0.15999962 0.15999884]"
972,972,"[0.15999987 0.15999993 0.15999989 0.15999784 0.15999879 0.15999865
 0.16       0.15999751 0.15999959 0.1599988 ]"
973,973,"[0.15999986 0.15999992 0.15999905 0.1599978  0.15999778 0.15999867
 0.16       0.15999746 0.15999955 0.15999877]"
974,974,"[0.15999985 0.16000117 0.16000336 0.15999777 0.15999774 0.15999869
 0.16       0.15999741 0.15999952 0.15999874]"
975,975,"[0.15999984 0.15999956 0.15999734 0.15999773 0.15999771 0.15999871
 0.16       0.15999737 0.15999948 0.1599987 ]"
976,976,"[0.15999983 0.15999955 0.15999733 0.15999769 0.15999767 0.15999872
 0.16       0.15999735 0.15999945 0.15999867]"
977,977,"[0.15999982 0.15999953 0.15999733 0.15999766 0.15999764 0.15999873
 0.16       0.15999734 0.15999941 0.15999863]"
978,978,"[0.15999981 0.15999952 0.15999734 0.15999762 0.15999761 0.15999873
 0.15999999 0.15999733 0.15999937 0.15999859]"
979,979,"[0.1599998  0.1599995  0.15999734 0.15999759 0.15999758 0.15999873
 0.15999999 0.15999735 0.15999934 0.15999856]"
980,980,"[0.15999979 0.15999949 0.15999735 0.15999756 0.15999755 0.15999872
 0.15999998 0.15999737 0.1599993  0.15999852]"
981,981,"[0.15999978 0.15999952 0.15999736 0.15999757 0.15999752 0.15999871
 0.15999997 0.15999741 0.16003048 0.15999832]"
982,982,"[0.15999977 0.15999929 0.15999737 0.1599974  0.1599975  0.15999869
 0.15999996 0.15999746 0.15999817 0.15999909]"
983,983,"[0.15999976 0.15999928 0.15999738 0.15999738 0.15999747 0.15999867
 0.15999995 0.15999752 0.15999816 0.15999905]"
984,984,"[0.15999975 0.15999926 0.1599974  0.15999737 0.15999745 0.15999955
 0.15999994 0.1599976  0.15999815 0.15999902]"
985,985,"[0.15999971 0.15999925 0.15999742 0.15999736 0.15999743 0.15999894
 0.15999992 0.15999768 0.15999814 0.15999899]"
986,986,"[0.15999969 0.15999924 0.15999744 0.15999735 0.15999741 0.15999888
 0.15999991 0.15999778 0.15999814 0.15999895]"
987,987,"[0.15999966 0.15999923 0.15999746 0.15999734 0.1599974  0.15999883
 0.15999989 0.15999789 0.15999813 0.15999892]"
988,988,"[0.15999964 0.15999922 0.15999749 0.15999733 0.15999738 0.15999877
 0.15999987 0.159998   0.15999813 0.15999888]"
989,989,"[0.15999962 0.15999922 0.15999751 0.15999733 0.15999737 0.15999871
 0.15999986 0.15999812 0.15999813 0.15999885]"
990,990,"[0.1599996  0.15999921 0.15999754 0.15999734 0.15999736 0.15999864
 0.15999983 0.15999825 0.15999813 0.15999881]"
991,991,"[0.15999958 0.15999921 0.15999757 0.15999734 0.15999735 0.15999858
 0.15999981 0.15999837 0.15999813 0.15999877]"
992,992,"[0.15999956 0.15999921 0.1599976  0.15999735 0.15999734 0.15999851
 0.15999979 0.1599985  0.15999814 0.15999874]"
993,993,"[0.15999954 0.1599992  0.15999764 0.15999736 0.15999734 0.15999844
 0.15999976 0.15999863 0.15999814 0.1599987 ]"
994,994,"[0.15999952 0.1599992  0.15999768 0.15999738 0.15999733 0.15999837
 0.15999974 0.15999876 0.15999815 0.15999866]"
995,995,"[0.16000047 0.1599992  0.15999771 0.15999739 0.15999762 0.1599983
 0.15999971 0.15999888 0.15999816 0.15999862]"
996,996,"[0.15999883 0.15999921 0.15999775 0.15999742 0.15999752 0.15999823
 0.15999968 0.159999   0.15999817 0.15999858]"
997,997,"[0.15999878 0.15999921 0.1599978  0.15999744 0.15999749 0.15999816
 0.15999965 0.15999912 0.15999818 0.15999854]"
998,998,"[0.15999874 0.15999921 0.15999782 0.15999748 0.15999746 0.15999907
 0.15999961 0.15999923 0.15999819 0.1599985 ]"
999,999,"[0.15999869 0.15999922 0.15999754 0.15999758 0.15999744 0.15999759
 0.15999958 0.15999903 0.1599982  0.15999846]"
1000,1000,"[0.15999866 0.15999922 0.1599975  0.15999763 0.15999742 0.15999752
 0.15999954 0.15999735 0.15999822 0.15999842]"
1001,1001,"[0.15999862 0.15999923 0.15999747 0.15999759 0.1599974  0.15999746
 0.1599995  0.15999737 0.15999823 0.15999838]"
1002,1002,"[0.15999859 0.15999924 0.15999743 0.15999755 0.15999738 0.1599974
 0.15999947 0.15999739 0.15999825 0.15999833]"
1003,1003,"[0.15999856 0.15999925 0.15999741 0.15999751 0.15999736 0.15999736
 0.15999943 0.15999743 0.15999827 0.15999829]"
1004,1004,"[0.15999854 0.15999926 0.15999738 0.15999748 0.15999735 0.15999734
 0.15999938 0.15999747 0.15999829 0.15999825]"
1005,1005,"[0.15999851 0.15999927 0.15999736 0.15999744 0.15999734 0.15999734
 0.15999934 0.15999752 0.15999831 0.15999821]"
1006,1006,"[0.15999849 0.15999928 0.15999735 0.15999742 0.15999734 0.15999737
 0.1599993  0.15999758 0.15999833 0.15999817]"
1007,1007,"[0.15999848 0.15999929 0.15999734 0.15999739 0.15999733 0.15999742
 0.15999925 0.15999765 0.15999835 0.15999812]"
1008,1008,"[0.15999846 0.1599993  0.15999733 0.15999737 0.15999733 0.15999751
 0.1599992  0.15999772 0.15999838 0.15999808]"
1009,1009,"[0.15999845 0.15999931 0.15999733 0.15999736 0.15999734 0.15999761
 0.15999915 0.1599978  0.1599984  0.15999804]"
1010,1010,"[0.15999844 0.15999914 0.15999754 0.15999734 0.15999735 0.15999774
 0.15999911 0.15999789 0.15999843 0.159998  ]"
1011,1011,"[0.15999843 0.1599987  0.1599977  0.15999734 0.15999736 0.15999788
 0.15999905 0.15999798 0.15999845 0.15999796]"
1012,1012,"[0.15999842 0.15999872 0.15999764 0.15999733 0.15999737 0.15999802
 0.159999   0.15999809 0.15999848 0.15999792]"
1013,1013,"[0.15999831 0.16000068 0.15999759 0.15999733 0.15999739 0.15999816
 0.15999895 0.15999819 0.15999851 0.15999788]"
1014,1014,"[0.15999812 0.15999998 0.15999754 0.15999734 0.15999741 0.1599983
 0.1599989  0.1599983  0.15999853 0.15999784]"
1015,1015,"[0.15999808 0.15999999 0.15999749 0.15999735 0.15999743 0.15999844
 0.15999884 0.15999842 0.15999856 0.1599978 ]"
1016,1016,"[0.15999804 0.15999999 0.15999745 0.15999736 0.15999746 0.15999856
 0.15999878 0.15999854 0.15999859 0.15999776]"
1017,1017,"[0.159998   0.15999999 0.15999742 0.15999738 0.15999749 0.15999868
 0.15999873 0.15999866 0.15999862 0.15999773]"
1018,1018,"[0.15999796 0.16       0.16000003 0.1599974  0.15999746 0.15999878
 0.15999867 0.15999878 0.15999837 0.15999849]"
1019,1019,"[0.15999793 0.16       0.15999993 0.15999743 0.15999737 0.15999888
 0.15999861 0.1599989  0.15999784 0.15999893]"
1020,1020,"[0.15999789 0.16       0.15999993 0.15999746 0.15999735 0.15999896
 0.15999855 0.15999902 0.15999788 0.15999889]"
1021,1021,"[0.15999786 0.16       0.15999994 0.15999749 0.15999734 0.15999904
 0.15999849 0.15999913 0.15999792 0.15999886]"
1022,1022,"[0.15999783 0.16       0.15999994 0.15999753 0.15999733 0.15999911
 0.15999844 0.15999925 0.15999796 0.15999882]"
1023,1023,"[0.15999779 0.16       0.15999995 0.15999757 0.15999733 0.15999918
 0.15999838 0.15999936 0.159998   0.15999878]"
1024,1024,"[0.15999776 0.16       0.15999995 0.15999761 0.15999734 0.15999923
 0.15999832 0.15999946 0.15999805 0.15999873]"
1025,1025,"[0.15999773 0.16       0.15999996 0.15999766 0.15999735 0.15999929
 0.15999826 0.15999956 0.15999809 0.15999869]"
1026,1026,"[0.1599977  0.16       0.15999996 0.15999771 0.15999736 0.15999933
 0.1599982  0.15999964 0.15999813 0.15999865]"
1027,1027,"[0.15999768 0.16       0.15999997 0.15999776 0.15999738 0.15999938
 0.15999814 0.15999972 0.15999818 0.15999861]"
1028,1028,"[0.15999765 0.16       0.15999997 0.15999781 0.1599974  0.15999942
 0.15999809 0.15999979 0.15999822 0.15999856]"
1029,1029,"[0.15999762 0.16       0.15999998 0.15999786 0.15999742 0.15999945
 0.15999803 0.15999985 0.15999827 0.15999852]"
1030,1030,"[0.1599976  0.16       0.15999998 0.15999802 0.15999745 0.15999948
 0.15999797 0.1599999  0.15999813 0.15999848]"
1031,1031,"[0.15999757 0.16       0.15999999 0.15999746 0.15999749 0.15999951
 0.15999792 0.15999994 0.15999905 0.15999843]"
1032,1032,"[0.15999755 0.16       0.15999999 0.15999749 0.15999753 0.15999954
 0.15999786 0.15999997 0.15999908 0.15999839]"
1033,1033,"[0.15999753 0.16       0.15999999 0.15999752 0.15999757 0.15999957
 0.15999781 0.15999999 0.1599991  0.15999834]"
1034,1034,"[0.1599975  0.15999999 0.15999999 0.15999755 0.15999761 0.15999959
 0.15999776 0.16       0.15999913 0.1599983 ]"
1035,1035,"[0.15999748 0.15999999 0.16       0.15999758 0.15999766 0.15999961
 0.15999771 0.16       0.15999915 0.15999825]"
1036,1036,"[0.15999746 0.15999999 0.1600013  0.15999761 0.15999771 0.15999963
 0.15999766 0.15999999 0.15999888 0.15999821]"
1037,1037,"[0.15999745 0.15999999 0.15999734 0.15999764 0.15999776 0.15999964
 0.15999761 0.15999998 0.15999804 0.15999816]"
1038,1038,"[0.15999743 0.15999999 0.15999733 0.15999767 0.15999782 0.15999966
 0.15999757 0.15999996 0.15999809 0.15999812]"
1039,1039,"[0.15999741 0.15999999 0.15999733 0.15999771 0.15999788 0.15999967
 0.15999753 0.15999993 0.15999815 0.15999807]"
1040,1040,"[0.16018974 0.15999999 0.15999734 0.15999774 0.15999794 0.15999969
 0.15999749 0.1599999  0.1599982  0.16008032]"
1041,1041,"[0.15999982 0.15999999 0.15999736 0.15999777 0.159998   0.1599997
 0.15999746 0.15999987 0.15999826 0.1599996 ]"
1042,1042,"[0.1599998  0.15999999 0.15999738 0.1599978  0.15999806 0.15999971
 0.15999743 0.15999983 0.15999831 0.15999959]"
1043,1043,"[0.15999979 0.15999999 0.1599974  0.15999783 0.15999812 0.15999971
 0.1599974  0.15999979 0.15999837 0.15999958]"
1044,1044,"[0.15999977 0.15999999 0.15999743 0.15999786 0.15999818 0.15999972
 0.15999738 0.15999975 0.15999842 0.15999957]"
1045,1045,"[0.15999976 0.15999999 0.15999746 0.15999789 0.15999825 0.15999972
 0.15999736 0.15999971 0.15999847 0.15999956]"
1046,1046,"[0.15999974 0.15999999 0.1599975  0.15999792 0.15999831 0.15999973
 0.15999735 0.15999967 0.15999852 0.15999955]"
1047,1047,"[0.15999972 0.15999999 0.15999753 0.15999794 0.15999837 0.15999973
 0.15999734 0.15999963 0.15999857 0.15999954]"
1048,1048,"[0.15999971 0.15999999 0.15999756 0.15999797 0.15999844 0.15999973
 0.15999733 0.15999959 0.15999862 0.15999953]"
1049,1049,"[0.15999969 0.16       0.1599976  0.15999799 0.1599985  0.15999973
 0.15999734 0.15999955 0.15999867 0.15999952]"
1050,1050,"[0.15999967 0.16       0.15999764 0.15999801 0.15999856 0.15999973
 0.15999734 0.15999951 0.15999872 0.15999951]"
1051,1051,"[0.15999966 0.16       0.15999767 0.15999803 0.15999862 0.15999973
 0.15999736 0.15999947 0.15999877 0.1599995 ]"
1052,1052,"[0.15999964 0.16       0.1599977  0.15999805 0.15999868 0.15999972
 0.15999738 0.15999944 0.15999881 0.15999949]"
1053,1053,"[0.15999962 0.16       0.15999774 0.15999807 0.15999874 0.15999972
 0.15999741 0.1599994  0.15999885 0.15999948]"
1054,1054,"[0.1599996  0.16       0.15999777 0.15999808 0.1599988  0.15999971
 0.15999745 0.15999937 0.1599989  0.15999947]"
1055,1055,"[0.15999958 0.16       0.1599978  0.15999809 0.15999885 0.1599997
 0.1599975  0.15999933 0.15999894 0.15999946]"
1056,1056,"[0.15999956 0.16       0.15999782 0.15999809 0.15999891 0.15999969
 0.15999756 0.1599993  0.15999898 0.15999945]"
1057,1057,"[0.15999954 0.16       0.15999785 0.1599981  0.15999896 0.15999967
 0.15999764 0.15999927 0.15999901 0.15999944]"
1058,1058,"[0.15999952 0.16002375 0.15999787 0.1599981  0.16000017 0.15999966
 0.15999773 0.15999924 0.15999905 0.15999943]"
1059,1059,"[0.1599995  0.15999798 0.15999789 0.15999809 0.15999947 0.15999964
 0.15999783 0.15999922 0.15999909 0.15999942]"
1060,1060,"[0.15999948 0.15999794 0.15999791 0.15999808 0.15999951 0.15999962
 0.15999796 0.15999919 0.15999912 0.15999941]"
1061,1061,"[0.15999946 0.1599979  0.15999792 0.15999807 0.15999955 0.15999959
 0.15999811 0.15999917 0.15999915 0.15999941]"
1062,1062,"[0.15999943 0.15999787 0.15999793 0.15999805 0.15999959 0.15999957
 0.15999829 0.15999915 0.15999919 0.1599994 ]"
1063,1063,"[0.1599989  0.15999784 0.15999803 0.15999803 0.15999962 0.15999954
 0.15999851 0.15999913 0.15999922 0.15999939]"
1064,1064,"[0.15999987 0.15999781 0.15999747 0.159998   0.15999965 0.15999951
 0.15999875 0.15999911 0.15999925 0.15999938]"
1065,1065,"[0.15999987 0.1599978  0.15999745 0.15999796 0.15999968 0.15999947
 0.15999902 0.15999909 0.15999927 0.15999938]"
1066,1066,"[0.15999986 0.15999779 0.15999744 0.15999792 0.15999971 0.15999943
 0.15999932 0.15999907 0.1599993  0.15999937]"
1067,1067,"[0.15999986 0.15999779 0.15999742 0.15999787 0.15999974 0.15999939
 0.1599996  0.15999905 0.15999933 0.15999937]"
1068,1068,"[0.15999986 0.1599978  0.15999741 0.15999782 0.15999976 0.15999934
 0.15999984 0.15999903 0.15999935 0.15999936]"
1069,1069,"[0.15999985 0.15999783 0.1599974  0.15999776 0.15999978 0.15999929
 0.15999998 0.15999902 0.15999938 0.15999936]"
1070,1070,"[0.15999985 0.15999788 0.15999739 0.1599977  0.1599998  0.15999924
 0.15999998 0.159999   0.1599994  0.15999936]"
1071,1071,"[0.15999984 0.15999796 0.15999738 0.15999764 0.15999982 0.15999918
 0.15999985 0.15999898 0.15999943 0.15999936]"
1072,1072,"[0.15999983 0.1599981  0.15999737 0.15999757 0.15999984 0.15999912
 0.15999961 0.15999897 0.15999945 0.15999935]"
1073,1073,"[0.15999983 0.15999834 0.15999737 0.15999751 0.15999986 0.15999905
 0.15999933 0.15999859 0.16000042 0.15999935]"
1074,1074,"[0.15999982 0.15999873 0.15999736 0.15999745 0.15999987 0.15999898
 0.15999905 0.15999756 0.15999997 0.15999935]"
1075,1075,"[0.15999981 0.15999931 0.15999736 0.1599974  0.15999989 0.15999891
 0.1599988  0.15999754 0.15999997 0.15999936]"
1076,1076,"[0.15999981 0.15999988 0.15999735 0.15999736 0.1599999  0.15999883
 0.1599986  0.15999752 0.15999997 0.15999936]"
1077,1077,"[0.1599998  0.15999992 0.15999735 0.15999734 0.15999991 0.15999875
 0.15999843 0.1599975  0.15999998 0.15999936]"
1078,1078,"[0.15999979 0.15999936 0.15999735 0.16000648 0.15999992 0.15999866
 0.1599983  0.15999748 0.16000033 0.15999937]"
1079,1079,"[0.15999978 0.15999871 0.15999734 0.15999749 0.15999993 0.15999857
 0.15999819 0.15999746 0.1599996  0.15999937]"
1080,1080,"[0.15999977 0.15999823 0.15999734 0.15999748 0.15999994 0.15999848
 0.15999811 0.15999744 0.15999962 0.15999938]"
1081,1081,"[0.15999976 0.1599979  0.15999734 0.15999747 0.15999994 0.15999838
 0.15999804 0.15999743 0.15999963 0.15999939]"
1082,1082,"[0.15999975 0.15999769 0.15999734 0.15999747 0.15999995 0.15999829
 0.15999992 0.15999741 0.16000296 0.1599994 ]"
1083,1083,"[0.15999973 0.15999755 0.15999734 0.15999746 0.15999996 0.15999818
 0.15999987 0.1599974  0.15999735 0.15999941]"
1084,1084,"[0.15999972 0.15999745 0.15999733 0.15999745 0.15999996 0.15999808
 0.15999985 0.15999738 0.15999736 0.15999942]"
1085,1085,"[0.1599997  0.1599974  0.15999733 0.15999744 0.15999997 0.15999798
 0.15999982 0.15999737 0.15999738 0.15999944]"
1086,1086,"[0.15999969 0.15999736 0.15999733 0.15999744 0.15999997 0.15999789
 0.15999979 0.15999736 0.15999741 0.15999945]"
1087,1087,"[0.15999967 0.15999734 0.15999733 0.15999743 0.15999997 0.1599978
 0.15999976 0.15999736 0.15999744 0.15999947]"
1088,1088,"[0.15999965 0.15999733 0.15999733 0.15999742 0.15999998 0.15999771
 0.15999973 0.15999735 0.15999748 0.15999949]"
1089,1089,"[0.15999963 0.15999734 0.15999733 0.15999741 0.16000803 0.15999763
 0.15999969 0.15999734 0.16001696 0.15999951]"
1090,1090,"[0.1599996  0.15999734 0.15999734 0.1599974  0.15999958 0.15999756
 0.15999966 0.15999734 0.15999978 0.15999954]"
1091,1091,"[0.15999958 0.15999736 0.15999734 0.15999739 0.15999959 0.15999749
 0.15999962 0.15999734 0.15999977 0.15999956]"
1092,1092,"[0.15999955 0.15999738 0.15999734 0.15999738 0.1599996  0.15999744
 0.15999958 0.15999733 0.15999977 0.15999959]"
1093,1093,"[0.15999953 0.15999741 0.15999734 0.15999737 0.15999961 0.1599974
 0.15999953 0.15999733 0.15999975 0.15999962]"
1094,1094,"[0.1599995  0.15999744 0.15999734 0.15999736 0.15999962 0.15999737
 0.15999949 0.15999733 0.15999974 0.15999965]"
1095,1095,"[0.15999946 0.15999748 0.15999734 0.15999736 0.15999963 0.15999734
 0.15999944 0.15999734 0.15999973 0.15999968]"
1096,1096,"[0.15999943 0.15999752 0.15999735 0.15999735 0.15999964 0.15999733
 0.15999939 0.15999734 0.15999972 0.15999972]"
1097,1097,"[0.16000281 0.15999757 0.15999735 0.15999993 0.15999964 0.15999734
 0.15999934 0.15999735 0.1599997  0.15999975]"
1098,1098,"[0.15999989 0.15999762 0.15999735 0.1599983  0.15999965 0.15999735
 0.15999929 0.15999735 0.15999969 0.15999979]"
1099,1099,"[0.15999988 0.15999767 0.15999735 0.15999825 0.15999966 0.15999737
 0.15999924 0.15999736 0.15999967 0.15999982]"
1100,1100,"[0.15999988 0.15999773 0.15999736 0.1599982  0.15999967 0.1599974
 0.15999918 0.15999737 0.15999965 0.15999986]"
1101,1101,"[0.15999987 0.15999779 0.15999736 0.15999816 0.15999968 0.15999744
 0.15999912 0.15999738 0.15999963 0.15999989]"
1102,1102,"[0.15999985 0.15999785 0.15999736 0.15999811 0.15999968 0.15999749
 0.15999907 0.15999739 0.15999961 0.15999992]"
1103,1103,"[0.15999984 0.15999791 0.15999737 0.15999806 0.15999969 0.15999754
 0.15999901 0.1599974  0.15999959 0.15999995]"
1104,1104,"[0.15999983 0.16009649 0.15999737 0.15999802 0.1599997  0.15999787
 0.15999895 0.15999741 0.15999957 0.15999997]"
1105,1105,"[0.15999981 0.15999964 0.15999738 0.15999797 0.15999971 0.15999738
 0.15999889 0.15999743 0.15999954 0.15999999]"
1106,1106,"[0.1599998  0.15999959 0.15999738 0.15999792 0.15999972 0.15999736
 0.15999882 0.15999744 0.15999951 0.16      ]"
1107,1107,"[0.15999978 0.15999955 0.15999739 0.15999787 0.15999972 0.15999735
 0.15999876 0.15999746 0.15999948 0.16      ]"
1108,1108,"[0.15999976 0.1599995  0.15999739 0.15999783 0.15999973 0.15999734
 0.15999869 0.15999748 0.15999944 0.15999999]"
1109,1109,"[0.15999974 0.15999945 0.1599974  0.15999778 0.15999974 0.15999733
 0.15999863 0.1599975  0.1599994  0.15999997]"
1110,1110,"[0.15999972 0.1599994  0.1599974  0.15999774 0.15999974 0.15999734
 0.15999856 0.15999752 0.15999936 0.15999993]"
1111,1111,"[0.1599997  0.15999934 0.15999741 0.15999769 0.15999975 0.15999735
 0.1599985  0.15999754 0.15999931 0.15999988]"
1112,1112,"[0.15999967 0.15999927 0.15999742 0.15999765 0.15999976 0.15999736
 0.15999843 0.15999756 0.15999926 0.15999981]"
1113,1113,"[0.15999964 0.15999921 0.15999742 0.15999761 0.15999976 0.15999738
 0.15999836 0.15999758 0.1599992  0.15999973]"
1114,1114,"[0.15999961 0.15999913 0.15999743 0.15999757 0.15999977 0.15999741
 0.1599983  0.1599976  0.15999914 0.15999963]"
1115,1115,"[0.15999958 0.15999906 0.15999744 0.15999753 0.15999978 0.15999744
 0.15999823 0.15999763 0.15999907 0.15999951]"
1116,1116,"[0.15999955 0.15999898 0.15999745 0.1599975  0.15999978 0.15999748
 0.15999816 0.15999765 0.15999899 0.15999938]"
1117,1117,"[0.15999951 0.15999889 0.15999746 0.15999747 0.15999979 0.15999752
 0.1599981  0.15999768 0.15999891 0.15999923]"
1118,1118,"[0.15999947 0.1599988  0.15999746 0.15999744 0.15999979 0.15999757
 0.15999803 0.1599977  0.15999881 0.15999907]"
1119,1119,"[0.15999943 0.15999871 0.15999747 0.15999741 0.1599998  0.15999762
 0.15999797 0.15999773 0.15999871 0.1599989 ]"
1120,1120,"[0.15999938 0.15999861 0.15999748 0.15999739 0.1599998  0.15999768
 0.1599979  0.15999776 0.1599986  0.15999872]"
1121,1121,"[0.15999933 0.15999851 0.1599975  0.15999737 0.15999981 0.15999774
 0.15999784 0.15999779 0.15999849 0.15999855]"
1122,1122,"[0.15999928 0.15999841 0.15999751 0.15999735 0.15999981 0.1599978
 0.15999778 0.15999782 0.15999836 0.15999838]"
1123,1123,"[0.15999922 0.15999831 0.15999752 0.15999734 0.15999982 0.15999787
 0.15999772 0.15999785 0.15999823 0.15999821]"
1124,1124,"[0.15999917 0.1599982  0.15999753 0.15999734 0.15999982 0.15999794
 0.15999767 0.15999788 0.15999809 0.15999805]"
1125,1125,"[0.1599991  0.1599981  0.15999754 0.15999733 0.15999983 0.15999801
 0.15999762 0.15999791 0.15999795 0.1599979 ]"
1126,1126,"[0.15999904 0.159998   0.15999756 0.15999734 0.15999983 0.15999808
 0.15999757 0.15999794 0.15999781 0.15999777]"
1127,1127,"[0.15999897 0.1599979  0.15999757 0.15999734 0.15999984 0.15999816
 0.15999753 0.15999797 0.15999768 0.15999765]"
1128,1128,"[0.1599989  0.1599978  0.15999759 0.15999735 0.15999984 0.15999824
 0.15999749 0.159998   0.15999756 0.15999755]"
1129,1129,"[0.15999882 0.15999771 0.1599976  0.15999737 0.15999984 0.15999831
 0.15999745 0.15999804 0.15999746 0.15999747]"
1130,1130,"[0.15999874 0.15999763 0.15999762 0.15999739 0.15999985 0.15999839
 0.15999742 0.15999807 0.15999739 0.15999741]"
1131,1131,"[0.15999866 0.15999756 0.15999764 0.15999742 0.15999985 0.15999847
 0.15999739 0.1599981  0.15999734 0.15999737]"
1132,1132,"[0.15999961 0.15999749 0.15999765 0.15999745 0.15999986 0.15999854
 0.15999784 0.15999814 0.15999734 0.15999734]"
1133,1133,"[0.15999958 0.15999743 0.15999767 0.15999749 0.15999986 0.15999862
 0.15999779 0.15999817 0.15999736 0.15999733]"
1134,1134,"[0.15999955 0.15999739 0.15999769 0.15999753 0.15999986 0.1599987
 0.15999773 0.15999821 0.15999742 0.15999734]"
1135,1135,"[0.15999951 0.15999736 0.15999771 0.15999757 0.15999987 0.15999877
 0.15999768 0.15999824 0.15999751 0.15999736]"
1136,1136,"[0.15999947 0.15999734 0.15999773 0.15999762 0.15999987 0.15999884
 0.15999763 0.15999828 0.15999763 0.1599974 ]"
1137,1137,"[0.15999943 0.15999733 0.15999775 0.15999767 0.15999987 0.15999891
 0.15999759 0.15999831 0.15999776 0.15999744]"
1138,1138,"[0.15999938 0.15999734 0.15999777 0.15999773 0.15999988 0.15999898
 0.15999755 0.15999834 0.15999791 0.1599975 ]"
1139,1139,"[0.15999934 0.15999736 0.1599978  0.15999779 0.15999988 0.15999905
 0.15999751 0.15999838 0.15999806 0.15999757]"
1140,1140,"[0.15999929 0.15999739 0.15999782 0.15999786 0.15999988 0.15999911
 0.15999747 0.15999841 0.1599982  0.15999764]"
1141,1141,"[0.15999924 0.15999743 0.15999784 0.15999792 0.15999988 0.15999918
 0.15999744 0.15999845 0.15999835 0.15999772]"
1142,1142,"[0.15999918 0.15999748 0.15999787 0.15999799 0.15999989 0.15999924
 0.15999741 0.15999848 0.15999848 0.1599978 ]"
1143,1143,"[0.15999913 0.15999754 0.15999789 0.15999806 0.15999989 0.15999929
 0.15999739 0.15999852 0.15999861 0.15999789]"
1144,1144,"[0.15999907 0.1599976  0.15999792 0.15999814 0.15999989 0.15999935
 0.15999737 0.15999855 0.15999872 0.15999798]"
1145,1145,"[0.15999901 0.15999767 0.15999795 0.15999821 0.1599999  0.1599994
 0.15999735 0.15999859 0.15999883 0.15999807]"
1146,1146,"[0.15999895 0.15999775 0.15999797 0.15999829 0.1599999  0.15999945
 0.15999734 0.15999862 0.15999892 0.15999817]"
1147,1147,"[0.15999815 0.15999989 0.159998   0.15999836 0.15999846 0.1599995
 0.15999734 0.15999866 0.15999901 0.16000289]"
1148,1148,"[0.15999808 0.15999985 0.15999803 0.15999809 0.15999849 0.15999954
 0.15999756 0.15999869 0.15999908 0.15999912]"
1149,1149,"[0.15999801 0.15999978 0.15999806 0.15999735 0.15999852 0.15999958
 0.15999776 0.15999872 0.15999914 0.15999886]"
1150,1150,"[0.15999795 0.15999968 0.15999809 0.15999734 0.15999855 0.15999962
 0.1599977  0.15999876 0.1599992  0.15999851]"
1151,1151,"[0.15999789 0.15999953 0.15999812 0.15999733 0.15999858 0.15999966
 0.15999765 0.15999879 0.15999925 0.15999808]"
1152,1152,"[0.15999782 0.15999933 0.15999815 0.15999735 0.1599986  0.15999969
 0.15999761 0.15999882 0.1599993  0.15999763]"
1153,1153,"[0.15999777 0.15999905 0.15999817 0.15999738 0.15999863 0.15999972
 0.15999756 0.15999885 0.15999934 0.15999736]"
1154,1154,"[0.15999771 0.15999869 0.1599982  0.15999743 0.15999866 0.15999975
 0.15999752 0.15999889 0.15999937 0.15999747]"
1155,1155,"[0.15999766 0.15999827 0.15999823 0.15999749 0.15999869 0.15999978
 0.15999749 0.15999892 0.1599994  0.15999793]"
1156,1156,"[0.15999761 0.15999784 0.15999826 0.15999757 0.15999872 0.15999972
 0.15999746 0.15999895 0.15999917 0.15999849]"
1157,1157,"[0.15999756 0.15999751 0.15999829 0.15999767 0.15999844 0.15999914
 0.15999743 0.15999911 0.15999771 0.15999895]"
1158,1158,"[0.15999752 0.15999735 0.15999832 0.15999778 0.15999783 0.15999919
 0.1599974  0.15999925 0.15999765 0.15999929]"
1159,1159,"[0.15999748 0.15999737 0.15999835 0.15999791 0.15999785 0.15999924
 0.15999738 0.15999926 0.15999759 0.15999951]"
1160,1160,"[0.15999751 0.15999752 0.15999803 0.15999805 0.15999789 0.15999928
 0.15999736 0.15999983 0.15999937 0.15999966]"
1161,1161,"[0.15999755 0.15999775 0.15999734 0.15999819 0.15999792 0.15999932
 0.15999735 0.1599999  0.15999963 0.15999976]"
1162,1162,"[0.1599975  0.15999799 0.15999734 0.15999835 0.15999795 0.15999936
 0.15999734 0.15999988 0.15999958 0.15999983]"
1163,1163,"[0.15999746 0.15999823 0.15999734 0.15999851 0.15999798 0.1599994
 0.15999734 0.15999987 0.15999952 0.15999987]"
1164,1164,"[0.15999743 0.15999845 0.15999733 0.15999867 0.15999801 0.15999944
 0.15999733 0.15999985 0.15999947 0.1599999 ]"
1165,1165,"[0.1599974  0.15999864 0.15999733 0.15999882 0.15999804 0.15999947
 0.15999733 0.15999983 0.15999941 0.15999993]"
1166,1166,"[0.15999737 0.1599988  0.15999733 0.15999898 0.15999808 0.15999951
 0.15999734 0.15999982 0.15999934 0.15999994]"
1167,1167,"[0.15999735 0.15999894 0.15999733 0.15999912 0.15999811 0.15999954
 0.15999735 0.1599998  0.15999928 0.15999995]"
1168,1168,"[0.15999734 0.15999905 0.15999733 0.15999926 0.15999815 0.15999957
 0.15999736 0.15999979 0.15999921 0.15999996]"
1169,1169,"[0.15999733 0.15999915 0.15999734 0.15999939 0.15999818 0.1599996
 0.15999737 0.15999977 0.15999915 0.15999997]"
1170,1170,"[0.15999733 0.15999924 0.15999734 0.1599995  0.15999822 0.15999963
 0.15999739 0.15999976 0.15999909 0.15999997]"
1171,1171,"[0.15999734 0.15999931 0.15999734 0.1599996  0.15999825 0.15999965
 0.15999741 0.15999975 0.15999902 0.15999998]"
1172,1172,"[0.15999735 0.15999937 0.15999734 0.15999969 0.15999829 0.15999968
 0.15999743 0.15999974 0.15999896 0.15999998]"
1173,1173,"[0.15999737 0.15999943 0.15999734 0.15999977 0.15999832 0.1599997
 0.15999746 0.15999973 0.1599989  0.15999998]"
1174,1174,"[0.1599974  0.15999948 0.15999734 0.15999983 0.15999836 0.15999972
 0.15999748 0.15999973 0.15999885 0.15999998]"
1175,1175,"[0.15999743 0.15999952 0.15999734 0.15999988 0.15999839 0.15999974
 0.15999751 0.15999972 0.15999879 0.15999998]"
1176,1176,"[0.15999726 0.15999956 0.15999735 0.15999992 0.15999682 0.15999976
 0.15999754 0.15999971 0.15999874 0.15999998]"
1177,1177,"[0.15999832 0.15999959 0.15999735 0.15999995 0.15999918 0.15999978
 0.15999757 0.15999971 0.15999869 0.15999998]"
1178,1178,"[0.15999842 0.15999962 0.15999735 0.15999997 0.1599992  0.1599998
 0.15999761 0.1599997  0.15999864 0.15999998]"
1179,1179,"[0.15999857 0.15999965 0.15999735 0.15999999 0.15999921 0.15999982
 0.15999764 0.1599997  0.1599986  0.15999998]"
1180,1180,"[0.15999877 0.15999967 0.15999735 0.16       0.15999922 0.15999983
 0.15999767 0.1599997  0.15999855 0.15999998]"
1181,1181,"[0.15999906 0.1599997  0.15999875 0.16       0.15999923 0.15999979
 0.15999766 0.16000238 0.15999851 0.15999998]"
1182,1182,"[0.15999941 0.15999972 0.15999927 0.16       0.15999925 0.15999908
 0.15999757 0.15999794 0.15999847 0.15999998]"
1183,1183,"[0.15999977 0.15999974 0.15999927 0.15999999 0.15999926 0.15999913
 0.15999755 0.15999789 0.15999844 0.15999998]"
1184,1184,"[0.15999999 0.15999976 0.15999856 0.15999999 0.15999927 0.15999937
 0.15999754 0.15999785 0.1599984  0.15999998]"
1185,1185,"[0.1599999  0.15999977 0.15999975 0.15999998 0.15999928 0.15999778
 0.15999752 0.15999782 0.15999837 0.15999998]"
1186,1186,"[0.15999953 0.15999991 0.15999974 0.15999996 0.1599993  0.15999782
 0.1599975  0.16000242 0.15999833 0.15999998]"
1187,1187,"[0.15999904 0.15999736 0.15999973 0.15999995 0.15999931 0.15999786
 0.15999749 0.15999963 0.1599983  0.15999998]"
1188,1188,"[0.1599986  0.15999738 0.15999972 0.15999993 0.15999932 0.15999791
 0.15999747 0.15999958 0.15999827 0.15999998]"
1189,1189,"[0.15999824 0.1599974  0.15999971 0.15999992 0.15999933 0.15999795
 0.15999746 0.15999953 0.15999824 0.15999998]"
1190,1190,"[0.15999797 0.15999742 0.15999969 0.1599999  0.15999934 0.159998
 0.15999745 0.15999948 0.15999821 0.15999998]"
1191,1191,"[0.15999777 0.15999744 0.15999968 0.15999988 0.15999936 0.15999805
 0.15999743 0.15999942 0.15999818 0.15999998]"
1192,1192,"[0.15999763 0.15999747 0.15999966 0.15999987 0.15999937 0.1599981
 0.15999742 0.15999936 0.15999814 0.15999998]"
1193,1193,"[0.15999753 0.1599975  0.15999964 0.15999985 0.15999938 0.15999815
 0.15999741 0.1599993  0.15999811 0.15999998]"
1194,1194,"[0.15999745 0.15999753 0.15999962 0.15999983 0.15999939 0.1599982
 0.1599974  0.15999923 0.15999808 0.15999998]"
1195,1195,"[0.1599974  0.15999757 0.1599996  0.15999982 0.1599994  0.15999826
 0.15999739 0.15999916 0.15999805 0.15999998]"
1196,1196,"[0.15999737 0.1599976  0.15999958 0.1599998  0.15999942 0.15999831
 0.15999738 0.15999909 0.15999802 0.15999998]"
1197,1197,"[0.15999735 0.15999764 0.15999956 0.15999979 0.15999943 0.15999836
 0.15999737 0.15999901 0.15999799 0.15999998]"
1198,1198,"[0.15999734 0.15999768 0.15999954 0.15999977 0.15999944 0.15999842
 0.15999736 0.15999892 0.15999795 0.15999998]"
1199,1199,"[0.15999733 0.15999772 0.15999951 0.15999976 0.15999945 0.15999853
 0.15999736 0.15999884 0.15999792 0.15999956]"
1200,1200,"[0.15999734 0.15999776 0.15999948 0.15999974 0.15999946 0.15999824
 0.15999735 0.15999875 0.15999789 0.15999765]"
1201,1201,"[0.15999735 0.15999781 0.15999945 0.15999973 0.15999947 0.15999829
 0.15999735 0.15999866 0.15999786 0.15999778]"
1202,1202,"[0.15999737 0.15999785 0.15999942 0.15999972 0.15999948 0.15999835
 0.15999734 0.15999856 0.15999782 0.1599979 ]"
1203,1203,"[0.15999837 0.1599979  0.16000003 0.15999971 0.15999949 0.1599984
 0.15999734 0.15999846 0.15999779 0.15999804]"
1204,1204,"[0.15999882 0.15999795 0.15999998 0.1599997  0.1599995  0.15999846
 0.15999734 0.15999836 0.15999776 0.15999817]"
1205,1205,"[0.15999869 0.15999799 0.15999997 0.15999969 0.15999951 0.15999851
 0.15999733 0.15999826 0.15999773 0.15999831]"
1206,1206,"[0.15999856 0.15999804 0.15999996 0.15999968 0.15999952 0.15999857
 0.15999733 0.15999816 0.15999769 0.15999844]"
1207,1207,"[0.15999843 0.15999809 0.15999995 0.15999967 0.15999953 0.15999863
 0.15999733 0.15999807 0.15999766 0.15999857]"
1208,1208,"[0.15999831 0.15999814 0.15999994 0.15999966 0.15999953 0.15999869
 0.15999734 0.15999797 0.15999763 0.15999869]"
1209,1209,"[0.1599982  0.15999819 0.15999993 0.16000997 0.15999954 0.15999875
 0.15999734 0.15999787 0.1599976  0.15999934]"
1210,1210,"[0.15999808 0.15999824 0.15999991 0.15999759 0.15999955 0.15999881
 0.15999734 0.15999778 0.15999757 0.1599979 ]"
1211,1211,"[0.15999798 0.15999829 0.15999989 0.15999756 0.15999955 0.15999887
 0.15999735 0.1599977  0.15999754 0.15999785]"
1212,1212,"[0.15999788 0.15999834 0.15999987 0.15999752 0.15999956 0.15999893
 0.15999736 0.15999762 0.15999751 0.15999781]"
1213,1213,"[0.1599978  0.15999839 0.15999985 0.1599975  0.15999956 0.15999899
 0.15999737 0.15999754 0.15999749 0.15999776]"
1214,1214,"[0.15999771 0.15999844 0.15999982 0.15999747 0.15999937 0.15999905
 0.15999739 0.15999748 0.15999746 0.15999772]"
1215,1215,"[0.15999764 0.1599985  0.1599998  0.15999745 0.15999846 0.15999911
 0.1599974  0.15999743 0.15999744 0.15999768]"
1216,1216,"[0.15999758 0.15999855 0.15999976 0.15999743 0.15999849 0.15999918
 0.15999738 0.15999738 0.15999742 0.15999764]"
1217,1217,"[0.15999752 0.1599986  0.15999973 0.15999741 0.15999816 0.15999924
 0.15999757 0.15999735 0.1599974  0.1599976 ]"
1218,1218,"[0.15999747 0.15999865 0.15999969 0.1599974  0.15999738 0.1599993
 0.15999775 0.15999734 0.15999738 0.15999757]"
1219,1219,"[0.15999743 0.1599987  0.15999965 0.15999738 0.15999739 0.15999936
 0.15999771 0.15999733 0.15999737 0.15999754]"
1220,1220,"[0.1599974  0.15999875 0.1599996  0.15999737 0.1599974  0.15999941
 0.15999768 0.15999735 0.15999736 0.15999751]"
1221,1221,"[0.15999737 0.1599988  0.15999955 0.15999736 0.15999741 0.16029249
 0.15999764 0.15999737 0.16133779 0.15999748]"
1222,1222,"[0.15999735 0.15999885 0.1599995  0.15999735 0.15999743 0.15999937
 0.15999761 0.15999741 0.15999748 0.15999746]"
1223,1223,"[0.15999734 0.1599989  0.15999944 0.15999735 0.15999744 0.15999933
 0.15999758 0.15999747 0.15999751 0.15999744]"
1224,1224,"[0.15999733 0.15999895 0.15999938 0.15999734 0.15999746 0.15999929
 0.15999755 0.15999754 0.15999755 0.15999742]"
1225,1225,"[0.15999733 0.15999899 0.15999931 0.15999734 0.15999747 0.15999924
 0.15999752 0.15999763 0.15999759 0.1599974 ]"
1226,1226,"[0.15999734 0.15999904 0.15999924 0.15999733 0.15999749 0.1599992
 0.15999749 0.15999773 0.15999763 0.15999738]"
1227,1227,"[0.15999735 0.15999909 0.15999917 0.15999733 0.15999751 0.15999915
 0.15999747 0.15999784 0.15999767 0.15999737]"
1228,1228,"[0.15999737 0.15999913 0.15999909 0.15999733 0.15999753 0.15999911
 0.15999844 0.15999796 0.1599983  0.15999736]"
1229,1229,"[0.15999739 0.15999918 0.15999901 0.15999734 0.15999755 0.15999906
 0.15999895 0.15999809 0.1599987  0.15999735]"
1230,1230,"[0.15999741 0.15999922 0.15999893 0.15999734 0.15999757 0.15999901
 0.15999891 0.15999823 0.15999866 0.15999735]"
1231,1231,"[0.15999744 0.15999927 0.15999884 0.15999735 0.15999759 0.15999896
 0.15999888 0.15999837 0.15999862 0.15999734]"
1232,1232,"[0.15999738 0.15999931 0.15999875 0.15999736 0.16001628 0.15999891
 0.15999884 0.15999851 0.15999858 0.15999734]"
1233,1233,"[0.15999742 0.15999935 0.15999866 0.15999736 0.15999977 0.15999886
 0.1599988  0.15999866 0.15999854 0.15999733]"
1234,1234,"[0.15999749 0.15999939 0.15999857 0.15999738 0.15999975 0.15999881
 0.15999876 0.1599988  0.15999851 0.15999733]"
1235,1235,"[0.15999757 0.15999943 0.15999847 0.15999739 0.15999972 0.15999876
 0.15999872 0.15999894 0.15999847 0.15999733]"
1236,1236,"[0.15999766 0.16007819 0.15999838 0.1599974  0.16001476 0.15999871
 0.15999868 0.15999908 0.15999843 0.15999733]"
1237,1237,"[0.15999775 0.15999769 0.15999829 0.15999742 0.15999918 0.15999866
 0.15999865 0.16000102 0.16002614 0.15999734]"
1238,1238,"[0.15999784 0.15999768 0.15999819 0.15999744 0.15999916 0.15999861
 0.1599986  0.15999823 0.15999998 0.15999734]"
1239,1239,"[0.15999793 0.15999767 0.1599981  0.15999746 0.15999913 0.15999856
 0.15999856 0.15999833 0.15999997 0.15999734]"
1240,1240,"[0.15999802 0.15999766 0.15999801 0.15999748 0.15999911 0.15999851
 0.15999852 0.15999843 0.15999996 0.15999734]"
1241,1241,"[0.1599981  0.15999765 0.15999793 0.15999751 0.15999909 0.15999846
 0.15999848 0.15999853 0.15999996 0.15999735]"
1242,1242,"[0.15999818 0.15999764 0.15999785 0.15999753 0.15999906 0.15999841
 0.15999844 0.15999863 0.15999994 0.15999735]"
1243,1243,"[0.15999826 0.15999652 0.15999777 0.15999756 0.15999904 0.15999833
 0.1599984  0.15999873 0.15999993 0.15999736]"
1244,1244,"[0.15999833 0.15999997 0.1599977  0.15999759 0.15999901 0.1599985
 0.15999836 0.15999883 0.15999992 0.15999736]"
1245,1245,"[0.1599984  0.15999999 0.15999763 0.15999762 0.15999899 0.15999846
 0.15999832 0.15999892 0.16000016 0.15999736]"
1246,1246,"[0.15999847 0.15999964 0.15999757 0.15999765 0.15999896 0.15999841
 0.15999828 0.15999901 0.15999996 0.15999737]"
1247,1247,"[0.15999854 0.15999964 0.15999752 0.15999768 0.15999894 0.15999837
 0.15999823 0.1599991  0.15999997 0.15999737]"
1248,1248,"[0.1599986  0.15999963 0.15999747 0.15999772 0.15999891 0.15999832
 0.15999819 0.15999919 0.15999997 0.15999738]"
1249,1249,"[0.15999867 0.15999962 0.15999772 0.15999776 0.15999889 0.15999828
 0.15999815 0.15999927 0.15999997 0.15999738]"
1250,1250,"[0.15999873 0.15999962 0.15999795 0.15999779 0.15999887 0.15999824
 0.15999811 0.15999934 0.15999997 0.15999736]"
1251,1251,"[0.15999878 0.15999961 0.15999789 0.15999783 0.15999969 0.1599982
 0.15999925 0.15999941 0.15999998 0.15999735]"
1252,1252,"[0.15999884 0.1599996  0.15999783 0.15999787 0.15999984 0.15999816
 0.15999966 0.15999948 0.15999998 0.15999735]"
1253,1253,"[0.15999889 0.15999959 0.15999777 0.15999791 0.15999984 0.15999955
 0.16000034 0.15999954 0.15999998 0.15999734]"
1254,1254,"[0.15999894 0.15999959 0.15999772 0.15999796 0.15999984 0.15999976
 0.15999989 0.15999959 0.15999998 0.15999734]"
1255,1255,"[0.15999899 0.15999958 0.15999767 0.159998   0.15999984 0.15999976
 0.15999987 0.15999965 0.15999999 0.15999733]"
1256,1256,"[0.15999903 0.15999957 0.15999762 0.15999804 0.15999985 0.15999976
 0.15999984 0.15999969 0.15999999 0.15999733]"
1257,1257,"[0.15999908 0.16000028 0.15999758 0.15999781 0.15999985 0.15999976
 0.15999981 0.15999974 0.15999999 0.15999733]"
1258,1258,"[0.15999912 0.15999999 0.15999754 0.15999733 0.15999985 0.15999976
 0.15999978 0.15999978 0.15999999 0.15999733]"
1259,1259,"[0.15999916 0.15999999 0.1599975  0.15999734 0.15999985 0.15999976
 0.15999974 0.15999981 0.15999999 0.15999734]"
1260,1260,"[0.1599992  0.15999999 0.15999747 0.15999734 0.15999986 0.15999976
 0.1599997  0.15999984 0.15999999 0.15999734]"
1261,1261,"[0.15999924 0.16000002 0.15999744 0.15999736 0.15999986 0.15999977
 0.15999965 0.16000089 0.16       0.15999735]"
1262,1262,"[0.15999927 0.15999972 0.15999742 0.15999737 0.15999986 0.15999977
 0.1599996  0.15999922 0.16       0.15999735]"
1263,1263,"[0.15999931 0.15999971 0.1599974  0.15999739 0.15999987 0.15999977
 0.15999955 0.15999919 0.16       0.15999736]"
1264,1264,"[0.15999934 0.1599997  0.15999738 0.15999741 0.15999987 0.15999978
 0.15999949 0.15999915 0.16       0.15999737]"
1265,1265,"[0.15999938 0.15999969 0.15999736 0.15999743 0.15999987 0.15999978
 0.15999943 0.15999912 0.16       0.15999739]"
1266,1266,"[0.15999941 0.15999969 0.15999735 0.15999746 0.15999988 0.15999978
 0.15999936 0.15999909 0.16       0.1599974 ]"
1267,1267,"[0.15999944 0.15999968 0.15999734 0.15999748 0.15999988 0.15999979
 0.1599993  0.15999906 0.16       0.15999742]"
1268,1268,"[0.15999967 0.15999967 0.15999734 0.15999752 0.15999989 0.1599998
 0.15999922 0.15999904 0.16       0.15999736]"
1269,1269,"[0.15999734 0.15999967 0.15999733 0.15999755 0.15999989 0.1599998
 0.15999915 0.15999901 0.16       0.15999773]"
1270,1270,"[0.15999735 0.15999966 0.15999733 0.15999759 0.1599999  0.15999981
 0.15999907 0.15999899 0.16       0.15999769]"
1271,1271,"[0.15999737 0.15999965 0.15999734 0.15999763 0.1599999  0.15999982
 0.15999898 0.15999896 0.15999999 0.15999766]"
1272,1272,"[0.15999739 0.16000057 0.15999734 0.15999767 0.15999991 0.16000192
 0.1599989  0.15999894 0.15999999 0.15999763]"
1273,1273,"[0.15999742 0.15999986 0.15999735 0.15999772 0.15999991 0.16
 0.15999881 0.15999892 0.15999999 0.1599976 ]"
1274,1274,"[0.15999745 0.15999986 0.15999736 0.15999776 0.15999991 0.16
 0.15999872 0.1599989  0.15999998 0.15999757]"
1275,1275,"[0.15999749 0.15999986 0.15999738 0.15999781 0.15999992 0.16
 0.15999863 0.15999888 0.15999998 0.15999755]"
1276,1276,"[0.15999753 0.15999986 0.1599974  0.15999786 0.15999992 0.16
 0.15999853 0.15999886 0.15999997 0.15999752]"
1277,1277,"[0.15999757 0.15999986 0.15999741 0.15999791 0.15999993 0.16
 0.15999844 0.15999885 0.15999997 0.1599975 ]"
1278,1278,"[0.15999762 0.15999985 0.15999744 0.15999796 0.15999993 0.16
 0.15999835 0.15999883 0.15999996 0.15999748]"
1279,1279,"[0.15999767 0.15999985 0.15999746 0.15999801 0.15999994 0.16
 0.15999825 0.15999882 0.15999995 0.15999746]"
1280,1280,"[0.15999773 0.15999985 0.15999749 0.15999807 0.15999994 0.16
 0.15999816 0.1599988  0.15999994 0.15999744]"
1281,1281,"[0.15999779 0.15999985 0.15999751 0.15999812 0.15999994 0.16
 0.15999807 0.15999879 0.15999993 0.15999743]"
1282,1282,"[0.15999785 0.15999985 0.15999754 0.15999818 0.15999995 0.15999999
 0.15999798 0.15999878 0.15999992 0.15999741]"
1283,1283,"[0.15999791 0.15999985 0.15999758 0.15999823 0.15999995 0.15999999
 0.1599979  0.15999876 0.15999991 0.1599974 ]"
1284,1284,"[0.15999797 0.15999985 0.15999761 0.15999829 0.15999996 0.15999999
 0.15999782 0.15999875 0.1599999  0.15999739]"
1285,1285,"[0.15999804 0.15999985 0.15999765 0.15999834 0.15999996 0.15999998
 0.15999774 0.15999874 0.15999988 0.15999738]"
1286,1286,"[0.1599981  0.15999985 0.15999768 0.1599984  0.15999996 0.15999998
 0.15999767 0.15999873 0.15999986 0.15999737]"
1287,1287,"[0.15999817 0.15999985 0.15999772 0.15999845 0.15999996 0.15999997
 0.1599976  0.15999872 0.15999985 0.15999736]"
1288,1288,"[0.15999824 0.15999985 0.15999776 0.15999851 0.15999997 0.15999996
 0.15999754 0.15999871 0.15999982 0.15999736]"
1289,1289,"[0.15999831 0.15999985 0.1599978  0.15999856 0.15999997 0.15999995
 0.15999749 0.1599987  0.1599998  0.15999735]"
1290,1290,"[0.15999838 0.15999986 0.15999785 0.15999862 0.15999997 0.15999994
 0.15999744 0.15999869 0.15999978 0.15999735]"
1291,1291,"[0.15999844 0.15999986 0.15999789 0.16000041 0.15999998 0.15999993
 0.15999741 0.16000015 0.15999975 0.15999735]"
1292,1292,"[0.15999851 0.15999986 0.15999793 0.15999735 0.15999998 0.15999992
 0.15999738 0.1599975  0.15999972 0.15999734]"
1293,1293,"[0.15999858 0.15999986 0.15999798 0.15999736 0.15999998 0.15999991
 0.15999735 0.15999749 0.15999969 0.15999734]"
1294,1294,"[0.15999865 0.15999987 0.15999803 0.15999737 0.15999998 0.15999989
 0.15999734 0.15999747 0.15999966 0.15999734]"
1295,1295,"[0.15999871 0.15999987 0.15999808 0.15999739 0.15999998 0.15999988
 0.15999733 0.15999746 0.15999963 0.15999734]"
1296,1296,"[0.15999877 0.15999987 0.15999812 0.15999741 0.15999998 0.15999986
 0.15999734 0.15999744 0.15999959 0.15999734]"
1297,1297,"[0.15999884 0.15999988 0.15999817 0.15999743 0.15999999 0.15999984
 0.15999735 0.15999742 0.15999955 0.15999734]"
1298,1298,"[0.1599989  0.15999988 0.15999822 0.15999746 0.15999999 0.15999981
 0.15999736 0.15999741 0.15999951 0.15999734]"
1299,1299,"[0.15999896 0.15999989 0.15999827 0.15999748 0.15999999 0.15999979
 0.15999739 0.1599974  0.15999946 0.15999734]"
1300,1300,"[0.15999901 0.15999989 0.15999833 0.15999751 0.15999999 0.15999976
 0.15999742 0.15999738 0.15999941 0.15999734]"
1301,1301,"[0.15999907 0.1599999  0.15999838 0.15999754 0.15999999 0.15999973
 0.15999746 0.15999737 0.15999936 0.15999734]"
1302,1302,"[0.15999912 0.15999991 0.15999843 0.15999757 0.15999999 0.1599997
 0.15999751 0.15999736 0.15999931 0.15999734]"
1303,1303,"[0.15999917 0.15999991 0.15999848 0.15999761 0.15999999 0.15999966
 0.15999756 0.15999735 0.15999925 0.15999734]"
1304,1304,"[0.15999922 0.15999992 0.15999853 0.15999764 0.15999999 0.15999962
 0.15999761 0.15999734 0.15999919 0.15999734]"
1305,1305,"[0.15999927 0.15999993 0.15999858 0.15999768 0.15999999 0.15999958
 0.15999767 0.15999734 0.15999913 0.15999734]"
1306,1306,"[0.15999932 0.15999994 0.15999863 0.15999771 0.15999999 0.15999954
 0.15999774 0.15999733 0.15999907 0.15999734]"
1307,1307,"[0.15999936 0.15999995 0.15999868 0.15999775 0.15999999 0.15999949
 0.15999781 0.15999733 0.159999   0.15999734]"
1308,1308,"[0.1599994  0.15999995 0.15999873 0.15999779 0.15999999 0.15999944
 0.15999788 0.15999733 0.15999893 0.15999734]"
1309,1309,"[0.15999944 0.15999996 0.15999878 0.15999783 0.15999999 0.15999938
 0.15999795 0.15999734 0.15999886 0.15999734]"
1310,1310,"[0.15999948 0.15999997 0.15999883 0.15999787 0.15999999 0.15999933
 0.15999803 0.15999735 0.15999878 0.15999734]"
1311,1311,"[0.15999952 0.15999998 0.15999888 0.15999792 0.15999999 0.15999927
 0.1599981  0.15999736 0.15999871 0.15999734]"
1312,1312,"[0.15999955 0.15999999 0.15999893 0.15999796 0.15999999 0.1599992
 0.15999818 0.15999737 0.15999863 0.15999734]"
1313,1313,"[0.15999959 0.15999999 0.15999897 0.159998   0.15999999 0.15999914
 0.15999825 0.15999739 0.15999855 0.15999734]"
1314,1314,"[0.15999962 0.16       0.15999902 0.15999804 0.15999999 0.15999907
 0.15999833 0.15999742 0.15999847 0.15999733]"
1315,1315,"[0.15999965 0.16       0.15999907 0.15999809 0.15999999 0.159999
 0.1599984  0.15999744 0.15999839 0.15999733]"
1316,1316,"[0.15999967 0.16       0.15999911 0.15999813 0.15999998 0.15999892
 0.15999848 0.15999748 0.15999831 0.15999733]"
1317,1317,"[0.1599997  0.16       0.15999915 0.15999818 0.15999998 0.15999885
 0.15999855 0.15999751 0.15999823 0.15999734]"
1318,1318,"[0.15999973 0.15999999 0.15999919 0.15999822 0.15999998 0.15999877
 0.15999862 0.15999756 0.15999815 0.15999734]"
1319,1319,"[0.15999975 0.15999998 0.15999923 0.15999826 0.15999998 0.15999869
 0.15999869 0.1599976  0.15999808 0.15999735]"
1320,1320,"[0.15999977 0.15999996 0.15999927 0.15999831 0.15999997 0.15999861
 0.15999876 0.15999766 0.159998   0.15999736]"
1321,1321,"[0.15999979 0.15999993 0.16000018 0.15999835 0.15999997 0.15999853
 0.15999882 0.15999771 0.15999793 0.15999738]"
1322,1322,"[0.15999981 0.1599999  0.16       0.1599984  0.15999997 0.15999845
 0.15999888 0.15999777 0.15999785 0.15999735]"
1323,1323,"[0.15999983 0.16000096 0.16000876 0.15999844 0.15999996 0.15999837
 0.15999894 0.15999784 0.15999778 0.15999733]"
1324,1324,"[0.15999985 0.15999996 0.15999935 0.15999848 0.15999996 0.15999829
 0.159999   0.15999791 0.15999772 0.15999734]"
1325,1325,"[0.15999986 0.15999993 0.15999938 0.15999853 0.15999995 0.15999821
 0.15999906 0.15999798 0.15999766 0.15999737]"
1326,1326,"[0.15999987 0.15999988 0.15999942 0.15999857 0.15999994 0.15999813
 0.15999911 0.15999806 0.1599976  0.15999742]"
1327,1327,"[0.15999989 0.15999981 0.15999946 0.15999861 0.15999993 0.15999806
 0.15999916 0.15999814 0.15999755 0.15999751]"
1328,1328,"[0.1599999  0.15999973 0.15999949 0.15999865 0.15999993 0.15999798
 0.15999921 0.15999822 0.1599975  0.15999762]"
1329,1329,"[0.15999991 0.15999962 0.15999952 0.1599987  0.15999992 0.15999791
 0.15999926 0.1599983  0.15999746 0.15999776]"
1330,1330,"[0.15999992 0.1599995  0.15999955 0.15999874 0.1599999  0.15999785
 0.1599993  0.15999838 0.15999742 0.15999793]"
1331,1331,"[0.15999993 0.15999936 0.15999958 0.15999878 0.15999989 0.15999779
 0.15999934 0.15999847 0.15999739 0.15999812]"
1332,1332,"[0.15999994 0.15999919 0.15999961 0.15999882 0.15999988 0.15999773
 0.15999938 0.15999843 0.15999737 0.1599982 ]"
1333,1333,"[0.15999995 0.15999902 0.15999964 0.15999889 0.15999986 0.15999767
 0.15999942 0.15999838 0.15999735 0.15999908]"
1334,1334,"[0.15999996 0.15999884 0.15999967 0.15999888 0.15999985 0.15999762
 0.15999946 0.15999853 0.15999734 0.15999824]"
1335,1335,"[0.15999996 0.15999865 0.15999969 0.15999894 0.15999983 0.15999758
 0.15999949 0.15999867 0.15999733 0.15999852]"
1336,1336,"[0.15999997 0.15999847 0.15999971 0.159999   0.15999994 0.15999821
 0.15999952 0.15999881 0.15999733 0.1599988 ]"
1337,1337,"[0.15999997 0.1599983  0.15999974 0.15999907 0.15999996 0.15999864
 0.15999955 0.15999895 0.15999734 0.15999907]"
1338,1338,"[0.15999998 0.15999813 0.15999976 0.15999913 0.15999995 0.1599986
 0.15999958 0.15999908 0.15999735 0.15999931]"
1339,1339,"[0.15999998 0.15999798 0.15999978 0.15999919 0.15999994 0.15999855
 0.15999961 0.15999921 0.15999737 0.15999952]"
1340,1340,"[0.15999999 0.15999785 0.1599998  0.15999925 0.15999993 0.15999851
 0.15999963 0.15999932 0.15999739 0.15999969]"
1341,1341,"[0.15999999 0.15999774 0.15999981 0.1599993  0.15999992 0.15999846
 0.15999966 0.15999943 0.15999742 0.15999983]"
1342,1342,"[0.15999999 0.15999764 0.15999983 0.15999936 0.15999991 0.15999842
 0.15999968 0.15999952 0.15999745 0.15999992]"
1343,1343,"[0.15999999 0.15999756 0.15999985 0.15999941 0.1599999  0.15999838
 0.1599997  0.15999961 0.15999749 0.15999997]"
1344,1344,"[0.16       0.1599975  0.15999986 0.15999946 0.15999988 0.15999834
 0.15999973 0.15999969 0.15999753 0.16      ]"
1345,1345,"[0.16       0.15999745 0.15999987 0.1599995  0.15999987 0.1599983
 0.15999974 0.15999976 0.15999757 0.16      ]"
1346,1346,"[0.16       0.15999741 0.15999989 0.15999955 0.15999985 0.15999827
 0.15999976 0.15999981 0.15999762 0.15999997]"
1347,1347,"[0.16       0.15999738 0.1599999  0.15999959 0.15999984 0.15999823
 0.15999978 0.15999986 0.15999767 0.15999993]"
1348,1348,"[0.16       0.15999736 0.15999991 0.15999963 0.15999982 0.15999819
 0.1599998  0.1599999  0.15999772 0.15999988]"
1349,1349,"[0.16       0.15999735 0.15999992 0.15999967 0.1599998  0.15999816
 0.15999981 0.15999994 0.15999777 0.15999982]"
1350,1350,"[0.16       0.15999734 0.15999993 0.1599997  0.15999978 0.15999812
 0.15999983 0.15999996 0.15999783 0.15999975]"
1351,1351,"[0.16       0.15999733 0.15999994 0.15999974 0.15999976 0.15999809
 0.15999984 0.15999998 0.15999789 0.15999968]"
1352,1352,"[0.16       0.15999733 0.15999995 0.15999976 0.15999973 0.15999806
 0.15999985 0.15999999 0.15999794 0.15999961]"
1353,1353,"[0.16       0.15999733 0.15999995 0.15999979 0.15999971 0.15999802
 0.15999987 0.16       0.159998   0.15999955]"
1354,1354,"[0.16       0.15999734 0.15999996 0.15999982 0.15999968 0.15999799
 0.15999988 0.16       0.15999806 0.15999949]"
1355,1355,"[0.16       0.15999734 0.15999997 0.15999984 0.15999966 0.15999796
 0.15999989 0.16       0.15999812 0.15999943]"
1356,1356,"[0.16       0.15999734 0.15999997 0.15999986 0.15999963 0.15999793
 0.1599999  0.15999999 0.15999819 0.15999938]"
1357,1357,"[0.16       0.15999735 0.15999998 0.15999988 0.1599996  0.1599979
 0.15999991 0.15999998 0.15999825 0.15999933]"
1358,1358,"[0.16       0.15999735 0.15999998 0.1599999  0.15999957 0.15999787
 0.15999992 0.15999997 0.15999831 0.15999929]"
1359,1359,"[0.16       0.15999736 0.15999998 0.15999991 0.15999954 0.15999784
 0.15999992 0.15999995 0.15999837 0.15999926]"
1360,1360,"[0.15999999 0.15999736 0.15999999 0.15999993 0.1599995  0.15999781
 0.15999993 0.15999993 0.15999844 0.15999923]"
1361,1361,"[0.15999999 0.15999736 0.15999999 0.15999994 0.15999947 0.15999778
 0.15999994 0.15999991 0.1599985  0.15999921]"
1362,1362,"[0.15999999 0.15999737 0.15999999 0.15999995 0.15999943 0.15999776
 0.15999995 0.15999989 0.15999857 0.15999919]"
1363,1363,"[0.15999999 0.15999737 0.16       0.15999996 0.15999939 0.15999773
 0.15999995 0.15999987 0.15999863 0.15999918]"
1364,1364,"[0.15999999 0.15999737 0.16       0.15999997 0.15999935 0.1599977
 0.15999996 0.15999985 0.15999869 0.15999917]"
1365,1365,"[0.15999999 0.15999738 0.16       0.15999997 0.15999931 0.15999767
 0.15999996 0.15999983 0.15999876 0.15999917]"
1366,1366,"[0.15999999 0.15999738 0.16       0.15999998 0.15999927 0.15999765
 0.15999997 0.15999981 0.15999882 0.15999917]"
1367,1367,"[0.15999999 0.15999738 0.16       0.15999998 0.15999923 0.15999762
 0.15999997 0.15999978 0.15999889 0.15999917]"
1368,1368,"[0.15999999 0.15999739 0.16       0.15999999 0.15999918 0.1599976
 0.15999997 0.15999976 0.15999895 0.15999918]"
1369,1369,"[0.15999999 0.15999739 0.16       0.15999999 0.15999914 0.15999757
 0.15999998 0.15999974 0.15999902 0.1599992 ]"
1370,1370,"[0.1600006  0.1599974  0.16       0.16000087 0.15999909 0.15999755
 0.15999998 0.15999968 0.15999908 0.15999921]"
1371,1371,"[0.15999779 0.1599974  0.16       0.15999832 0.15999904 0.15999753
 0.15999998 0.15999773 0.15999914 0.15999923]"
1372,1372,"[0.15999763 0.15999741 0.16       0.15999824 0.15999899 0.15999751
 0.15999999 0.15999774 0.1599992  0.15999925]"
1373,1373,"[0.1599975  0.15999742 0.16       0.15999816 0.15999894 0.15999748
 0.15999999 0.15999775 0.15999926 0.15999927]"
1374,1374,"[0.15999742 0.15999743 0.16       0.15999808 0.15999889 0.15999746
 0.15999999 0.15999776 0.15999932 0.1599993 ]"
1375,1375,"[0.15999736 0.15999744 0.15999999 0.15999801 0.15999884 0.15999745
 0.15999999 0.15999777 0.15999938 0.15999932]"
1376,1376,"[0.15999734 0.15999745 0.16000005 0.15999794 0.15999879 0.15999767
 0.15999999 0.15999778 0.15999944 0.15999935]"
1377,1377,"[0.15999734 0.15999746 0.15999996 0.15999787 0.15999873 0.15999788
 0.16       0.15999779 0.15999949 0.15999938]"
1378,1378,"[0.15999915 0.15999747 0.1600009  0.1599978  0.15999868 0.15999784
 0.16       0.15999781 0.15999955 0.1599994 ]"
1379,1379,"[0.15999952 0.15999748 0.15999868 0.15999774 0.15999862 0.15999779
 0.16       0.15999782 0.1599996  0.15999943]"
1380,1380,"[0.15999949 0.1599975  0.15999869 0.15999769 0.15999856 0.15999775
 0.16       0.15999784 0.15999964 0.15999946]"
1381,1381,"[0.15999945 0.15999751 0.1599987  0.15999763 0.15999851 0.15999771
 0.16000001 0.15999786 0.15999969 0.15999931]"
1382,1382,"[0.15999941 0.15999753 0.15999871 0.15999758 0.15999845 0.15999767
 0.15999995 0.15999787 0.15999973 0.15999878]"
1383,1383,"[0.15999936 0.15999755 0.15999872 0.15999754 0.15999839 0.15999763
 0.15999996 0.15999789 0.15999977 0.15999883]"
1384,1384,"[0.15999932 0.15999757 0.15999873 0.1599975  0.15999833 0.15999759
 0.15999997 0.15999791 0.15999981 0.15999888]"
1385,1385,"[0.15999927 0.15999759 0.15999874 0.15999746 0.15999827 0.15999755
 0.15999997 0.15999793 0.15999984 0.15999893]"
1386,1386,"[0.15999922 0.15999762 0.15999875 0.15999743 0.15999822 0.15999752
 0.15999998 0.15999795 0.15999988 0.15999897]"
1387,1387,"[0.15999917 0.15999764 0.15999876 0.1599974  0.15999816 0.15999748
 0.15999999 0.15999797 0.1599999  0.15999902]"
1388,1388,"[0.15999912 0.15999767 0.15999877 0.15999738 0.1599981  0.15999745
 0.15999999 0.15999799 0.15999993 0.15999907]"
1389,1389,"[0.15999907 0.15999769 0.15999878 0.15999736 0.15999805 0.15999743
 0.15999999 0.15999801 0.15999995 0.15999912]"
1390,1390,"[0.15999901 0.15999772 0.1599988  0.15999735 0.15999799 0.1599974
 0.16       0.15999803 0.15999996 0.15999916]"
1391,1391,"[0.15999896 0.15999775 0.15999881 0.15999734 0.15999794 0.15999738
 0.16       0.15999805 0.15999998 0.15999921]"
1392,1392,"[0.1599989  0.15999778 0.15999882 0.15999733 0.15999788 0.15999736
 0.16       0.15999807 0.15999999 0.15999925]"
1393,1393,"[0.15999884 0.15999782 0.15999883 0.15999733 0.15999783 0.15999735
 0.16       0.1599981  0.16       0.15999929]"
1394,1394,"[0.15999878 0.15999785 0.15999885 0.15999734 0.15999778 0.15999734
 0.16       0.15999812 0.16       0.15999933]"
1395,1395,"[0.15999872 0.15999789 0.15999738 0.15999734 0.15999773 0.15999733
 0.16       0.15999955 0.16       0.15999937]"
1396,1396,"[0.15999865 0.15999792 0.15999736 0.15999735 0.15999769 0.15999733
 0.16       0.15999953 0.16       0.15999941]"
1397,1397,"[0.15999859 0.15999796 0.15999735 0.15999736 0.15999764 0.15999734
 0.16       0.15999952 0.15999999 0.15999944]"
1398,1398,"[0.15999853 0.159998   0.15999734 0.15999738 0.1599976  0.15999734
 0.16       0.15999951 0.15999998 0.15999948]"
1399,1399,"[0.15999846 0.15999804 0.15999734 0.1599974  0.15999756 0.15999736
 0.16       0.1599995  0.15999997 0.15999951]"
1400,1400,"[0.1599984  0.15999808 0.15999733 0.15999742 0.15999752 0.15999737
 0.16       0.1599995  0.15999996 0.15999955]"
1401,1401,"[0.15999833 0.15999812 0.15999733 0.15999744 0.15999749 0.15999739
 0.16       0.1599995  0.15999995 0.15999958]"
1402,1402,"[0.15999827 0.15999816 0.15999734 0.15999747 0.15999746 0.15999742
 0.15999999 0.1599995  0.15999993 0.15999961]"
1403,1403,"[0.1599982  0.1599982  0.15999734 0.1599975  0.15999743 0.15999745
 0.15999999 0.1599995  0.15999991 0.15999963]"
1404,1404,"[0.15999814 0.15999824 0.15999735 0.15999753 0.15999741 0.15999749
 0.15999999 0.1599995  0.15999989 0.15999966]"
1405,1405,"[0.15999807 0.15999833 0.15999736 0.15999712 0.15999738 0.15999752
 0.15999999 0.15999951 0.15999987 0.15999968]"
1406,1406,"[0.15999801 0.15999808 0.15999737 0.15999903 0.15999737 0.15999757
 0.15999999 0.15999952 0.15999985 0.15999971]"
1407,1407,"[0.15999795 0.15999812 0.15999738 0.15999903 0.15999735 0.15999761
 0.15999999 0.15999953 0.15999982 0.15999973]"
1408,1408,"[0.15999789 0.15999816 0.1599974  0.15999903 0.15999734 0.15999766
 0.15999999 0.15999954 0.1599998  0.15999975]"
1409,1409,"[0.15999783 0.15999821 0.15999742 0.15999904 0.15999734 0.15999772
 0.15999998 0.15999955 0.15999977 0.15999977]"
1410,1410,"[0.15999777 0.15999825 0.15999744 0.15999905 0.15999733 0.15999777
 0.15999998 0.15999956 0.15999975 0.15999979]"
1411,1411,"[0.15999772 0.15999829 0.15999746 0.15999907 0.15999733 0.15999783
 0.15999998 0.15999958 0.15999973 0.15999981]"
1412,1412,"[0.16       0.15999833 0.15999749 0.15999908 0.15999734 0.15999789
 0.15999998 0.1599996  0.15999943 0.15999983]"
1413,1413,"[0.16       0.15999837 0.15999751 0.1599991  0.15999735 0.15999796
 0.15999998 0.15999961 0.15999947 0.15999984]"
1414,1414,"[0.16       0.15999842 0.15999754 0.15999913 0.15999736 0.15999802
 0.15999998 0.15999963 0.15999951 0.15999986]"
1415,1415,"[0.16       0.15999846 0.15999754 0.15999916 0.15999737 0.15999809
 0.15999998 0.15999965 0.16000095 0.15999987]"
1416,1416,"[0.16       0.1599985  0.15999754 0.15999919 0.15999739 0.15999816
 0.15999997 0.15999967 0.15999944 0.15999988]"
1417,1417,"[0.16       0.15999854 0.15999758 0.15999922 0.15999741 0.15999822
 0.15999997 0.15999969 0.15999901 0.1599999 ]"
1418,1418,"[0.15999983 0.15999858 0.15999763 0.15999926 0.15999744 0.15999829
 0.15999992 0.15999971 0.15999848 0.15999991]"
1419,1419,"[0.15999982 0.15999862 0.15999781 0.1599993  0.15999743 0.15999836
 0.1599999  0.15999973 0.15999794 0.15999992]"
1420,1420,"[0.15999981 0.15999866 0.15999788 0.15999934 0.15999741 0.15999843
 0.15999989 0.15999975 0.15999755 0.15999993]"
1421,1421,"[0.1599998  0.1599987  0.1599978  0.15999938 0.15999743 0.1599985
 0.15999988 0.15999977 0.15999736 0.15999994]"
1422,1422,"[0.1599998  0.15999874 0.15999772 0.15999942 0.15999746 0.15999857
 0.15999987 0.15999979 0.15999735 0.15999994]"
1423,1423,"[0.15999979 0.15999878 0.15999765 0.15999947 0.15999749 0.15999864
 0.15999986 0.15999981 0.15999745 0.15999995]"
1424,1424,"[0.15999978 0.15999882 0.15999758 0.15999951 0.15999753 0.1599987
 0.15999984 0.15999983 0.1599976  0.15999996]"
1425,1425,"[0.15999977 0.15999886 0.15999752 0.15999956 0.15999756 0.15999877
 0.15999983 0.15999984 0.15999775 0.15999996]"
1426,1426,"[0.15999976 0.15999889 0.15999747 0.1599996  0.15999761 0.15999883
 0.15999982 0.15999986 0.15999789 0.15999997]"
1427,1427,"[0.15999975 0.15999893 0.15999743 0.15999964 0.15999765 0.1599989
 0.15999981 0.15999988 0.15999802 0.15999998]"
1428,1428,"[0.15999974 0.15999897 0.1599974  0.15999969 0.15999769 0.15999896
 0.1599998  0.15999989 0.15999813 0.15999998]"
1429,1429,"[0.15999974 0.159999   0.15999737 0.15999972 0.15999774 0.15999902
 0.15999979 0.15999991 0.15999822 0.15999998]"
1430,1430,"[0.15999973 0.15999904 0.15999735 0.15999997 0.15999779 0.15999907
 0.16000071 0.15999992 0.1599983  0.15999999]"
1431,1431,"[0.15999972 0.15999908 0.15999734 0.16       0.15999785 0.15999913
 0.15999817 0.15999993 0.15999837 0.15999999]"
1432,1432,"[0.15999971 0.15999911 0.15999733 0.16       0.1599979  0.15999918
 0.15999823 0.15999994 0.15999843 0.15999999]"
1433,1433,"[0.1599997  0.15999914 0.15999734 0.15999999 0.15999796 0.15999923
 0.15999829 0.15999995 0.15999849 0.16      ]"
1434,1434,"[0.15999969 0.15999918 0.15999735 0.15999999 0.15999802 0.15999928
 0.15999836 0.15999996 0.15999853 0.16      ]"
1435,1435,"[0.15999967 0.15999921 0.15999736 0.15999999 0.15999808 0.15999933
 0.15999842 0.15999997 0.15999857 0.16      ]"
1436,1436,"[0.15999966 0.15999924 0.15999739 0.15999999 0.15999814 0.15999937
 0.15999848 0.15999998 0.15999861 0.16      ]"
1437,1437,"[0.15999965 0.15999927 0.15999742 0.15999998 0.1599982  0.15999941
 0.15999854 0.15999998 0.15999864 0.16      ]"
1438,1438,"[0.15999964 0.1599993  0.15999745 0.15999998 0.15999826 0.15999945
 0.1599986  0.15999999 0.15999866 0.16      ]"
1439,1439,"[0.15999963 0.15999933 0.15999758 0.15999998 0.15999807 0.15999949
 0.15999866 0.15999999 0.15999869 0.16      ]"
1440,1440,"[0.15999962 0.15999936 0.15999763 0.15999997 0.15999766 0.15999953
 0.15999872 0.16       0.15999871 0.16      ]"
1441,1441,"[0.1599996  0.15999939 0.15999756 0.15999997 0.15999769 0.15999956
 0.15999878 0.16       0.15999872 0.16      ]"
1442,1442,"[0.15999959 0.15999942 0.1599975  0.15999996 0.15999847 0.1599996
 0.15999844 0.16       0.15999874 0.16      ]"
1443,1443,"[0.15999958 0.15999944 0.15999744 0.15999996 0.15999901 0.15999963
 0.15999736 0.16       0.15999875 0.15999999]"
1444,1444,"[0.15999956 0.15999947 0.1599974  0.15999995 0.15999907 0.15999965
 0.15999735 0.16       0.15999876 0.15999999]"
1445,1445,"[0.15999955 0.15999949 0.15999737 0.15999994 0.15999913 0.15999968
 0.15999734 0.16       0.15999877 0.15999999]"
1446,1446,"[0.15999954 0.15999952 0.15999735 0.15999994 0.15999918 0.15999971
 0.15999734 0.16       0.15999877 0.15999999]"
1447,1447,"[0.15999952 0.15999954 0.15999734 0.15999993 0.15999923 0.15999973
 0.15999733 0.16       0.15999878 0.15999998]"
1448,1448,"[0.15999951 0.15999956 0.15999733 0.15999992 0.15999928 0.15999975
 0.15999733 0.15999999 0.15999878 0.15999998]"
1449,1449,"[0.15999949 0.15999959 0.15999734 0.15999992 0.15999933 0.15999977
 0.15999734 0.15999999 0.15999877 0.15999998]"
1450,1450,"[0.15999948 0.15999961 0.15999736 0.15999991 0.15999938 0.15999979
 0.15999734 0.15999999 0.15999877 0.15999997]"
1451,1451,"[0.15999946 0.15999963 0.15999739 0.1599999  0.15999943 0.15999981
 0.15999735 0.15999998 0.15999877 0.15999997]"
1452,1452,"[0.15999945 0.15999965 0.15999743 0.15999989 0.15999947 0.15999982
 0.15999736 0.15999998 0.15999876 0.15999996]"
1453,1453,"[0.15999943 0.15999967 0.15999747 0.15999988 0.15999951 0.15999984
 0.15999737 0.15999997 0.15999875 0.15999995]"
1454,1454,"[0.15999941 0.15999969 0.15999753 0.15999987 0.15999955 0.15999985
 0.15999738 0.15999997 0.15999874 0.15999995]"
1455,1455,"[0.15999939 0.1599997  0.15999759 0.15999986 0.15999959 0.15999987
 0.15999739 0.15999996 0.15999873 0.15999994]"
1456,1456,"[0.15999938 0.15999972 0.15999766 0.15999985 0.15999963 0.15999988
 0.15999741 0.15999996 0.15999872 0.15999993]"
1457,1457,"[0.15999936 0.15999974 0.15999773 0.15999984 0.15999967 0.15999989
 0.15999742 0.15999995 0.1599987  0.15999992]"
1458,1458,"[0.15999934 0.15999975 0.15999781 0.15999983 0.1599997  0.1599999
 0.15999744 0.15999994 0.15999868 0.15999992]"
1459,1459,"[0.15999932 0.15999977 0.1599979  0.15999981 0.15999974 0.15999991
 0.15999746 0.15999994 0.15999867 0.15999991]"
1460,1460,"[0.1599993  0.15999978 0.15999798 0.1599998  0.15999977 0.15999992
 0.15999747 0.15999993 0.15999865 0.1599999 ]"
1461,1461,"[0.15999928 0.1599998  0.15999807 0.15999978 0.15999979 0.15999992
 0.15999749 0.15999992 0.15999863 0.15999989]"
1462,1462,"[0.15999926 0.15999981 0.15999817 0.15999977 0.15999982 0.15999993
 0.15999751 0.15999992 0.1599986  0.15999987]"
1463,1463,"[0.15999924 0.15999982 0.15999826 0.15999975 0.15999985 0.15999994
 0.15999753 0.15999991 0.15999858 0.15999986]"
1464,1464,"[0.15999921 0.15999983 0.15999835 0.15999974 0.15999987 0.15999994
 0.15999754 0.1599999  0.15999855 0.15999985]"
1465,1465,"[0.15999919 0.15999984 0.15999845 0.15999972 0.15999989 0.15999995
 0.15999756 0.1599999  0.15999853 0.15999984]"
1466,1466,"[0.15999917 0.15999986 0.15999854 0.1599997  0.15999991 0.15999995
 0.15999758 0.15999989 0.1599985  0.15999982]"
1467,1467,"[0.15999914 0.15999987 0.15999863 0.15999968 0.15999993 0.15999996
 0.1599976  0.15999989 0.15999847 0.15999981]"
1468,1468,"[0.15999912 0.15999988 0.15999873 0.15999965 0.15999995 0.15999996
 0.15999761 0.15999988 0.15999844 0.15999979]"
1469,1469,"[0.15999909 0.15999988 0.15999881 0.15999963 0.15999996 0.15999997
 0.15999763 0.15999988 0.15999841 0.15999977]"
1470,1470,"[0.15999906 0.15999989 0.1599989  0.1599996  0.15999997 0.15999997
 0.15999764 0.15999987 0.15999837 0.15999976]"
1471,1471,"[0.15999903 0.1599999  0.15999898 0.15999957 0.15999998 0.15999997
 0.15999766 0.15999987 0.15999834 0.15999974]"
1472,1472,"[0.159999   0.15999991 0.15999906 0.15999954 0.15999999 0.16000057
 0.15999767 0.15999987 0.1599983  0.16014337]"
1473,1473,"[0.15999897 0.15999992 0.15999914 0.1599995  0.15999999 0.15999999
 0.15999768 0.15999987 0.15999827 0.15999752]"
1474,1474,"[0.15999894 0.15999992 0.15999921 0.15999945 0.16       0.15999999
 0.15999769 0.15999988 0.15999823 0.15999753]"
1475,1475,"[0.15999891 0.15999993 0.15999928 0.1599994  0.16       0.15999999
 0.1599977  0.15999989 0.15999819 0.15999754]"
1476,1476,"[0.15999887 0.15999994 0.15999935 0.15999933 0.16       0.16
 0.15999771 0.1599999  0.15999815 0.15999756]"
1477,1477,"[0.15999883 0.15999994 0.15999941 0.15999925 0.16       0.16
 0.15999771 0.15999991 0.15999811 0.15999757]"
1478,1478,"[0.1599988  0.15999995 0.15999947 0.15999915 0.15999999 0.16
 0.15999772 0.15999994 0.15999807 0.15999758]"
1479,1479,"[0.15999876 0.15999995 0.15999953 0.159999   0.15999998 0.16
 0.15999772 0.15999996 0.15999803 0.1599976 ]"
1480,1480,"[0.15999871 0.15999996 0.15999958 0.15999882 0.15999997 0.16
 0.15999773 0.15999999 0.15999799 0.16004712]"
1481,1481,"[0.15999867 0.15999996 0.15999963 0.15999849 0.15999996 0.16
 0.15999773 0.15999999 0.15999795 0.15999991]"
1482,1482,"[0.15999863 0.15999997 0.15999967 0.15999796 0.15999994 0.16
 0.15999773 0.15999983 0.15999791 0.15999991]"
1483,1483,"[0.15999858 0.15999997 0.15999971 0.15999739 0.15999992 0.16
 0.15999773 0.159999   0.15999787 0.15999992]"
1484,1484,"[0.15999853 0.15999997 0.15999975 0.15999819 0.1599999  0.16
 0.15999773 0.15999755 0.15999783 0.15999993]"
1485,1485,"[0.15999849 0.15999998 0.15999978 0.15999954 0.15999988 0.16
 0.15999773 0.15999759 0.15999779 0.16000178]"
1486,1486,"[0.15999844 0.15999998 0.15999982 0.15999995 0.15999985 0.16
 0.15999774 0.15999817 0.15999776 0.15999754]"
1487,1487,"[0.15999839 0.15999998 0.15999984 0.16       0.15999982 0.16
 0.15999774 0.15999859 0.15999772 0.15999755]"
1488,1488,"[0.15999833 0.16000036 0.15999987 0.15999998 0.15999978 0.16000013
 0.15999918 0.15999885 0.15999768 0.15999757]"
1489,1489,"[0.15999828 0.15999951 0.15999989 0.15999994 0.15999975 0.15999978
 0.15999952 0.15999902 0.15999765 0.15999758]"
1490,1490,"[0.15999822 0.15999949 0.15999991 0.15999991 0.15999971 0.15999976
 0.15999948 0.15999914 0.15999762 0.1599976 ]"
1491,1491,"[0.15999817 0.15999948 0.15999993 0.15999989 0.15999966 0.15999975
 0.15999944 0.15999923 0.15999758 0.15999762]"
1492,1492,"[0.15999811 0.15999947 0.15999994 0.15999987 0.15999961 0.15999973
 0.15999939 0.1599993  0.15999755 0.15999763]"
1493,1493,"[0.15999806 0.15999946 0.15999995 0.15999986 0.15999956 0.15999971
 0.15999933 0.15999936 0.15999752 0.15999765]"
1494,1494,"[0.159998   0.15999944 0.15999996 0.15999985 0.1599995  0.1599997
 0.15999927 0.1599994  0.15999749 0.15999767]"
1495,1495,"[0.15999794 0.15999943 0.15999997 0.15999985 0.15999944 0.15999968
 0.1599992  0.15999944 0.15999747 0.15999769]"
1496,1496,"[0.15999789 0.15999941 0.15999998 0.15999984 0.15999938 0.15999966
 0.1599982  0.15999948 0.15999862 0.15999771]"
1497,1497,"[0.15999783 0.1599994  0.15999999 0.15999984 0.15999931 0.15999964
 0.15999814 0.15999951 0.15999855 0.15999772]"
1498,1498,"[0.15999778 0.15999938 0.15999999 0.15999984 0.15999924 0.15999961
 0.15999809 0.15999954 0.15999849 0.15999774]"
1499,1499,"[0.15999772 0.15999908 0.16       0.15999984 0.15999916 0.15999959
 0.15999904 0.15999948 0.15999842 0.15999775]"
1500,1500,"[0.15999767 0.15999775 0.16       0.15999984 0.15999908 0.15999956
 0.15999941 0.15999933 0.15999836 0.15999777]"
1501,1501,"[0.15999762 0.15999775 0.16       0.15999985 0.15999899 0.15999954
 0.15999937 0.15999933 0.15999829 0.15999778]"
1502,1502,"[0.15999757 0.15999774 0.16       0.15999985 0.15999889 0.15999951
 0.15999932 0.15999934 0.15999823 0.15999779]"
1503,1503,"[0.15999753 0.15999773 0.16       0.15999985 0.1599988  0.15999948
 0.15999928 0.15999934 0.15999816 0.15999779]"
1504,1504,"[0.15999749 0.15999773 0.16       0.15999986 0.15999869 0.15999944
 0.15999923 0.15999934 0.1599981  0.1599978 ]"
1505,1505,"[0.15999745 0.15999772 0.15999999 0.15999986 0.15999858 0.15999941
 0.15999918 0.15999933 0.15999804 0.1599978 ]"
1506,1506,"[0.15999742 0.15999771 0.15999999 0.15999987 0.15999847 0.15999937
 0.15999913 0.15999933 0.15999798 0.1599978 ]"
1507,1507,"[0.15999739 0.15999771 0.15999998 0.15999987 0.15999836 0.15999933
 0.15999907 0.15999931 0.15999792 0.1599978 ]"
1508,1508,"[0.15999737 0.1599977  0.15999998 0.15999988 0.15999824 0.15999929
 0.15999901 0.1599993  0.15999786 0.1599978 ]"
1509,1509,"[0.15999735 0.1599977  0.15999997 0.15999988 0.15999813 0.15999924
 0.15999895 0.15999928 0.1599978  0.15999779]"
1510,1510,"[0.16000115 0.15999769 0.15999995 0.15999989 0.15999801 0.1599992
 0.15999889 0.15999925 0.15999775 0.15999778]"
1511,1511,"[0.15999998 0.15999769 0.15999982 0.15999989 0.1599979  0.15999915
 0.15999882 0.15999922 0.1599977  0.15999777]"
1512,1512,"[0.15999994 0.15999841 0.15999978 0.1599999  0.1599978  0.15999909
 0.15999875 0.15999917 0.15999765 0.1599983 ]"
1513,1513,"[0.15999984 0.15999884 0.15999974 0.15999991 0.15999771 0.15999904
 0.15999867 0.15999912 0.1599976  0.15999868]"
1514,1514,"[0.15999965 0.15999879 0.1599997  0.15999991 0.15999763 0.15999898
 0.1599986  0.15999904 0.15999756 0.15999866]"
1515,1515,"[0.15999929 0.15999875 0.15999965 0.15999992 0.15999756 0.15999891
 0.15999852 0.15999895 0.15999752 0.15999863]"
1516,1516,"[0.1599987  0.15999871 0.15999959 0.15999992 0.1599975  0.16000006
 0.15999844 0.15999883 0.16000618 0.15999859]"
1517,1517,"[0.15999798 0.15999867 0.15999953 0.15999993 0.15999745 0.15999927
 0.15999835 0.15999868 0.1599992  0.15999856]"
1518,1518,"[0.15999745 0.15999862 0.15999947 0.15999993 0.15999741 0.15999923
 0.15999827 0.15999849 0.15999916 0.15999852]"
1519,1519,"[0.15999735 0.15999858 0.1599994  0.15999994 0.15999738 0.1599992
 0.15999819 0.15999824 0.15999912 0.15999848]"
1520,1520,"[0.15999757 0.15999853 0.15999933 0.15999995 0.15999736 0.15999915
 0.1599981  0.15999794 0.15999908 0.15999844]"
1521,1521,"[0.15999788 0.15999848 0.15999926 0.15999995 0.15999735 0.15999911
 0.15999802 0.15999763 0.15999904 0.15999839]"
1522,1522,"[0.15999819 0.15999844 0.15999918 0.15999996 0.15999734 0.15999907
 0.15999793 0.1599974  0.15999899 0.15999834]"
1523,1523,"[0.15999844 0.15999839 0.15999911 0.15999996 0.15999734 0.15999902
 0.15999785 0.15999735 0.15999894 0.15999829]"
1524,1524,"[0.15999865 0.15999834 0.15999902 0.15999997 0.15999733 0.15999897
 0.15999777 0.15999755 0.1599989  0.15999823]"
1525,1525,"[0.15999882 0.15999829 0.15999894 0.15999997 0.15999733 0.15999891
 0.1599977  0.159999   0.15999906 0.15999817]"
1526,1526,"[0.15999896 0.15999824 0.15999885 0.15999998 0.15999733 0.15999886
 0.15999763 0.15999952 0.1599992  0.15999811]"
1527,1527,"[0.15999907 0.15999819 0.15999877 0.15999998 0.15999733 0.1599988
 0.15999756 0.15999957 0.15999916 0.15999805]"
1528,1528,"[0.15999916 0.15999814 0.15999868 0.15999999 0.15999734 0.15999874
 0.1599975  0.1599996  0.15999912 0.15999799]"
1529,1529,"[0.15999924 0.15999809 0.15999859 0.15999999 0.15999734 0.15999867
 0.15999745 0.15999963 0.15999907 0.15999792]"
1530,1530,"[0.15999931 0.15999805 0.1599985  0.15999999 0.15999734 0.1599986
 0.15999741 0.15999965 0.15999902 0.15999786]"
1531,1531,"[0.15999937 0.159998   0.15999841 0.16       0.15999758 0.15999853
 0.1599978  0.15999967 0.15999897 0.15999779]"
1532,1532,"[0.15999942 0.15999795 0.15999832 0.16       0.1599975  0.15999846
 0.1599976  0.15999969 0.15999892 0.15999773]"
1533,1533,"[0.15999946 0.1599979  0.15999823 0.16       0.15999748 0.15999838
 0.15999754 0.1599997  0.15999886 0.15999767]"
1534,1534,"[0.1599995  0.15999785 0.15999814 0.16       0.15999797 0.1599983
 0.15999756 0.15999971 0.15999881 0.15999761]"
1535,1535,"[0.15999954 0.15999781 0.15999806 0.16       0.15999834 0.15999822
 0.15999759 0.15999973 0.15999875 0.15999756]"
1536,1536,"[0.15999957 0.15999776 0.15999797 0.16       0.15999828 0.15999814
 0.15999752 0.15999973 0.15999869 0.15999751]"
1537,1537,"[0.1599996  0.15999772 0.15999789 0.15999999 0.15999821 0.15999806
 0.15999746 0.15999974 0.15999863 0.15999746]"
1538,1538,"[0.15999963 0.15999768 0.15999782 0.15999999 0.15999814 0.15999798
 0.15999741 0.15999975 0.15999857 0.15999742]"
1539,1539,"[0.15999966 0.15999764 0.15999774 0.15999998 0.15999808 0.15999789
 0.15999737 0.15999975 0.15999851 0.15999739]"
1540,1540,"[0.15999968 0.1599976  0.15999768 0.15999998 0.15999801 0.15999781
 0.15999735 0.15999976 0.15999845 0.15999736]"
1541,1541,"[0.1599997  0.15999756 0.15999762 0.15999997 0.15999794 0.15999774
 0.15999733 0.15999976 0.15999838 0.15999735]"
1542,1542,"[0.15999973 0.15999753 0.15999756 0.15999996 0.15999788 0.15999766
 0.15999734 0.15999976 0.15999832 0.15999734]"
1543,1543,"[0.15999975 0.1599975  0.15999751 0.15999994 0.15999782 0.15999759
 0.15999779 0.15999977 0.15999943 0.15999733]"
1544,1544,"[0.15999976 0.15999747 0.15999746 0.15999993 0.15999775 0.15999753
 0.15999812 0.15999977 0.15999968 0.15999734]"
1545,1545,"[0.15999978 0.15999744 0.15999743 0.15999991 0.1599977  0.15999747
 0.15999806 0.15999977 0.15999966 0.15999736]"
1546,1546,"[0.16001482 0.15999742 0.15999739 0.16002032 0.15999764 0.15999742
 0.15999803 0.15999977 0.15999963 0.15999738]"
1547,1547,"[0.15999738 0.1599974  0.15999737 0.15999745 0.15999759 0.15999738
 0.15999804 0.15999977 0.15999961 0.15999741]"
1548,1548,"[0.15999734 0.15999738 0.15999735 0.15999748 0.15999754 0.15999736
 0.1599982  0.15999977 0.15999958 0.15999745]"
1549,1549,"[0.15999734 0.15999737 0.15999734 0.1599975  0.15999749 0.15999734
 0.15999942 0.15999977 0.15999955 0.1599975 ]"
1550,1550,"[0.15999738 0.15999735 0.15999733 0.15999753 0.15999814 0.15999733
 0.1599981  0.16000046 0.15999952 0.15999755]"
1551,1551,"[0.15999747 0.15999734 0.15999733 0.15999755 0.15999856 0.15999734
 0.15999734 0.15999985 0.15999949 0.15999762]"
1552,1552,"[0.15999759 0.15999734 0.15999734 0.15999756 0.15999847 0.15999736
 0.15999739 0.15999985 0.15999946 0.15999768]"
1553,1553,"[0.15999774 0.15999733 0.15999736 0.15999758 0.15999838 0.15999739
 0.15999743 0.15999985 0.15999943 0.15999776]"
1554,1554,"[0.15999791 0.15999733 0.15999737 0.15999758 0.15999829 0.15999743
 0.15999747 0.15999984 0.1599994  0.15999783]"
1555,1555,"[0.1599981  0.15999734 0.1599974  0.15999995 0.1599982  0.15999752
 0.1599975  0.15999984 0.15999936 0.15999791]"
1556,1556,"[0.1599983  0.15999734 0.15999743 0.15999996 0.15999811 0.15999744
 0.15999752 0.15999983 0.15999933 0.159998  ]"
1557,1557,"[0.1599985  0.15999735 0.15999746 0.15999998 0.15999803 0.15999739
 0.15999754 0.15999983 0.15999929 0.15999809]"
1558,1558,"[0.1599987  0.15999736 0.1599975  0.15999999 0.15999795 0.15999735
 0.15999756 0.15999982 0.15999926 0.15999818]"
1559,1559,"[0.15999889 0.15999737 0.15999754 0.15999999 0.15999787 0.15999733
 0.15999758 0.15999982 0.15999922 0.15999827]"
1560,1560,"[0.15999907 0.15999738 0.15999759 0.16       0.15999779 0.15999734
 0.1599976  0.15999981 0.15999918 0.15999836]"
1561,1561,"[0.15999924 0.1599974  0.15999763 0.16       0.15999772 0.15999737
 0.15999762 0.15999981 0.15999914 0.15999845]"
1562,1562,"[0.15999939 0.15999742 0.15999768 0.16       0.15999765 0.15999741
 0.15999764 0.1599998  0.15999911 0.15999854]"
1563,1563,"[0.15999952 0.15999744 0.15999774 0.16       0.15999759 0.15999747
 0.15999766 0.15999979 0.15999907 0.15999863]"
1564,1564,"[0.15999963 0.15999746 0.15999779 0.16       0.15999753 0.15999755
 0.15999768 0.15999979 0.15999903 0.15999871]"
1565,1565,"[0.15999973 0.15999749 0.15999785 0.15999999 0.15999749 0.15999763
 0.1599977  0.15999978 0.15999898 0.1599988 ]"
1566,1566,"[0.15999981 0.15999752 0.15999791 0.15999998 0.15999744 0.15999773
 0.15999772 0.15999977 0.15999894 0.15999888]"
1567,1567,"[0.15999987 0.15999754 0.15999797 0.15999998 0.15999741 0.15999783
 0.15999775 0.15999967 0.15999995 0.15999896]"
1568,1568,"[0.15999992 0.15999757 0.15999803 0.15999997 0.15999738 0.15999793
 0.15999777 0.15999933 0.15999995 0.15999903]"
1569,1569,"[0.15999996 0.1599976  0.15999809 0.15999996 0.15999736 0.15999803
 0.15999779 0.15999931 0.15999995 0.15999911]"
1570,1570,"[0.15999998 0.15999764 0.15999816 0.15999994 0.15999734 0.15999814
 0.15999781 0.15999929 0.15999995 0.15999918]"
1571,1571,"[0.15999999 0.15999767 0.15999822 0.15999993 0.15999733 0.15999824
 0.15999784 0.15999927 0.15999996 0.15999924]"
1572,1572,"[0.16       0.1599977  0.15999829 0.15999992 0.15999733 0.15999833
 0.15999786 0.15999925 0.15999996 0.1599993 ]"
1573,1573,"[0.16       0.15999774 0.15999835 0.1599999  0.15999734 0.15999843
 0.15999788 0.15999922 0.15999996 0.15999936]"
1574,1574,"[0.15999999 0.15999778 0.15999841 0.15999988 0.15999735 0.15999851
 0.15999791 0.1599992  0.15999997 0.15999942]"
1575,1575,"[0.15999998 0.15999781 0.15999848 0.15999986 0.15999737 0.1599986
 0.15999793 0.15999917 0.15999997 0.15999947]"
1576,1576,"[0.15999996 0.15999785 0.15999854 0.15999984 0.1599974  0.15999868
 0.15999796 0.15999915 0.15999998 0.15999952]"
1577,1577,"[0.15999994 0.15999789 0.1599986  0.15999982 0.15999743 0.15999875
 0.15999798 0.15999912 0.15999998 0.15999957]"
1578,1578,"[0.15999992 0.15999793 0.15999866 0.1599998  0.15999741 0.15999882
 0.15999801 0.1599991  0.15999998 0.15999946]"
1579,1579,"[0.15999989 0.15999796 0.15999872 0.15999977 0.15999734 0.15999888
 0.15999803 0.15999907 0.15999999 0.15999903]"
1580,1580,"[0.15999987 0.159998   0.15999878 0.15999975 0.15999733 0.15999894
 0.15999806 0.15999904 0.15999999 0.15999909]"
1581,1581,"[0.15999984 0.15999804 0.15999884 0.15999972 0.15999733 0.159999
 0.15999808 0.15999901 0.15999999 0.15999915]"
1582,1582,"[0.15999981 0.15999808 0.1599989  0.15999969 0.15999734 0.15999905
 0.15999811 0.15999899 0.16       0.15999921]"
1583,1583,"[0.15999978 0.15999812 0.15999895 0.15999966 0.15999735 0.1599991
 0.15999813 0.15999896 0.16       0.15999926]"
1584,1584,"[0.15999976 0.15999816 0.15999901 0.15999963 0.15999736 0.15999915
 0.15999816 0.15999893 0.16       0.15999931]"
1585,1585,"[0.15999973 0.1599982  0.15999906 0.1599996  0.15999738 0.15999919
 0.15999818 0.1599989  0.16       0.15999936]"
1586,1586,"[0.15999971 0.15999824 0.15999911 0.15999956 0.15999739 0.15999923
 0.1599982  0.15999887 0.16       0.15999941]"
1587,1587,"[0.15999968 0.15999828 0.15999916 0.15999953 0.15999742 0.15999926
 0.15999822 0.15999884 0.16       0.15999945]"
1588,1588,"[0.15999966 0.15999832 0.1599992  0.15999949 0.15999744 0.1599993
 0.15999825 0.15999881 0.16       0.15999949]"
1589,1589,"[0.15999964 0.15999835 0.15999925 0.15999945 0.15999747 0.15999933
 0.15999827 0.15999878 0.16       0.15999953]"
1590,1590,"[0.16000073 0.15999839 0.15999929 0.15999941 0.15999743 0.15999936
 0.15999829 0.15999875 0.16       0.15999957]"
1591,1591,"[0.15999994 0.15999843 0.15999933 0.15999937 0.15999735 0.15999939
 0.15999831 0.15999872 0.15999999 0.1599996 ]"
1592,1592,"[0.16       0.15999847 0.15999937 0.15999932 0.15999736 0.15999942
 0.15999832 0.15999869 0.15999999 0.15999963]"
1593,1593,"[0.15999993 0.1599985  0.15999941 0.15999928 0.15999737 0.15999944
 0.15999834 0.15999865 0.15999998 0.15999967]"
1594,1594,"[0.15999981 0.15999854 0.15999945 0.15999923 0.15999739 0.15999947
 0.15999836 0.15999862 0.15999998 0.15999969]"
1595,1595,"[0.15999968 0.15999857 0.15999948 0.15999918 0.15999741 0.15999949
 0.15999837 0.15999859 0.15999997 0.15999972]"
1596,1596,"[0.15999955 0.1599986  0.15999952 0.15999913 0.15999744 0.15999951
 0.15999838 0.15999856 0.15999996 0.15999975]"
1597,1597,"[0.15999964 0.15999883 0.15999955 0.15999908 0.15999746 0.15999954
 0.15999839 0.15999853 0.15999995 0.15999977]"
1598,1598,"[0.15999751 0.1599975  0.15999958 0.15999902 0.15999749 0.15999956
 0.15999841 0.1599985  0.15999994 0.15999979]"
1599,1599,"[0.15999747 0.15999752 0.1599996  0.15999897 0.15999752 0.1599994
 0.15999841 0.15999895 0.15999993 0.15999982]"
1600,1600,"[0.15999744 0.15999755 0.15999963 0.15999891 0.15999755 0.15999884
 0.15999842 0.15999925 0.15999991 0.15999984]"
1601,1601,"[0.15999741 0.15999757 0.15999966 0.15999885 0.15999758 0.15999888
 0.15999843 0.15999923 0.1599999  0.15999985]"
1602,1602,"[0.15999739 0.1599976  0.15999968 0.15999879 0.15999762 0.15999893
 0.15999843 0.15999921 0.15999988 0.15999987]"
1603,1603,"[0.15999737 0.15999763 0.1599997  0.15999873 0.15999765 0.15999897
 0.15999843 0.15999919 0.15999986 0.15999989]"
1604,1604,"[0.15999735 0.15999766 0.15999972 0.15999867 0.15999796 0.15999901
 0.15999843 0.15999916 0.15999991 0.15999993]"
1605,1605,"[0.15999734 0.15999769 0.15999974 0.15999861 0.15999827 0.15999905
 0.15999843 0.15999914 0.15999993 0.15999896]"
1606,1606,"[0.15999734 0.15999772 0.15999976 0.15999854 0.15999832 0.15999909
 0.15999843 0.15999912 0.15999993 0.15999901]"
1607,1607,"[0.15999733 0.15999775 0.15999978 0.15999848 0.15999837 0.16000227
 0.15999995 0.1599991  0.15999992 0.15999906]"
1608,1608,"[0.15999734 0.15999778 0.15999979 0.15999842 0.15999841 0.15999774
 0.15999887 0.15999908 0.15999992 0.15999911]"
1609,1609,"[0.15999734 0.15999781 0.15999981 0.15999835 0.15999846 0.15999778
 0.15999876 0.15999906 0.15999991 0.15999915]"
1610,1610,"[0.15999735 0.15999785 0.15999982 0.15999829 0.1599985  0.15999783
 0.15999864 0.15999904 0.1599999  0.1599992 ]"
1611,1611,"[0.15999737 0.15999788 0.15999983 0.15999822 0.15999855 0.15999787
 0.15999852 0.15999902 0.15999989 0.15999925]"
1612,1612,"[0.15999738 0.15999791 0.15999984 0.15999816 0.15999859 0.15999791
 0.15999839 0.159999   0.15999989 0.15999929]"
1613,1613,"[0.1599974  0.15999795 0.15999985 0.1599981  0.15999863 0.15999796
 0.15999825 0.15999898 0.15999988 0.15999933]"
1614,1614,"[0.15999743 0.15999798 0.15999986 0.15999804 0.15999868 0.159998
 0.15999812 0.15999896 0.15999987 0.15999937]"
1615,1615,"[0.15999745 0.15999801 0.15999987 0.15999798 0.15999872 0.15999805
 0.159998   0.15999894 0.15999986 0.15999941]"
1616,1616,"[0.15999748 0.15999805 0.15999988 0.15999792 0.15999876 0.15999809
 0.15999788 0.15999892 0.15999985 0.15999945]"
1617,1617,"[0.15999751 0.15999808 0.15999989 0.15999786 0.15999915 0.15999813
 0.15999777 0.1599989  0.16000658 0.15999949]"
1618,1618,"[0.15999755 0.15999811 0.1599999  0.15999781 0.15999815 0.15999818
 0.15999768 0.15999888 0.15999855 0.15999952]"
1619,1619,"[0.15999758 0.15999814 0.1599999  0.15999775 0.15999819 0.15999822
 0.1599976  0.15999886 0.15999848 0.15999956]"
1620,1620,"[0.15999762 0.15999818 0.15999991 0.1599977  0.15999823 0.15999826
 0.15999753 0.15999884 0.15999841 0.15999959]"
1621,1621,"[0.15999766 0.15999821 0.15999992 0.15999765 0.15999827 0.1599983
 0.15999748 0.15999882 0.15999834 0.15999962]"
1622,1622,"[0.1599977  0.15999824 0.15999992 0.15999761 0.15999831 0.15999834
 0.15999743 0.1599988  0.15999827 0.15999965]"
1623,1623,"[0.15999774 0.15999827 0.15999993 0.15999756 0.15999834 0.15999839
 0.1599974  0.15999878 0.1599982  0.15999968]"
1624,1624,"[0.15999778 0.15999831 0.15999993 0.15999752 0.15999838 0.15999843
 0.15999738 0.15999876 0.15999813 0.15999971]"
1625,1625,"[0.15999783 0.15999834 0.15999993 0.15999749 0.15999842 0.15999846
 0.15999736 0.15999874 0.15999806 0.15999973]"
1626,1626,"[0.15999787 0.15999837 0.15999994 0.15999746 0.15999845 0.1599985
 0.15999735 0.15999873 0.15999799 0.15999976]"
1627,1627,"[0.15999792 0.1599984  0.15999994 0.15999743 0.15999849 0.15999854
 0.15999734 0.15999871 0.15999792 0.15999978]"
1628,1628,"[0.15999796 0.15999843 0.15999994 0.1599974  0.15999852 0.15999858
 0.15999734 0.15999869 0.15999785 0.1599998 ]"
1629,1629,"[0.15999801 0.15999846 0.15999995 0.15999738 0.15999856 0.15999862
 0.15999734 0.15999867 0.15999779 0.15999982]"
1630,1630,"[0.15999806 0.15999849 0.15999995 0.15999736 0.15999859 0.15999899
 0.15999734 0.15999866 0.15999773 0.1599998 ]"
1631,1631,"[0.15999811 0.15999852 0.15999995 0.15999735 0.15999862 0.15999927
 0.15999733 0.15999864 0.15999767 0.15999973]"
1632,1632,"[0.15999815 0.15999855 0.15999995 0.15999734 0.15999865 0.15999928
 0.15999733 0.15999862 0.15999761 0.15999977]"
1633,1633,"[0.1599982  0.15999857 0.15999995 0.15999733 0.15999868 0.15999929
 0.15999733 0.15999861 0.15999756 0.1599998 ]"
1634,1634,"[0.15999825 0.1599986  0.15999996 0.15999733 0.15999871 0.1599993
 0.15999733 0.15999859 0.15999752 0.15999983]"
1635,1635,"[0.15999829 0.15999863 0.15999994 0.15999734 0.15999873 0.15999931
 0.15999733 0.15999857 0.15999747 0.1599998 ]"
1636,1636,"[0.15999834 0.15999866 0.15999992 0.15999734 0.15999876 0.15999931
 0.15999733 0.15999856 0.15999744 0.15999934]"
1637,1637,"[0.15999839 0.15999868 0.15999993 0.15999735 0.15999879 0.15999932
 0.15999733 0.15999854 0.15999741 0.15999942]"
1638,1638,"[0.15999843 0.15999871 0.15999994 0.15999737 0.15999881 0.15999933
 0.15999734 0.15999853 0.15999738 0.15999951]"
1639,1639,"[0.15999848 0.15999873 0.15999994 0.15999738 0.15999883 0.15999934
 0.15999734 0.15999851 0.15999736 0.15999958]"
1640,1640,"[0.15999852 0.15999876 0.15999995 0.1599974  0.15999886 0.15999934
 0.15999734 0.1599985  0.15999734 0.15999965]"
1641,1641,"[0.15999857 0.15999878 0.15999995 0.15999743 0.15999888 0.15999935
 0.15999734 0.15999849 0.15999734 0.15999972]"
1642,1642,"[0.15999861 0.15999881 0.15999996 0.15999745 0.1599989  0.15999935
 0.15999735 0.15999847 0.15999733 0.15999978]"
1643,1643,"[0.15999866 0.15999883 0.15999996 0.15999748 0.15999892 0.15999936
 0.15999735 0.15999846 0.15999734 0.15999983]"
1644,1644,"[0.1599987  0.15999886 0.15999997 0.15999752 0.15999893 0.15999936
 0.15999736 0.15999845 0.15999735 0.15999987]"
1645,1645,"[0.15999874 0.15999888 0.15999997 0.15999755 0.15999895 0.15999936
 0.15999737 0.15999843 0.15999736 0.15999991]"
1646,1646,"[0.15999878 0.1599989  0.15999997 0.15999759 0.15999897 0.15999937
 0.15999738 0.15999842 0.15999739 0.15999994]"
1647,1647,"[0.15999882 0.15999893 0.15999997 0.15999763 0.15999898 0.15999937
 0.15999739 0.15999841 0.15999741 0.15999996]"
1648,1648,"[0.15999886 0.15999895 0.15999998 0.15999767 0.159999   0.15999937
 0.15999741 0.1599984  0.15999745 0.15999998]"
1649,1649,"[0.1599989  0.15999897 0.15999998 0.15999771 0.15999901 0.15999937
 0.15999742 0.15999838 0.15999749 0.15999999]"
1650,1650,"[0.15999894 0.15999989 0.15999998 0.15999775 0.15999902 0.16007469
 0.15999744 0.15999837 0.15999753 0.16      ]"
1651,1651,"[0.15999898 0.15999788 0.16000001 0.1599978  0.15999903 0.15999746
 0.15999747 0.15999836 0.15999758 0.16      ]"
1652,1652,"[0.15999901 0.15999734 0.16       0.15999785 0.15999904 0.15999748
 0.15999749 0.15999835 0.15999763 0.16      ]"
1653,1653,"[0.15999905 0.15999734 0.16       0.15999789 0.15999905 0.1599975
 0.15999752 0.15999833 0.15999769 0.16      ]"
1654,1654,"[0.15999908 0.15999733 0.16000089 0.15999771 0.15999905 0.15999753
 0.15999754 0.15999832 0.15999775 0.15999999]"
1655,1655,"[0.15999912 0.15999733 0.15999822 0.15999733 0.15999905 0.15999756
 0.15999757 0.15999831 0.15999781 0.15999998]"
1656,1656,"[0.15999915 0.15999733 0.15999818 0.15999733 0.15999905 0.15999758
 0.15999761 0.15999829 0.15999787 0.15999997]"
1657,1657,"[0.15999919 0.15999733 0.15999815 0.15999872 0.15999905 0.15999761
 0.15999777 0.15999828 0.15999794 0.15999996]"
1658,1658,"[0.15999922 0.15999733 0.15999811 0.15999761 0.15999905 0.15999763
 0.15999753 0.15999827 0.15999801 0.15999995]"
1659,1659,"[0.15999925 0.15999734 0.15999807 0.1599976  0.15999904 0.15999766
 0.15999757 0.15999825 0.15999808 0.15999994]"
1660,1660,"[0.15999928 0.15999734 0.15999803 0.15999758 0.15999904 0.15999768
 0.1599976  0.15999824 0.15999816 0.15999993]"
1661,1661,"[0.1600249  0.15999865 0.15999799 0.15999757 0.15999903 0.15999771
 0.15999764 0.15999822 0.15999823 0.15999992]"
1662,1662,"[0.15999971 0.15999804 0.15999796 0.15999756 0.15999901 0.15999773
 0.15999768 0.1599982  0.15999831 0.15999991]"
1663,1663,"[0.15999971 0.15999806 0.15999792 0.15999756 0.159999   0.15999775
 0.15999772 0.15999818 0.15999838 0.1599999 ]"
1664,1664,"[0.15999971 0.15999808 0.15999788 0.15999755 0.15999898 0.15999777
 0.15999776 0.15999816 0.15999845 0.15999989]"
1665,1665,"[0.15999971 0.1599981  0.15999785 0.15999754 0.15999897 0.15999778
 0.15999766 0.15999814 0.1600015  0.15999988]"
1666,1666,"[0.16000273 0.15999812 0.15999834 0.15999754 0.15999895 0.1599978
 0.15999749 0.15999812 0.15999977 0.15999988]"
1667,1667,"[0.15999742 0.15999814 0.1599987  0.15999753 0.15999893 0.15999781
 0.15999752 0.1599981  0.15999976 0.15999987]"
1668,1668,"[0.15999742 0.15999816 0.15999866 0.15999753 0.1599989  0.15999782
 0.15999756 0.15999808 0.15999975 0.15999986]"
1669,1669,"[0.15999702 0.15999818 0.15999861 0.15999753 0.15999888 0.15999788
 0.15999759 0.15999805 0.15999974 0.15999986]"
1670,1670,"[0.15999882 0.1599982  0.15999857 0.15999754 0.15999885 0.15999752
 0.15999763 0.15999802 0.15999974 0.15999985]"
1671,1671,"[0.15999881 0.15999822 0.15999852 0.15999754 0.15999883 0.1599975
 0.15999767 0.15999822 0.15999972 0.15999985]"
1672,1672,"[0.1599988  0.15999824 0.15999848 0.15999754 0.1599988  0.15999748
 0.15999771 0.15999841 0.15999756 0.15999985]"
1673,1673,"[0.15999878 0.15999826 0.15999843 0.15999755 0.15999877 0.15999747
 0.15999774 0.15999838 0.1599976  0.15999985]"
1674,1674,"[0.15999877 0.15999828 0.15999838 0.15999756 0.15999874 0.15999745
 0.15999778 0.15999835 0.15999764 0.15999985]"
1675,1675,"[0.15999876 0.1599983  0.15999833 0.15999757 0.15999871 0.15999743
 0.15999782 0.15999831 0.15999767 0.15999985]"
1676,1676,"[0.15999875 0.15999832 0.15999829 0.15999758 0.15999868 0.15999742
 0.15999786 0.15999828 0.15999771 0.15999985]"
1677,1677,"[0.15999873 0.15999834 0.15999824 0.15999759 0.15999865 0.15999741
 0.15999789 0.15999824 0.15999776 0.15999985]"
1678,1678,"[0.15999872 0.15999836 0.15999819 0.15999761 0.15999862 0.15999739
 0.15999793 0.15999821 0.1599978  0.15999985]"
1679,1679,"[0.15999871 0.15999838 0.15999814 0.15999763 0.15999859 0.15999738
 0.15999796 0.15999817 0.15999784 0.15999985]"
1680,1680,"[0.15999869 0.1599984  0.15999809 0.15999765 0.15999857 0.15999737
 0.159998   0.15999813 0.15999789 0.15999985]"
1681,1681,"[0.15999868 0.15999841 0.15999804 0.15999767 0.15999854 0.15999736
 0.15999803 0.15999809 0.15999793 0.15999986]"
1682,1682,"[0.15999866 0.15999843 0.159998   0.15999769 0.15999852 0.15999735
 0.15999806 0.15999804 0.15999798 0.15999986]"
1683,1683,"[0.15999865 0.15999844 0.15999795 0.15999771 0.15999849 0.15999735
 0.15999809 0.159998   0.15999803 0.15999986]"
1684,1684,"[0.15999863 0.15999846 0.1599979  0.15999774 0.15999847 0.15999734
 0.15999812 0.15999796 0.15999807 0.15999987]"
1685,1685,"[0.15999862 0.15999847 0.15999785 0.16004205 0.15999845 0.15999734
 0.15999814 0.15999791 0.15999826 0.15999987]"
1686,1686,"[0.1599986  0.15999848 0.15999781 0.15999993 0.15999843 0.15999733
 0.15999817 0.15999787 0.15999734 0.15999988]"
1687,1687,"[0.15999858 0.15999849 0.15999776 0.15999993 0.15999842 0.15999733
 0.15999819 0.15999783 0.15999735 0.15999988]"
1688,1688,"[0.15999857 0.1599985  0.15999772 0.15999992 0.1599975  0.15999733
 0.15999821 0.15999779 0.15999717 0.15999988]"
1689,1689,"[0.15999855 0.15999851 0.15999768 0.15999991 0.15999999 0.15999734
 0.15999824 0.15999774 0.15999811 0.15999989]"
1690,1690,"[0.15999854 0.15999852 0.15999764 0.15999991 0.16       0.15999734
 0.15999826 0.1599977  0.15999805 0.15999989]"
1691,1691,"[0.15999852 0.15999852 0.1599976  0.1599999  0.16000606 0.15999735
 0.15999814 0.15999766 0.15999798 0.1599999 ]"
1692,1692,"[0.1599985  0.15999853 0.15999756 0.15999989 0.15999953 0.15999736
 0.15999801 0.15999763 0.15999792 0.1599999 ]"
1693,1693,"[0.15999848 0.1600002  0.15999753 0.16000043 0.15999958 0.15999737
 0.15999803 0.15999759 0.15999786 0.15999991]"
1694,1694,"[0.15999847 0.15999998 0.1599975  0.15999977 0.15999963 0.15999738
 0.15999804 0.15999755 0.15999781 0.15999991]"
1695,1695,"[0.15999845 0.15999998 0.15999747 0.15999977 0.15999961 0.1599974
 0.15999805 0.15999761 0.15999775 0.15999992]"
1696,1696,"[0.15999843 0.15999998 0.15999744 0.15999977 0.15999781 0.15999742
 0.15999806 0.15999767 0.1599977  0.15999992]"
1697,1697,"[0.15999841 0.15999998 0.15999742 0.15999976 0.15999787 0.15999744
 0.15999807 0.15999763 0.15999765 0.15999993]"
1698,1698,"[0.1599984  0.15999998 0.1599974  0.15999976 0.15999793 0.15999746
 0.15999807 0.1599976  0.1599976  0.15999993]"
1699,1699,"[0.15999838 0.15999998 0.15999738 0.15999976 0.15999799 0.15999748
 0.15999808 0.15999757 0.15999756 0.15999994]"
1700,1700,"[0.15999836 0.15999998 0.15999737 0.15999976 0.15999806 0.15999751
 0.15999809 0.15999754 0.15999752 0.15999994]"
1701,1701,"[0.15999834 0.15999997 0.15999735 0.15999976 0.15999813 0.15999754
 0.15999809 0.15999751 0.15999748 0.15999995]"
1702,1702,"[0.15999832 0.15999997 0.15999734 0.15999976 0.1599982  0.15999757
 0.1599981  0.15999749 0.15999745 0.15999995]"
1703,1703,"[0.1599983  0.15999997 0.15999734 0.15999976 0.15999828 0.1599976
 0.15999811 0.15999747 0.15999742 0.15999996]"
1704,1704,"[0.15999828 0.15999997 0.15999733 0.15999976 0.15999836 0.15999764
 0.15999811 0.15999745 0.1599974  0.15999996]"
1705,1705,"[0.15999826 0.15999997 0.15999733 0.15999975 0.15999844 0.15999767
 0.15999812 0.15999743 0.15999737 0.15999997]"
1706,1706,"[0.15999825 0.15999997 0.15999734 0.15999975 0.15999852 0.15999771
 0.15999812 0.15999741 0.15999736 0.15999997]"
1707,1707,"[0.15999823 0.15999997 0.15999734 0.15999975 0.15999861 0.15999775
 0.15999813 0.1599974  0.15999735 0.15999997]"
1708,1708,"[0.15999821 0.15999997 0.15999735 0.15999975 0.15999871 0.15999779
 0.15999814 0.15999738 0.15999734 0.15999998]"
1709,1709,"[0.15999819 0.15999997 0.15999736 0.15999975 0.1599988  0.15999784
 0.15999814 0.15999737 0.15999733 0.15999998]"
1710,1710,"[0.15999817 0.15999997 0.15999738 0.15999975 0.1599989  0.15999788
 0.15999815 0.15999736 0.15999733 0.15999999]"
1711,1711,"[0.15999815 0.15999997 0.15999739 0.15999975 0.15999874 0.15999792
 0.15999815 0.15999736 0.15999706 0.15999999]"
1712,1712,"[0.15999813 0.15999997 0.15999741 0.15999975 0.15999983 0.15999797
 0.15999816 0.15999735 0.15999851 0.15999999]"
1713,1713,"[0.15999811 0.15999997 0.15999743 0.15999975 0.15999987 0.15999802
 0.15999817 0.15999734 0.15999856 0.15999999]"
1714,1714,"[0.15999809 0.15999997 0.15999746 0.15999974 0.15999991 0.15999806
 0.15999818 0.15999734 0.15999862 0.16      ]"
1715,1715,"[0.15999807 0.15999997 0.15999749 0.15999974 0.15999994 0.15999811
 0.15999818 0.15999734 0.15999867 0.16      ]"
1716,1716,"[0.15999805 0.15999997 0.15999752 0.15999974 0.15999997 0.15999816
 0.15999819 0.15999734 0.15999872 0.16      ]"
1717,1717,"[0.15999804 0.15999997 0.15999755 0.15999974 0.15999999 0.15999821
 0.1599982  0.15999733 0.15999878 0.16      ]"
1718,1718,"[0.15999802 0.15999998 0.15999758 0.15999974 0.16       0.15999825
 0.15999821 0.15999742 0.15999883 0.16000014]"
1719,1719,"[0.159998   0.15999998 0.15999762 0.15999974 0.16       0.1599983
 0.15999822 0.15999753 0.15999888 0.15999965]"
1720,1720,"[0.15999798 0.15999998 0.15999766 0.15999974 0.15999999 0.15999835
 0.15999823 0.15999754 0.15999892 0.15999965]"
1721,1721,"[0.15999796 0.15999998 0.15999769 0.15999974 0.15999996 0.15999839
 0.15999824 0.15999756 0.15999897 0.15999964]"
1722,1722,"[0.15999794 0.15999998 0.15999774 0.15999974 0.15999992 0.15999844
 0.15999825 0.15999758 0.15999902 0.15999964]"
1723,1723,"[0.15999792 0.15999998 0.15999778 0.15999974 0.15999987 0.15999848
 0.15999826 0.15999761 0.15999906 0.15999964]"
1724,1724,"[0.1599979  0.15999999 0.15999782 0.15999974 0.1599998  0.15999853
 0.15999827 0.15999765 0.15999911 0.15999963]"
1725,1725,"[0.15999788 0.15999999 0.15999787 0.15999974 0.15999971 0.15999857
 0.15999829 0.15999769 0.15999915 0.15999963]"
1726,1726,"[0.15999786 0.15999999 0.15999792 0.15999974 0.15999961 0.15999861
 0.1599983  0.15999774 0.16000062 0.16000011]"
1727,1727,"[0.15999784 0.15999999 0.15999796 0.15999974 0.15999949 0.15999865
 0.15999831 0.15999779 0.15999832 0.15999979]"
1728,1728,"[0.15999782 0.15999999 0.15999801 0.15999974 0.15999935 0.15999869
 0.15999833 0.15999785 0.15999838 0.15999979]"
1729,1729,"[0.1599978  0.16       0.15999806 0.15999974 0.15999921 0.15999872
 0.15999834 0.15999792 0.15999843 0.15999979]"
1730,1730,"[0.15999778 0.16       0.15999811 0.15999973 0.15999905 0.15999876
 0.15999836 0.159998   0.15999849 0.15999979]"
1731,1731,"[0.15999776 0.16       0.15999816 0.15999973 0.15999888 0.15999879
 0.15999837 0.15999808 0.15999854 0.15999979]"
1732,1732,"[0.15999774 0.16       0.15999821 0.15999973 0.15999871 0.15999882
 0.15999839 0.15999817 0.15999859 0.15999979]"
1733,1733,"[0.15999773 0.16       0.15999826 0.15999973 0.15999854 0.15999884
 0.1599984  0.15999826 0.15999864 0.15999979]"
1734,1734,"[0.15999771 0.16       0.15999832 0.15999973 0.15999836 0.15999887
 0.15999842 0.15999835 0.1599987  0.15999979]"
1735,1735,"[0.15999769 0.16       0.15999837 0.15999973 0.15999819 0.15999889
 0.15999844 0.15999844 0.15999875 0.1599998 ]"
1736,1736,"[0.15999767 0.15999999 0.15999842 0.15999973 0.15999803 0.15999891
 0.15999845 0.15999854 0.1599988  0.1599998 ]"
1737,1737,"[0.15999765 0.15999999 0.15999847 0.15999973 0.15999788 0.15999893
 0.15999847 0.15999863 0.15999884 0.1599998 ]"
1738,1738,"[0.15999763 0.15999998 0.15999852 0.15999973 0.15999774 0.15999895
 0.15999849 0.15999872 0.15999889 0.1599998 ]"
1739,1739,"[0.15999761 0.15999997 0.15999857 0.15999973 0.15999761 0.15999896
 0.15999851 0.1599988  0.15999894 0.1599998 ]"
1740,1740,"[0.15999759 0.15999996 0.15999862 0.15999974 0.15999751 0.15999897
 0.15999852 0.15999888 0.15999898 0.1599998 ]"
1741,1741,"[0.15999757 0.15999995 0.15999867 0.15999974 0.15999743 0.15999897
 0.15999854 0.15999895 0.15999902 0.1599998 ]"
1742,1742,"[0.15999755 0.15999993 0.15999871 0.15999974 0.15999737 0.15999897
 0.15999856 0.15999902 0.15999906 0.1599998 ]"
1743,1743,"[0.15999753 0.15999991 0.15999876 0.15999974 0.15999734 0.15999897
 0.15999858 0.15999908 0.1599991  0.15999979]"
1744,1744,"[0.15999751 0.15999989 0.15999881 0.15999974 0.15999733 0.15999896
 0.1599986  0.15999914 0.15999914 0.15999979]"
1745,1745,"[0.15999749 0.15999986 0.15999885 0.15999974 0.15999735 0.15999895
 0.15999862 0.15999919 0.15999918 0.15999979]"
1746,1746,"[0.15999747 0.15999983 0.1599989  0.15999974 0.15999739 0.15999894
 0.15999864 0.15999923 0.15999922 0.15999979]"
1747,1747,"[0.15999696 0.15999979 0.15999894 0.15999974 0.15999746 0.15999897
 0.15999866 0.15999927 0.15999925 0.15999979]"
1748,1748,"[0.15999905 0.15999971 0.15999898 0.15999974 0.15999755 0.15999874
 0.15999868 0.15999921 0.15999928 0.15999979]"
1749,1749,"[0.15999899 0.15999961 0.15999902 0.15999974 0.15999765 0.15999887
 0.1599987  0.15999908 0.15999932 0.15999979]"
1750,1750,"[0.15999892 0.15999955 0.15999906 0.15999974 0.15999778 0.15999893
 0.15999871 0.15999909 0.15999935 0.15999979]"
1751,1751,"[0.15999884 0.15999949 0.1599991  0.15999974 0.15999792 0.15999895
 0.15999873 0.1599991  0.15999938 0.15999979]"
1752,1752,"[0.15999877 0.15999943 0.16000349 0.15999975 0.15999807 0.15999948
 0.15999875 0.15999911 0.1599994  0.15999979]"
1753,1753,"[0.15999869 0.15999936 0.15999748 0.15999975 0.15999823 0.1599982
 0.15999877 0.15999911 0.15999943 0.15999978]"
1754,1754,"[0.15999861 0.15999928 0.1599975  0.15999975 0.15999839 0.15999818
 0.15999879 0.15999911 0.15999946 0.15999978]"
1755,1755,"[0.15999853 0.1599992  0.15999753 0.15999975 0.15999856 0.15999815
 0.15999881 0.15999911 0.15999948 0.15999978]"
1756,1756,"[0.15999844 0.1599993  0.15999756 0.15999975 0.15999872 0.15999812
 0.15999883 0.15999935 0.1599995  0.15999978]"
1757,1757,"[0.15999836 0.15999938 0.15999759 0.15999976 0.15999889 0.15999808
 0.15999885 0.15999951 0.15999953 0.15999977]"
1758,1758,"[0.15999827 0.1599993  0.15999762 0.15999976 0.15999904 0.15999805
 0.15999887 0.1599995  0.15999955 0.15999977]"
1759,1759,"[0.15999819 0.15999922 0.15999765 0.15999976 0.15999919 0.15999801
 0.15999889 0.15999949 0.15999957 0.15999977]"
1760,1760,"[0.1599981  0.15999914 0.15999799 0.16000091 0.15999933 0.15999797
 0.15999891 0.15999947 0.15999959 0.15999977]"
1761,1761,"[0.15999802 0.15999905 0.15999826 0.15999946 0.15999946 0.15999793
 0.15999893 0.15999945 0.1599996  0.15999976]"
1762,1762,"[0.15999794 0.15999896 0.15999823 0.15999941 0.15999957 0.15999789
 0.15999895 0.15999943 0.15999962 0.15999976]"
1763,1763,"[0.15999786 0.15999886 0.15999821 0.15999936 0.15999967 0.15999784
 0.15999897 0.1599994  0.15999964 0.15999975]"
1764,1764,"[0.15999778 0.15999876 0.15999818 0.15999931 0.15999976 0.15999779
 0.15999899 0.15999937 0.15999965 0.15999975]"
1765,1765,"[0.15999771 0.15999866 0.15999816 0.15999925 0.15999983 0.15999774
 0.15999901 0.15999933 0.15999967 0.15999974]"
1766,1766,"[0.15999764 0.15999856 0.15999813 0.1599992  0.15999989 0.15999769
 0.15999846 0.15999929 0.15999968 0.15999974]"
1767,1767,"[0.15999758 0.15999847 0.1599981  0.15999914 0.15999994 0.15999765
 0.15999849 0.15999925 0.15999969 0.15999973]"
1768,1768,"[0.15999752 0.15999838 0.15999808 0.15999907 0.15999997 0.1599976
 0.15999852 0.1599992  0.15999971 0.15999973]"
1769,1769,"[0.15999747 0.15999829 0.15999805 0.15999901 0.15999999 0.15999755
 0.15999855 0.15999915 0.15999972 0.15999972]"
1770,1770,"[0.15999743 0.15999996 0.15999802 0.15999894 0.16       0.1599975
 0.15999858 0.15999909 0.16000616 0.15999972]"
1771,1771,"[0.15999739 0.1599988  0.159998   0.15999887 0.16       0.15999746
 0.15999861 0.15999902 0.1599984  0.15999971]"
1772,1772,"[0.15999737 0.15999873 0.15999797 0.1599988  0.15999998 0.15999742
 0.15999903 0.15999895 0.15999815 0.1599997 ]"
1773,1773,"[0.15999735 0.15999866 0.15999794 0.15999873 0.15999996 0.15999739
 0.15999932 0.15999888 0.15999763 0.15999969]"
1774,1774,"[0.15999734 0.15999859 0.15999791 0.15999865 0.15999993 0.15999736
 0.15999933 0.15999879 0.15999767 0.15999969]"
1775,1775,"[0.15999733 0.15999852 0.15999788 0.15999858 0.15999989 0.15999734
 0.15999935 0.1599987  0.15999771 0.15999968]"
1776,1776,"[0.15999734 0.15999845 0.15999786 0.1599985  0.15999985 0.15999733
 0.15999936 0.15999861 0.15999774 0.15999967]"
1777,1777,"[0.15999735 0.15999838 0.15999783 0.15999842 0.1599998  0.15999734
 0.15999937 0.15999851 0.15999778 0.15999966]"
1778,1778,"[0.15999738 0.15999832 0.1599978  0.15999834 0.15999975 0.15999735
 0.15999938 0.15999841 0.15999782 0.15999965]"
1779,1779,"[0.15999741 0.15999825 0.15999777 0.15999826 0.15999969 0.15999738
 0.1599994  0.15999831 0.15999786 0.15999964]"
1780,1780,"[0.15999745 0.15999819 0.15999774 0.15999819 0.15999964 0.15999743
 0.15999941 0.1599982  0.1599979  0.15999963]"
1781,1781,"[0.15999749 0.15999813 0.15999771 0.15999811 0.15999957 0.15999749
 0.15999942 0.15999809 0.15999794 0.15999961]"
1782,1782,"[0.15999754 0.15999807 0.15999768 0.15999803 0.15999951 0.15999757
 0.15999943 0.15999799 0.15999798 0.1599996 ]"
1783,1783,"[0.1599976  0.15999802 0.15999765 0.15999796 0.15999945 0.15999766
 0.15999945 0.15999789 0.15999802 0.15999959]"
1784,1784,"[0.15999766 0.15999797 0.15999762 0.15999788 0.15999938 0.15999776
 0.15999946 0.15999779 0.15999806 0.15999957]"
1785,1785,"[0.15999773 0.15999792 0.1599976  0.15999781 0.15999932 0.15999787
 0.15999947 0.1599977  0.1599981  0.15999955]"
1786,1786,"[0.1599978  0.15999787 0.15999757 0.15999775 0.15999925 0.159998
 0.15999949 0.15999762 0.15999814 0.15999954]"
1787,1787,"[0.15999788 0.15999782 0.15999754 0.15999768 0.15999919 0.15999813
 0.1599995  0.15999755 0.15999819 0.15999952]"
1788,1788,"[0.15999795 0.15999778 0.15999752 0.15999762 0.15999916 0.15999806
 0.15999951 0.15999748 0.15999823 0.1599995 ]"
1789,1789,"[0.15999803 0.15999774 0.15999749 0.15999757 0.15999901 0.15999786
 0.15999952 0.15999743 0.15999827 0.15999948]"
1790,1790,"[0.15999811 0.15999771 0.15999747 0.15999752 0.15999874 0.15999799
 0.15999954 0.15999739 0.15999831 0.15999946]"
1791,1791,"[0.15999819 0.15999767 0.15999745 0.15999747 0.15999846 0.15999812
 0.15999955 0.15999736 0.15999835 0.15999944]"
1792,1792,"[0.15999827 0.15999764 0.15999742 0.15999743 0.15999819 0.15999826
 0.15999956 0.15999734 0.15999839 0.15999941]"
1793,1793,"[0.15999836 0.15999761 0.15999741 0.1599974  0.15999794 0.15999841
 0.15999957 0.15999733 0.15999842 0.15999939]"
1794,1794,"[0.15999844 0.15999758 0.15999739 0.15999737 0.15999773 0.15999854
 0.15999959 0.15999733 0.15999846 0.15999936]"
1795,1795,"[0.15999851 0.15999756 0.15999737 0.15999735 0.15999757 0.15999868
 0.1599996  0.15999734 0.1599985  0.15999933]"
1796,1796,"[0.15999859 0.15999754 0.15999736 0.15999734 0.15999746 0.15999881
 0.15999961 0.15999736 0.15999854 0.1599993 ]"
1797,1797,"[0.15999866 0.15999752 0.15999735 0.15999733 0.15999738 0.15999893
 0.15999962 0.15999738 0.15999857 0.15999927]"
1798,1798,"[0.15999874 0.1599975  0.15999734 0.15999733 0.15999734 0.15999905
 0.15999964 0.15999741 0.15999861 0.15999924]"
1799,1799,"[0.15999881 0.15999748 0.15999734 0.15999734 0.15999733 0.15999915
 0.15999965 0.15999744 0.15999864 0.15999921]"
1800,1800,"[0.15999887 0.15999746 0.15999733 0.15999736 0.15999734 0.15999925
 0.15999966 0.15999747 0.15999868 0.15999917]"
1801,1801,"[0.15999894 0.15999745 0.15999733 0.15999693 0.15999736 0.15999934
 0.15999978 0.15999751 0.15999871 0.15999914]"
1802,1802,"[0.159999   0.15999744 0.15999734 0.15999904 0.15999739 0.15999942
 0.15999868 0.15999755 0.15999871 0.1599991 ]"
1803,1803,"[0.15999906 0.15999742 0.15999734 0.15999911 0.15999743 0.1599995
 0.15999872 0.15999773 0.15999734 0.15999906]"
1804,1804,"[0.15999912 0.15999741 0.15999735 0.15999917 0.15999746 0.15999956
 0.15999877 0.1599978  0.15999734 0.15999901]"
1805,1805,"[0.15999917 0.15999741 0.15999737 0.15999923 0.15999749 0.15999962
 0.15999881 0.15999786 0.15999733 0.15999897]"
1806,1806,"[0.15999922 0.1599974  0.15999739 0.15999929 0.15999752 0.15999968
 0.15999885 0.15999793 0.15999733 0.15999893]"
1807,1807,"[0.15999927 0.15999739 0.15999741 0.15999935 0.15999755 0.15999972
 0.1599989  0.159998   0.15999734 0.15999888]"
1808,1808,"[0.15999931 0.15999738 0.15999743 0.1599994  0.15999757 0.15999976
 0.15999894 0.15999807 0.15999734 0.15999883]"
1809,1809,"[0.15999935 0.15999738 0.15999746 0.15999946 0.15999759 0.1599998
 0.15999898 0.15999814 0.15999735 0.15999878]"
1810,1810,"[0.15999952 0.15999742 0.15999752 0.1599995  0.15999761 0.15999983
 0.15999943 0.15999821 0.15999737 0.15999873]"
1811,1811,"[0.15999913 0.15999749 0.15999748 0.15999955 0.15999762 0.15999986
 0.15999967 0.15999828 0.15999738 0.15999868]"
1812,1812,"[0.15999918 0.15999749 0.15999745 0.15999959 0.15999763 0.15999989
 0.15999969 0.15999836 0.1599974  0.15999863]"
1813,1813,"[0.15999922 0.1599975  0.15999742 0.15999963 0.15999764 0.15999991
 0.15999971 0.15999843 0.15999742 0.15999857]"
1814,1814,"[0.15999926 0.15999751 0.15999739 0.15999967 0.15999764 0.15999993
 0.15999972 0.1599985  0.15999745 0.15999852]"
1815,1815,"[0.1599993  0.15999753 0.15999737 0.1599997  0.15999764 0.15999994
 0.15999974 0.15999858 0.15999748 0.15999846]"
1816,1816,"[0.15999934 0.15999754 0.15999736 0.15999974 0.15999764 0.15999996
 0.15999976 0.15999865 0.15999751 0.1599984 ]"
1817,1817,"[0.15999937 0.15999756 0.15999734 0.15999977 0.15999763 0.15999997
 0.15999977 0.15999873 0.15999754 0.15999835]"
1818,1818,"[0.16001367 0.15999757 0.15999749 0.15999984 0.15999763 0.15999998
 0.15999979 0.15999881 0.15999758 0.16001585]"
1819,1819,"[0.15999847 0.15999759 0.15999987 0.15999812 0.15999762 0.15999998
 0.1599998  0.15999888 0.15999762 0.15999931]"
1820,1820,"[0.15999852 0.15999761 0.15999985 0.15999828 0.1599976  0.15999999
 0.15999982 0.15999896 0.15999766 0.15999926]"
1821,1821,"[0.15999857 0.15999763 0.15999983 0.15999841 0.15999759 0.15999999
 0.15999983 0.15999904 0.1599977  0.15999922]"
1822,1822,"[0.15999862 0.15999765 0.15999981 0.15999852 0.15999757 0.16
 0.15999984 0.15999911 0.15999775 0.15999917]"
1823,1823,"[0.15999866 0.15999768 0.15999979 0.15999861 0.15999756 0.16
 0.15999986 0.15999919 0.1599978  0.15999913]"
1824,1824,"[0.15999871 0.1599977  0.15999977 0.15999869 0.15999754 0.16
 0.15999987 0.15999926 0.15999785 0.15999908]"
1825,1825,"[0.15999875 0.15999773 0.15999975 0.15999876 0.15999752 0.16
 0.15999988 0.15999934 0.1599979  0.15999902]"
1826,1826,"[0.15999878 0.15999775 0.15999973 0.15999881 0.1599975  0.16
 0.15999989 0.15999941 0.15999795 0.15999897]"
1827,1827,"[0.15999882 0.15999778 0.15999972 0.15999886 0.15999748 0.15999999
 0.1599999  0.15999948 0.15999801 0.15999892]"
1828,1828,"[0.15999885 0.1599978  0.1599997  0.15999891 0.15999746 0.15999999
 0.15999991 0.15999955 0.15999806 0.15999886]"
1829,1829,"[0.15999888 0.15999783 0.15999969 0.15999895 0.15999744 0.15999998
 0.15999992 0.15999961 0.15999812 0.1599988 ]"
1830,1830,"[0.15999891 0.15999786 0.15999967 0.15999899 0.15999742 0.15999998
 0.15999993 0.15999967 0.15999818 0.15999874]"
1831,1831,"[0.15999894 0.15999788 0.15999966 0.15999902 0.1599974  0.15999997
 0.15999993 0.15999973 0.15999823 0.15999868]"
1832,1832,"[0.15999896 0.15999791 0.15999965 0.15999905 0.15999739 0.15999996
 0.15999994 0.15999978 0.15999829 0.15999862]"
1833,1833,"[0.15999899 0.15999793 0.15999964 0.15999907 0.15999737 0.15999995
 0.15999995 0.15999983 0.15999835 0.15999855]"
1834,1834,"[0.15999901 0.15999795 0.15999963 0.1599991  0.15999736 0.15999993
 0.15999996 0.15999987 0.15999841 0.15999849]"
1835,1835,"[0.15999903 0.15999798 0.15999962 0.15999912 0.15999735 0.15999992
 0.15999996 0.1599999  0.15999847 0.15999843]"
1836,1836,"[0.15999905 0.159998   0.15999961 0.15999914 0.15999734 0.1599999
 0.15999997 0.15999993 0.15999853 0.15999836]"
1837,1837,"[0.15999906 0.15999802 0.1599996  0.15999916 0.15999734 0.15999988
 0.15999997 0.15999996 0.15999859 0.15999829]"
1838,1838,"[0.15999872 0.15999805 0.15999959 0.16000357 0.15999733 0.15999986
 0.15999998 0.15999998 0.15999865 0.15999823]"
1839,1839,"[0.15999753 0.15999807 0.15999958 0.1599978  0.15999733 0.15999983
 0.15999998 0.15999999 0.1599987  0.15999816]"
1840,1840,"[0.15999754 0.15999809 0.15999958 0.15999776 0.15999734 0.1599998
 0.15999998 0.16       0.15999876 0.1599981 ]"
1841,1841,"[0.15999754 0.15999811 0.15999957 0.15999772 0.15999735 0.15999977
 0.15999999 0.16       0.15999882 0.15999804]"
1842,1842,"[0.15999755 0.15999812 0.15999957 0.15999768 0.15999736 0.15999974
 0.15999999 0.16       0.15999887 0.15999798]"
1843,1843,"[0.15999755 0.15999814 0.16011479 0.15999765 0.15999819 0.1599997
 0.15999999 0.15999999 0.15999892 0.15999791]"
1844,1844,"[0.15999755 0.15999816 0.15999737 0.15999761 0.15999755 0.15999965
 0.15999999 0.15999998 0.15999898 0.15999786]"
1845,1845,"[0.15999756 0.15999817 0.15999735 0.15999758 0.15999751 0.15999961
 0.16       0.15999997 0.15999903 0.1599978 ]"
1846,1846,"[0.15999756 0.15999818 0.15999734 0.15999755 0.15999748 0.15999955
 0.16       0.15999995 0.15999908 0.15999774]"
1847,1847,"[0.15999756 0.1599982  0.15999733 0.15999753 0.15999745 0.15999949
 0.16       0.15999993 0.15999913 0.15999769]"
1848,1848,"[0.15999755 0.15999821 0.15999734 0.1599975  0.15999742 0.15999943
 0.16       0.15999991 0.15999917 0.15999764]"
1849,1849,"[0.15999755 0.15999822 0.15999736 0.16023372 0.15999739 0.15999936
 0.16       0.15999989 0.15999922 0.1600327 ]"
1850,1850,"[0.15999755 0.15999823 0.15999739 0.15999994 0.15999737 0.15999929
 0.16       0.15999987 0.15999926 0.15999887]"
1851,1851,"[0.15999755 0.15999824 0.15999742 0.15999995 0.15999736 0.1599992
 0.16       0.15999985 0.1599993  0.15999883]"
1852,1852,"[0.15999754 0.15999825 0.15999746 0.15999995 0.15999734 0.15999912
 0.16       0.15999982 0.15999935 0.15999879]"
1853,1853,"[0.15999754 0.15999826 0.15999751 0.15999996 0.15999734 0.15999903
 0.16       0.1599998  0.15999939 0.15999876]"
1854,1854,"[0.15999753 0.15999827 0.15999756 0.15999996 0.15999733 0.15999893
 0.16       0.15999978 0.15999942 0.15999872]"
1855,1855,"[0.15999752 0.15999828 0.15999761 0.15999996 0.15999734 0.15999884
 0.16       0.15999976 0.15999946 0.15999868]"
1856,1856,"[0.15999752 0.16000025 0.15999767 0.15999997 0.15999734 0.15999874
 0.16       0.15999968 0.1599995  0.15999864]"
1857,1857,"[0.15999751 0.15999998 0.15999774 0.15999997 0.15999736 0.15999864
 0.16       0.15999793 0.15999953 0.1599986 ]"
1858,1858,"[0.1599975  0.15999999 0.1599978  0.15999997 0.15999737 0.15999854
 0.15999999 0.15999797 0.15999956 0.15999857]"
1859,1859,"[0.1599975  0.15999999 0.15999786 0.15999998 0.1599974  0.15999844
 0.15999999 0.159998   0.15999959 0.15999853]"
1860,1860,"[0.15999749 0.15999999 0.15999793 0.15999998 0.15999742 0.15999835
 0.15999999 0.15999803 0.15999962 0.1599985 ]"
1861,1861,"[0.15999748 0.15999999 0.159998   0.15999998 0.15999746 0.15999826
 0.15999999 0.15999807 0.15999965 0.15999847]"
1862,1862,"[0.15999747 0.15999999 0.15999806 0.15999999 0.1599975  0.15999818
 0.15999999 0.1599981  0.15999968 0.15999843]"
1863,1863,"[0.15999746 0.15999999 0.15999813 0.15999999 0.15999754 0.1599981
 0.15999999 0.15999814 0.1599997  0.1599984 ]"
1864,1864,"[0.15999746 0.16       0.1599982  0.15999999 0.15999759 0.15999803
 0.15999998 0.15999818 0.15999973 0.15999838]"
1865,1865,"[0.15999745 0.16       0.15999826 0.15999999 0.15999764 0.15999797
 0.16000114 0.15999791 0.15999975 0.15999835]"
1866,1866,"[0.15999744 0.16       0.15999833 0.15999999 0.1599977  0.15999791
 0.15999816 0.15999734 0.15999977 0.15999832]"
1867,1867,"[0.15999743 0.16       0.15999839 0.16       0.15999776 0.15999786
 0.15999822 0.15999734 0.15999979 0.1599983 ]"
1868,1868,"[0.15999742 0.16       0.15999845 0.16       0.15999782 0.15999782
 0.15999828 0.15999733 0.15999981 0.15999828]"
1869,1869,"[0.15999742 0.16       0.15999851 0.16       0.15999789 0.15999778
 0.15999833 0.15999734 0.15999983 0.15999826]"
1870,1870,"[0.15999741 0.16       0.15999857 0.16       0.15999796 0.15999775
 0.15999839 0.15999735 0.15999984 0.15999824]"
1871,1871,"[0.1599974  0.16       0.15999863 0.16       0.15999803 0.15999772
 0.15999845 0.15999737 0.15999986 0.15999822]"
1872,1872,"[0.1599974  0.16       0.15999868 0.16       0.1599981  0.1599977
 0.15999851 0.1599974  0.15999987 0.15999821]"
1873,1873,"[0.15999739 0.16       0.15999873 0.16       0.15999818 0.15999768
 0.15999856 0.15999743 0.15999989 0.15999819]"
1874,1874,"[0.15999738 0.15999999 0.15999878 0.16       0.15999752 0.15999767
 0.15999913 0.15999747 0.1599999  0.15999818]"
1875,1875,"[0.15999738 0.15999999 0.15999883 0.16       0.15999749 0.15999766
 0.15999908 0.15999751 0.15999991 0.15999817]"
1876,1876,"[0.15999737 0.15999998 0.15999888 0.16       0.15999747 0.15999765
 0.15999902 0.15999756 0.15999992 0.15999816]"
1877,1877,"[0.15999737 0.15999998 0.15999892 0.16       0.15999744 0.15999765
 0.15999896 0.15999761 0.15999993 0.15999815]"
1878,1878,"[0.15999736 0.15999997 0.15999897 0.15999999 0.15999743 0.15999764
 0.1599989  0.15999766 0.15999994 0.15999814]"
1879,1879,"[0.15999736 0.15999996 0.15999901 0.15999999 0.15999741 0.15999764
 0.15999884 0.15999772 0.15999995 0.15999814]"
1880,1880,"[0.1599978  0.15999995 0.15999883 0.15999999 0.1599974  0.15999765
 0.15999877 0.15999778 0.15999996 0.15999813]"
1881,1881,"[0.15999821 0.15999994 0.15999844 0.15999998 0.15999739 0.15999765
 0.15999871 0.15999784 0.15999996 0.15999812]"
1882,1882,"[0.15999824 0.15999993 0.15999849 0.15999998 0.15999738 0.15999766
 0.15999865 0.15999791 0.15999997 0.15999812]"
1883,1883,"[0.15999826 0.15999992 0.15999854 0.15999997 0.15999737 0.15999767
 0.15999858 0.15999797 0.15999997 0.15999811]"
1884,1884,"[0.15999829 0.1599999  0.15999859 0.15999997 0.15999737 0.15999768
 0.15999852 0.15999804 0.15999998 0.15999811]"
1885,1885,"[0.15999831 0.15999988 0.15999864 0.15999996 0.15999737 0.15999769
 0.15999845 0.1599981  0.15999998 0.1599981 ]"
1886,1886,"[0.15999834 0.15999986 0.15999868 0.15999995 0.15999737 0.15999771
 0.15999838 0.15999817 0.15999999 0.15999809]"
1887,1887,"[0.15999836 0.15999983 0.15999872 0.15999994 0.15999738 0.15999772
 0.15999832 0.15999824 0.15999999 0.15999808]"
1888,1888,"[0.15999838 0.15999981 0.15999876 0.15999993 0.15999741 0.15999774
 0.15999825 0.1599983  0.15999999 0.15999807]"
1889,1889,"[0.1599984  0.15999978 0.1599988  0.15999992 0.15999745 0.15999776
 0.15999819 0.15999837 0.16       0.15999806]"
1890,1890,"[0.15999841 0.15999974 0.15999883 0.15999991 0.15999755 0.15999778
 0.15999813 0.15999843 0.16       0.15999804]"
1891,1891,"[0.15999843 0.1599997  0.15999887 0.15999989 0.15999777 0.1599978
 0.15999806 0.1599985  0.16       0.15999803]"
1892,1892,"[0.15999845 0.15999966 0.1599989  0.15999988 0.15999821 0.15999783
 0.159998   0.15999856 0.16       0.15999801]"
1893,1893,"[0.15999846 0.15999961 0.15999892 0.15999986 0.15999899 0.15999786
 0.15999794 0.15999862 0.16       0.15999798]"
1894,1894,"[0.15999847 0.15999956 0.15999895 0.15999984 0.15999977 0.15999788
 0.15999788 0.15999868 0.16       0.15999796]"
1895,1895,"[0.15999849 0.15999951 0.15999898 0.15999982 0.15999999 0.15999791
 0.15999783 0.15999874 0.16       0.15999793]"
1896,1896,"[0.1599985  0.15999945 0.159999   0.15999979 0.15999971 0.15999794
 0.15999777 0.15999879 0.16       0.1599979 ]"
1897,1897,"[0.15999851 0.15999938 0.15999902 0.15999977 0.15999934 0.15999797
 0.15999772 0.15999885 0.16       0.15999786]"
1898,1898,"[0.15999852 0.15999931 0.15999904 0.15999974 0.15999901 0.15999801
 0.15999767 0.1599989  0.16       0.15999782]"
1899,1899,"[0.15999852 0.15999923 0.15999906 0.15999971 0.15999875 0.15999804
 0.15999762 0.15999895 0.16       0.15999778]"
1900,1900,"[0.15999853 0.15999915 0.15999908 0.15999968 0.15999855 0.15999808
 0.15999757 0.159999   0.15999999 0.15999774]"
1901,1901,"[0.15999854 0.15999906 0.1599991  0.15999964 0.15999839 0.15999812
 0.15999753 0.15999904 0.15999999 0.1599977 ]"
1902,1902,"[0.15999854 0.15999896 0.15999912 0.15999961 0.15999825 0.15999818
 0.15999749 0.15999909 0.16015392 0.15999765]"
1903,1903,"[0.15999855 0.15999886 0.15999913 0.16001935 0.16010544 0.15999812
 0.15999746 0.15999913 0.15999908 0.1599976 ]"
1904,1904,"[0.15999855 0.15999876 0.15999915 0.1599997  0.15999788 0.15999816
 0.15999743 0.15999917 0.15999912 0.15999756]"
1905,1905,"[0.15999855 0.15999865 0.15999916 0.1599997  0.15999788 0.1599982
 0.1599974  0.15999921 0.15999917 0.15999751]"
1906,1906,"[0.15999855 0.15999853 0.15999918 0.1599997  0.15999788 0.15999825
 0.15999738 0.15999925 0.15999921 0.15999747]"
1907,1907,"[0.15999855 0.15999842 0.15999919 0.1599997  0.15999788 0.15999829
 0.15999736 0.15999929 0.15999926 0.15999743]"
1908,1908,"[0.15999855 0.1599983  0.1599992  0.1599997  0.15999789 0.15999834
 0.15999735 0.15999932 0.1599993  0.1599974 ]"
1909,1909,"[0.15999855 0.15999818 0.15999921 0.1599997  0.15999789 0.15999839
 0.15999734 0.15999935 0.15999934 0.15999737]"
1910,1910,"[0.15999855 0.15999807 0.15999923 0.1599997  0.1599979  0.15999843
 0.15999733 0.15999938 0.15999937 0.15999735]"
1911,1911,"[0.15999855 0.15999795 0.15999924 0.1599997  0.15999791 0.15999848
 0.15999733 0.15999941 0.15999941 0.15999734]"
1912,1912,"[0.15999855 0.15999784 0.15999925 0.1599997  0.15999791 0.15999853
 0.15999734 0.15999944 0.15999945 0.15999733]"
1913,1913,"[0.15999855 0.15999774 0.15999926 0.1599997  0.15999792 0.15999858
 0.15999735 0.15999947 0.15999948 0.15999734]"
1914,1914,"[0.15999854 0.15999765 0.15999927 0.1599997  0.15999794 0.15999862
 0.15999736 0.15999949 0.15999951 0.15999736]"
1915,1915,"[0.15999854 0.15999756 0.15999928 0.15999971 0.15999795 0.15999867
 0.15999738 0.15999951 0.15999954 0.1599974 ]"
1916,1916,"[0.15999853 0.15999749 0.15999928 0.15999971 0.15999796 0.15999872
 0.1599974  0.15999954 0.15999957 0.15999744]"
1917,1917,"[0.15999853 0.15999743 0.15999929 0.15999971 0.15999798 0.15999877
 0.15999743 0.15999956 0.1599996  0.1599975 ]"
1918,1918,"[0.15999852 0.15999738 0.1599993  0.15999972 0.15999799 0.15999881
 0.15999746 0.15999958 0.15999963 0.15999757]"
1919,1919,"[0.15999851 0.15999735 0.15999931 0.15999972 0.15999801 0.15999789
 0.1599975  0.1599996  0.15999965 0.15999742]"
1920,1920,"[0.15999844 0.15999769 0.15999931 0.15999972 0.15999802 0.15999795
 0.15999754 0.15999961 0.15999968 0.15999749]"
1921,1921,"[0.15999804 0.15999752 0.15999932 0.15999973 0.15999804 0.15999802
 0.15999758 0.15999963 0.1600699  0.15999759]"
1922,1922,"[0.15999802 0.15999745 0.15999933 0.15999973 0.15999806 0.15999808
 0.15999763 0.15999965 0.15999839 0.15999738]"
1923,1923,"[0.159998   0.15999741 0.15999933 0.15999974 0.15999807 0.15999814
 0.15999767 0.15999966 0.15999844 0.15999735]"
1924,1924,"[0.15999798 0.15999737 0.15999934 0.15999975 0.15999809 0.1599982
 0.15999773 0.15999968 0.15999849 0.15999733]"
1925,1925,"[0.15999796 0.15999735 0.15999934 0.15999975 0.1599981  0.15999826
 0.15999778 0.15999969 0.15999854 0.15999734]"
1926,1926,"[0.15999794 0.15999733 0.15999935 0.15999976 0.15999812 0.15999832
 0.15999783 0.1599997  0.15999858 0.15999737]"
1927,1927,"[0.15999792 0.15999733 0.15999935 0.15999977 0.15999813 0.15999838
 0.15999789 0.15999972 0.15999861 0.15999742]"
1928,1928,"[0.15999789 0.15999735 0.15999936 0.15999978 0.15999815 0.15999843
 0.15999795 0.15999973 0.15999864 0.15999749]"
1929,1929,"[0.15999787 0.15999737 0.15999936 0.15999979 0.15999816 0.15999849
 0.15999801 0.15999974 0.15999866 0.15999758]"
1930,1930,"[0.15999784 0.15999739 0.15999937 0.15999997 0.15999817 0.15999854
 0.1599979  0.15999975 0.15999867 0.15999769]"
1931,1931,"[0.15999781 0.15999743 0.15999937 0.15999999 0.15999818 0.15999859
 0.15999768 0.15999976 0.15999865 0.15999782]"
1932,1932,"[0.15999779 0.15999747 0.15999938 0.15999999 0.15999819 0.15999864
 0.15999772 0.15999977 0.15999858 0.15999796]"
1933,1933,"[0.15999776 0.15999752 0.15999938 0.15999999 0.1599982  0.15999868
 0.15999776 0.15999978 0.1599984  0.15999811]"
1934,1934,"[0.15999773 0.15999757 0.15999939 0.16       0.15999821 0.15999873
 0.15999781 0.15999978 0.1599979  0.15999829]"
1935,1935,"[0.1599977  0.15999763 0.15999939 0.16       0.15999821 0.15999877
 0.15999786 0.15999979 0.15999806 0.15999847]"
1936,1936,"[0.15999767 0.15999768 0.16000214 0.16       0.15999821 0.15999881
 0.15999777 0.1599998  0.15999997 0.15999866]"
1937,1937,"[0.15999764 0.15999774 0.1599989  0.16       0.15999821 0.15999885
 0.15999755 0.15999981 0.15999989 0.15999886]"
1938,1938,"[0.15999762 0.1599978  0.15999897 0.16       0.15999821 0.15999889
 0.15999752 0.15999981 0.15999977 0.15999906]"
1939,1939,"[0.15999759 0.15999786 0.15999904 0.16       0.15999821 0.15999892
 0.15999748 0.15999982 0.15999968 0.15999926]"
1940,1940,"[0.15999756 0.15999792 0.15999911 0.16       0.1599982  0.15999895
 0.15999745 0.15999982 0.15999963 0.15999946]"
1941,1941,"[0.15999753 0.15999798 0.15999918 0.16       0.1599982  0.15999899
 0.15999742 0.15999983 0.15999959 0.15999965]"
1942,1942,"[0.1599975  0.15999804 0.15999925 0.16       0.15999819 0.15999901
 0.1599974  0.15999983 0.15999956 0.15999981]"
1943,1943,"[0.15999748 0.1599981  0.15999931 0.15999999 0.15999819 0.15999904
 0.15999738 0.15999984 0.15999953 0.15999993]"
1944,1944,"[0.15999745 0.15999816 0.15999938 0.15999999 0.15999818 0.15999907
 0.15999736 0.15999984 0.15999951 0.15999999]"
1945,1945,"[0.15999768 0.15999822 0.15999944 0.15999998 0.15999817 0.15999909
 0.15999735 0.15999984 0.15999949 0.15999999]"
1946,1946,"[0.15999789 0.15999827 0.1599995  0.15999998 0.15999816 0.15999911
 0.15999734 0.15999868 0.15999947 0.1599999 ]"
1947,1947,"[0.15999785 0.15999833 0.15999955 0.15999997 0.15999815 0.15999913
 0.15999733 0.15999871 0.15999945 0.15999973]"
1948,1948,"[0.15999781 0.15999838 0.1599996  0.15999996 0.15999813 0.15999915
 0.15999733 0.15999874 0.15999944 0.15999949]"
1949,1949,"[0.15999777 0.15999855 0.15999965 0.15999995 0.15999812 0.15999924
 0.15999734 0.15999877 0.15999942 0.15999921]"
1950,1950,"[0.15999772 0.15999784 0.1599997  0.15999994 0.15999811 0.15999879
 0.15999735 0.1599988  0.1599994  0.15999891]"
1951,1951,"[0.15999768 0.15999786 0.15999974 0.15999993 0.15999809 0.15999881
 0.15999736 0.15999883 0.15999939 0.15999863]"
1952,1952,"[0.15999764 0.15999788 0.15999978 0.15999992 0.15999808 0.15999882
 0.15999738 0.15999886 0.15999937 0.15999838]"
1953,1953,"[0.1599976  0.1599979  0.15999982 0.1599999  0.15999806 0.15999883
 0.1599974  0.15999889 0.15999935 0.15999817]"
1954,1954,"[0.15999756 0.15999792 0.15999985 0.15999988 0.15999805 0.15999885
 0.15999742 0.15999858 0.15999969 0.159998  ]"
1955,1955,"[0.15999832 0.15999794 0.15999988 0.15999987 0.15999803 0.15999885
 0.15999745 0.15999774 0.16002571 0.15999786]"
1956,1956,"[0.15999795 0.15999795 0.15999991 0.15999985 0.15999802 0.15999886
 0.15999749 0.15999778 0.15999905 0.15999775]"
1957,1957,"[0.1599979  0.15999796 0.15999993 0.15999982 0.159998   0.15999887
 0.15999753 0.15999781 0.15999904 0.15999767]"
1958,1958,"[0.15999786 0.15999797 0.15999995 0.1599998  0.15999798 0.15999887
 0.15999757 0.15999785 0.15999903 0.1599976 ]"
1959,1959,"[0.15999781 0.15999798 0.15999996 0.15999977 0.15999796 0.15999888
 0.15999762 0.15999788 0.15999901 0.15999755]"
1960,1960,"[0.15999777 0.15999798 0.15999998 0.15999975 0.15999795 0.15999888
 0.15999766 0.15999792 0.159999   0.15999751]"
1961,1961,"[0.15999773 0.15999798 0.15999999 0.15999971 0.15999793 0.15999888
 0.15999772 0.15999796 0.15999898 0.15999748]"
1962,1962,"[0.15999769 0.15999798 0.15999999 0.15999968 0.15999791 0.15999888
 0.15999777 0.159998   0.15999896 0.15999746]"
1963,1963,"[0.15999765 0.15999797 0.16       0.15999965 0.15999789 0.15999888
 0.15999783 0.15999804 0.15999895 0.15999744]"
1964,1964,"[0.15999761 0.15999796 0.16       0.15999961 0.15999787 0.15999888
 0.15999789 0.15999807 0.15999893 0.15999742]"
1965,1965,"[0.15999757 0.15999794 0.16       0.15999957 0.15999785 0.15999887
 0.15999795 0.15999811 0.15999891 0.15999741]"
1966,1966,"[0.15999754 0.15999792 0.16       0.15999953 0.15999783 0.15999887
 0.15999802 0.15999815 0.15999889 0.1599974 ]"
1967,1967,"[0.15999751 0.15999789 0.15999999 0.15999948 0.15999781 0.15999887
 0.15999808 0.15999819 0.15999887 0.15999739]"
1968,1968,"[0.15999748 0.15999786 0.15999999 0.15999943 0.15999779 0.15999886
 0.15999815 0.15999823 0.15999885 0.15999739]"
1969,1969,"[0.15999745 0.15999782 0.15999998 0.15999938 0.15999793 0.15999849
 0.15999821 0.15999827 0.15999883 0.15999738]"
1970,1970,"[0.15999743 0.15999777 0.15999997 0.15999932 0.15999808 0.15999751
 0.15999828 0.15999831 0.15999881 0.15999738]"
1971,1971,"[0.15999741 0.15999771 0.15999996 0.15999927 0.15999804 0.15999752
 0.15999835 0.15999835 0.15999878 0.15999737]"
1972,1972,"[0.15999739 0.15999765 0.15999995 0.15999921 0.15999801 0.15999753
 0.15999841 0.15999839 0.15999876 0.15999737]"
1973,1973,"[0.15999737 0.15999759 0.15999994 0.15999914 0.15999797 0.15999754
 0.15999848 0.15999842 0.15999874 0.15999737]"
1974,1974,"[0.15999736 0.15999753 0.15999993 0.15999908 0.15999794 0.15999755
 0.15999855 0.15999846 0.15999871 0.15999736]"
1975,1975,"[0.15999735 0.15999746 0.15999991 0.15999901 0.1599979  0.15999757
 0.15999861 0.1599985  0.15999869 0.15999736]"
1976,1976,"[0.15999734 0.15999741 0.1599999  0.15999893 0.15999787 0.15999758
 0.15999867 0.15999854 0.15999866 0.15999736]"
1977,1977,"[0.15999733 0.15999507 0.15999989 0.15999886 0.15999784 0.15999758
 0.15999873 0.15999876 0.15999863 0.15999736]"
1978,1978,"[0.15999733 0.15999946 0.15999988 0.15999878 0.15999781 0.15999759
 0.15999879 0.15999754 0.15999861 0.15999736]"
1979,1979,"[0.15999734 0.1599995  0.15999987 0.1599987  0.15999778 0.1599976
 0.15999885 0.15999758 0.15999858 0.15999736]"
1980,1980,"[0.15999734 0.15999953 0.15999985 0.15999862 0.15999775 0.15999761
 0.15999891 0.15999762 0.15999855 0.15999736]"
1981,1981,"[0.15999735 0.15999956 0.15999984 0.15999853 0.15999772 0.15999749
 0.15999896 0.15999754 0.15999852 0.15999735]"
1982,1982,"[0.15999736 0.15999959 0.15999983 0.15999845 0.15999769 0.15999733
 0.15999902 0.15999736 0.15999849 0.15999735]"
1983,1983,"[0.15999737 0.15999961 0.15999982 0.15999837 0.15999766 0.15999733
 0.15999907 0.15999735 0.15999846 0.15999735]"
1984,1984,"[0.15999739 0.15999964 0.15999981 0.15999828 0.15999764 0.15999733
 0.15999912 0.15999734 0.15999843 0.15999736]"
1985,1985,"[0.15999741 0.15999966 0.1599998  0.1599982  0.15999761 0.15999733
 0.15999916 0.15999734 0.1599984  0.15999736]"
1986,1986,"[0.15999743 0.15999968 0.1599998  0.15999812 0.15999759 0.15999734
 0.15999921 0.15999733 0.15999837 0.15999736]"
1987,1987,"[0.15999745 0.1599997  0.15999979 0.15999803 0.15999757 0.15999734
 0.15999925 0.15999733 0.15999834 0.15999736]"
1988,1988,"[0.15999747 0.15999971 0.15999978 0.15999796 0.15999754 0.15999734
 0.15999929 0.15999734 0.1599983  0.15999736]"
1989,1989,"[0.1599975  0.15999973 0.15999978 0.15999798 0.1599972  0.15999735
 0.15999933 0.15999735 0.15999827 0.15999736]"
1990,1990,"[0.15999753 0.15999975 0.15999977 0.15999736 0.1599987  0.15999735
 0.15999936 0.15999736 0.15999824 0.15999736]"
1991,1991,"[0.15999756 0.15999976 0.15999977 0.15999735 0.15999868 0.15999731
 0.1599994  0.15999714 0.1599982  0.15999737]"
1992,1992,"[0.15999759 0.15999978 0.15999976 0.15999734 0.15999867 0.15999757
 0.15999943 0.15999835 0.15999817 0.15999737]"
1993,1993,"[0.15999762 0.15999979 0.15999976 0.15999733 0.15999865 0.15999756
 0.15999946 0.15999841 0.15999813 0.15999737]"
1994,1994,"[0.15999766 0.15999981 0.15999976 0.15999733 0.15999864 0.15999755
 0.15999949 0.15999847 0.1599981  0.15999738]"
1995,1995,"[0.15999769 0.15999982 0.15999975 0.15999734 0.15999863 0.15999754
 0.15999951 0.15999853 0.15999806 0.15999738]"
1996,1996,"[0.15999773 0.15999984 0.15999975 0.15999735 0.15999862 0.15999753
 0.15999954 0.15999859 0.15999803 0.15999739]"
1997,1997,"[0.15999776 0.15999985 0.15999975 0.15999737 0.15999862 0.15999752
 0.15999956 0.15999865 0.15999799 0.15999739]"
1998,1998,"[0.1599978  0.15999987 0.15999975 0.15999739 0.15999861 0.15999751
 0.15999959 0.15999871 0.15999796 0.1599974 ]"
1999,1999,"[0.15999784 0.15999988 0.15999975 0.15999742 0.15999861 0.1599975
 0.15999961 0.15999877 0.15999792 0.15999741]"
2000,2000,"[0.15999787 0.15999989 0.15999975 0.15999745 0.15999861 0.15999748
 0.15999963 0.15999883 0.15999789 0.15999742]"
2001,2001,"[0.15999791 0.1599999  0.15999976 0.15999749 0.15999861 0.15999747
 0.15999964 0.15999872 0.15999785 0.1599979 ]"
2002,2002,"[0.15999794 0.15999992 0.15999976 0.15999753 0.15999861 0.15999746
 0.15999966 0.15999867 0.15999782 0.15999784]"
2003,2003,"[0.15999798 0.15999993 0.15999976 0.15999758 0.15999862 0.15999745
 0.15999968 0.15999861 0.15999778 0.15999777]"
2004,2004,"[0.15999801 0.15999994 0.15999976 0.15999763 0.15999863 0.15999743
 0.15999969 0.15999856 0.15999775 0.15999772]"
2005,2005,"[0.15999804 0.15999995 0.15999977 0.15999768 0.15999864 0.15999742
 0.15999971 0.1599985  0.15999771 0.15999766]"
2006,2006,"[0.15999808 0.15999996 0.15999977 0.15999774 0.15999865 0.15999741
 0.15999972 0.15999845 0.15999768 0.15999761]"
2007,2007,"[0.15999811 0.15999997 0.15999978 0.1599978  0.15999867 0.1599974
 0.15999973 0.1599984  0.15999765 0.15999756]"
2008,2008,"[0.15999814 0.15999997 0.15999978 0.15999787 0.15999869 0.15999738
 0.15999974 0.15999834 0.15999762 0.15999752]"
2009,2009,"[0.15999816 0.15999998 0.15999979 0.15999794 0.15999872 0.15999737
 0.15999975 0.15999829 0.15999759 0.15999748]"
2010,2010,"[0.15999819 0.15999999 0.15999979 0.15999801 0.15999875 0.15999736
 0.15999976 0.15999824 0.15999756 0.15999744]"
2011,2011,"[0.15999821 0.15999999 0.1599998  0.15999808 0.15999878 0.15999736
 0.15999977 0.15999819 0.15999753 0.15999741]"
2012,2012,"[0.15999824 0.16       0.1599998  0.15999815 0.15999882 0.15999735
 0.15999978 0.15999814 0.1599975  0.15999738]"
2013,2013,"[0.15999826 0.16       0.15999981 0.15999822 0.15999886 0.15999734
 0.15999979 0.15999809 0.15999748 0.15999736]"
2014,2014,"[0.15999827 0.16       0.15999981 0.1599983  0.1599989  0.15999734
 0.1599998  0.15999805 0.15999746 0.15999735]"
2015,2015,"[0.15999829 0.16       0.15999982 0.1599982  0.15999895 0.15999755
 0.1599998  0.159998   0.15999743 0.15999734]"
2016,2016,"[0.1599983  0.16       0.15999983 0.159998   0.15999901 0.15999775
 0.15999981 0.15999796 0.15999741 0.15999733]"
2017,2017,"[0.15999831 0.16       0.15999983 0.15999807 0.15999906 0.15999773
 0.15999981 0.15999791 0.15999739 0.15999733]"
2018,2018,"[0.15999831 0.15999999 0.15999985 0.15999845 0.15999912 0.15999771
 0.15999982 0.15999787 0.15999738 0.15999734]"
2019,2019,"[0.15999831 0.15999999 0.1599985  0.1599988  0.15999919 0.15999769
 0.15999982 0.16000341 0.15999824 0.15999735]"
2020,2020,"[0.15999831 0.15999998 0.1600006  0.15999887 0.15999941 0.15999767
 0.15999983 0.15999913 0.15999783 0.15999737]"
2021,2021,"[0.16110486 0.15999997 0.15999999 0.15999894 0.15999958 0.15999765
 0.15999983 0.1599991  0.1600671  0.1599974 ]"
2022,2022,"[0.15999734 0.15999996 0.16       0.159999   0.15999962 0.15999762
 0.15999984 0.15999907 0.15999938 0.15999742]"
2023,2023,"[0.15999733 0.15999994 0.16       0.15999906 0.15999966 0.1599976
 0.15999984 0.15999903 0.15999935 0.15999746]"
2024,2024,"[0.15999733 0.15999993 0.16       0.15999912 0.1599997  0.15999758
 0.15999985 0.159999   0.15999931 0.1599975 ]"
2025,2025,"[0.15999733 0.15999991 0.16       0.15999939 0.15999973 0.15999756
 0.15999981 0.15999896 0.15999928 0.15999755]"
2026,2026,"[0.15999733 0.15999989 0.16       0.15999958 0.15999977 0.15999754
 0.15999971 0.15999893 0.15999925 0.1599976 ]"
2027,2027,"[0.15999734 0.15999987 0.16       0.15999962 0.15999981 0.15999752
 0.1599997  0.15999889 0.15999921 0.15999765]"
2028,2028,"[0.15999734 0.15999984 0.16       0.15999966 0.15999984 0.1599975
 0.1599997  0.15999885 0.15999918 0.15999771]"
2029,2029,"[0.15999734 0.15999981 0.16       0.15999969 0.15999988 0.15999748
 0.1599997  0.15999881 0.15999914 0.15999777]"
2030,2030,"[0.15999734 0.15999978 0.16       0.15999972 0.15999991 0.15999746
 0.1599997  0.15999877 0.1599991  0.15999784]"
2031,2031,"[0.15999734 0.15999975 0.16       0.15999975 0.15999993 0.15999745
 0.15999971 0.15999874 0.15999906 0.15999791]"
2032,2032,"[0.15999734 0.15999971 0.16       0.15999978 0.15999995 0.15999743
 0.15999971 0.1599987  0.15999902 0.15999799]"
2033,2033,"[0.15999734 0.15999967 0.16       0.15999981 0.15999997 0.15999741
 0.15999972 0.15999865 0.15999898 0.15999806]"
2034,2034,"[0.15999734 0.15999963 0.16       0.15999983 0.15999999 0.1599974
 0.15999972 0.15999861 0.15999893 0.15999814]"
2035,2035,"[0.15999734 0.15999958 0.16       0.15999985 0.16       0.15999739
 0.15999973 0.15999857 0.15999889 0.15999822]"
2036,2036,"[0.15999734 0.15999953 0.16       0.15999987 0.16       0.15999737
 0.15999975 0.15999853 0.15999884 0.1599983 ]"
2037,2037,"[0.15999734 0.16000449 0.16000896 0.15999989 0.16       0.15999736
 0.15999976 0.15999849 0.15999879 0.15999839]"
2038,2038,"[0.15999734 0.15999997 0.1599992  0.15999991 0.15999999 0.15999735
 0.15999978 0.15999845 0.15999874 0.15999847]"
2039,2039,"[0.15999734 0.15999996 0.15999915 0.15999992 0.15999998 0.15999735
 0.1599998  0.1599984  0.15999869 0.15999856]"
2040,2040,"[0.15999734 0.16000006 0.15999909 0.15999994 0.15999996 0.15999734
 0.16000003 0.15999836 0.15999864 0.15999864]"
2041,2041,"[0.15999734 0.16       0.15999903 0.15999995 0.15999993 0.15999734
 0.16       0.15999832 0.15999859 0.15999872]"
2042,2042,"[0.15999734 0.16       0.15999897 0.15999996 0.1599999  0.15999733
 0.16       0.15999828 0.15999854 0.1599988 ]"
2043,2043,"[0.15999734 0.16       0.15999892 0.15999997 0.15999986 0.15999733
 0.16       0.15999824 0.15999848 0.15999888]"
2044,2044,"[0.15999734 0.16       0.15999886 0.15999998 0.15999982 0.15999734
 0.16       0.15999819 0.15999843 0.15999896]"
2045,2045,"[0.15999734 0.16       0.15999861 0.15999998 0.15999977 0.15999734
 0.16       0.15999815 0.15999837 0.15999914]"
2046,2046,"[0.15999734 0.16       0.15999944 0.15999999 0.15999971 0.15999735
 0.16       0.15999811 0.15999832 0.15999857]"
2047,2047,"[0.15999734 0.15999999 0.15999943 0.15999999 0.15999965 0.15999735
 0.16       0.15999807 0.15999826 0.15999867]"
2048,2048,"[0.15999734 0.15999999 0.15999942 0.16       0.15999958 0.15999736
 0.15999999 0.15999803 0.1599982  0.15999845]"
2049,2049,"[0.15999734 0.15999999 0.15999941 0.16       0.1599995  0.15999738
 0.15999998 0.15999799 0.15999815 0.15999787]"
2050,2050,"[0.15999734 0.15999998 0.1599994  0.16       0.15999943 0.15999739
 0.15999998 0.15999795 0.15999809 0.15999795]"
2051,2051,"[0.15999733 0.15999997 0.15999939 0.16       0.15999934 0.15999741
 0.15999998 0.15999791 0.15999803 0.15999803]"
2052,2052,"[0.15999733 0.15999997 0.15999938 0.16       0.15999926 0.15999743
 0.15999998 0.15999787 0.15999798 0.15999812]"
2053,2053,"[0.15999733 0.15999996 0.15999937 0.16       0.15999917 0.15999746
 0.15999997 0.15999783 0.15999792 0.1599982 ]"
2054,2054,"[0.15999733 0.15999994 0.15999936 0.16       0.15999908 0.15999748
 0.15999997 0.15999779 0.15999786 0.15999829]"
2055,2055,"[0.15999733 0.15999993 0.15999935 0.15999999 0.15999899 0.15999751
 0.15999996 0.15999776 0.15999781 0.15999838]"
2056,2056,"[0.15999733 0.15999992 0.15999934 0.15999999 0.15999889 0.15999754
 0.15999996 0.15999772 0.15999776 0.15999846]"
2057,2057,"[0.15999733 0.1599999  0.15999934 0.15999999 0.1599988  0.15999758
 0.15999995 0.15999769 0.15999771 0.15999854]"
2058,2058,"[0.15999733 0.15999988 0.15999933 0.15999998 0.1599987  0.15999761
 0.15999994 0.15999766 0.15999766 0.15999863]"
2059,2059,"[0.15999734 0.15999987 0.15999932 0.15999998 0.1599986  0.15999765
 0.15999993 0.15999763 0.15999761 0.15999871]"
2060,2060,"[0.15999734 0.15999984 0.15999932 0.15999997 0.15999851 0.15999769
 0.15999992 0.1599976  0.15999757 0.15999878]"
2061,2061,"[0.15999734 0.15999982 0.15999931 0.15999997 0.15999842 0.15999773
 0.15999991 0.15999757 0.15999752 0.15999886]"
2062,2062,"[0.15999734 0.1599998  0.15999931 0.15999996 0.15999832 0.15999778
 0.15999989 0.15999755 0.15999749 0.15999893]"
2063,2063,"[0.15999734 0.15999977 0.1599993  0.15999995 0.15999823 0.15999782
 0.15999987 0.15999752 0.15999745 0.159999  ]"
2064,2064,"[0.15999735 0.15999974 0.1599993  0.15999995 0.15999815 0.15999787
 0.15999985 0.1599975  0.15999742 0.15999906]"
2065,2065,"[0.15999735 0.15999971 0.15999929 0.15999994 0.15999806 0.15999792
 0.15999983 0.15999748 0.15999739 0.15999912]"
2066,2066,"[0.15999736 0.15999968 0.15999929 0.15999993 0.15999798 0.15999797
 0.15999981 0.15999746 0.15999775 0.15999918]"
2067,2067,"[0.15999736 0.15999964 0.15999928 0.15999992 0.15999791 0.15999802
 0.15999978 0.15999744 0.15999805 0.15999924]"
2068,2068,"[0.15999737 0.15999961 0.15999927 0.15999991 0.15999784 0.15999807
 0.15999997 0.15999742 0.1600015  0.15999929]"
2069,2069,"[0.15999738 0.15999957 0.15999925 0.15999991 0.15999777 0.15999812
 0.15999982 0.15999741 0.15999901 0.15999934]"
2070,2070,"[0.15999739 0.15999952 0.15999923 0.1599999  0.15999771 0.15999791
 0.15999979 0.15999739 0.15999899 0.1599996 ]"
2071,2071,"[0.1599974  0.15999948 0.15999921 0.15999989 0.15999765 0.15999743
 0.15999977 0.15999738 0.15999897 0.15999978]"
2072,2072,"[0.15999741 0.15999943 0.15999919 0.15999988 0.15999759 0.15999741
 0.15999974 0.15999737 0.15999894 0.15999982]"
2073,2073,"[0.15999742 0.15999938 0.15999916 0.15999987 0.15999743 0.1599974
 0.15999971 0.15999736 0.15999892 0.15999986]"
2074,2074,"[0.15999744 0.15999933 0.15999914 0.15999986 0.1599974  0.15999738
 0.15999968 0.15999735 0.1599989  0.15999989]"
2075,2075,"[0.15999746 0.15999928 0.15999912 0.15999985 0.15999736 0.15999737
 0.15999969 0.15999735 0.15999888 0.15999992]"
2076,2076,"[0.15999742 0.15999922 0.15999981 0.15999985 0.15999733 0.15999736
 0.15999972 0.15999734 0.15999886 0.15999995]"
2077,2077,"[0.15999734 0.15999916 0.1599999  0.15999984 0.15999733 0.15999735
 0.15999969 0.15999734 0.15999884 0.15999997]"
2078,2078,"[0.15999733 0.15999994 0.15999989 0.15999983 0.15999734 0.15999975
 0.15999967 0.15999734 0.15999882 0.15999999]"
2079,2079,"[0.15999733 0.15999994 0.15999989 0.15999982 0.15999735 0.15999973
 0.15999964 0.15999733 0.1599988  0.16      ]"
2080,2080,"[0.15999734 0.15999994 0.15999989 0.15999981 0.15999736 0.1599997
 0.15999961 0.15999733 0.15999878 0.16      ]"
2081,2081,"[0.15999734 0.15999994 0.15999988 0.1599998  0.15999738 0.15999967
 0.15999958 0.15999733 0.15999876 0.15999999]"
2082,2082,"[0.15999736 0.15999994 0.15999988 0.15999979 0.1599974  0.15999964
 0.15999955 0.15999733 0.15999874 0.15999997]"
2083,2083,"[0.15999737 0.15999994 0.15999987 0.15999974 0.15999742 0.16000178
 0.15999939 0.15999734 0.15999872 0.16004318]"
2084,2084,"[0.15999739 0.15999995 0.15999987 0.15999963 0.15999744 0.15999877
 0.15999902 0.15999734 0.15999871 0.15999746]"
2085,2085,"[0.15999742 0.15999995 0.15999986 0.15999962 0.15999747 0.15999872
 0.15999897 0.15999734 0.15999869 0.15999768]"
2086,2086,"[0.15999745 0.15999995 0.15999986 0.15999961 0.1599975  0.15999868
 0.15999891 0.15999734 0.15999867 0.15999796]"
2087,2087,"[0.15999749 0.15999996 0.15999985 0.15999959 0.15999753 0.15999863
 0.15999886 0.15999735 0.15999866 0.15999825]"
2088,2088,"[0.15999753 0.15999996 0.15999985 0.15999958 0.15999757 0.15999858
 0.15999881 0.15999735 0.15999864 0.1599985 ]"
2089,2089,"[0.15999758 0.15999997 0.15999984 0.15999957 0.1599976  0.15999854
 0.15999876 0.15999735 0.15999863 0.1599987 ]"
2090,2090,"[0.15999764 0.15999997 0.15999984 0.15999956 0.1599975  0.16000331
 0.15999871 0.15999735 0.15999862 0.15999887]"
2091,2091,"[0.15999757 0.15999998 0.15999983 0.15999955 0.15999744 0.15999948
 0.15999866 0.15999735 0.15999861 0.15999899]"
2092,2092,"[0.15999742 0.15999998 0.15999983 0.15999954 0.1599974  0.15999945
 0.15999862 0.15999735 0.1599986  0.15999908]"
2093,2093,"[0.15999746 0.15999999 0.15999982 0.15999953 0.15999742 0.15999942
 0.15999858 0.15999735 0.15999859 0.15999915]"
2094,2094,"[0.15999751 0.15999999 0.15999982 0.15999952 0.15999744 0.15999939
 0.15999854 0.15999735 0.15999858 0.15999921]"
2095,2095,"[0.15999756 0.16       0.15999981 0.15999951 0.15999746 0.15999936
 0.15999851 0.15999735 0.15999857 0.15999924]"
2096,2096,"[0.15999762 0.16       0.15999981 0.15999951 0.15999749 0.16000331
 0.16000388 0.15999734 0.15999857 0.15999927]"
2097,2097,"[0.15999769 0.16       0.1599998  0.1599995  0.15999751 0.15999989
 0.15999958 0.15999734 0.15999856 0.15999929]"
2098,2098,"[0.15999776 0.16       0.15999979 0.15999949 0.15999754 0.15999988
 0.1599996  0.15999733 0.15999856 0.1599993 ]"
2099,2099,"[0.15999783 0.15999999 0.15999979 0.15999948 0.15999757 0.15999987
 0.15999963 0.15999734 0.15999856 0.1599993 ]"
2100,2100,"[0.15999791 0.15999998 0.15999978 0.15999947 0.1599976  0.15999985
 0.15999966 0.15999736 0.15999856 0.1599993 ]"
2101,2101,"[0.15999799 0.15999997 0.15999977 0.15999947 0.15999763 0.15999984
 0.15999969 0.15999741 0.15999856 0.15999929]"
2102,2102,"[0.15999807 0.15999994 0.15999976 0.15999946 0.15999767 0.15999983
 0.15999972 0.15999751 0.15999856 0.15999928]"
2103,2103,"[0.15999815 0.15999992 0.15999976 0.15999945 0.1599977  0.15999981
 0.15999976 0.15999771 0.15999857 0.15999927]"
2104,2104,"[0.15999823 0.15999988 0.15999975 0.15999944 0.15999773 0.1599998
 0.15999979 0.15999805 0.15999858 0.15999925]"
2105,2105,"[0.15999831 0.15999984 0.15999974 0.15999944 0.15999777 0.15999978
 0.15999983 0.15999854 0.15999858 0.15999923]"
2106,2106,"[0.15999839 0.15999978 0.15999973 0.15999923 0.15999821 0.15999977
 0.15999986 0.15999912 0.1599986  0.15999921]"
2107,2107,"[0.15999847 0.15999972 0.15999972 0.15999864 0.15999861 0.15999975
 0.15999989 0.15999961 0.15999861 0.15999919]"
2108,2108,"[0.15999854 0.15999965 0.15999971 0.15999864 0.15999865 0.15999979
 0.15999991 0.15999991 0.15999857 0.15999916]"
2109,2109,"[0.15999862 0.15999956 0.1599997  0.15999864 0.15999869 0.15999925
 0.15999994 0.16       0.15999887 0.15999914]"
2110,2110,"[0.15999869 0.15999947 0.15999968 0.15999864 0.15999873 0.15999922
 0.15999996 0.15999994 0.15999888 0.15999911]"
2111,2111,"[0.15999876 0.15999936 0.15999967 0.15999864 0.15999877 0.15999918
 0.15999997 0.15999981 0.15999888 0.15999908]"
2112,2112,"[0.15999883 0.15999924 0.15999966 0.15999864 0.15999881 0.15999914
 0.15999999 0.15999964 0.15999889 0.15999904]"
2113,2113,"[0.15999889 0.15999912 0.15999964 0.15999864 0.15999885 0.1599991
 0.15999999 0.15999945 0.1599989  0.15999901]"
2114,2114,"[0.15999896 0.15999899 0.15999962 0.15999865 0.15999888 0.15999906
 0.16       0.15999927 0.1599989  0.15999897]"
2115,2115,"[0.15999902 0.15999885 0.1599996  0.15999865 0.15999892 0.15999901
 0.16       0.15999909 0.15999891 0.15999894]"
2116,2116,"[0.15999907 0.15999871 0.15999958 0.15999865 0.15999896 0.15999897
 0.16       0.15999892 0.15999892 0.1599989 ]"
2117,2117,"[0.15999913 0.15999856 0.15999956 0.15999866 0.15999899 0.15999892
 0.15999999 0.15999875 0.15999893 0.15999886]"
2118,2118,"[0.15999918 0.15999841 0.15999953 0.15999866 0.15999902 0.15999888
 0.15999998 0.15999859 0.15999894 0.15999882]"
2119,2119,"[0.15999923 0.15999827 0.1599995  0.15999867 0.15999906 0.15999883
 0.15999997 0.15999843 0.15999896 0.15999878]"
2120,2120,"[0.15999927 0.15999813 0.15999947 0.15999868 0.15999909 0.15999878
 0.15999995 0.15999828 0.15999897 0.15999874]"
2121,2121,"[0.15999932 0.159998   0.15999943 0.15999868 0.15999912 0.15999872
 0.15999994 0.15999889 0.15999981 0.15999869]"
2122,2122,"[0.15999936 0.15999788 0.15999939 0.15999869 0.15999915 0.15999867
 0.15999992 0.15999916 0.15999991 0.15999865]"
2123,2123,"[0.15999947 0.15999776 0.15999935 0.15999867 0.15999918 0.15999862
 0.1599999  0.15999901 0.15999992 0.1599986 ]"
2124,2124,"[0.15999904 0.15999766 0.1599993  0.15999884 0.15999921 0.15999856
 0.15999987 0.15999886 0.15999994 0.15999855]"
2125,2125,"[0.1599991  0.15999757 0.15999924 0.15999883 0.15999923 0.15999851
 0.15999985 0.15999869 0.15999995 0.15999851]"
2126,2126,"[0.15999914 0.1599975  0.15999918 0.15999883 0.15999926 0.15999845
 0.15999982 0.15999852 0.15999996 0.15999846]"
2127,2127,"[0.15999919 0.15999744 0.15999911 0.15999883 0.15999929 0.15999839
 0.15999979 0.15999834 0.15999997 0.15999841]"
2128,2128,"[0.15999923 0.15999739 0.15999904 0.15999883 0.15999931 0.15999834
 0.15999976 0.15999816 0.15999998 0.15999836]"
2129,2129,"[0.15999928 0.15999736 0.15999896 0.15999883 0.15999934 0.15999828
 0.15999973 0.15999799 0.15999998 0.15999831]"
2130,2130,"[0.15999932 0.15999734 0.15999887 0.15999883 0.15999936 0.15999822
 0.1599997  0.15999783 0.15999999 0.15999826]"
2131,2131,"[0.15999935 0.15999733 0.15999878 0.15999883 0.15999938 0.15999816
 0.15999966 0.15999768 0.16       0.15999821]"
2132,2132,"[0.15999939 0.15999734 0.15999867 0.15999884 0.1599994  0.1599981
 0.15999963 0.15999755 0.16       0.15999816]"
2133,2133,"[0.15999943 0.15999736 0.15999857 0.15999885 0.15999943 0.15999804
 0.15999959 0.15999745 0.16       0.15999811]"
2134,2134,"[0.15999946 0.15999739 0.15999849 0.15999886 0.15999939 0.15999799
 0.15999955 0.15999738 0.16       0.15999806]"
2135,2135,"[0.15999949 0.15999743 0.15999841 0.15999887 0.15999931 0.15999793
 0.15999951 0.15999734 0.16       0.15999801]"
2136,2136,"[0.15999952 0.15999748 0.15999827 0.15999888 0.15999934 0.15999788
 0.15999947 0.15999734 0.15999999 0.15999796]"
2137,2137,"[0.15999954 0.15999754 0.15999814 0.1599989  0.15999935 0.15999782
 0.15999943 0.15999738 0.15999999 0.15999791]"
2138,2138,"[0.15999957 0.1599976  0.159998   0.15999891 0.15999937 0.15999777
 0.15999938 0.15999746 0.15999998 0.15999786]"
2139,2139,"[0.15999959 0.15999767 0.15999787 0.15999893 0.15999939 0.15999772
 0.15999934 0.15999758 0.15999997 0.15999782]"
2140,2140,"[0.15999962 0.15999774 0.15999775 0.15999895 0.15999941 0.15999767
 0.15999929 0.15999773 0.15999996 0.15999777]"
2141,2141,"[0.15999964 0.15999782 0.15999764 0.15999897 0.15999943 0.15999762
 0.15999924 0.15999791 0.15999994 0.15999773]"
2142,2142,"[0.15999966 0.1599979  0.15999755 0.15999899 0.15999945 0.15999758
 0.15999919 0.1599981  0.15999992 0.15999768]"
2143,2143,"[0.15999968 0.15999798 0.15999747 0.15999901 0.15999946 0.15999754
 0.15999914 0.15999832 0.15999991 0.15999764]"
2144,2144,"[0.1599997  0.15999806 0.15999741 0.15999903 0.15999948 0.1599975
 0.15999909 0.15999853 0.15999988 0.1599976 ]"
2145,2145,"[0.15999971 0.15999815 0.15999736 0.15999905 0.15999949 0.15999747
 0.15999903 0.15999874 0.15999986 0.15999756]"
2146,2146,"[0.15999973 0.15999823 0.15999734 0.15999908 0.15999951 0.15999744
 0.15999898 0.15999895 0.15999983 0.15999753]"
2147,2147,"[0.15999975 0.15999831 0.15999733 0.1599991  0.15999952 0.15999741
 0.15999892 0.15999914 0.1599998  0.1599975 ]"
2148,2148,"[0.15999976 0.15999839 0.15999734 0.15999913 0.15999953 0.15999739
 0.15999886 0.15999931 0.15999977 0.15999747]"
2149,2149,"[0.15999977 0.15999847 0.15999737 0.15999915 0.15999955 0.15999737
 0.1599988  0.15999947 0.15999974 0.15999744]"
2150,2150,"[0.15999979 0.15999854 0.1599974  0.15999918 0.15999956 0.15999735
 0.15999874 0.1599996  0.1599997  0.15999741]"
2151,2151,"[0.1599998  0.15999862 0.15999745 0.15999921 0.15999957 0.15999734
 0.15999868 0.15999971 0.15999966 0.15999739]"
2152,2152,"[0.15999981 0.15999869 0.15999751 0.15999923 0.15999958 0.15999734
 0.15999862 0.1599998  0.15999962 0.15999737]"
2153,2153,"[0.15999982 0.15999875 0.15999757 0.15999926 0.1599996  0.15999733
 0.15999855 0.15999987 0.15999958 0.15999736]"
2154,2154,"[0.15999983 0.15999881 0.15999764 0.15999929 0.15999961 0.15999734
 0.15999849 0.15999992 0.15999954 0.15999735]"
2155,2155,"[0.15999984 0.15999887 0.15999771 0.15999931 0.15999962 0.15999734
 0.15999843 0.15999996 0.15999949 0.15999734]"
2156,2156,"[0.15999985 0.15999893 0.15999778 0.15999934 0.15999963 0.15999735
 0.15999836 0.15999999 0.15999944 0.15999733]"
2157,2157,"[0.15999985 0.15999898 0.15999786 0.15999936 0.15999964 0.15999737
 0.1599983  0.16       0.15999939 0.15999733]"
2158,2158,"[0.15999986 0.15999903 0.15999793 0.15999939 0.15999965 0.15999739
 0.15999823 0.16       0.15999933 0.15999734]"
2159,2159,"[0.15999987 0.15999908 0.15999801 0.15999941 0.15999966 0.15999741
 0.15999817 0.15999999 0.15999928 0.15999734]"
2160,2160,"[0.15999988 0.15999912 0.15999808 0.15999944 0.15999967 0.15999744
 0.15999811 0.15999998 0.15999922 0.15999735]"
2161,2161,"[0.15999988 0.15999916 0.15999815 0.15999946 0.15999968 0.15999747
 0.15999804 0.15999996 0.15999916 0.15999736]"
2162,2162,"[0.15999989 0.15999919 0.15999822 0.15999949 0.15999968 0.1599975
 0.15999798 0.15999993 0.1599991  0.15999738]"
2163,2163,"[0.15999989 0.15999923 0.15999829 0.15999951 0.15999969 0.15999754
 0.15999792 0.1599999  0.15999904 0.1599974 ]"
2164,2164,"[0.1599999  0.15999925 0.15999835 0.15999953 0.1599997  0.15999758
 0.15999786 0.15999987 0.15999897 0.15999742]"
2165,2165,"[0.1599999  0.15999928 0.15999841 0.15999955 0.15999971 0.15999763
 0.15999781 0.15999984 0.15999891 0.15999745]"
2166,2166,"[0.15999991 0.1599993  0.15999847 0.15999958 0.15999972 0.15999767
 0.15999775 0.1599998  0.15999884 0.15999748]"
2167,2167,"[0.15999991 0.15999932 0.15999853 0.1599996  0.15999972 0.15999772
 0.1599977  0.15999977 0.15999877 0.15999751]"
2168,2168,"[0.15999992 0.15999934 0.15999859 0.15999961 0.15999973 0.15999777
 0.15999765 0.15999973 0.1599987  0.15999755]"
2169,2169,"[0.15999992 0.15999935 0.15999864 0.15999963 0.15999974 0.15999782
 0.1599976  0.15999969 0.15999863 0.15999758]"
2170,2170,"[0.15999993 0.15999936 0.15999869 0.15999965 0.15999975 0.15999788
 0.15999756 0.15999965 0.15999856 0.15999756]"
2171,2171,"[0.15999928 0.15999937 0.15999874 0.15999967 0.15999975 0.15999793
 0.15999752 0.15999961 0.15999849 0.15999751]"
2172,2172,"[0.1599993  0.15999937 0.15999879 0.15999968 0.15999976 0.15999799
 0.15999748 0.15999958 0.15999841 0.15999755]"
2173,2173,"[0.15999932 0.15999937 0.15999883 0.1599997  0.15999977 0.15999805
 0.15999745 0.15999954 0.15999834 0.1599976 ]"
2174,2174,"[0.15999933 0.15999937 0.15999888 0.15999971 0.15999977 0.15999811
 0.15999742 0.1599995  0.15999827 0.15999765]"
2175,2175,"[0.15999935 0.15999937 0.15999892 0.15999973 0.15999978 0.15999817
 0.15999739 0.15999947 0.15999819 0.1599977 ]"
2176,2176,"[0.15999937 0.15999936 0.15999896 0.15999974 0.15999979 0.15999822
 0.15999737 0.15999943 0.15999812 0.15999775]"
2177,2177,"[0.15999938 0.15999935 0.159999   0.15999975 0.15999979 0.15999828
 0.15999736 0.1599994  0.15999805 0.15999781]"
2178,2178,"[0.1599994  0.15999735 0.15999903 0.15999977 0.1599998  0.15999834
 0.15999752 0.15999937 0.15999797 0.15999787]"
2179,2179,"[0.15999941 0.15999734 0.15999907 0.15999978 0.15999981 0.1599981
 0.15999748 0.15999934 0.1599979  0.15999743]"
2180,2180,"[0.15999943 0.15999734 0.15999911 0.15999979 0.15999981 0.15999816
 0.15999745 0.15999931 0.15999784 0.15999746]"
2181,2181,"[0.15999944 0.15999733 0.15999914 0.1599998  0.15999982 0.15999821
 0.15999742 0.15999928 0.15999777 0.15999751]"
2182,2182,"[0.15999945 0.15999733 0.15999917 0.15999981 0.15999982 0.15999827
 0.15999739 0.15999925 0.1599977  0.15999755]"
2183,2183,"[0.15999947 0.15999733 0.15999921 0.15999982 0.15999983 0.15999833
 0.15999737 0.15999922 0.15999764 0.1599976 ]"
2184,2184,"[0.16000117 0.15999734 0.15999924 0.15999983 0.15999984 0.15999839
 0.15999735 0.159999   0.15999759 0.15999766]"
2185,2185,"[0.15999959 0.15999734 0.15999927 0.15999983 0.15999984 0.15999845
 0.15999734 0.15999851 0.15999753 0.15999772]"
2186,2186,"[0.15999961 0.15999735 0.1599993  0.15999984 0.15999985 0.1599985
 0.15999734 0.15999847 0.15999749 0.15999778]"
2187,2187,"[0.15999964 0.15999736 0.15999933 0.15999985 0.15999985 0.15999856
 0.15999733 0.15999843 0.15999744 0.15999784]"
2188,2188,"[0.15999967 0.15999737 0.15999936 0.15999986 0.15999986 0.15999861
 0.15999734 0.15999839 0.15999741 0.15999791]"
2189,2189,"[0.1599997  0.15999739 0.15999938 0.15999986 0.15999986 0.15999867
 0.15999734 0.15999836 0.15999738 0.15999798]"
2190,2190,"[0.15999972 0.15999741 0.15999941 0.15999987 0.15999987 0.15999872
 0.15999735 0.15999833 0.15999736 0.15999805]"
2191,2191,"[0.16004178 0.15999838 0.15999944 0.15999987 0.15999987 0.15999877
 0.15999737 0.1599983  0.15999734 0.15999812]"
2192,2192,"[0.15999831 0.15999881 0.15999947 0.15999988 0.15999906 0.15999882
 0.15999738 0.15999827 0.15999734 0.1599983 ]"
2193,2193,"[0.15999824 0.15999871 0.15999949 0.15999988 0.15999908 0.15999887
 0.15999741 0.15999825 0.15999733 0.15999741]"
2194,2194,"[0.15999818 0.15999861 0.15999952 0.15999989 0.15999874 0.15999892
 0.15999743 0.15999995 0.15999733 0.1599974 ]"
2195,2195,"[0.15999811 0.15999851 0.15999954 0.15999989 0.15999737 0.15999896
 0.15999746 0.15999991 0.15999734 0.15999738]"
2196,2196,"[0.15999804 0.15999841 0.15999957 0.1599999  0.15999738 0.15999901
 0.15999749 0.15999988 0.15999735 0.15999737]"
2197,2197,"[0.15999797 0.1599983  0.15999959 0.1599999  0.1599974  0.15999905
 0.15999752 0.15999985 0.15999736 0.15999736]"
2198,2198,"[0.1599979  0.1599982  0.15999961 0.1599999  0.15999742 0.15999909
 0.15999756 0.15999982 0.15999739 0.15999735]"
2199,2199,"[0.15999783 0.1599981  0.1600004  0.15999992 0.15999744 0.15999913
 0.15999759 0.15999978 0.15999745 0.15999735]"
2200,2200,"[0.15999776 0.15999986 0.15999898 0.15999993 0.15999747 0.15999825
 0.15999763 0.15999975 0.15999755 0.15999734]"
2201,2201,"[0.1599977  0.15999983 0.15999901 0.15999993 0.15999749 0.1599983
 0.15999767 0.15999971 0.1599976  0.15999734]"
2202,2202,"[0.15999764 0.1599998  0.15999905 0.15999993 0.15999753 0.15999836
 0.15999771 0.15999967 0.15999767 0.15999734]"
2203,2203,"[0.15999758 0.15999977 0.15999909 0.15999994 0.15999757 0.15999841
 0.15999776 0.15999964 0.15999774 0.15999733]"
2204,2204,"[0.15999752 0.15999973 0.15999913 0.15999994 0.15999761 0.15999847
 0.1599978  0.1599996  0.15999781 0.15999733]"
2205,2205,"[0.15999748 0.1599997  0.15999917 0.15999994 0.15999765 0.15999852
 0.15999784 0.15999956 0.15999789 0.15999733]"
2206,2206,"[0.15999743 0.15999966 0.15999921 0.15999995 0.1599977  0.15999858
 0.15999788 0.15999952 0.15999796 0.15999734]"
2207,2207,"[0.1599974  0.15999962 0.15999925 0.15999995 0.15999776 0.15999863
 0.15999792 0.15999948 0.15999805 0.15999734]"
2208,2208,"[0.15999737 0.15999958 0.15999928 0.15999995 0.15999782 0.15999868
 0.15999796 0.15999945 0.15999813 0.15999734]"
2209,2209,"[0.15999735 0.15999954 0.15999932 0.15999995 0.15999788 0.15999873
 0.159998   0.15999941 0.15999821 0.15999734]"
2210,2210,"[0.15999734 0.1599995  0.15999936 0.15999995 0.15999795 0.15999878
 0.15999804 0.15999938 0.1599983  0.15999735]"
2211,2211,"[0.15999733 0.15999946 0.1599994  0.15999995 0.15999802 0.15999883
 0.15999808 0.15999934 0.15999839 0.15999735]"
2212,2212,"[0.15999734 0.15999942 0.15999944 0.15999996 0.15999809 0.15999888
 0.15999811 0.15999931 0.15999847 0.15999736]"
2213,2213,"[0.15999735 0.15999938 0.15999948 0.15999996 0.15999817 0.15999893
 0.15999814 0.15999928 0.15999856 0.15999736]"
2214,2214,"[0.15999738 0.15999934 0.15999951 0.15999996 0.15999825 0.15999898
 0.15999817 0.15999926 0.15999864 0.15999737]"
2215,2215,"[0.15999741 0.1599993  0.15999955 0.15999996 0.15999834 0.15999902
 0.1599982  0.15999923 0.15999872 0.15999737]"
2216,2216,"[0.15999745 0.15999926 0.15999959 0.15999996 0.15999842 0.15999907
 0.15999822 0.15999921 0.1599988  0.15999738]"
2217,2217,"[0.15999749 0.15999923 0.15999962 0.15999996 0.15999851 0.15999911
 0.15999824 0.15999918 0.15999888 0.15999739]"
2218,2218,"[0.15999755 0.15999919 0.15999966 0.15999996 0.1599986  0.15999916
 0.15999826 0.15999916 0.15999895 0.15999739]"
2219,2219,"[0.15999761 0.15999917 0.15999969 0.15999996 0.15999869 0.1599992
 0.15999827 0.15999914 0.15999902 0.1599974 ]"
2220,2220,"[0.15999768 0.15999914 0.15999973 0.15999997 0.15999879 0.15999925
 0.15999828 0.15999913 0.15999909 0.1599974 ]"
2221,2221,"[0.15999775 0.15999912 0.15999976 0.15999997 0.15999888 0.15999929
 0.15999828 0.15999911 0.15999916 0.15999741]"
2222,2222,"[0.15999782 0.1599991  0.15999979 0.15999997 0.15999897 0.15999933
 0.15999828 0.1599991  0.15999922 0.15999741]"
2223,2223,"[0.1599979  0.15999909 0.15999982 0.15999997 0.15999906 0.15999937
 0.15999827 0.15999909 0.15999928 0.15999742]"
2224,2224,"[0.15999798 0.15999908 0.15999985 0.15999997 0.15999914 0.15999941
 0.15999825 0.15999908 0.15999934 0.15999742]"
2225,2225,"[0.15999806 0.15999908 0.15999988 0.15999997 0.15999923 0.15999946
 0.15999823 0.15999908 0.1599994  0.15999743]"
2226,2226,"[0.15999814 0.15999908 0.1599999  0.15999997 0.15999903 0.1599995
 0.16000404 0.15999907 0.15999945 0.15999743]"
2227,2227,"[0.15999821 0.15999909 0.15999993 0.15999997 0.15999807 0.15999954
 0.15999852 0.15999907 0.1599995  0.15999743]"
2228,2228,"[0.15999828 0.15999911 0.15999995 0.15999997 0.15999803 0.15999958
 0.1599985  0.15999907 0.15999954 0.15999744]"
2229,2229,"[0.15999833 0.15999913 0.15999997 0.15999997 0.159998   0.15999962
 0.15999848 0.15999907 0.15999959 0.15999744]"
2230,2230,"[0.15999836 0.15999916 0.15999998 0.15999997 0.15999796 0.15999966
 0.15999846 0.15999907 0.15999963 0.15999745]"
2231,2231,"[0.15999836 0.1599992  0.15999999 0.15999997 0.15999793 0.1599997
 0.15999843 0.15999907 0.15999925 0.15999935]"
2232,2232,"[0.1599983  0.15999925 0.16       0.15999997 0.15999789 0.15999974
 0.15999841 0.15999908 0.1599992  0.15999872]"
2233,2233,"[0.15999812 0.1599993  0.16       0.15999997 0.15999786 0.15999978
 0.15999839 0.15999909 0.15999914 0.15999787]"
2234,2234,"[0.15999773 0.15999936 0.15999999 0.15999998 0.15999783 0.15999981
 0.15999837 0.15999909 0.15999909 0.15999737]"
2235,2235,"[0.15999744 0.15999943 0.15999998 0.15999998 0.1599978  0.15999985
 0.15999834 0.1599991  0.15999904 0.15999746]"
2236,2236,"[0.15999899 0.1599995  0.15999995 0.15999998 0.15999777 0.15999988
 0.15999832 0.15999911 0.15999899 0.15999776]"
2237,2237,"[0.15999989 0.15999957 0.15999991 0.15999998 0.15999774 0.15999991
 0.1599983  0.15999912 0.15999894 0.15999802]"
2238,2238,"[0.16       0.15999965 0.15999987 0.15999998 0.15999771 0.15999994
 0.15999828 0.15999913 0.1599989  0.15999821]"
2239,2239,"[0.15999998 0.15999972 0.15999981 0.15999998 0.15999768 0.15999996
 0.15999826 0.15999914 0.15999886 0.15999833]"
2240,2240,"[0.15999996 0.15999979 0.15999974 0.15999998 0.15999765 0.15999998
 0.15999825 0.15999915 0.15999882 0.1599984 ]"
2241,2241,"[0.15999994 0.15999985 0.15999966 0.15999998 0.15999762 0.15999999
 0.15999823 0.15999916 0.15999879 0.15999845]"
2242,2242,"[0.15999993 0.15999991 0.15999958 0.15999998 0.15999759 0.16
 0.15999822 0.15999917 0.15999876 0.15999847]"
2243,2243,"[0.15999993 0.15999995 0.15999948 0.15999998 0.15999757 0.16
 0.15999821 0.15999919 0.15999873 0.15999848]"
2244,2244,"[0.15999992 0.15999998 0.15999939 0.15999998 0.15999754 0.16
 0.1599982  0.1599992  0.15999871 0.15999848]"
2245,2245,"[0.15999993 0.16       0.15999929 0.15999998 0.15999752 0.15999999
 0.15999819 0.15999921 0.15999869 0.15999846]"
2246,2246,"[0.15999993 0.16       0.15999919 0.15999998 0.1599977  0.15999998
 0.15999818 0.15999923 0.15999831 0.15999844]"
2247,2247,"[0.15999993 0.15999998 0.1599991  0.15999998 0.15999788 0.15999997
 0.15999818 0.15999924 0.15999741 0.15999841]"
2248,2248,"[0.15999994 0.15999996 0.15999901 0.15999998 0.15999784 0.15999996
 0.15999789 0.15999904 0.15999739 0.15999838]"
2249,2249,"[0.15999994 0.15999991 0.15999893 0.15999998 0.1599978  0.15999995
 0.15999736 0.15999849 0.15999738 0.15999834]"
2250,2250,"[0.15999995 0.15999986 0.15999885 0.15999997 0.15999776 0.15999993
 0.15999736 0.15999845 0.15999737 0.1599983 ]"
2251,2251,"[0.15999995 0.15999979 0.15999879 0.15999999 0.15999772 0.15999992
 0.15999735 0.16000113 0.15999735 0.15999826]"
2252,2252,"[0.15999996 0.15999972 0.15999874 0.15999999 0.15999768 0.15999991
 0.15999734 0.15999993 0.15999734 0.15999821]"
2253,2253,"[0.15999996 0.15999963 0.15999869 0.15999999 0.15999765 0.1599999
 0.15999734 0.15999993 0.15999734 0.15999816]"
2254,2254,"[0.15999997 0.15999954 0.15999866 0.15999999 0.15999761 0.15999989
 0.15999733 0.15999993 0.15999733 0.15999811]"
2255,2255,"[0.15999997 0.15999944 0.15999863 0.15999998 0.15999757 0.15999988
 0.15999733 0.15999993 0.15999733 0.15999806]"
2256,2256,"[0.15999998 0.16000165 0.16000133 0.15999997 0.15999754 0.15999987
 0.15999734 0.15999993 0.15999734 0.15999801]"
2257,2257,"[0.15999998 0.1599994  0.15999987 0.15999996 0.1599975  0.15999987
 0.15999734 0.15999993 0.15999734 0.15999796]"
2258,2258,"[0.15999998 0.15999941 0.16000048 0.16000042 0.15999747 0.15999987
 0.15999735 0.15999992 0.15999736 0.15999842]"
2259,2259,"[0.15999999 0.15999943 0.15999968 0.15999744 0.15999744 0.15999987
 0.15999736 0.15999992 0.15999737 0.15999876]"
2260,2260,"[0.15999999 0.15999944 0.15999966 0.15999745 0.15999741 0.15999988
 0.15999737 0.15999992 0.15999739 0.15999871]"
2261,2261,"[0.15999999 0.15999946 0.15999963 0.15999745 0.15999739 0.15999988
 0.15999738 0.15999992 0.15999741 0.15999866]"
2262,2262,"[0.15999999 0.15999948 0.1599996  0.15999746 0.1600041  0.15999988
 0.159998   0.15999992 0.15999744 0.15999861]"
2263,2263,"[0.16       0.1599995  0.15999957 0.15999746 0.15999919 0.15999989
 0.15999773 0.15999992 0.15999747 0.15999855]"
2264,2264,"[0.16       0.15999952 0.15999954 0.15999747 0.15999933 0.1599999
 0.15999768 0.15999991 0.1599975  0.1599985 ]"
2265,2265,"[0.16       0.15999955 0.15999951 0.15999748 0.15999945 0.1599999
 0.15999763 0.15999991 0.15999754 0.15999844]"
2266,2266,"[0.16       0.15999957 0.15999948 0.15999748 0.15999957 0.15999991
 0.15999759 0.15999991 0.15999758 0.15999839]"
2267,2267,"[0.16       0.15999959 0.15999944 0.15999749 0.15999967 0.15999991
 0.15999754 0.15999991 0.15999762 0.15999833]"
2268,2268,"[0.16       0.15999962 0.15999941 0.1599975  0.15999975 0.15999989
 0.159998   0.15999991 0.15999767 0.15999827]"
2269,2269,"[0.16       0.15999964 0.15999937 0.16000538 0.16000069 0.1599998
 0.15999836 0.1599999  0.15999772 0.15999821]"
2270,2270,"[0.16       0.15999967 0.15999933 0.15999816 0.15999953 0.15999978
 0.15999831 0.1599999  0.15999777 0.15999816]"
2271,2271,"[0.16       0.1599997  0.15999929 0.15999827 0.15999945 0.15999976
 0.15999825 0.1599999  0.15999782 0.1599981 ]"
2272,2272,"[0.16       0.15999972 0.15999925 0.1599984  0.15999936 0.15999973
 0.15999819 0.1599999  0.15999788 0.15999804]"
2273,2273,"[0.16       0.15999975 0.1599992  0.15999856 0.15999926 0.15999969
 0.15999814 0.15999989 0.15999793 0.15999798]"
2274,2274,"[0.16       0.15999977 0.15999916 0.15999878 0.15999914 0.15999963
 0.15999808 0.15999989 0.15999799 0.15999792]"
2275,2275,"[0.16       0.1599998  0.15999911 0.15999908 0.15999902 0.15999956
 0.15999803 0.15999989 0.15999804 0.15999787]"
2276,2276,"[0.16       0.15999982 0.15999906 0.15999948 0.15999888 0.15999945
 0.15999798 0.15999989 0.1599981  0.15999781]"
2277,2277,"[0.16       0.15999984 0.15999901 0.16       0.15999874 0.15999926
 0.15999793 0.15999989 0.15999838 0.15999776]"
2278,2278,"[0.16       0.15999986 0.15999896 0.16       0.15999858 0.15999888
 0.15999789 0.15999988 0.15999837 0.15999771]"
2279,2279,"[0.16       0.15999989 0.15999891 0.15999999 0.15999842 0.15999807
 0.15999784 0.15999988 0.15999837 0.15999766]"
2280,2280,"[0.15999999 0.1599999  0.15999886 0.15999998 0.15999826 0.15999756
 0.1599978  0.15999988 0.15999836 0.15999761]"
2281,2281,"[0.15999999 0.15999992 0.1599988  0.15999996 0.15999809 0.15999927
 0.15999776 0.15999988 0.15999836 0.15999757]"
2282,2282,"[0.15999999 0.15999994 0.15999875 0.15999994 0.15999793 0.15999991
 0.15999772 0.15999988 0.15999836 0.15999753]"
2283,2283,"[0.15999999 0.15999996 0.15999869 0.15999991 0.15999778 0.16
 0.15999768 0.15999987 0.15999836 0.15999749]"
2284,2284,"[0.15999999 0.15999997 0.15999863 0.15999987 0.15999765 0.15999999
 0.15999765 0.15999987 0.15999837 0.15999745]"
2285,2285,"[0.15999999 0.15999998 0.15999858 0.15999983 0.15999753 0.15999998
 0.15999762 0.15999987 0.15999838 0.15999742]"
2286,2286,"[0.15999999 0.16       0.15999852 0.15999978 0.15999745 0.15999997
 0.15999759 0.15999987 0.15999839 0.1599974 ]"
2287,2287,"[0.16000017 0.15999764 0.15999846 0.15999972 0.15999826 0.15999996
 0.15999827 0.15999987 0.1599984  0.15999738]"
2288,2288,"[0.15999919 0.1599976  0.1599984  0.15999965 0.15999816 0.15999995
 0.15999873 0.15999986 0.15999842 0.15999736]"
2289,2289,"[0.15999919 0.15999756 0.15999835 0.15999958 0.15999806 0.15999995
 0.1599987  0.15999986 0.15999843 0.15999734]"
2290,2290,"[0.15999919 0.15999753 0.15999829 0.1599995  0.15999796 0.15999995
 0.15999867 0.15999986 0.15999845 0.15999734]"
2291,2291,"[0.15999918 0.15999749 0.15999823 0.15999941 0.15999786 0.15999995
 0.15999864 0.15999986 0.15999848 0.15999733]"
2292,2292,"[0.15999918 0.15999746 0.15999818 0.15999932 0.15999777 0.15999995
 0.15999861 0.15999986 0.1599985  0.15999734]"
2293,2293,"[0.15999918 0.15999743 0.15999812 0.15999922 0.15999768 0.15999995
 0.15999858 0.15999986 0.15999853 0.15999734]"
2294,2294,"[0.15999918 0.16000118 0.15999807 0.15999911 0.1599976  0.15999996
 0.15999855 0.15999986 0.15999855 0.15999775]"
2295,2295,"[0.15999918 0.15999999 0.15999802 0.15999901 0.15999753 0.15999996
 0.15999852 0.15999986 0.15999858 0.15999806]"
2296,2296,"[0.15999918 0.16       0.15999796 0.1599989  0.15999747 0.15999996
 0.15999849 0.15999986 0.15999861 0.159998  ]"
2297,2297,"[0.15999918 0.15999998 0.15999797 0.15999879 0.15999742 0.15999997
 0.15999846 0.15999986 0.15999865 0.15999795]"
2298,2298,"[0.15999918 0.15999981 0.15999758 0.15999867 0.15999738 0.15999997
 0.15999843 0.15999985 0.15999868 0.1599979 ]"
2299,2299,"[0.15999918 0.15999978 0.15999755 0.15999856 0.15999735 0.15999998
 0.1599984  0.15999986 0.15999871 0.15999785]"
2300,2300,"[0.15999918 0.15999975 0.15999751 0.15999845 0.15999734 0.15999998
 0.15999837 0.15999986 0.15999875 0.1599978 ]"
2301,2301,"[0.15999918 0.15999973 0.15999749 0.15999834 0.15999733 0.15999998
 0.15999834 0.15999986 0.15999879 0.15999776]"
2302,2302,"[0.15999918 0.1599997  0.15999746 0.15999823 0.15999735 0.15999999
 0.15999831 0.15999986 0.15999883 0.15999771]"
2303,2303,"[0.15999919 0.15999966 0.15999743 0.15999812 0.15999737 0.15999999
 0.15999829 0.15999986 0.15999887 0.15999767]"
2304,2304,"[0.15999919 0.15999963 0.15999741 0.15999802 0.15999741 0.15999999
 0.15999826 0.15999986 0.15999891 0.15999763]"
2305,2305,"[0.15999919 0.15999959 0.15999739 0.15999793 0.15999746 0.15999999
 0.15999823 0.15999986 0.15999895 0.1599976 ]"
2306,2306,"[0.1599992  0.15999955 0.15999738 0.15999783 0.15999752 0.16
 0.1599982  0.15999986 0.15999899 0.15999757]"
2307,2307,"[0.15999921 0.15999951 0.15999769 0.15999775 0.15999758 0.16
 0.15999817 0.16000001 0.15999903 0.15999754]"
2308,2308,"[0.15999921 0.15999946 0.15999798 0.15999767 0.15999766 0.16
 0.15999814 0.16       0.15999907 0.15999751]"
2309,2309,"[0.15999922 0.15999942 0.15999794 0.1599976  0.15999775 0.16
 0.15999812 0.16       0.15999911 0.15999748]"
2310,2310,"[0.15999923 0.15999937 0.1599979  0.15999754 0.15999784 0.16
 0.15999809 0.16       0.15999916 0.15999746]"
2311,2311,"[0.15999924 0.15999932 0.15999787 0.15999748 0.15999794 0.16
 0.15999806 0.16       0.1599992  0.15999744]"
2312,2312,"[0.15999925 0.15999926 0.15999783 0.15999743 0.15999804 0.16
 0.15999804 0.16       0.15999924 0.15999742]"
2313,2313,"[0.15999926 0.1599992  0.1599978  0.1599974  0.15999814 0.16
 0.15999801 0.16       0.15999928 0.15999741]"
2314,2314,"[0.15999928 0.15999915 0.15999776 0.15999737 0.15999825 0.16
 0.15999798 0.16       0.15999932 0.15999739]"
2315,2315,"[0.15999929 0.15999908 0.15999773 0.15999735 0.15999835 0.16
 0.15999796 0.16       0.15999936 0.15999738]"
2316,2316,"[0.1599993  0.15999902 0.1599977  0.15999734 0.15999845 0.16
 0.15999793 0.16       0.1599994  0.15999737]"
2317,2317,"[0.1600002  0.15999895 0.15999767 0.15999733 0.15999952 0.16
 0.1599979  0.16       0.15999944 0.15999736]"
2318,2318,"[0.15999962 0.15999888 0.15999764 0.15999734 0.15999746 0.15999999
 0.15999788 0.16       0.15999948 0.15999735]"
2319,2319,"[0.15999963 0.15999881 0.15999761 0.15999736 0.15999749 0.15999999
 0.15999785 0.16       0.15999952 0.15999735]"
2320,2320,"[0.15999964 0.15999874 0.15999758 0.15999738 0.15999746 0.15999999
 0.15999783 0.16       0.15999999 0.15999734]"
2321,2321,"[0.15999965 0.15999867 0.15999755 0.15999741 0.15999737 0.15999999
 0.15999781 0.16       0.15999999 0.15999734]"
2322,2322,"[0.15999966 0.15999859 0.15999753 0.15999745 0.15999739 0.15999999
 0.15999778 0.16       0.15999999 0.15999734]"
2323,2323,"[0.15999967 0.15999852 0.1599975  0.1599975  0.15999741 0.15999999
 0.15999776 0.16       0.15999999 0.15999734]"
2324,2324,"[0.15999968 0.15999844 0.15999748 0.15999755 0.15999744 0.15999999
 0.15999773 0.16       0.16       0.15999734]"
2325,2325,"[0.15999969 0.15999948 0.15999746 0.15999761 0.15999764 0.15999999
 0.15999771 0.16       0.16       0.15999733]"
2326,2326,"[0.15999971 0.1599997  0.15999744 0.15999767 0.15999789 0.15999999
 0.15999769 0.15999999 0.16       0.15999733]"
2327,2327,"[0.15999972 0.15999967 0.15999742 0.15999785 0.15999794 0.15999998
 0.15999767 0.15999999 0.16       0.15999829]"
2328,2328,"[0.15999974 0.15999964 0.15999741 0.15999792 0.159998   0.15999998
 0.15999765 0.15999999 0.16       0.15999829]"
2329,2329,"[0.15999975 0.15999961 0.15999739 0.15999799 0.15999806 0.15999998
 0.15999763 0.15999999 0.16       0.15999829]"
2330,2330,"[0.15999976 0.15999958 0.15999738 0.15999806 0.15999812 0.15999998
 0.15999761 0.15999998 0.16       0.15999829]"
2331,2331,"[0.15999978 0.15999954 0.15999737 0.15999814 0.15999818 0.15999998
 0.15999759 0.15999998 0.16       0.1599983 ]"
2332,2332,"[0.15999979 0.15999951 0.15999736 0.15999821 0.15999824 0.15999998
 0.15999757 0.15999997 0.15999999 0.1599983 ]"
2333,2333,"[0.15999981 0.15999947 0.15999735 0.15999829 0.15999829 0.15999998
 0.15999755 0.15999996 0.15999999 0.1599983 ]"
2334,2334,"[0.15999982 0.15999943 0.15999734 0.15999836 0.15999835 0.15999998
 0.15999753 0.15999995 0.15999998 0.15999831]"
2335,2335,"[0.15999984 0.15999939 0.15999734 0.15999844 0.15999841 0.15999998
 0.15999752 0.15999994 0.15999998 0.15999906]"
2336,2336,"[0.15999985 0.15999934 0.15999733 0.15999851 0.15999846 0.15999998
 0.1599975  0.15999992 0.15999997 0.15999871]"
2337,2337,"[0.15999986 0.1599993  0.15999733 0.15999858 0.15999851 0.15999998
 0.15999749 0.1599999  0.15999996 0.15999871]"
2338,2338,"[0.15999988 0.15999925 0.15999733 0.15999865 0.15999856 0.15999998
 0.15999747 0.15999989 0.15999995 0.15999872]"
2339,2339,"[0.15999989 0.1599992  0.15999734 0.15999872 0.15999862 0.15999998
 0.15999746 0.15999987 0.15999994 0.15999872]"
2340,2340,"[0.1599999  0.15999915 0.15999734 0.15999879 0.15999866 0.15999998
 0.15999744 0.15999985 0.15999993 0.15999873]"
2341,2341,"[0.15999992 0.1599991  0.15999735 0.15999886 0.15999871 0.15999998
 0.15999743 0.15999983 0.15999992 0.15999874]"
2342,2342,"[0.15999993 0.15999905 0.15999736 0.15999892 0.15999876 0.15999998
 0.15999742 0.1599998  0.1599999  0.15999874]"
2343,2343,"[0.15999994 0.159999   0.15999737 0.15999898 0.1599988  0.15999998
 0.15999741 0.15999977 0.15999989 0.15999875]"
2344,2344,"[0.15999995 0.15999895 0.15999738 0.15999904 0.15999885 0.15999998
 0.1599974  0.15999974 0.15999987 0.15999876]"
2345,2345,"[0.15999996 0.15999889 0.15999739 0.1599991  0.15999889 0.15999998
 0.15999739 0.15999971 0.15999986 0.15999877]"
2346,2346,"[0.15999997 0.15999884 0.15999741 0.15999915 0.15999893 0.15999999
 0.15999738 0.15999967 0.15999984 0.15999878]"
2347,2347,"[0.15999997 0.15999878 0.15999743 0.1599992  0.15999897 0.15999999
 0.15999737 0.15999962 0.15999982 0.15999879]"
2348,2348,"[0.15999998 0.15999873 0.15999745 0.15999925 0.15999901 0.15999999
 0.15999736 0.15999957 0.1599998  0.1599988 ]"
2349,2349,"[0.15999999 0.15999867 0.15999748 0.1599993  0.15999904 0.15999999
 0.15999735 0.15999952 0.15999978 0.16000745]"
2350,2350,"[0.15999999 0.15999862 0.15999746 0.15999934 0.15999908 0.15999999
 0.15999735 0.15999946 0.15999977 0.15999989]"
2351,2351,"[0.16       0.15999856 0.15999744 0.15999939 0.15999911 0.15999999
 0.15999734 0.15999939 0.15999975 0.1599999 ]"
2352,2352,"[0.16       0.15999851 0.15999742 0.15999943 0.15999914 0.15999999
 0.15999734 0.15999931 0.15999974 0.15999991]"
2353,2353,"[0.16       0.15999845 0.1599974  0.15999946 0.15999917 0.15999999
 0.15999734 0.15999922 0.15999973 0.15999992]"
2354,2354,"[0.16       0.1599984  0.15999739 0.1599995  0.1599992  0.15999999
 0.15999733 0.15999912 0.15999972 0.15999993]"
2355,2355,"[0.16       0.15999835 0.15999737 0.15999953 0.15999923 0.15999999
 0.15999733 0.15999899 0.15999973 0.15999994]"
2356,2356,"[0.16       0.1599983  0.15999736 0.15999956 0.15999926 0.15999999
 0.15999733 0.15999884 0.15999975 0.15999995]"
2357,2357,"[0.15999999 0.15999825 0.15999735 0.15999959 0.15999929 0.16
 0.15999734 0.15999864 0.15999979 0.15999996]"
2358,2358,"[0.15999999 0.1599982  0.15999734 0.15999962 0.15999931 0.16
 0.15999734 0.15999838 0.15999986 0.15999996]"
2359,2359,"[0.15999998 0.15999815 0.15999734 0.15999965 0.15999934 0.16
 0.15999735 0.15999799 0.15999996 0.15999997]"
2360,2360,"[0.15999998 0.15999811 0.15999733 0.15999967 0.15999936 0.16
 0.15999735 0.15999748 0.15999995 0.15999998]"
2361,2361,"[0.15999997 0.15999806 0.15999733 0.1599997  0.15999938 0.16
 0.15999736 0.15999774 0.15999896 0.15999998]"
2362,2362,"[0.15999995 0.15999802 0.15999734 0.15999972 0.1599994  0.16
 0.15999737 0.15999953 0.15999744 0.15999999]"
2363,2363,"[0.15999994 0.15999799 0.15999734 0.15999974 0.15999942 0.16
 0.15999739 0.15999999 0.15999756 0.15999999]"
2364,2364,"[0.15999993 0.15999795 0.15999735 0.15999976 0.15999944 0.16
 0.1599974  0.15999985 0.15999794 0.16      ]"
2365,2365,"[0.15999991 0.15999792 0.15999736 0.15999978 0.15999946 0.16
 0.15999742 0.15999969 0.1599982  0.16      ]"
2366,2366,"[0.15999989 0.15999788 0.15999737 0.1599998  0.15999948 0.16
 0.15999744 0.15999956 0.15999837 0.16      ]"
2367,2367,"[0.15999987 0.15999786 0.15999739 0.15999981 0.1599995  0.16
 0.15999747 0.15999947 0.15999848 0.16      ]"
2368,2368,"[0.15999985 0.15999783 0.15999741 0.15999983 0.16005776 0.16
 0.16000022 0.1599994  0.15999856 0.16      ]"
2369,2369,"[0.15999983 0.15999781 0.15999743 0.15999984 0.15999816 0.16
 0.15999794 0.15999934 0.15999863 0.15999999]"
2370,2370,"[0.1599998  0.16012108 0.15999774 0.15999986 0.1599982  0.16
 0.15999798 0.1599993  0.15999867 0.15999998]"
2371,2371,"[0.15999977 0.15999757 0.15999764 0.15999987 0.15999824 0.16
 0.15999803 0.15999927 0.15999871 0.15999997]"
2372,2372,"[0.15999974 0.15999751 0.15999761 0.15999988 0.15999828 0.16
 0.15999808 0.15999924 0.15999874 0.15999996]"
2373,2373,"[0.15999971 0.15999745 0.15999758 0.15999989 0.15999831 0.16
 0.15999813 0.15999922 0.15999876 0.15999995]"
2374,2374,"[0.15999967 0.15999741 0.15999755 0.1599999  0.15999835 0.16
 0.15999819 0.1599992  0.15999878 0.15999993]"
2375,2375,"[0.15999963 0.15999738 0.15999752 0.15999991 0.15999839 0.16
 0.15999825 0.15999919 0.15999879 0.15999991]"
2376,2376,"[0.15999959 0.15999736 0.1599975  0.15999992 0.15999843 0.16
 0.15999831 0.15999918 0.15999881 0.15999988]"
2377,2377,"[0.15999955 0.15999734 0.15999747 0.15999993 0.15999846 0.16
 0.15999838 0.15999917 0.15999882 0.15999985]"
2378,2378,"[0.1599995  0.15999734 0.15999745 0.15999994 0.1599985  0.16
 0.15999845 0.15999917 0.15999883 0.15999982]"
2379,2379,"[0.15999945 0.15999733 0.15999743 0.15999995 0.15999853 0.16
 0.15999852 0.15999917 0.15999883 0.15999979]"
2380,2380,"[0.1599994  0.15999734 0.15999779 0.15999997 0.15999856 0.16
 0.15999859 0.15999917 0.15999884 0.15999963]"
2381,2381,"[0.15999934 0.15999735 0.1599981  0.15999999 0.1599986  0.16
 0.15999844 0.15999918 0.15999884 0.15999904]"
2382,2382,"[0.15999928 0.15999736 0.15999807 0.16       0.15999863 0.16
 0.15999813 0.15999918 0.15999885 0.15999894]"
2383,2383,"[0.15999922 0.15999738 0.15999804 0.16       0.15999866 0.16
 0.15999823 0.15999919 0.15999885 0.15999885]"
2384,2384,"[0.15999916 0.15999855 0.159998   0.16       0.15999869 0.16
 0.15999833 0.1599992  0.15999882 0.15999875]"
2385,2385,"[0.15999909 0.1599992  0.15999797 0.16       0.15999872 0.16
 0.15999843 0.15999921 0.15999837 0.15999864]"
2386,2386,"[0.15999902 0.16000139 0.15999794 0.16       0.15999875 0.16000001
 0.15999854 0.15999964 0.15999836 0.15999854]"
2387,2387,"[0.15999894 0.15999809 0.1599979  0.16       0.16001446 0.16
 0.15999865 0.15999903 0.15999836 0.15999844]"
2388,2388,"[0.15999887 0.15999806 0.15999787 0.16       0.15999999 0.16001232
 0.15999875 0.15999875 0.15999932 0.15999833]"
2389,2389,"[0.15999879 0.15999803 0.15999784 0.16       0.15999999 0.15999919
 0.15999886 0.15999875 0.15999882 0.15999823]"
2390,2390,"[0.1599987  0.159998   0.15999781 0.15999999 0.15999999 0.15999934
 0.15999896 0.15999874 0.15999882 0.15999813]"
2391,2391,"[0.15999862 0.15999797 0.15999778 0.15999999 0.15999998 0.15999949
 0.15999906 0.15999874 0.15999882 0.15999803]"
2392,2392,"[0.15999853 0.15999795 0.15999775 0.15999998 0.15999998 0.15999962
 0.15999916 0.15999874 0.15999883 0.15999794]"
2393,2393,"[0.15999845 0.15999792 0.15999772 0.15999998 0.15999997 0.15999974
 0.15999925 0.15999874 0.15999883 0.15999785]"
2394,2394,"[0.15999836 0.1599979  0.15999769 0.15999997 0.15999997 0.15999984
 0.15999934 0.15999874 0.15999883 0.15999777]"
2395,2395,"[0.15999827 0.15999788 0.15999767 0.15999997 0.15999996 0.15999991
 0.15999942 0.15999874 0.15999884 0.15999769]"
2396,2396,"[0.15999829 0.15999787 0.15999764 0.15999996 0.15999995 0.15999997
 0.15999934 0.15999874 0.15999884 0.15999762]"
2397,2397,"[0.15999834 0.15999785 0.15999762 0.15999995 0.15999995 0.16
 0.15999905 0.15999875 0.15999884 0.15999756]"
2398,2398,"[0.15999825 0.15999784 0.15999759 0.15999995 0.15999994 0.16
 0.15999916 0.15999875 0.15999885 0.15999751]"
2399,2399,"[0.15999817 0.15999783 0.15999757 0.15999994 0.15999993 0.15999997
 0.15999926 0.15999876 0.15999885 0.15999746]"
2400,2400,"[0.15999809 0.15999782 0.15999755 0.15999993 0.15999991 0.15999991
 0.15999935 0.15999876 0.15999886 0.15999742]"
2401,2401,"[0.15999801 0.15999782 0.15999752 0.15999992 0.1599999  0.15999983
 0.15999944 0.15999877 0.15999886 0.15999739]"
2402,2402,"[0.15999793 0.15999782 0.1599975  0.15999991 0.15999988 0.15999973
 0.15999952 0.15999878 0.15999886 0.15999736]"
2403,2403,"[0.15999786 0.15999782 0.15999748 0.1599999  0.15999987 0.15999962
 0.15999959 0.15999879 0.15999887 0.15999735]"
2404,2404,"[0.15999778 0.15999783 0.15999746 0.15999989 0.15999985 0.15999949
 0.15999965 0.1599988  0.15999888 0.15999734]"
2405,2405,"[0.15999772 0.15999784 0.15999745 0.15999988 0.15999982 0.15999936
 0.15999971 0.15999881 0.15999888 0.15999733]"
2406,2406,"[0.15999765 0.15999786 0.15999799 0.15999981 0.1599998  0.15999922
 0.15999892 0.15999882 0.15999838 0.15999733]"
2407,2407,"[0.15999759 0.15999788 0.15999842 0.15999965 0.15999976 0.15999909
 0.15999903 0.15999883 0.15999838 0.15999734]"
2408,2408,"[0.15999754 0.15999791 0.15999839 0.15999963 0.15999973 0.15999896
 0.15999913 0.15999885 0.15999838 0.15999735]"
2409,2409,"[0.15999749 0.15999795 0.15999836 0.15999961 0.15999969 0.15999884
 0.15999923 0.15999886 0.15999838 0.15999737]"
2410,2410,"[0.15999745 0.159998   0.15999834 0.15999959 0.15999965 0.15999873
 0.15999933 0.15999887 0.15999838 0.15999738]"
2411,2411,"[0.15999741 0.15999806 0.15999831 0.15999972 0.1599996  0.15999862
 0.15999942 0.15999888 0.15999838 0.1599976 ]"
2412,2412,"[0.15999738 0.15999813 0.15999828 0.1599998  0.15999954 0.15999853
 0.1599995  0.1599989  0.15999838 0.1599978 ]"
2413,2413,"[0.15999736 0.15999821 0.15999825 0.15999979 0.15999948 0.15999845
 0.15999958 0.15999891 0.15999838 0.15999781]"
2414,2414,"[0.15999734 0.1599983  0.15999823 0.15999978 0.1599994  0.15999838
 0.15999965 0.15999892 0.15999839 0.15999782]"
2415,2415,"[0.15999733 0.15999842 0.1599982  0.15999977 0.15999933 0.15999832
 0.15999971 0.15999893 0.15999839 0.15999783]"
2416,2416,"[0.15999733 0.15999854 0.15999817 0.15999976 0.15999924 0.15999826
 0.15999977 0.15999894 0.15999839 0.15999786]"
2417,2417,"[0.15999734 0.15999868 0.15999813 0.15999976 0.15999915 0.15999821
 0.15999982 0.15999896 0.15999839 0.15999789]"
2418,2418,"[0.15999735 0.15999884 0.1599981  0.15999975 0.15999905 0.15999817
 0.15999986 0.15999897 0.1599984  0.15999792]"
2419,2419,"[0.15999737 0.159999   0.15999807 0.15999974 0.15999895 0.15999814
 0.1599999  0.15999897 0.1599984  0.15999797]"
2420,2420,"[0.15999739 0.15999916 0.15999804 0.15999973 0.15999885 0.15999811
 0.15999993 0.15999898 0.15999841 0.15999802]"
2421,2421,"[0.15999743 0.15999933 0.159998   0.15999973 0.15999874 0.15999809
 0.15999996 0.15999899 0.15999841 0.15999808]"
2422,2422,"[0.15999746 0.15999948 0.15999797 0.15999972 0.15999863 0.15999807
 0.15999998 0.15999899 0.15999842 0.15999815]"
2423,2423,"[0.1599975  0.15999975 0.15999794 0.15999972 0.15999853 0.15999782
 0.15999999 0.159999   0.15999842 0.15999824]"
2424,2424,"[0.15999755 0.15999987 0.1599979  0.15999972 0.15999843 0.15999744
 0.16       0.159999   0.15999843 0.15999833]"
2425,2425,"[0.15999751 0.15999989 0.15999928 0.15999971 0.15999833 0.15999746
 0.16       0.15999899 0.15999844 0.15999843]"
2426,2426,"[0.15999741 0.15999991 0.15999961 0.15999971 0.15999824 0.15999748
 0.16       0.15999899 0.15999845 0.15999855]"
2427,2427,"[0.15999744 0.15999993 0.15999961 0.15999971 0.15999816 0.1599975
 0.15999999 0.15999898 0.15999845 0.15999867]"
2428,2428,"[0.15999747 0.15999995 0.1599996  0.15999971 0.15999809 0.15999752
 0.15999997 0.15999897 0.15999846 0.15999879]"
2429,2429,"[0.15999751 0.15999997 0.15999959 0.15999971 0.15999803 0.15999755
 0.15999995 0.15999895 0.15999847 0.15999893]"
2430,2430,"[0.15999755 0.15999998 0.15999958 0.15999972 0.15999798 0.15999757
 0.15999993 0.15999893 0.15999848 0.15999906]"
2431,2431,"[0.15999759 0.15999999 0.15999957 0.15999972 0.15999794 0.1599976
 0.1599999  0.1599989  0.15999849 0.1599992 ]"
2432,2432,"[0.15999763 0.16       0.15999956 0.15999972 0.15999791 0.15999763
 0.15999987 0.15999887 0.1599985  0.15999933]"
2433,2433,"[0.15999767 0.16       0.15999955 0.15999973 0.15999788 0.15999766
 0.15999984 0.15999882 0.15999852 0.15999945]"
2434,2434,"[0.15999772 0.16       0.1600005  0.15999973 0.15999786 0.15999769
 0.1599998  0.15999877 0.15999816 0.15999957]"
2435,2435,"[0.15999777 0.16       0.15999993 0.15999973 0.15999784 0.15999772
 0.15999976 0.15999871 0.15999734 0.15999968]"
2436,2436,"[0.15999782 0.16000011 0.15999992 0.15999974 0.15999784 0.15999775
 0.15999972 0.16000488 0.15999734 0.15999977]"
2437,2437,"[0.15999787 0.15999935 0.15999991 0.15999975 0.15999783 0.15999778
 0.15999967 0.15999747 0.15999734 0.15999985]"
2438,2438,"[0.15999792 0.1599993  0.1599999  0.15999975 0.15999784 0.15999782
 0.15999963 0.15999747 0.15999734 0.15999991]"
2439,2439,"[0.15999797 0.15999924 0.15999989 0.16000006 0.15999785 0.15999785
 0.15999942 0.15999748 0.15999734 0.15999996]"
2440,2440,"[0.15999802 0.15999918 0.15999988 0.16       0.15999786 0.15999789
 0.15999753 0.15999749 0.15999734 0.15999999]"
2441,2441,"[0.15999807 0.15999911 0.15999987 0.16       0.15999788 0.15999792
 0.15999754 0.15999749 0.15999734 0.16      ]"
2442,2442,"[0.15999812 0.15999905 0.15999986 0.16       0.1599979  0.15999796
 0.15999754 0.1599975  0.15999733 0.16      ]"
2443,2443,"[0.15999817 0.15999897 0.15999985 0.16       0.15999792 0.15999799
 0.15999755 0.1599975  0.15999733 0.15999997]"
2444,2444,"[0.15999822 0.1599989  0.15999983 0.16       0.15999795 0.15999803
 0.15999756 0.1599975  0.15999733 0.15999993]"
2445,2445,"[0.15999827 0.15999888 0.15999982 0.15999999 0.15999799 0.15999807
 0.15999757 0.1599975  0.15999719 0.15999988]"
2446,2446,"[0.15999832 0.15999839 0.15999981 0.15999999 0.15999802 0.1599981
 0.15999758 0.1599975  0.15999791 0.15999981]"
2447,2447,"[0.15999837 0.15999831 0.15999979 0.15999998 0.15999779 0.15999785
 0.15999759 0.15999749 0.15999791 0.15999971]"
2448,2448,"[0.15999842 0.15999823 0.15999978 0.15999997 0.15999734 0.15999736
 0.15999761 0.15999749 0.15999791 0.15999961]"
2449,2449,"[0.15999847 0.15999815 0.15999976 0.15999996 0.15999735 0.15999737
 0.15999762 0.15999748 0.15999791 0.15999949]"
2450,2450,"[0.15999851 0.15999807 0.15999974 0.15999995 0.15999736 0.15999739
 0.15999764 0.15999747 0.15999791 0.15999935]"
2451,2451,"[0.15999856 0.15999799 0.15999972 0.15999994 0.15999738 0.1599974
 0.15999766 0.15999747 0.15999791 0.15999919]"
2452,2452,"[0.1599986  0.15999791 0.15999971 0.15999993 0.15999741 0.15999743
 0.15999768 0.15999746 0.15999791 0.15999903]"
2453,2453,"[0.15999864 0.15999782 0.15999969 0.15999991 0.15999744 0.15999745
 0.1599977  0.15999745 0.15999791 0.15999886]"
2454,2454,"[0.15999869 0.15999774 0.15999967 0.15999989 0.15999747 0.15999748
 0.15999772 0.15999744 0.15999791 0.15999867]"
2455,2455,"[0.15999873 0.15999767 0.15999965 0.15999987 0.15999751 0.15999751
 0.15999775 0.15999743 0.15999791 0.15999848]"
2456,2456,"[0.15999877 0.15999759 0.15999963 0.15999985 0.15999755 0.15999754
 0.15999777 0.15999742 0.1599979  0.1599983 ]"
2457,2457,"[0.1599988  0.15999753 0.15999961 0.15999982 0.1599976  0.15999758
 0.1599978  0.15999741 0.1599979  0.15999811]"
2458,2458,"[0.15999884 0.15999747 0.15999959 0.15999979 0.15999765 0.15999761
 0.15999782 0.1599974  0.1599979  0.15999794]"
2459,2459,"[0.15999888 0.15999742 0.15999956 0.15999976 0.15999771 0.15999765
 0.15999785 0.15999739 0.15999789 0.15999777]"
2460,2460,"[0.15999891 0.15999738 0.15999954 0.15999973 0.15999776 0.15999769
 0.15999788 0.15999738 0.15999789 0.15999763]"
2461,2461,"[0.15999894 0.15999735 0.15999952 0.1599997  0.15999782 0.15999774
 0.15999791 0.15999737 0.15999789 0.15999751]"
2462,2462,"[0.15999898 0.15999733 0.15999949 0.15999967 0.15999788 0.15999778
 0.15999793 0.15999737 0.15999788 0.15999742]"
2463,2463,"[0.15999901 0.15999734 0.15999947 0.15999963 0.15999794 0.15999783
 0.15999796 0.15999736 0.15999788 0.15999736]"
2464,2464,"[0.15999904 0.15999735 0.15999944 0.1599996  0.15999801 0.15999787
 0.159998   0.15999735 0.15999788 0.15999733]"
2465,2465,"[0.15999907 0.15999738 0.15999942 0.15999956 0.15999807 0.15999792
 0.15999803 0.15999735 0.15999787 0.15999734]"
2466,2466,"[0.1599991  0.15999743 0.15999939 0.15999952 0.15999814 0.15999797
 0.15999806 0.15999734 0.15999787 0.15999739]"
2467,2467,"[0.15999912 0.15999748 0.15999936 0.15999949 0.15999821 0.15999802
 0.15999809 0.15999734 0.15999787 0.15999746]"
2468,2468,"[0.15999915 0.15999755 0.15999933 0.15999945 0.15999827 0.15999807
 0.15999812 0.15999734 0.15999786 0.15999756]"
2469,2469,"[0.15999917 0.15999763 0.1599993  0.15999942 0.15999834 0.15999813
 0.15999816 0.16000364 0.15999786 0.15999768]"
2470,2470,"[0.1599992  0.15999774 0.15999927 0.15999939 0.15999841 0.15999818
 0.15999819 0.15999883 0.15999786 0.15999782]"
2471,2471,"[0.15999922 0.15999785 0.15999924 0.15999935 0.15999847 0.15999823
 0.15999822 0.15999876 0.15999785 0.15999797]"
2472,2472,"[0.15999924 0.15999779 0.15999921 0.16000671 0.15999853 0.15999829
 0.15999825 0.1599987  0.15999785 0.15999814]"
2473,2473,"[0.15999926 0.1599976  0.15999917 0.15999975 0.1599986  0.15999834
 0.15999829 0.15999864 0.15999785 0.1599983 ]"
2474,2474,"[0.15999928 0.15999768 0.15999914 0.15999956 0.15999866 0.15999839
 0.15999832 0.15999858 0.15999785 0.15999846]"
2475,2475,"[0.15999905 0.15999776 0.15999975 0.1599994  0.15999872 0.15999845
 0.15999835 0.15999852 0.15999784 0.15999862]"
2476,2476,"[0.15999832 0.15999785 0.15999986 0.15999925 0.15999877 0.1599985
 0.15999838 0.15999847 0.15999784 0.15999877]"
2477,2477,"[0.15999829 0.15999793 0.15999985 0.15999912 0.15999883 0.15999855
 0.15999842 0.15999841 0.15999784 0.15999891]"
2478,2478,"[0.15999826 0.15999802 0.15999984 0.159999   0.15999888 0.1599986
 0.15999845 0.15999836 0.15999784 0.15999905]"
2479,2479,"[0.15999822 0.1599981  0.15999983 0.15999889 0.15999894 0.15999866
 0.15999848 0.15999831 0.15999784 0.15999917]"
2480,2480,"[0.15999818 0.15999818 0.15999982 0.15999878 0.15999898 0.15999904
 0.15999851 0.15999826 0.15999783 0.16000161]"
2481,2481,"[0.15999814 0.15999826 0.15999981 0.15999868 0.15999903 0.15999808
 0.15999854 0.15999822 0.15999783 0.15999827]"
2482,2482,"[0.15999809 0.15999834 0.1599998  0.15999858 0.15999908 0.15999816
 0.15999857 0.15999817 0.15999783 0.15999839]"
2483,2483,"[0.15999804 0.15999841 0.15999979 0.15999849 0.15999912 0.15999823
 0.1599986  0.15999813 0.15999783 0.15999851]"
2484,2484,"[0.15999798 0.15999848 0.15999977 0.1599984  0.15999916 0.1599983
 0.15999863 0.15999809 0.15999783 0.15999862]"
2485,2485,"[0.15999793 0.15999854 0.15999976 0.1599983  0.1599992  0.15999837
 0.15999865 0.15999805 0.15999783 0.15999872]"
2486,2486,"[0.15999787 0.1599986  0.15999974 0.15999822 0.15999924 0.15999844
 0.15999868 0.15999802 0.15999783 0.15999882]"
2487,2487,"[0.15999781 0.15999866 0.15999972 0.15999813 0.15999927 0.15999851
 0.15999871 0.15999798 0.15999783 0.15999892]"
2488,2488,"[0.15999774 0.15999872 0.1599997  0.15999805 0.1599993  0.15999858
 0.15999873 0.15999795 0.15999782 0.15999901]"
2489,2489,"[0.15999768 0.15999877 0.15999968 0.15999796 0.15999933 0.15999865
 0.15999876 0.15999792 0.15999782 0.15999909]"
2490,2490,"[0.15999763 0.15999881 0.15999966 0.15999789 0.15999936 0.15999872
 0.15999879 0.15999789 0.15999782 0.15999916]"
2491,2491,"[0.15999757 0.15999886 0.15999964 0.15999781 0.15999939 0.15999878
 0.15999881 0.15999786 0.15999782 0.15999923]"
2492,2492,"[0.15999752 0.1599989  0.15999961 0.15999774 0.15999942 0.15999885
 0.15999884 0.15999783 0.15999782 0.15999929]"
2493,2493,"[0.15999748 0.15999893 0.15999959 0.15999767 0.15999944 0.15999891
 0.15999886 0.15999781 0.15999782 0.15999935]"
2494,2494,"[0.15999744 0.15999897 0.15999956 0.15999761 0.15999946 0.15999897
 0.15999888 0.15999779 0.15999782 0.1599994 ]"
2495,2495,"[0.15999741 0.159999   0.15999953 0.15999755 0.15999948 0.15999903
 0.1599989  0.15999776 0.15999782 0.15999944]"
2496,2496,"[0.15999738 0.15999903 0.1599995  0.1599975  0.1599995  0.15999909
 0.15999893 0.15999774 0.15999782 0.15999948]"
2497,2497,"[0.15999736 0.15999906 0.15999947 0.15999745 0.15999952 0.15999915
 0.15999895 0.15999773 0.15999781 0.15999951]"
2498,2498,"[0.15999735 0.15999909 0.15999944 0.15999741 0.15999953 0.1599992
 0.15999897 0.15999771 0.15999781 0.15999955]"
2499,2499,"[0.15999734 0.15999911 0.1599994  0.15999738 0.15999955 0.15999925
 0.15999899 0.15999769 0.15999781 0.15999957]"
2500,2500,"[0.15999734 0.15999914 0.15999936 0.15999736 0.15999956 0.1599993
 0.15999901 0.15999768 0.15999781 0.15999959]"
2501,2501,"[0.15999733 0.15999916 0.15999933 0.15999734 0.15999957 0.15999935
 0.15999903 0.15999766 0.15999781 0.15999961]"
2502,2502,"[0.15999733 0.15999918 0.15999929 0.15999733 0.15999958 0.1599994
 0.15999905 0.15999765 0.15999781 0.15999963]"
2503,2503,"[0.15999734 0.1599992  0.15999925 0.15999734 0.15999959 0.15999944
 0.15999907 0.15999764 0.1599978  0.15999964]"
2504,2504,"[0.15999734 0.15999922 0.1599992  0.15999735 0.1599996  0.15999948
 0.15999909 0.15999763 0.1599978  0.15999965]"
2505,2505,"[0.15999734 0.15999923 0.15999916 0.15999737 0.1599996  0.15999952
 0.15999911 0.15999762 0.1599978  0.15999965]"
2506,2506,"[0.16000142 0.15999925 0.15999911 0.1599974  0.15999961 0.15999956
 0.15999913 0.15999761 0.16000381 0.15999966]"
2507,2507,"[0.15999859 0.15999927 0.15999906 0.15999745 0.15999961 0.15999959
 0.15999914 0.1599976  0.15999918 0.15999965]"
2508,2508,"[0.15999856 0.15999928 0.15999901 0.1599975  0.15999961 0.15999963
 0.15999916 0.1599976  0.15999917 0.15999965]"
2509,2509,"[0.15999852 0.1599993  0.15999896 0.16001439 0.15999961 0.15999966
 0.15999918 0.15999806 0.15999916 0.15999964]"
2510,2510,"[0.15999849 0.15999931 0.15999891 0.1599997  0.15999962 0.15999969
 0.15999919 0.15999788 0.15999915 0.15999963]"
2511,2511,"[0.15999846 0.15999932 0.15999886 0.15999969 0.15999961 0.15999972
 0.15999921 0.15999786 0.15999914 0.15999961]"
2512,2512,"[0.15999842 0.15999933 0.1599988  0.15999967 0.15999961 0.15999974
 0.15999922 0.15999784 0.15999912 0.15999959]"
2513,2513,"[0.15999839 0.15999935 0.15999875 0.15999965 0.15999961 0.15999977
 0.15999924 0.15999782 0.15999911 0.15999957]"
2514,2514,"[0.15999835 0.15999936 0.15999869 0.15999964 0.15999961 0.15999979
 0.15999925 0.1599978  0.1599991  0.15999954]"
2515,2515,"[0.15999831 0.15999937 0.15999863 0.15999962 0.1599996  0.15999981
 0.15999927 0.15999778 0.15999909 0.1599995 ]"
2516,2516,"[0.15999791 0.15999938 0.15999858 0.1599996  0.15999975 0.15999983
 0.15999928 0.15999776 0.15999908 0.15999946]"
2517,2517,"[0.15999942 0.15999939 0.15999852 0.15999959 0.15999778 0.15999985
 0.1599993  0.15999774 0.15999907 0.15999942]"
2518,2518,"[0.15999939 0.1599994  0.15999846 0.15999957 0.15999778 0.15999986
 0.15999931 0.15999772 0.15999906 0.15999937]"
2519,2519,"[0.15999936 0.15999941 0.1599984  0.15999955 0.15999777 0.15999988
 0.15999932 0.15999771 0.15999905 0.15999931]"
2520,2520,"[0.15999933 0.15999942 0.15999834 0.15999954 0.15999777 0.15999989
 0.15999934 0.15999769 0.15999904 0.15999925]"
2521,2521,"[0.15999929 0.15999943 0.15999828 0.15999952 0.15999776 0.15999991
 0.15999935 0.15999767 0.15999903 0.15999918]"
2522,2522,"[0.15999926 0.15999944 0.15999822 0.1599995  0.15999776 0.15999992
 0.15999936 0.15999765 0.15999901 0.1599991 ]"
2523,2523,"[0.15999922 0.15999945 0.15999816 0.15999948 0.15999775 0.15999993
 0.15999937 0.15999764 0.159999   0.15999903]"
2524,2524,"[0.15999918 0.15999946 0.1599981  0.15999947 0.15999775 0.15999994
 0.15999939 0.15999762 0.15999899 0.15999894]"
2525,2525,"[0.15999915 0.15999947 0.15999804 0.16000148 0.15999774 0.15999995
 0.15999997 0.1599976  0.15999898 0.15999886]"
2526,2526,"[0.15999911 0.15999948 0.15999798 0.15999937 0.15999774 0.15999996
 0.15999997 0.15999759 0.15999896 0.15999877]"
2527,2527,"[0.15999907 0.15999927 0.15999792 0.15999934 0.15999773 0.15999996
 0.15999996 0.15999757 0.15999874 0.15999869]"
2528,2528,"[0.15999902 0.15999758 0.15999787 0.15999931 0.15999773 0.15999997
 0.15999996 0.15999756 0.15999833 0.1599986 ]"
2529,2529,"[0.15999898 0.15999758 0.15999781 0.15999928 0.15999773 0.15999998
 0.15999995 0.15999754 0.15999831 0.15999852]"
2530,2530,"[0.15999894 0.15999757 0.15999776 0.15999926 0.15999773 0.15999998
 0.15999995 0.15999753 0.15999829 0.15999844]"
2531,2531,"[0.1599989  0.15999757 0.15999771 0.15999923 0.15999773 0.15999998
 0.15999994 0.15999751 0.15999826 0.15999837]"
2532,2532,"[0.15999885 0.15999756 0.15999766 0.15999919 0.15999773 0.15999999
 0.15999993 0.1599975  0.15999824 0.1599983 ]"
2533,2533,"[0.15999881 0.15999756 0.15999761 0.15999916 0.15999773 0.15999999
 0.15999993 0.15999748 0.15999822 0.15999824]"
2534,2534,"[0.15999876 0.15999755 0.15999757 0.15999913 0.15999773 0.15999999
 0.15999992 0.15999747 0.1599982  0.15999818]"
2535,2535,"[0.15999872 0.15999755 0.15999753 0.1599991  0.15999773 0.16
 0.15999991 0.15999746 0.15999818 0.15999813]"
2536,2536,"[0.15999867 0.15999754 0.15999749 0.15999907 0.15999759 0.16
 0.1599999  0.15999744 0.15999867 0.15999809]"
2537,2537,"[0.15999862 0.15999754 0.15999746 0.15999903 0.15999736 0.16
 0.1599999  0.15999743 0.15999902 0.15999805]"
2538,2538,"[0.15999858 0.15999753 0.15999743 0.159999   0.15999748 0.16
 0.15999989 0.15999742 0.159999   0.15999802]"
2539,2539,"[0.15999853 0.16001845 0.1599974  0.15999896 0.15999745 0.16
 0.15999988 0.15999741 0.16000164 0.15999799]"
2540,2540,"[0.15999848 0.15999991 0.15999738 0.15999893 0.15999743 0.16
 0.15999987 0.1599974  0.1599996  0.15999797]"
2541,2541,"[0.15999843 0.15999816 0.15999736 0.15999889 0.15999741 0.16
 0.15999986 0.15999739 0.1599996  0.15999795]"
2542,2542,"[0.15999839 0.15999815 0.15999735 0.15999921 0.1599974  0.15999999
 0.15999986 0.15999738 0.15999959 0.16000054]"
2543,2543,"[0.15999834 0.15999814 0.15999734 0.15999942 0.15999756 0.16000071
 0.15999985 0.15999737 0.15999958 0.15999999]"
2544,2544,"[0.15999829 0.15999813 0.15999733 0.15999939 0.15999772 0.15999751
 0.15999984 0.15999736 0.15999957 0.15999998]"
2545,2545,"[0.15999824 0.15999812 0.15999733 0.15999936 0.15999769 0.15999749
 0.15999983 0.15999735 0.15999956 0.15999996]"
2546,2546,"[0.15999819 0.15999811 0.15999734 0.15999933 0.15999766 0.15999747
 0.15999982 0.15999735 0.15999955 0.15999994]"
2547,2547,"[0.15999815 0.1599981  0.15999734 0.15999931 0.15999764 0.15999745
 0.15999981 0.15999734 0.15999955 0.15999991]"
2548,2548,"[0.1599981  0.15999809 0.15999736 0.15999928 0.15999761 0.15999744
 0.1599998  0.15999734 0.15999954 0.15999988]"
2549,2549,"[0.15999805 0.15999808 0.15999737 0.15999925 0.15999808 0.15999742
 0.16000235 0.15999733 0.15999953 0.15999984]"
2550,2550,"[0.15999801 0.15999807 0.15999739 0.15999921 0.15999846 0.15999741
 0.15999764 0.15999733 0.15999952 0.1599998 ]"
2551,2551,"[0.15999796 0.15999806 0.15999742 0.15999918 0.15999843 0.15999739
 0.15999762 0.15999733 0.15999951 0.15999976]"
2552,2552,"[0.15999792 0.15999804 0.15999745 0.15999915 0.1599984  0.15999738
 0.1599976  0.15999734 0.1599995  0.15999972]"
2553,2553,"[0.15999787 0.15999803 0.15999748 0.15999911 0.15999838 0.15999737
 0.15999758 0.15999734 0.15999949 0.15999967]"
2554,2554,"[0.15999783 0.15999802 0.15999752 0.15999908 0.15999835 0.15999736
 0.15999756 0.15999735 0.15999948 0.15999963]"
2555,2555,"[0.15999779 0.15999801 0.15999756 0.15999904 0.15999833 0.15999736
 0.15999754 0.15999735 0.15999947 0.15999958]"
2556,2556,"[0.15999775 0.159998   0.15999761 0.159999   0.15999831 0.15999735
 0.15999753 0.15999736 0.15999946 0.15999954]"
2557,2557,"[0.15999771 0.15999799 0.15999766 0.15999896 0.15999829 0.15999735
 0.15999751 0.15999738 0.15999945 0.1599995 ]"
2558,2558,"[0.15999768 0.15999799 0.15999771 0.15999892 0.15999827 0.15999734
 0.1599975  0.15999739 0.15999944 0.15999946]"
2559,2559,"[0.15999764 0.15999798 0.15999776 0.15999888 0.15999825 0.15999734
 0.15999749 0.15999741 0.15999943 0.15999942]"
2560,2560,"[0.15999761 0.15999798 0.15999782 0.15999884 0.15999824 0.15999734
 0.15999748 0.15999743 0.15999942 0.15999938]"
2561,2561,"[0.15999757 0.15999797 0.15999788 0.1599988  0.15999823 0.15999733
 0.15999747 0.15999745 0.1599994  0.15999935]"
2562,2562,"[0.15999754 0.15999797 0.15999794 0.15999876 0.15999821 0.15999733
 0.16000299 0.15999747 0.15999939 0.15999901]"
2563,2563,"[0.15999751 0.15999797 0.15999801 0.15999871 0.1599982  0.15999733
 0.15999951 0.1599975  0.15999938 0.15999737]"
2564,2564,"[0.15999749 0.15999798 0.15999807 0.15999866 0.1599982  0.15999733
 0.15999948 0.15999753 0.15999937 0.15999739]"
2565,2565,"[0.15999746 0.15999798 0.15999814 0.15999862 0.15999819 0.15999733
 0.15999946 0.15999756 0.15999935 0.1599974 ]"
2566,2566,"[0.15999744 0.15999799 0.1599982  0.15999857 0.15999819 0.15999734
 0.15999943 0.15999759 0.15999934 0.15999742]"
2567,2567,"[0.15999742 0.159998   0.15999827 0.15999852 0.15999818 0.15999734
 0.1599994  0.15999763 0.15999933 0.15999744]"
2568,2568,"[0.1599974  0.15999801 0.15999834 0.15999847 0.15999818 0.15999734
 0.15999937 0.15999767 0.15999931 0.15999747]"
2569,2569,"[0.15999738 0.15999802 0.15999841 0.15999842 0.15999819 0.15999734
 0.15999933 0.15999771 0.1599993  0.15999749]"
2570,2570,"[0.15999737 0.15999804 0.15999847 0.15999837 0.15999819 0.15999734
 0.15999929 0.15999776 0.15999928 0.15999752]"
2571,2571,"[0.15999736 0.15999805 0.15999854 0.15999832 0.15999819 0.15999734
 0.15999926 0.15999781 0.15999927 0.15999756]"
2572,2572,"[0.15999735 0.15999807 0.15999861 0.15999827 0.1599982  0.15999734
 0.16000004 0.1599977  0.15999925 0.15999759]"
2573,2573,"[0.15999734 0.15999809 0.15999867 0.15999822 0.15999821 0.15999734
 0.15999997 0.1599975  0.15999924 0.15999762]"
2574,2574,"[0.15999734 0.15999811 0.15999874 0.15999817 0.15999823 0.15999734
 0.15999997 0.15999754 0.15999922 0.15999766]"
2575,2575,"[0.15999754 0.15999814 0.15999888 0.15999811 0.15999824 0.15999733
 0.15999997 0.15999758 0.1599992  0.1599977 ]"
2576,2576,"[0.15999772 0.15999816 0.15999905 0.15999806 0.15999826 0.15999733
 0.15999996 0.15999762 0.15999919 0.15999774]"
2577,2577,"[0.15999768 0.15999819 0.15999913 0.15999801 0.15999828 0.15999733
 0.15999996 0.15999767 0.15999917 0.15999779]"
2578,2578,"[0.15999765 0.15999822 0.15999921 0.15999947 0.1599983  0.15999734
 0.15999995 0.15999771 0.15999915 0.15999767]"
2579,2579,"[0.15999762 0.15999825 0.15999929 0.15999856 0.15999832 0.15999734
 0.15999995 0.15999777 0.15999913 0.15999739]"
2580,2580,"[0.15999759 0.15999828 0.15999937 0.1599985  0.15999835 0.15999736
 0.15999994 0.15999782 0.15999911 0.15999741]"
2581,2581,"[0.15999756 0.15999832 0.15999944 0.15999844 0.15999838 0.15999738
 0.15999994 0.15999788 0.15999909 0.15999744]"
2582,2582,"[0.15999753 0.15999835 0.15999951 0.15999838 0.15999841 0.15999742
 0.15999993 0.15999793 0.15999907 0.15999747]"
2583,2583,"[0.15999751 0.15999839 0.15999958 0.15999832 0.15999844 0.15999747
 0.15999992 0.15999799 0.15999905 0.1599975 ]"
2584,2584,"[0.15999748 0.15999842 0.15999964 0.15999826 0.15999848 0.15999755
 0.15999991 0.15999806 0.15999902 0.15999754]"
2585,2585,"[0.15999746 0.15999846 0.1599997  0.15999892 0.15999852 0.16000203
 0.15999991 0.15999812 0.159999   0.15999758]"
2586,2586,"[0.15999744 0.1599985  0.15999975 0.15999926 0.15999856 0.15999977
 0.1599999  0.15999818 0.15999897 0.15999762]"
2587,2587,"[0.15999742 0.15999854 0.1599998  0.1599992  0.15999861 0.15999974
 0.15999989 0.15999825 0.15999895 0.15999767]"
2588,2588,"[0.15999741 0.15999858 0.15999984 0.15999914 0.15999865 0.15999971
 0.15999988 0.15999832 0.15999892 0.15999772]"
2589,2589,"[0.15999739 0.15999863 0.16001782 0.15999908 0.16000067 0.15999967
 0.15999987 0.15999838 0.1599989  0.15999777]"
2590,2590,"[0.15999738 0.15999867 0.15999747 0.15999901 0.15999934 0.15999964
 0.15999986 0.15999845 0.15999887 0.15999782]"
2591,2591,"[0.15999737 0.15999871 0.15999746 0.15999895 0.15999937 0.1599996
 0.15999985 0.15999852 0.15999884 0.15999788]"
2592,2592,"[0.15999736 0.15999875 0.15999745 0.15999888 0.1599994  0.15999956
 0.15999984 0.15999858 0.15999881 0.15999794]"
2593,2593,"[0.15999735 0.1599988  0.15999744 0.15999881 0.15999942 0.15999952
 0.15999983 0.15999865 0.15999878 0.15999799]"
2594,2594,"[0.15999734 0.15999884 0.15999743 0.15999873 0.15999945 0.15999948
 0.15999982 0.15999872 0.15999875 0.15999805]"
2595,2595,"[0.15999734 0.15999888 0.16001751 0.15999866 0.15999948 0.16001387
 0.15999981 0.15999878 0.15999872 0.15999811]"
2596,2596,"[0.15999733 0.15999893 0.1599998  0.15999858 0.1599995  0.15999995
 0.1599998  0.15999884 0.15999869 0.15999817]"
2597,2597,"[0.15999733 0.15999897 0.1599998  0.15999851 0.15999953 0.15999996
 0.15999978 0.15999891 0.15999866 0.15999824]"
2598,2598,"[0.15999733 0.15999901 0.15999981 0.15999843 0.15999956 0.15999997
 0.15999968 0.15999892 0.15999863 0.1599983 ]"
2599,2599,"[0.15999734 0.15999906 0.15999982 0.15999835 0.15999958 0.15999998
 0.15999932 0.15999891 0.15999859 0.15999836]"
2600,2600,"[0.15999734 0.1599991  0.15999983 0.15999827 0.15999961 0.15999998
 0.15999929 0.15999898 0.15999856 0.15999842]"
2601,2601,"[0.15999734 0.15999914 0.16000458 0.15999819 0.15999963 0.15999999
 0.15999926 0.15999904 0.16000057 0.15999848]"
2602,2602,"[0.15999735 0.15999918 0.15999997 0.15999811 0.15999965 0.15999999
 0.15999923 0.1599991  0.15999916 0.15999854]"
2603,2603,"[0.15999736 0.15999922 0.15999996 0.15999803 0.15999968 0.16
 0.1599992  0.15999916 0.15999913 0.1599986 ]"
2604,2604,"[0.15999737 0.15999926 0.15999996 0.15999796 0.1599997  0.16
 0.15999917 0.15999922 0.15999909 0.15999866]"
2605,2605,"[0.15999738 0.1599993  0.15999995 0.15999788 0.15999972 0.16
 0.15999914 0.15999927 0.15999906 0.15999872]"
2606,2606,"[0.15999739 0.15999934 0.15999994 0.15999781 0.15999975 0.16
 0.15999911 0.15999933 0.15999902 0.15999878]"
2607,2607,"[0.1599974  0.15999938 0.15999994 0.15999774 0.15999977 0.16
 0.15999908 0.15999938 0.15999898 0.15999884]"
2608,2608,"[0.15999741 0.15999941 0.15999993 0.15999768 0.15999979 0.15999999
 0.15999905 0.15999943 0.15999895 0.1599989 ]"
2609,2609,"[0.15999743 0.15999945 0.15999992 0.15999762 0.15999981 0.15999999
 0.15999902 0.15999947 0.15999891 0.15999895]"
2610,2610,"[0.15999744 0.15999948 0.15999991 0.15999756 0.15999982 0.15999998
 0.15999899 0.15999952 0.15999886 0.15999901]"
2611,2611,"[0.15999746 0.15999952 0.1599999  0.15999751 0.15999984 0.15999997
 0.15999896 0.15999956 0.15999882 0.15999906]"
2612,2612,"[0.15999747 0.15999955 0.15999989 0.15999747 0.15999986 0.15999996
 0.15999893 0.1599996  0.15999878 0.15999911]"
2613,2613,"[0.15999749 0.15999958 0.15999988 0.15999743 0.15999988 0.15999995
 0.15999891 0.15999963 0.15999873 0.15999916]"
2614,2614,"[0.15999751 0.15999961 0.15999987 0.1599974  0.15999989 0.15999994
 0.15999888 0.15999967 0.15999869 0.15999921]"
2615,2615,"[0.15999753 0.15999964 0.15999986 0.15999737 0.1599999  0.15999992
 0.15999885 0.1599997  0.15999864 0.15999925]"
2616,2616,"[0.15999754 0.15999967 0.15999984 0.15999735 0.15999992 0.15999991
 0.15999882 0.15999973 0.15999859 0.1599993 ]"
2617,2617,"[0.15999756 0.1599997  0.15999983 0.15999734 0.15999993 0.15999989
 0.15999879 0.15999976 0.15999854 0.15999934]"
2618,2618,"[0.15999758 0.15999972 0.15999981 0.15999733 0.15999994 0.15999988
 0.15999876 0.15999978 0.15999849 0.15999938]"
2619,2619,"[0.1599976  0.15999975 0.1599998  0.15999734 0.15999995 0.15999986
 0.15999874 0.1599998  0.15999844 0.15999942]"
2620,2620,"[0.15999762 0.15999977 0.15999978 0.15999735 0.15999996 0.15999984
 0.15999871 0.15999983 0.15999838 0.15999946]"
2621,2621,"[0.15999764 0.15999979 0.15999976 0.15999736 0.15999997 0.15999982
 0.15999869 0.15999985 0.15999833 0.15999949]"
2622,2622,"[0.15999766 0.15999981 0.15999974 0.15999739 0.15999998 0.1599998
 0.15999866 0.15999986 0.15999828 0.15999953]"
2623,2623,"[0.15999768 0.15999983 0.15999971 0.15999742 0.15999998 0.15999978
 0.15999864 0.15999988 0.15999822 0.15999956]"
2624,2624,"[0.1599977  0.15999985 0.15999969 0.15999746 0.15999999 0.15999975
 0.15999862 0.1599999  0.15999817 0.15999959]"
2625,2625,"[0.15999772 0.15999987 0.15999967 0.1599975  0.15999999 0.15999973
 0.1599986  0.15999991 0.15999811 0.15999962]"
2626,2626,"[0.15999774 0.15999988 0.15999964 0.15999755 0.16       0.15999971
 0.15999858 0.15999992 0.15999806 0.15999965]"
2627,2627,"[0.15999776 0.1599999  0.15999961 0.1599976  0.16       0.15999969
 0.15999856 0.15999993 0.15999801 0.15999968]"
2628,2628,"[0.15999778 0.15999991 0.15999958 0.15999766 0.16       0.15999966
 0.15999854 0.15999994 0.15999795 0.1599997 ]"
2629,2629,"[0.1599978  0.15999992 0.15999955 0.15999773 0.16       0.15999964
 0.15999852 0.15999995 0.1599979  0.15999972]"
2630,2630,"[0.15999782 0.15999993 0.15999952 0.1599978  0.16       0.15999961
 0.15999851 0.15999996 0.15999785 0.15999974]"
2631,2631,"[0.15999784 0.15999994 0.15999948 0.15999787 0.16       0.15999959
 0.1599985  0.15999997 0.1599978  0.15999976]"
2632,2632,"[0.15999786 0.15999995 0.15999944 0.15999794 0.16       0.15999957
 0.15999848 0.15999997 0.15999775 0.15999978]"
2633,2633,"[0.15999788 0.15999996 0.15999941 0.15999802 0.15999999 0.15999954
 0.15999847 0.15999998 0.1599977  0.1599998 ]"
2634,2634,"[0.1599979  0.15999997 0.15999936 0.1599981  0.15999999 0.15999952
 0.15999846 0.15999998 0.15999766 0.15999982]"
2635,2635,"[0.15999792 0.15999998 0.15999994 0.15999818 0.15999998 0.15999949
 0.15999846 0.15999887 0.15999762 0.15999983]"
2636,2636,"[0.15999794 0.15999998 0.15999993 0.15999826 0.15999998 0.15999947
 0.15999845 0.15999891 0.15999758 0.15999985]"
2637,2637,"[0.15999796 0.15999999 0.15999992 0.15999834 0.16000071 0.15999944
 0.15999845 0.15999895 0.15999749 0.15999986]"
2638,2638,"[0.15999798 0.15999999 0.15999991 0.15999843 0.16       0.15999942
 0.15999844 0.15999899 0.15999746 0.15999987]"
2639,2639,"[0.159998   0.15999999 0.1599999  0.15999851 0.16       0.15999939
 0.15999844 0.15999903 0.15999743 0.15999988]"
2640,2640,"[0.15999802 0.16       0.15999989 0.15999859 0.16       0.15999937
 0.15999844 0.15999907 0.15999741 0.15999989]"
2641,2641,"[0.15999804 0.16       0.15999988 0.15999866 0.16       0.15999934
 0.15999845 0.1599991  0.15999739 0.1599999 ]"
2642,2642,"[0.15999806 0.16       0.15999987 0.15999874 0.16       0.15999932
 0.15999845 0.15999914 0.15999737 0.15999991]"
2643,2643,"[0.15999808 0.16       0.15999986 0.15999882 0.16       0.15999929
 0.15999846 0.15999917 0.15999736 0.15999992]"
2644,2644,"[0.1599981  0.16       0.15999984 0.15999889 0.16       0.15999926
 0.15999847 0.1599992  0.15999735 0.15999992]"
2645,2645,"[0.15999812 0.16       0.15999983 0.15999896 0.16       0.15999924
 0.15999848 0.15999923 0.15999734 0.15999993]"
2646,2646,"[0.15999814 0.16       0.15999981 0.15999903 0.16       0.15999921
 0.15999849 0.15999926 0.15999734 0.15999993]"
2647,2647,"[0.15999816 0.16       0.15999979 0.1599991  0.16       0.15999918
 0.15999851 0.15999929 0.15999733 0.15999994]"
2648,2648,"[0.15999818 0.16       0.15999977 0.15999916 0.16       0.15999916
 0.15999852 0.15999932 0.15999733 0.15999994]"
2649,2649,"[0.1599982  0.15999999 0.15999975 0.15999922 0.16       0.15999913
 0.15999854 0.15999934 0.15999734 0.15999995]"
2650,2650,"[0.15999822 0.15999999 0.15999973 0.15999928 0.16       0.15999897
 0.15999856 0.15999937 0.15999734 0.15999995]"
2651,2651,"[0.15999824 0.15999997 0.15999971 0.15999933 0.16       0.15999873
 0.15999859 0.15999939 0.15999735 0.15999995]"
2652,2652,"[0.15999826 0.15999996 0.15999969 0.15999938 0.16       0.15999869
 0.15999861 0.15999941 0.15999736 0.15999996]"
2653,2653,"[0.15999828 0.15999996 0.15999967 0.15999943 0.16       0.15999866
 0.15999864 0.15999944 0.15999738 0.15999996]"
2654,2654,"[0.1599983  0.15999995 0.15999964 0.15999948 0.16       0.15999862
 0.15999867 0.15999946 0.15999739 0.15999996]"
2655,2655,"[0.15999832 0.15999994 0.15999962 0.15999952 0.16       0.15999858
 0.1599987  0.15999948 0.15999741 0.15999996]"
2656,2656,"[0.15999834 0.15999994 0.15999959 0.15999957 0.16       0.15999854
 0.15999873 0.15999949 0.15999742 0.15999997]"
2657,2657,"[0.15999836 0.15999993 0.15999956 0.1599996  0.16       0.1599985
 0.15999877 0.15999951 0.15999744 0.15999997]"
2658,2658,"[0.15999839 0.16000003 0.15999954 0.15999964 0.16       0.15999846
 0.1599988  0.15999953 0.15999759 0.15999997]"
2659,2659,"[0.15999841 0.15999983 0.15999951 0.15999967 0.16       0.15999842
 0.15999884 0.15999955 0.1599976  0.15999997]"
2660,2660,"[0.15999843 0.15999982 0.15999948 0.15999971 0.16       0.15999837
 0.15999888 0.15999956 0.15999762 0.15999997]"
2661,2661,"[0.15999845 0.15999981 0.15999944 0.15999973 0.16       0.15999833
 0.15999892 0.15999958 0.15999765 0.15999997]"
2662,2662,"[0.15999847 0.15999979 0.15999941 0.15999976 0.16       0.15999828
 0.15999896 0.15999959 0.15999768 0.15999997]"
2663,2663,"[0.15999849 0.15999978 0.15999938 0.15999979 0.16       0.15999823
 0.159999   0.15999961 0.1599977  0.15999997]"
2664,2664,"[0.15999851 0.15999977 0.15999935 0.15999981 0.16       0.15999819
 0.15999904 0.15999962 0.15999773 0.15999998]"
2665,2665,"[0.15999853 0.15999976 0.15999931 0.15999983 0.16       0.15999814
 0.15999908 0.15999963 0.15999775 0.15999998]"
2666,2666,"[0.15999855 0.15999975 0.15999928 0.15999985 0.16       0.15999809
 0.15999912 0.15999964 0.15999778 0.15999998]"
2667,2667,"[0.15999856 0.15999974 0.15999924 0.15999987 0.16       0.15999805
 0.15999916 0.15999965 0.1599978  0.15999998]"
2668,2668,"[0.15999858 0.15999972 0.1599992  0.15999988 0.16       0.159998
 0.1599992  0.15999967 0.15999783 0.15999998]"
2669,2669,"[0.1599986  0.15999971 0.15999917 0.1599999  0.16       0.15999795
 0.15999924 0.15999968 0.15999785 0.15999998]"
2670,2670,"[0.15999862 0.1599997  0.15999913 0.15999991 0.16       0.15999791
 0.15999927 0.15999969 0.15999787 0.15999998]"
2671,2671,"[0.15999864 0.15999969 0.15999909 0.15999992 0.16       0.15999786
 0.15999931 0.1599997  0.1599979  0.15999998]"
2672,2672,"[0.15999866 0.15999968 0.15999905 0.15999993 0.15999999 0.15999782
 0.15999935 0.15999971 0.15999792 0.15999998]"
2673,2673,"[0.15999868 0.15999967 0.15999901 0.15999994 0.15999999 0.15999778
 0.15999938 0.15999971 0.15999795 0.15999998]"
2674,2674,"[0.1599987  0.15999966 0.15999897 0.15999995 0.15999999 0.15999774
 0.15999941 0.15999972 0.15999797 0.15999998]"
2675,2675,"[0.15999871 0.15999964 0.15999894 0.15999996 0.15999998 0.1599977
 0.15999945 0.15999973 0.15999799 0.15999998]"
2676,2676,"[0.16002096 0.16000255 0.1599989  0.15999997 0.15999998 0.15999766
 0.15999948 0.15999974 0.15999802 0.15999998]"
2677,2677,"[0.15999998 0.15999869 0.15999886 0.15999997 0.15999997 0.15999762
 0.15999951 0.15999975 0.15999804 0.15999998]"
2678,2678,"[0.15999998 0.15999868 0.15999882 0.15999998 0.15999997 0.15999759
 0.15999953 0.15999975 0.15999806 0.15999998]"
2679,2679,"[0.15999998 0.15999867 0.15999878 0.15999998 0.15999996 0.15999756
 0.15999956 0.15999976 0.15999808 0.15999998]"
2680,2680,"[0.15999998 0.15999916 0.15999875 0.15999998 0.15999995 0.15999753
 0.15999959 0.15999977 0.15999811 0.15999999]"
2681,2681,"[0.15999998 0.15999942 0.15999871 0.15999999 0.15999994 0.1599975
 0.16001555 0.15999977 0.15999813 0.16000149]"
2682,2682,"[0.15999998 0.16       0.15999868 0.15999999 0.15999993 0.15999747
 0.1599998  0.15999978 0.15999806 0.15999999]"
2683,2683,"[0.15999998 0.15999999 0.15999864 0.16001586 0.15999991 0.15999745
 0.15999978 0.16000713 0.15999808 0.15999999]"
2684,2684,"[0.15999998 0.15999997 0.15999861 0.15999896 0.1599999  0.15999743
 0.15999977 0.15999848 0.1599981  0.15999999]"
2685,2685,"[0.15999997 0.15999995 0.15999858 0.15999899 0.15999988 0.15999741
 0.15999975 0.15999855 0.15999812 0.15999999]"
2686,2686,"[0.15999997 0.15999992 0.15999855 0.15999901 0.15999986 0.15999739
 0.15999974 0.15999861 0.15999815 0.15999999]"
2687,2687,"[0.15999997 0.15999988 0.15999852 0.15999904 0.15999983 0.15999738
 0.15999972 0.15999867 0.15999817 0.15999999]"
2688,2688,"[0.15999996 0.15999984 0.15999849 0.15999906 0.1599998  0.15999736
 0.15999971 0.15999874 0.15999819 0.15999999]"
2689,2689,"[0.15999995 0.15999979 0.15999847 0.15999909 0.15999977 0.15999735
 0.15999969 0.1599988  0.15999822 0.15999999]"
2690,2690,"[0.15999994 0.15999767 0.15999844 0.15999911 0.15999974 0.15999734
 0.15999967 0.15999782 0.15999824 0.15999999]"
2691,2691,"[0.15999993 0.15999764 0.15999842 0.15999913 0.1599997  0.15999734
 0.15999965 0.15999774 0.15999827 0.15999999]"
2692,2692,"[0.15999992 0.15999761 0.1599984  0.15999916 0.15999966 0.15999734
 0.15999964 0.15999767 0.15999829 0.15999999]"
2693,2693,"[0.1599999  0.15999759 0.15999839 0.15999918 0.15999961 0.15999733
 0.15999962 0.1599976  0.15999832 0.15999999]"
2694,2694,"[0.15999988 0.15999756 0.15999837 0.1599992  0.15999956 0.15999733
 0.1599996  0.15999754 0.15999835 0.15999999]"
2695,2695,"[0.16000008 0.15999923 0.15999836 0.15999922 0.1599995  0.15999746
 0.15999958 0.15999748 0.15999828 0.15999952]"
2696,2696,"[0.15999996 0.1599982  0.15999835 0.15999925 0.15999944 0.15999743
 0.15999956 0.15999744 0.15999796 0.15999954]"
2697,2697,"[0.15999996 0.15999814 0.15999835 0.15999927 0.15999937 0.15999742
 0.15999954 0.1599974  0.15999797 0.15999956]"
2698,2698,"[0.15999996 0.1599981  0.15999835 0.16000073 0.1599993  0.15999758
 0.15999952 0.15999737 0.15999799 0.15999959]"
2699,2699,"[0.15999996 0.15999806 0.15999835 0.16       0.15999923 0.15999778
 0.15999949 0.15999735 0.15999801 0.15999961]"
2700,2700,"[0.15999996 0.15999803 0.15999836 0.16       0.15999914 0.15999776
 0.15999947 0.15999734 0.15999802 0.15999963]"
2701,2701,"[0.15999997 0.159998   0.15999838 0.16       0.15999906 0.15999775
 0.15999945 0.15999733 0.15999804 0.15999965]"
2702,2702,"[0.15999997 0.15999797 0.1599984  0.16       0.15999896 0.15999773
 0.15999942 0.15999734 0.15999806 0.15999967]"
2703,2703,"[0.15999997 0.15999796 0.15999843 0.16       0.15999887 0.15999772
 0.1599994  0.15999736 0.15999808 0.15999968]"
2704,2704,"[0.15999997 0.15999794 0.15999846 0.16       0.15999877 0.15999771
 0.15999938 0.15999739 0.15999809 0.1599997 ]"
2705,2705,"[0.15999997 0.15999793 0.1599985  0.16       0.15999866 0.15999769
 0.15999935 0.15999743 0.15999811 0.15999972]"
2706,2706,"[0.15999998 0.15999792 0.15999856 0.16       0.15999855 0.15999768
 0.15999932 0.15999748 0.15999813 0.15999974]"
2707,2707,"[0.15999998 0.15999792 0.15999862 0.16       0.15999844 0.15999766
 0.1599993  0.15999753 0.15999815 0.15999975]"
2708,2708,"[0.15999998 0.15999791 0.1599987  0.16       0.15999833 0.15999765
 0.15999927 0.1599976  0.15999817 0.15999977]"
2709,2709,"[0.15999998 0.15999791 0.15999879 0.16       0.15999822 0.15999764
 0.15999924 0.15999767 0.15999818 0.15999978]"
2710,2710,"[0.15999998 0.15999792 0.15999889 0.16       0.15999811 0.15999763
 0.15999921 0.15999774 0.1599982  0.15999979]"
2711,2711,"[0.15999999 0.15999792 0.15999901 0.16       0.159998   0.15999761
 0.15999918 0.15999783 0.15999822 0.15999981]"
2712,2712,"[0.15999999 0.15999793 0.15999915 0.16       0.15999789 0.1599976
 0.15999915 0.15999791 0.15999824 0.15999982]"
2713,2713,"[0.15999999 0.15999793 0.15999929 0.16       0.15999779 0.15999759
 0.15999912 0.15999801 0.15999826 0.15999983]"
2714,2714,"[0.15999999 0.15999795 0.15999944 0.16       0.15999769 0.15999758
 0.15999909 0.1599981  0.15999827 0.15999984]"
2715,2715,"[0.15999999 0.15999796 0.1599996  0.16       0.15999761 0.15999756
 0.15999906 0.1599982  0.15999829 0.15999985]"
2716,2716,"[0.15999999 0.15999797 0.15999974 0.16       0.15999753 0.15999755
 0.15999903 0.1599983  0.15999831 0.15999986]"
2717,2717,"[0.16       0.15999798 0.15999987 0.16       0.15999746 0.15999754
 0.159999   0.15999839 0.15999833 0.15999987]"
2718,2718,"[0.16       0.159998   0.15999996 0.16       0.15999741 0.15999753
 0.15999896 0.15999849 0.15999834 0.15999988]"
2719,2719,"[0.16       0.15999802 0.16       0.16       0.15999737 0.15999752
 0.15999893 0.15999859 0.15999836 0.15999989]"
2720,2720,"[0.16       0.15999804 0.15999998 0.16       0.15999734 0.15999751
 0.15999889 0.15999869 0.15999837 0.1599999 ]"
2721,2721,"[0.16       0.15999806 0.15999991 0.16       0.15999733 0.1599975
 0.15999886 0.15999878 0.15999838 0.15999991]"
2722,2722,"[0.16       0.15999808 0.15999977 0.16       0.15999734 0.15999749
 0.15999882 0.15999888 0.1599984  0.15999992]"
2723,2723,"[0.16       0.1599981  0.15999959 0.16       0.15999737 0.15999748
 0.15999878 0.15999897 0.15999841 0.15999993]"
2724,2724,"[0.16       0.15999812 0.15999937 0.16       0.15999741 0.15999747
 0.15999874 0.15999905 0.15999842 0.15999993]"
2725,2725,"[0.16       0.15999814 0.15999912 0.16       0.15999747 0.15999746
 0.15999871 0.15999914 0.15999843 0.15999994]"
2726,2726,"[0.16       0.15999816 0.15999887 0.16       0.15999755 0.15999745
 0.15999867 0.15999922 0.15999844 0.15999995]"
2727,2727,"[0.16       0.15999818 0.15999862 0.16       0.15999764 0.15999744
 0.15999863 0.15999929 0.15999844 0.15999995]"
2728,2728,"[0.16       0.15999821 0.15999838 0.16       0.15999775 0.15999743
 0.15999859 0.15999936 0.15999845 0.15999996]"
2729,2729,"[0.16       0.15999823 0.15999816 0.16       0.15999786 0.15999743
 0.15999855 0.15999943 0.15999845 0.15999996]"
2730,2730,"[0.16       0.15999825 0.15999796 0.16       0.15999799 0.15999742
 0.16000683 0.1599995  0.16001732 0.15999997]"
2731,2731,"[0.16       0.15999828 0.15999779 0.16       0.15999813 0.15999741
 0.15999901 0.15999956 0.15999735 0.15999997]"
2732,2732,"[0.16       0.1599983  0.15999765 0.16       0.15999827 0.15999741
 0.15999898 0.15999961 0.15999736 0.15999998]"
2733,2733,"[0.16       0.15999832 0.15999753 0.16       0.15999841 0.1599974
 0.15999895 0.15999966 0.15999739 0.15999998]"
2734,2734,"[0.16       0.15999835 0.15999744 0.16       0.15999856 0.15999739
 0.15999892 0.15999971 0.15999742 0.15999998]"
2735,2735,"[0.16       0.15999837 0.15999738 0.16       0.1599987  0.15999739
 0.15999889 0.15999975 0.15999746 0.15999999]"
2736,2736,"[0.15999999 0.15999839 0.15999735 0.16       0.15999885 0.15999738
 0.159999   0.15999979 0.15999751 0.16000018]"
2737,2737,"[0.15999999 0.15999841 0.15999733 0.16       0.15999898 0.15999738
 0.15999911 0.15999983 0.15999757 0.15999927]"
2738,2738,"[0.15999999 0.15999844 0.15999734 0.16       0.15999911 0.15999737
 0.15999908 0.15999986 0.15999764 0.1599993 ]"
2739,2739,"[0.15999999 0.15999846 0.15999737 0.16       0.15999924 0.15999737
 0.15999905 0.15999989 0.15999772 0.15999932]"
2740,2740,"[0.15999999 0.15999848 0.15999742 0.16       0.15999935 0.15999736
 0.15999902 0.15999991 0.1599978  0.15999935]"
2741,2741,"[0.15999999 0.1599985  0.15999748 0.16       0.15999945 0.15999736
 0.15999899 0.15999993 0.1599979  0.15999938]"
2742,2742,"[0.15999998 0.15999852 0.15999756 0.16       0.15999955 0.15999735
 0.15999896 0.15999995 0.159998   0.15999941]"
2743,2743,"[0.15999998 0.15999854 0.15999765 0.16       0.15999963 0.15999735
 0.15999892 0.15999997 0.1599981  0.15999944]"
2744,2744,"[0.15999998 0.15999856 0.15999775 0.16       0.15999971 0.15999735
 0.15999889 0.15999998 0.1599982  0.15999946]"
2745,2745,"[0.15999998 0.15999857 0.15999785 0.16       0.15999977 0.15999735
 0.15999886 0.15999999 0.15999831 0.15999949]"
2746,2746,"[0.15999997 0.15999859 0.15999796 0.16       0.15999982 0.15999734
 0.15999883 0.15999999 0.15999841 0.15999952]"
2747,2747,"[0.15999997 0.15999861 0.15999807 0.16       0.15999987 0.15999734
 0.15999879 0.16       0.1599985  0.15999954]"
2748,2748,"[0.15999997 0.15999862 0.15999819 0.16       0.16000034 0.15999734
 0.15999876 0.16       0.15999877 0.15999957]"
2749,2749,"[0.15999996 0.15999864 0.15999831 0.16       0.15999979 0.15999734
 0.15999872 0.16       0.15999899 0.15999959]"
2750,2750,"[0.15999996 0.15999865 0.15999842 0.16       0.15999977 0.15999734
 0.15999869 0.16       0.15999902 0.15999962]"
2751,2751,"[0.15999995 0.15999867 0.15999854 0.16       0.15999978 0.15999733
 0.15999865 0.15999999 0.15999905 0.15999965]"
2752,2752,"[0.15999995 0.15999868 0.15999865 0.15999999 0.15999956 0.15999733
 0.15999862 0.15999998 0.15999908 0.15999967]"
2753,2753,"[0.15999994 0.15999869 0.15999876 0.15999999 0.15999963 0.15999733
 0.15999858 0.15999997 0.1599991  0.1599997 ]"
2754,2754,"[0.15999994 0.1599987  0.15999886 0.15999999 0.15999969 0.15999733
 0.15999854 0.15999996 0.15999912 0.15999972]"
2755,2755,"[0.15999993 0.15999871 0.15999896 0.15999998 0.15999974 0.15999733
 0.15999851 0.15999995 0.15999915 0.15999975]"
2756,2756,"[0.15999992 0.15999872 0.15999906 0.15999998 0.15999979 0.15999733
 0.15999847 0.15999993 0.15999917 0.15999977]"
2757,2757,"[0.15999991 0.15999873 0.15999915 0.15999998 0.15999983 0.15999733
 0.15999843 0.15999991 0.15999918 0.15999979]"
2758,2758,"[0.15999991 0.15999874 0.15999923 0.15999998 0.15999987 0.15999734
 0.1599984  0.15999989 0.1599992  0.15999982]"
2759,2759,"[0.1599999  0.15999875 0.15999931 0.15999998 0.16000031 0.15999734
 0.15999836 0.16002554 0.15999922 0.15999984]"
2760,2760,"[0.15999989 0.15999876 0.15999938 0.15999998 0.16       0.15999734
 0.15999832 0.15999904 0.15999923 0.15999986]"
2761,2761,"[0.15999988 0.15999876 0.15999945 0.15999998 0.16       0.15999734
 0.15999828 0.15999917 0.15999924 0.15999988]"
2762,2762,"[0.15999987 0.15999877 0.15999952 0.15999998 0.15999999 0.15999734
 0.15999825 0.15999929 0.15999926 0.1599999 ]"
2763,2763,"[0.15999985 0.15999878 0.15999957 0.15999998 0.15999997 0.15999735
 0.15999821 0.15999941 0.15999927 0.15999992]"
2764,2764,"[0.15999984 0.15999878 0.15999963 0.15999998 0.15999995 0.15999735
 0.15999817 0.15999952 0.15999928 0.15999994]"
2765,2765,"[0.15999983 0.15999879 0.15999967 0.15999998 0.15999993 0.15999736
 0.15999813 0.15999962 0.15999929 0.15999995]"
2766,2766,"[0.15999982 0.15999879 0.15999972 0.15999998 0.1599999  0.15999736
 0.1599981  0.15999972 0.15999929 0.15999997]"
2767,2767,"[0.1599998  0.1599988  0.15999975 0.15999998 0.15999987 0.15999737
 0.15999806 0.15999981 0.1599993  0.15999998]"
2768,2768,"[0.15999979 0.1599988  0.15999979 0.15999998 0.15999985 0.15999737
 0.15999803 0.15999988 0.1599993  0.15999999]"
2769,2769,"[0.15999977 0.1599988  0.15999982 0.15999998 0.15999982 0.15999738
 0.15999799 0.15999993 0.15999931 0.15999999]"
2770,2770,"[0.15999975 0.1599988  0.15999985 0.15999998 0.1599998  0.15999739
 0.15999795 0.15999998 0.15999931 0.16      ]"
2771,2771,"[0.15999973 0.15999881 0.15999987 0.15999998 0.15999978 0.1599974
 0.15999792 0.16       0.15999932 0.16      ]"
2772,2772,"[0.15999971 0.15999881 0.15999989 0.15999998 0.15999976 0.1599974
 0.15999789 0.16       0.15999932 0.16      ]"
2773,2773,"[0.15999969 0.15999881 0.15999991 0.15999998 0.15999974 0.15999741
 0.15999785 0.15999998 0.15999932 0.15999999]"
2774,2774,"[0.15999967 0.15999881 0.15999993 0.15999998 0.15999973 0.15999742
 0.15999782 0.15999993 0.15999932 0.15999998]"
2775,2775,"[0.15999965 0.15999881 0.15999994 0.15999998 0.15999972 0.15999744
 0.15999779 0.15999987 0.15999932 0.15999997]"
2776,2776,"[0.15999962 0.15999881 0.15999996 0.15999998 0.1599997  0.15999745
 0.15999776 0.15999979 0.15999932 0.15999995]"
2777,2777,"[0.1599996  0.15999881 0.15999997 0.15999998 0.1599997  0.15999746
 0.15999773 0.15999969 0.15999931 0.15999993]"
2778,2778,"[0.1599994  0.15999881 0.15999997 0.15999998 0.15999966 0.15999747
 0.1599977  0.15999957 0.15999931 0.1599999 ]"
2779,2779,"[0.15999882 0.15999881 0.15999998 0.15999999 0.15999737 0.15999749
 0.15999767 0.15999945 0.15999931 0.15999987]"
2780,2780,"[0.15999877 0.15999881 0.15999999 0.15999999 0.15999732 0.1599975
 0.15999764 0.15999932 0.15999921 0.15999984]"
2781,2781,"[0.15999872 0.1599988  0.15999999 0.15999999 0.15999774 0.15999752
 0.15999762 0.1599992  0.15999966 0.1599998 ]"
2782,2782,"[0.15999867 0.1599988  0.15999999 0.15999999 0.15999766 0.15999754
 0.15999759 0.15999907 0.15999965 0.15999976]"
2783,2783,"[0.15999862 0.1599988  0.16       0.15999999 0.15999759 0.15999755
 0.15999757 0.15999895 0.15999965 0.15999972]"
2784,2784,"[0.15999857 0.16000322 0.16       0.15999999 0.15999753 0.15999764
 0.15999754 0.15999884 0.15999964 0.15999967]"
2785,2785,"[0.15999851 0.15999835 0.16       0.15999999 0.15999748 0.15999746
 0.15999752 0.15999874 0.15999964 0.15999963]"
2786,2786,"[0.15999846 0.15999837 0.1600263  0.15999999 0.15999743 0.15999747
 0.1599975  0.15999866 0.15999971 0.15999958]"
2787,2787,"[0.1599984  0.15999838 0.15999794 0.15999999 0.1599974  0.15999748
 0.15999748 0.15999858 0.15999943 0.15999953]"
2788,2788,"[0.15999834 0.15999839 0.159998   0.15999999 0.15999737 0.15999749
 0.15999746 0.15999851 0.15999942 0.15999949]"
2789,2789,"[0.15999829 0.1599984  0.15999805 0.15999999 0.15999735 0.15999751
 0.15999745 0.15999845 0.15999941 0.15999944]"
2790,2790,"[0.15999823 0.15999842 0.15999811 0.16       0.15999734 0.15999752
 0.15999743 0.1599984  0.1599994  0.1599994 ]"
2791,2791,"[0.15999817 0.15999843 0.15999816 0.16       0.15999733 0.15999753
 0.15999741 0.15999837 0.15999938 0.15999935]"
2792,2792,"[0.15999811 0.15999844 0.15999821 0.16       0.15999734 0.15999755
 0.1599974  0.15999833 0.15999937 0.15999931]"
2793,2793,"[0.15999805 0.15999845 0.15999826 0.16       0.15999735 0.15999756
 0.15999739 0.15999831 0.15999936 0.15999928]"
2794,2794,"[0.15999799 0.15999846 0.15999831 0.16       0.15999736 0.15999757
 0.15999738 0.15999829 0.15999935 0.15999924]"
2795,2795,"[0.15999793 0.15999847 0.15999676 0.16       0.15999739 0.15999759
 0.15999721 0.15999828 0.15999934 0.15999922]"
2796,2796,"[0.15999787 0.15999848 0.15999937 0.16       0.15999742 0.15999761
 0.15999797 0.15999828 0.15999933 0.15999919]"
2797,2797,"[0.15999781 0.1599985  0.15999935 0.16       0.15999745 0.15999762
 0.15999794 0.15999828 0.15999931 0.15999917]"
2798,2798,"[0.15999776 0.15999851 0.15999932 0.16       0.15999749 0.15999764
 0.15999792 0.15999828 0.1599993  0.15999915]"
2799,2799,"[0.1599977  0.15999852 0.15999929 0.16       0.15999753 0.15999766
 0.15999789 0.15999829 0.15999929 0.15999913]"
2800,2800,"[0.15999765 0.15999853 0.15999926 0.16       0.15999758 0.15999768
 0.15999786 0.1599983  0.15999928 0.15999912]"
2801,2801,"[0.1599976  0.15999854 0.15999924 0.16       0.15999763 0.1599977
 0.15999783 0.15999832 0.15999927 0.15999911]"
2802,2802,"[0.15999756 0.15999855 0.15999921 0.16       0.15999769 0.15999772
 0.1599978  0.15999833 0.15999926 0.1599991 ]"
2803,2803,"[0.15999751 0.15999856 0.15999919 0.16       0.15999774 0.15999774
 0.15999778 0.15999836 0.15999925 0.1599991 ]"
2804,2804,"[0.15999747 0.15999857 0.15999917 0.16       0.1599978  0.15999776
 0.15999775 0.15999838 0.15999924 0.15999909]"
2805,2805,"[0.15999744 0.15999858 0.15999914 0.16       0.15999787 0.15999778
 0.15999772 0.15999841 0.15999923 0.15999909]"
2806,2806,"[0.15999741 0.15999859 0.15999912 0.16       0.15999793 0.1599978
 0.15999769 0.15999844 0.15999922 0.1599991 ]"
2807,2807,"[0.15999738 0.15999861 0.1599998  0.16       0.15999799 0.15999783
 0.15999767 0.15999847 0.15999921 0.1599979 ]"
2808,2808,"[0.15999736 0.15999862 0.1599998  0.16       0.15999806 0.15999785
 0.15999764 0.1599985  0.1599992  0.15999785]"
2809,2809,"[0.15999735 0.15999863 0.1599998  0.16       0.15999812 0.15999787
 0.15999762 0.15999854 0.15999919 0.15999781]"
2810,2810,"[0.15999734 0.15999864 0.1599998  0.16       0.15999819 0.1599979
 0.15999759 0.15999858 0.15999918 0.15999777]"
2811,2811,"[0.15999733 0.15999865 0.15999979 0.16       0.15999825 0.15999792
 0.15999757 0.15999862 0.15999917 0.15999773]"
2812,2812,"[0.15999734 0.15999866 0.15999979 0.15999999 0.15999832 0.15999795
 0.15999754 0.15999866 0.15999916 0.15999769]"
2813,2813,"[0.15999734 0.15999867 0.15999978 0.15999999 0.15999838 0.15999797
 0.15999752 0.1599987  0.15999915 0.15999766]"
2814,2814,"[0.15999736 0.15999868 0.15999978 0.15999999 0.15999844 0.159998
 0.1599975  0.15999874 0.15999915 0.15999762]"
2815,2815,"[0.15999738 0.15999869 0.15999977 0.15999999 0.1599985  0.15999802
 0.15999747 0.15999878 0.15999914 0.15999759]"
2816,2816,"[0.15999741 0.15999869 0.15999977 0.15999999 0.15999856 0.15999805
 0.15999745 0.15999883 0.15999914 0.15999756]"
2817,2817,"[0.15999745 0.1599987  0.15999976 0.15999999 0.15999862 0.15999807
 0.15999744 0.15999887 0.15999913 0.15999753]"
2818,2818,"[0.15999749 0.15999871 0.15999976 0.16000022 0.15999868 0.15999793
 0.15999742 0.15999891 0.15999913 0.1599975 ]"
2819,2819,"[0.15999753 0.15999872 0.15999975 0.15999916 0.15999873 0.15999765
 0.1599974  0.15999896 0.15999912 0.15999747]"
2820,2820,"[0.15999759 0.15999873 0.15999974 0.15999918 0.15999879 0.15999763
 0.15999739 0.159999   0.15999912 0.15999745]"
2821,2821,"[0.15999765 0.15999873 0.15999974 0.1599992  0.15999884 0.15999761
 0.15999737 0.15999905 0.15999911 0.15999743]"
2822,2822,"[0.15999771 0.15999874 0.15999973 0.15999923 0.15999889 0.15999758
 0.15999736 0.15999909 0.15999911 0.15999741]"
2823,2823,"[0.15999778 0.15999875 0.15999972 0.15999925 0.15999894 0.15999756
 0.15999735 0.15999913 0.15999911 0.15999739]"
2824,2824,"[0.15999785 0.15999875 0.15999971 0.15999927 0.15999899 0.15999754
 0.15999734 0.15999917 0.15999911 0.15999738]"
2825,2825,"[0.15999793 0.15999876 0.1599997  0.15999929 0.15999903 0.15999752
 0.15999734 0.15999921 0.15999911 0.15999736]"
2826,2826,"[0.15999801 0.15999876 0.15999969 0.16003157 0.15999908 0.1599975
 0.15999742 0.15999925 0.1599991  0.15999735]"
2827,2827,"[0.15999809 0.15999877 0.15999968 0.15999827 0.15999912 0.15999749
 0.15999737 0.15999929 0.1599991  0.15999735]"
2828,2828,"[0.15999817 0.15999877 0.15999967 0.15999831 0.15999916 0.15999747
 0.15999736 0.15999928 0.1599991  0.16000089]"
2829,2829,"[0.15999826 0.15999877 0.15999966 0.15999834 0.16000365 0.16001808
 0.15999735 0.15999925 0.1599991  0.16      ]"
2830,2830,"[0.15999835 0.15999878 0.15999965 0.15999838 0.15999756 0.15999979
 0.15999734 0.1599993  0.15999911 0.16      ]"
2831,2831,"[0.15999843 0.15999878 0.15999963 0.15999842 0.15999759 0.15999978
 0.15999733 0.15999934 0.15999911 0.16      ]"
2832,2832,"[0.15999852 0.15999878 0.15999962 0.15999845 0.15999761 0.15999977
 0.15999733 0.15999938 0.15999911 0.16      ]"
2833,2833,"[0.15999861 0.15999878 0.15999961 0.15999849 0.15999753 0.15999975
 0.15999733 0.15999942 0.15999921 0.16      ]"
2834,2834,"[0.15999869 0.15999878 0.15999959 0.15999852 0.15999737 0.15999974
 0.15999734 0.15999945 0.15999931 0.16      ]"
2835,2835,"[0.15999878 0.15999878 0.15999958 0.15999855 0.15999736 0.15999972
 0.15999735 0.15999949 0.15999932 0.16      ]"
2836,2836,"[0.15999886 0.15999878 0.15999956 0.15999858 0.15999736 0.15999971
 0.15999736 0.15999952 0.15999932 0.16      ]"
2837,2837,"[0.15999894 0.15999878 0.15999954 0.15999861 0.15999736 0.15999969
 0.15999737 0.15999955 0.15999933 0.16      ]"
2838,2838,"[0.15999902 0.15999878 0.15999953 0.15999864 0.15999735 0.15999968
 0.15999739 0.15999958 0.15999934 0.16      ]"
2839,2839,"[0.15999909 0.15999877 0.15999951 0.15999866 0.15999735 0.15999966
 0.15999741 0.15999961 0.15999935 0.15999999]"
2840,2840,"[0.15999916 0.15999877 0.15999949 0.15999869 0.15999735 0.15999964
 0.15999743 0.15999963 0.15999935 0.15999999]"
2841,2841,"[0.15999923 0.15999876 0.15999947 0.15999871 0.15999735 0.15999962
 0.15999746 0.15999966 0.15999936 0.15999999]"
2842,2842,"[0.15999929 0.15999876 0.15999945 0.15999873 0.15999734 0.1599996
 0.15999749 0.15999968 0.15999947 0.16000007]"
2843,2843,"[0.15999936 0.15999843 0.15999943 0.15999875 0.15999734 0.15999958
 0.15999752 0.1599997  0.15999956 0.15999996]"
2844,2844,"[0.15999944 0.1599977  0.15999941 0.15999877 0.15999734 0.15999956
 0.15999756 0.15999972 0.15999957 0.15999996]"
2845,2845,"[0.15999951 0.15999767 0.15999939 0.15999879 0.15999782 0.15999954
 0.1599976  0.15999965 0.15999957 0.15999997]"
2846,2846,"[0.15999958 0.15999764 0.15999937 0.15999881 0.15999822 0.15999952
 0.15999764 0.15999946 0.15999958 0.15999997]"
2847,2847,"[0.15999963 0.15999762 0.15999934 0.15999882 0.15999821 0.1599995
 0.15999768 0.15999949 0.15999958 0.15999997]"
2848,2848,"[0.15999969 0.1599976  0.15999932 0.15999884 0.15999819 0.15999947
 0.15999773 0.15999951 0.15999958 0.15999997]"
2849,2849,"[0.15999979 0.15999758 0.15999929 0.15999885 0.15999877 0.15999945
 0.15999777 0.15999954 0.15999958 0.15999998]"
2850,2850,"[0.15999988 0.15999756 0.15999927 0.15999886 0.15999913 0.15999942
 0.15999782 0.15999956 0.15999959 0.15999998]"
2851,2851,"[0.1600001  0.15999755 0.15999924 0.15999966 0.15999912 0.15999939
 0.15999787 0.15999958 0.15999959 0.15999998]"
2852,2852,"[0.15999996 0.15999754 0.15999921 0.15999982 0.15999911 0.15999937
 0.15999793 0.1599996  0.15999959 0.15999999]"
2853,2853,"[0.15999992 0.15999753 0.15999918 0.1599998  0.1599991  0.15999934
 0.15999798 0.15999961 0.15999959 0.15999999]"
2854,2854,"[0.15999988 0.15999752 0.15999915 0.15999978 0.15999909 0.15999931
 0.15999804 0.15999963 0.15999958 0.15999999]"
2855,2855,"[0.15999983 0.15999752 0.15999912 0.15999976 0.15999907 0.15999928
 0.15999809 0.15999964 0.15999958 0.16      ]"
2856,2856,"[0.15999979 0.15999752 0.15999909 0.15999974 0.15999906 0.15999925
 0.15999815 0.15999965 0.15999958 0.16      ]"
2857,2857,"[0.15999974 0.15999752 0.15999906 0.15999972 0.15999905 0.15999922
 0.1599982  0.15999966 0.15999957 0.16      ]"
2858,2858,"[0.15999969 0.15999752 0.15999903 0.15999969 0.15999903 0.15999918
 0.15999826 0.15999968 0.15999957 0.16      ]"
2859,2859,"[0.15999964 0.15999753 0.15999899 0.15999967 0.15999902 0.15999915
 0.15999832 0.15999968 0.15999956 0.16      ]"
2860,2860,"[0.1599996  0.15999754 0.15999896 0.15999964 0.159999   0.15999911
 0.15999838 0.15999969 0.15999955 0.16      ]"
2861,2861,"[0.15999955 0.15999755 0.15999892 0.15999961 0.15999899 0.15999908
 0.15999843 0.1599997  0.15999954 0.15999999]"
2862,2862,"[0.15999951 0.15999756 0.15999889 0.15999958 0.15999897 0.15999904
 0.15999849 0.1599997  0.15999953 0.15999999]"
2863,2863,"[0.15999948 0.15999758 0.15999885 0.15999955 0.15999896 0.15999901
 0.15999855 0.15999971 0.15999952 0.15999998]"
2864,2864,"[0.15999944 0.1599976  0.15999882 0.15999951 0.15999894 0.15999897
 0.15999861 0.15999971 0.15999951 0.15999997]"
2865,2865,"[0.15999941 0.15999762 0.15999878 0.15999947 0.15999892 0.15999893
 0.15999866 0.15999971 0.15999949 0.15999996]"
2866,2866,"[0.15999938 0.15999764 0.15999874 0.15999944 0.1599989  0.15999889
 0.15999872 0.15999972 0.15999948 0.15999994]"
2867,2867,"[0.15999936 0.15999767 0.1599987  0.1599994  0.15999889 0.15999885
 0.15999877 0.15999972 0.15999946 0.15999993]"
2868,2868,"[0.15999933 0.15999771 0.15999866 0.15999935 0.15999887 0.1599988
 0.15999882 0.15999972 0.15999944 0.1599999 ]"
2869,2869,"[0.15999931 0.15999774 0.15999862 0.15999931 0.15999885 0.15999876
 0.15999888 0.15999972 0.15999942 0.15999988]"
2870,2870,"[0.15999929 0.15999779 0.15999858 0.15999926 0.15999883 0.15999872
 0.15999893 0.15999971 0.1599994  0.15999984]"
2871,2871,"[0.15999928 0.15999783 0.15999854 0.15999922 0.15999881 0.15999867
 0.15999898 0.15999971 0.15999938 0.15999981]"
2872,2872,"[0.15999926 0.15999788 0.1599985  0.15999917 0.15999879 0.15999863
 0.15999903 0.15999971 0.15999935 0.15999977]"
2873,2873,"[0.15999925 0.15999793 0.15999846 0.15999912 0.15999877 0.15999858
 0.15999908 0.1599997  0.15999932 0.15999972]"
2874,2874,"[0.15999924 0.15999799 0.15999842 0.15999907 0.15999875 0.15999854
 0.15999912 0.1599997  0.15999929 0.15999967]"
2875,2875,"[0.15999923 0.15999805 0.15999839 0.15999901 0.15999874 0.15999849
 0.15999917 0.15999969 0.15999926 0.15999961]"
2876,2876,"[0.15999922 0.15999812 0.15999835 0.15999896 0.15999872 0.15999844
 0.15999921 0.15999969 0.15999923 0.15999955]"
2877,2877,"[0.15999922 0.15999819 0.15999831 0.1599989  0.15999869 0.1599984
 0.15999926 0.15999968 0.15999919 0.15999948]"
2878,2878,"[0.15999921 0.15999826 0.15999827 0.15999885 0.15999867 0.15999835
 0.1599993  0.15999967 0.15999915 0.1599994 ]"
2879,2879,"[0.15999921 0.15999833 0.15999823 0.15999879 0.15999865 0.1599983
 0.15999934 0.15999966 0.15999911 0.15999932]"
2880,2880,"[0.15999921 0.15999841 0.15999819 0.15999874 0.15999863 0.15999853
 0.15999938 0.15999965 0.15999907 0.15999952]"
2881,2881,"[0.15999921 0.15999849 0.15999815 0.15999868 0.15999861 0.15999874
 0.15999941 0.15999964 0.15999903 0.15999964]"
2882,2882,"[0.15999921 0.15999857 0.15999811 0.15999863 0.15999859 0.1599987
 0.15999945 0.15999962 0.15999898 0.1599996 ]"
2883,2883,"[0.15999921 0.15999865 0.15999808 0.15999858 0.15999857 0.15999866
 0.15999948 0.15999961 0.15999893 0.15999955]"
2884,2884,"[0.15999921 0.15999873 0.15999804 0.15999853 0.15999855 0.15999861
 0.15999952 0.15999959 0.15999888 0.1599995 ]"
2885,2885,"[0.16001097 0.15999881 0.15999801 0.15999848 0.15999853 0.16000589
 0.15999955 0.15999958 0.15999883 0.15999945]"
2886,2886,"[0.15999999 0.15999888 0.15999797 0.15999843 0.15999851 0.15999971
 0.15999958 0.15999956 0.15999877 0.15999941]"
2887,2887,"[0.16000157 0.15999896 0.15999794 0.15999838 0.15999857 0.15999969
 0.15999961 0.15999954 0.15999872 0.15999936]"
2888,2888,"[0.15999735 0.15999904 0.15999791 0.15999834 0.15999865 0.15999967
 0.15999964 0.15999952 0.15999866 0.1599993 ]"
2889,2889,"[0.15999736 0.15999911 0.15999787 0.1599983  0.15999863 0.15999965
 0.15999966 0.1599995  0.1599986  0.15999925]"
2890,2890,"[0.15999738 0.15999918 0.15999784 0.15999826 0.15999861 0.15999963
 0.15999969 0.15999948 0.15999854 0.15999921]"
2891,2891,"[0.15999739 0.15999925 0.15999781 0.15999822 0.15999858 0.15999961
 0.15999971 0.15999946 0.15999847 0.15999916]"
2892,2892,"[0.1599974  0.15999931 0.15999778 0.15999819 0.15999856 0.15999959
 0.15999973 0.15999943 0.15999841 0.15999911]"
2893,2893,"[0.15999742 0.15999937 0.15999776 0.15999816 0.15999854 0.15999957
 0.15999975 0.15999941 0.15999834 0.15999907]"
2894,2894,"[0.15999743 0.15999943 0.15999773 0.15999813 0.15999851 0.15999954
 0.15999977 0.15999938 0.15999828 0.15999903]"
2895,2895,"[0.15999744 0.15999949 0.1599977  0.15999811 0.15999849 0.15999952
 0.15999979 0.15999936 0.15999822 0.15999899]"
2896,2896,"[0.15999745 0.15999954 0.15999768 0.15999809 0.15999847 0.15999949
 0.15999981 0.15999933 0.15999815 0.15999895]"
2897,2897,"[0.15999746 0.15999958 0.15999765 0.15999807 0.15999845 0.15999946
 0.15999982 0.1599993  0.15999809 0.15999892]"
2898,2898,"[0.15999747 0.15999963 0.15999763 0.15999806 0.15999842 0.15999944
 0.15999984 0.15999927 0.15999803 0.1599989 ]"
2899,2899,"[0.15999747 0.15999967 0.15999761 0.15999804 0.1599984  0.15999941
 0.15999985 0.15999924 0.15999796 0.15999887]"
2900,2900,"[0.15999747 0.1599997  0.15999759 0.15999803 0.15999838 0.15999937
 0.15999986 0.15999921 0.1599979  0.15999886]"
2901,2901,"[0.15999746 0.15999974 0.15999757 0.15999803 0.15999835 0.15999934
 0.15999988 0.15999918 0.15999785 0.15999885]"
2902,2902,"[0.15999745 0.15999977 0.15999755 0.15999802 0.15999833 0.15999931
 0.15999989 0.15999915 0.15999779 0.15999884]"
2903,2903,"[0.15999743 0.15999979 0.15999753 0.15999802 0.15999831 0.15999928
 0.1599999  0.15999912 0.15999774 0.15999884]"
2904,2904,"[0.15999741 0.15999982 0.15999751 0.15999802 0.15999829 0.15999924
 0.15999991 0.15999908 0.15999769 0.15999885]"
2905,2905,"[0.15999739 0.15999984 0.1599975  0.15999802 0.15999826 0.1599992
 0.15999991 0.15999905 0.15999764 0.15999887]"
2906,2906,"[0.15999737 0.15999986 0.15999748 0.15999803 0.15999824 0.15999917
 0.15999992 0.15999902 0.1599976  0.15999889]"
2907,2907,"[0.15999735 0.15999988 0.15999747 0.15999803 0.15999822 0.15999913
 0.15999993 0.15999898 0.15999756 0.15999891]"
2908,2908,"[0.15999734 0.15999989 0.15999746 0.15999804 0.15999819 0.15999909
 0.15999994 0.15999895 0.15999752 0.15999894]"
2909,2909,"[0.15999733 0.15999991 0.15999745 0.15999805 0.15999817 0.15999905
 0.15999994 0.15999892 0.15999748 0.15999898]"
2910,2910,"[0.15999735 0.15999992 0.15999743 0.15999807 0.15999815 0.15999901
 0.15999995 0.15999888 0.15999745 0.15999902]"
2911,2911,"[0.15999738 0.15999993 0.15999742 0.15999808 0.15999813 0.15999897
 0.15999995 0.15999885 0.15999743 0.15999906]"
2912,2912,"[0.15999743 0.15999994 0.15999741 0.1599981  0.1599981  0.15999892
 0.15999996 0.15999881 0.1599974  0.15999911]"
2913,2913,"[0.15999751 0.15999995 0.1599974  0.15999812 0.15999808 0.15999888
 0.15999996 0.15999878 0.15999738 0.15999916]"
2914,2914,"[0.15999761 0.15999995 0.1599974  0.15999814 0.15999806 0.15999883
 0.15999996 0.15999875 0.15999737 0.15999921]"
2915,2915,"[0.15999772 0.15999996 0.15999739 0.15999816 0.15999803 0.15999879
 0.15999997 0.15999872 0.15999735 0.15999926]"
2916,2916,"[0.15999784 0.15999996 0.15999738 0.15999818 0.15999801 0.15999874
 0.15999997 0.15999868 0.15999734 0.15999931]"
2917,2917,"[0.15999797 0.15999997 0.15999738 0.15999821 0.15999799 0.1599987
 0.15999997 0.15999865 0.15999734 0.15999936]"
2918,2918,"[0.15999809 0.15999997 0.15999737 0.15999823 0.15999796 0.15999865
 0.15999997 0.15999862 0.15999733 0.1599994 ]"
2919,2919,"[0.15999821 0.15999998 0.15999736 0.15999826 0.15999794 0.1599986
 0.15999997 0.15999859 0.15999733 0.15999945]"
2920,2920,"[0.15999832 0.15999998 0.15999736 0.15999829 0.15999792 0.15999856
 0.15999998 0.15999856 0.15999734 0.15999948]"
2921,2921,"[0.15999843 0.15999998 0.15999736 0.15999832 0.15999789 0.15999851
 0.15999998 0.15999853 0.15999734 0.15999952]"
2922,2922,"[0.15999852 0.15999998 0.15999735 0.15999835 0.15999787 0.15999846
 0.15999998 0.15999851 0.15999735 0.15999955]"
2923,2923,"[0.1599986  0.15999999 0.15999735 0.15999839 0.15999785 0.15999841
 0.15999998 0.15999848 0.15999735 0.15999958]"
2924,2924,"[0.15999867 0.15999999 0.15999735 0.15999842 0.15999782 0.15999837
 0.15999998 0.15999845 0.15999736 0.1599996 ]"
2925,2925,"[0.15999874 0.15999999 0.15999734 0.15999845 0.1599978  0.15999832
 0.15999998 0.15999843 0.15999738 0.15999962]"
2926,2926,"[0.15999879 0.15999999 0.15999734 0.15999849 0.15999777 0.15999827
 0.15999998 0.15999841 0.15999739 0.15999964]"
2927,2927,"[0.15999884 0.15999999 0.15999734 0.15999852 0.15999775 0.15999823
 0.15999998 0.15999839 0.15999741 0.15999965]"
2928,2928,"[0.15999888 0.15999999 0.15999734 0.15999856 0.15999772 0.15999818
 0.15999998 0.15999837 0.15999742 0.15999966]"
2929,2929,"[0.15999892 0.15999999 0.15999734 0.1599986  0.1599977  0.15999814
 0.15999997 0.15999835 0.15999744 0.15999966]"
2930,2930,"[0.15999895 0.15999999 0.15999733 0.15999863 0.15999767 0.15999809
 0.15999997 0.15999834 0.15999746 0.15999966]"
2931,2931,"[0.15999898 0.15999999 0.15999733 0.15999867 0.15999765 0.15999805
 0.15999997 0.15999832 0.15999748 0.15999966]"
2932,2932,"[0.15999901 0.15999999 0.15999733 0.1599987  0.15999762 0.15999801
 0.15999997 0.15999831 0.1599975  0.15999966]"
2933,2933,"[0.15999903 0.15999999 0.15999733 0.15999874 0.1599976  0.15999797
 0.15999997 0.1599983  0.15999753 0.15999965]"
2934,2934,"[0.15999905 0.15999999 0.15999733 0.15999878 0.15999757 0.15999793
 0.15999996 0.1599983  0.15999755 0.15999964]"
2935,2935,"[0.15999907 0.15999999 0.15999739 0.15999881 0.15999755 0.15999789
 0.15999996 0.15999829 0.15999757 0.15999965]"
2936,2936,"[0.15999908 0.15999999 0.15999744 0.15999885 0.15999753 0.15999785
 0.15999996 0.15999829 0.1599976  0.15999966]"
2937,2937,"[0.1599991  0.15999999 0.15999743 0.15999888 0.1599975  0.15999781
 0.1600004  0.15999829 0.1599975  0.15999964]"
2938,2938,"[0.15999911 0.15999999 0.15999741 0.15999892 0.15999748 0.15999778
 0.15999964 0.15999829 0.15999734 0.15999961]"
2939,2939,"[0.15999912 0.15999999 0.1599974  0.15999895 0.15999746 0.15999774
 0.15999963 0.1599983  0.15999734 0.15999959]"
2940,2940,"[0.15999914 0.15999999 0.15999739 0.15999899 0.15999744 0.15999771
 0.15999962 0.1599983  0.15999734 0.15999956]"
2941,2941,"[0.15999915 0.15999999 0.15999738 0.15999902 0.15999742 0.15999768
 0.15999961 0.15999831 0.15999735 0.15999953]"
2942,2942,"[0.15999916 0.15999998 0.15999737 0.15999905 0.1599974  0.15999765
 0.1599996  0.15999833 0.15999735 0.1599995 ]"
2943,2943,"[0.15999917 0.15999998 0.15999788 0.15999909 0.15999739 0.15999762
 0.15999959 0.15999834 0.15999742 0.15999946]"
2944,2944,"[0.15999918 0.15999998 0.15999828 0.15999912 0.15999737 0.1599976
 0.15999958 0.15999836 0.15999749 0.15999942]"
2945,2945,"[0.15999919 0.16000011 0.15999825 0.15999915 0.15999736 0.15999757
 0.16000149 0.15999838 0.15999748 0.15999938]"
2946,2946,"[0.15999921 0.15999924 0.15999822 0.15999918 0.15999735 0.15999755
 0.15999919 0.1599984  0.15999747 0.15999933]"
2947,2947,"[0.15999922 0.15999923 0.15999818 0.15999921 0.15999734 0.15999752
 0.15999915 0.15999843 0.15999746 0.15999928]"
2948,2948,"[0.15999923 0.15999922 0.15999815 0.15999924 0.15999734 0.1599975
 0.15999911 0.15999846 0.15999745 0.15999923]"
2949,2949,"[0.15999924 0.15999921 0.15999812 0.15999927 0.15999733 0.15999748
 0.15999906 0.15999849 0.15999744 0.15999918]"
2950,2950,"[0.15999926 0.1599992  0.15999809 0.1599993  0.15999733 0.15999747
 0.15999902 0.15999852 0.15999744 0.15999912]"
2951,2951,"[0.15999927 0.15999919 0.15999805 0.15999933 0.15999734 0.15999745
 0.15999897 0.15999855 0.15999743 0.15999905]"
2952,2952,"[0.15999929 0.15999917 0.15999802 0.15999936 0.15999734 0.15999743
 0.15999893 0.15999859 0.15999742 0.15999899]"
2953,2953,"[0.1599993  0.15999916 0.15999799 0.15999939 0.15999735 0.15999742
 0.15999888 0.15999863 0.15999741 0.15999892]"
2954,2954,"[0.15999932 0.15999914 0.15999795 0.15999941 0.15999737 0.15999741
 0.15999883 0.15999867 0.15999741 0.15999885]"
2955,2955,"[0.15999954 0.1600418  0.15999792 0.15999944 0.15999738 0.15999737
 0.15999878 0.15999844 0.1599974  0.15999877]"
2956,2956,"[0.15999967 0.15999772 0.15999789 0.15999947 0.1599974  0.15999735
 0.15999949 0.15999793 0.15999739 0.15999964]"
2957,2957,"[0.15999967 0.15999773 0.15999786 0.1599995  0.15999742 0.15999734
 0.15999971 0.15999798 0.15999739 0.15999979]"
2958,2958,"[0.15999967 0.15999774 0.15999783 0.15999952 0.15999745 0.15999734
 0.1599997  0.15999802 0.15999738 0.15999977]"
2959,2959,"[0.15999967 0.15999774 0.1599978  0.15999955 0.15999748 0.15999734
 0.15999968 0.15999807 0.15999737 0.15999975]"
2960,2960,"[0.15999966 0.15999776 0.15999777 0.15999957 0.15999751 0.15999733
 0.15999967 0.15999812 0.15999737 0.15999973]"
2961,2961,"[0.15999966 0.15999777 0.15999774 0.1599996  0.15999754 0.15999733
 0.15999966 0.15999818 0.15999736 0.15999971]"
2962,2962,"[0.15999966 0.15999778 0.15999771 0.15999963 0.15999758 0.15999733
 0.15999965 0.15999823 0.15999736 0.15999969]"
2963,2963,"[0.15999966 0.1599978  0.15999768 0.15999965 0.15999762 0.15999733
 0.15999964 0.15999828 0.15999736 0.15999967]"
2964,2964,"[0.15999966 0.15999782 0.1599992  0.15999968 0.15999766 0.15999733
 0.15999963 0.15999834 0.15999735 0.16000496]"
2965,2965,"[0.15999966 0.15999784 0.15999832 0.1599997  0.15999771 0.15999734
 0.15999961 0.15999839 0.15999735 0.16      ]"
2966,2966,"[0.15999966 0.15999786 0.15999828 0.15999972 0.15999776 0.15999734
 0.1599996  0.15999844 0.15999735 0.16      ]"
2967,2967,"[0.15999966 0.15999788 0.15999825 0.15999975 0.1599978  0.15999734
 0.15999959 0.1599985  0.15999734 0.16      ]"
2968,2968,"[0.15999967 0.15999791 0.15999821 0.15999977 0.15999785 0.15999734
 0.15999958 0.15999855 0.15999734 0.16      ]"
2969,2969,"[0.15999967 0.15999794 0.15999818 0.15999979 0.15999791 0.15999735
 0.15999957 0.15999861 0.15999734 0.16      ]"
2970,2970,"[0.15999967 0.15999796 0.15999814 0.15999981 0.15999796 0.15999735
 0.15999955 0.15999866 0.15999734 0.16      ]"
2971,2971,"[0.15999968 0.159998   0.15999811 0.15999983 0.15999801 0.15999736
 0.15999954 0.15999871 0.15999734 0.15999999]"
2972,2972,"[0.15999968 0.15999803 0.15999808 0.15999946 0.15999807 0.15999736
 0.15999857 0.15999876 0.15999734 0.15999999]"
2973,2973,"[0.15999969 0.15999806 0.15999804 0.15999949 0.15999812 0.15999737
 0.15999853 0.15999881 0.15999734 0.15999999]"
2974,2974,"[0.15999969 0.1599981  0.15999801 0.15999953 0.15999818 0.15999737
 0.1599985  0.15999886 0.15999733 0.15999998]"
2975,2975,"[0.1599997  0.15999814 0.15999798 0.15999956 0.15999823 0.15999738
 0.15999847 0.15999891 0.15999733 0.15999998]"
2976,2976,"[0.1599997  0.15999878 0.15999794 0.1599996  0.15999829 0.15999774
 0.15999844 0.15999895 0.15999733 0.15999997]"
2977,2977,"[0.15999971 0.15999857 0.15999791 0.15999963 0.15999834 0.15999762
 0.15999841 0.159999   0.15999733 0.15999996]"
2978,2978,"[0.15999972 0.1599986  0.15999788 0.15999966 0.1599984  0.15999759
 0.15999837 0.15999904 0.15999733 0.15999995]"
2979,2979,"[0.15999973 0.15999864 0.15999785 0.15999969 0.15999845 0.15999757
 0.15999834 0.15999908 0.15999733 0.15999995]"
2980,2980,"[0.15999973 0.15999868 0.15999782 0.15999972 0.15999851 0.15999754
 0.15999831 0.15999912 0.15999733 0.15999993]"
2981,2981,"[0.15999974 0.15999842 0.15999779 0.15999963 0.15999856 0.15999751
 0.15999828 0.15999916 0.15999733 0.15999992]"
2982,2982,"[0.15999975 0.15999782 0.15999776 0.15999907 0.15999862 0.15999749
 0.15999825 0.1599992  0.15999733 0.15999991]"
2983,2983,"[0.15999976 0.15999788 0.15999774 0.1599991  0.15999879 0.15999747
 0.15999822 0.1599994  0.15999733 0.15999989]"
2984,2984,"[0.15999977 0.15999794 0.15999771 0.15999884 0.15999882 0.15999904
 0.15999819 0.15999888 0.15999733 0.15999988]"
2985,2985,"[0.15999978 0.159998   0.15999768 0.15999799 0.15999888 0.15999942
 0.15999817 0.15999892 0.15999733 0.15999986]"
2986,2986,"[0.15999979 0.15999806 0.15999766 0.15999802 0.15999894 0.15999933
 0.15999814 0.15999896 0.15999733 0.15999984]"
2987,2987,"[0.1599998  0.15999813 0.15999764 0.15999805 0.15999871 0.15999924
 0.15999792 0.15999899 0.15999733 0.15999982]"
2988,2988,"[0.15999981 0.15999819 0.15999761 0.15999807 0.15999807 0.15999915
 0.15999761 0.15999903 0.15999733 0.1599998 ]"
2989,2989,"[0.15999982 0.15999826 0.15999759 0.1599981  0.15999812 0.15999905
 0.15999758 0.15999906 0.15999733 0.15999978]"
2990,2990,"[0.15999983 0.15999833 0.15999757 0.15999812 0.15999816 0.15999895
 0.15999756 0.15999909 0.15999733 0.15999975]"
2991,2991,"[0.15999984 0.15999839 0.15999755 0.15999815 0.1599982  0.15999884
 0.15999754 0.15999912 0.15999733 0.15999973]"
2992,2992,"[0.15999985 0.15999846 0.15999753 0.15999817 0.15999825 0.15999874
 0.15999752 0.15999915 0.15999733 0.15999971]"
2993,2993,"[0.15999987 0.15999853 0.15999751 0.15999819 0.15999829 0.15999863
 0.1599975  0.15999918 0.15999733 0.15999968]"
2994,2994,"[0.15999988 0.1599986  0.15999749 0.15999822 0.15999833 0.15999852
 0.15999748 0.15999921 0.15999733 0.15999965]"
2995,2995,"[0.15999989 0.15999867 0.15999748 0.15999824 0.15999837 0.15999842
 0.15999746 0.15999923 0.15999733 0.15999963]"
2996,2996,"[0.1599999  0.15999873 0.15999746 0.15999826 0.15999841 0.15999832
 0.15999744 0.15999925 0.15999733 0.1599996 ]"
2997,2997,"[0.15999991 0.1599988  0.15999745 0.15999829 0.15999761 0.15999995
 0.15999743 0.15999928 0.15999734 0.15999957]"
2998,2998,"[0.15999964 0.15999887 0.15999744 0.15999831 0.15999734 0.15999997
 0.15999741 0.1599993  0.15999734 0.15999954]"
2999,2999,"[0.1599996  0.15999893 0.15999742 0.15999833 0.15999734 0.15999999
 0.1599974  0.15999932 0.15999734 0.15999952]"
