,iteration,speed
0,0,"[0.15999744 0.15999994 0.15999753 0.15999734 0.15999737 0.15999817
 0.15999998 0.15999917 0.15999929 0.15999735]"
1,1,"[0.15999746 0.15999994 0.15999749 0.15999733 0.15999739 0.15999811
 0.15999998 0.15999919 0.15999925 0.15999734]"
2,2,"[0.15999747 0.15999995 0.15999745 0.15999734 0.15999742 0.15999805
 0.15999998 0.15999922 0.15999921 0.15999734]"
3,3,"[0.15999748 0.15999995 0.15999741 0.15999734 0.15999744 0.15999799
 0.15999998 0.15999924 0.15999916 0.15999733]"
4,4,"[0.15999749 0.15999994 0.15999738 0.15999735 0.15999745 0.15999793
 0.15999998 0.15999926 0.15999912 0.15999734]"
5,5,"[0.15999751 0.15999994 0.15999736 0.15999737 0.15999744 0.15999787
 0.15999998 0.15999928 0.15999908 0.15999734]"
6,6,"[0.15999754 0.15999994 0.15999734 0.1599974  0.15999741 0.15999782
 0.15999998 0.1599993  0.15999904 0.15999735]"
7,7,"[0.15999757 0.15999994 0.15999733 0.15999743 0.15999737 0.15999776
 0.15999998 0.15999932 0.15999899 0.15999736]"
8,8,"[0.15999761 0.15999994 0.15999734 0.15999748 0.15999734 0.1599977
 0.15999998 0.15999934 0.15999895 0.15999738]"
9,9,"[0.15999766 0.15999994 0.15999735 0.15999753 0.15999734 0.15999765
 0.15999998 0.15999935 0.1599989  0.1599974 ]"
10,10,"[0.15999773 0.15999994 0.15999736 0.15999759 0.15999742 0.15999759
 0.15999998 0.15999937 0.15999886 0.15999742]"
11,11,"[0.1599978  0.15999994 0.15999739 0.15999766 0.1599976  0.15999755
 0.15999998 0.15999939 0.15999881 0.15999744]"
12,12,"[0.15999789 0.15999995 0.15999743 0.15999773 0.15999789 0.1599975
 0.15999998 0.1599994  0.15999877 0.15999747]"
13,13,"[0.15999799 0.15999995 0.15999747 0.1599978  0.15999826 0.15999746
 0.15999998 0.15999942 0.15999872 0.1599975 ]"
14,14,"[0.1599981  0.15999995 0.15999751 0.15999788 0.15999864 0.15999742
 0.15999998 0.15999943 0.15999868 0.15999753]"
15,15,"[0.15999822 0.15999995 0.15999755 0.15999797 0.15999898 0.1599974
 0.15999999 0.15999945 0.15999863 0.15999756]"
16,16,"[0.15999834 0.15999995 0.1599976  0.15999804 0.15999925 0.15999737
 0.15999999 0.15999947 0.15999858 0.15999759]"
17,17,"[0.15999846 0.15999995 0.15999764 0.15999812 0.15999946 0.15999736
 0.15999999 0.15999948 0.15999854 0.15999763]"
18,18,"[0.15999858 0.15999995 0.15999767 0.1599982  0.1599996  0.15999734
 0.15999999 0.1599995  0.15999849 0.15999767]"
19,19,"[0.15999869 0.15999995 0.15999771 0.15999827 0.15999971 0.15999734
 0.15999999 0.15999951 0.15999844 0.15999771]"
20,20,"[0.1599988  0.15999995 0.15999773 0.15999834 0.15999978 0.15999733
 0.15999999 0.15999953 0.15999839 0.15999775]"
21,21,"[0.15999891 0.15999995 0.15999775 0.1599984  0.15999983 0.15999733
 0.15999999 0.15999954 0.15999835 0.15999779]"
22,22,"[0.15999901 0.15999996 0.15999777 0.15999846 0.15999986 0.15999733
 0.15999999 0.15999956 0.1599983  0.15999783]"
23,23,"[0.1599991  0.15999996 0.15999778 0.15999852 0.15999989 0.15999734
 0.16       0.15999957 0.15999825 0.15999787]"
24,24,"[0.15999919 0.15999996 0.15999778 0.15999857 0.15999991 0.15999734
 0.16       0.15999959 0.1599982  0.15999791]"
25,25,"[0.15999926 0.15999996 0.15999778 0.15999862 0.15999992 0.15999734
 0.16       0.1599996  0.15999815 0.15999796]"
26,26,"[0.15999933 0.15999996 0.15999778 0.15999866 0.15999993 0.15999734
 0.16       0.15999962 0.15999811 0.159998  ]"
27,27,"[0.1599994  0.15999996 0.15999777 0.15999871 0.15999994 0.15999734
 0.16       0.15999963 0.15999806 0.15999805]"
28,28,"[0.15999946 0.15999997 0.15999775 0.15999875 0.15999995 0.15999734
 0.16       0.15999965 0.15999801 0.15999809]"
29,29,"[0.15999951 0.15999997 0.15999773 0.15999879 0.15999995 0.15999734
 0.16       0.15999966 0.15999796 0.15999813]"
30,30,"[0.15999956 0.15999997 0.15999771 0.15999883 0.15999996 0.15999734
 0.16       0.15999968 0.15999792 0.15999818]"
31,31,"[0.1599996  0.15999997 0.15999768 0.15999887 0.15999996 0.15999734
 0.16       0.15999969 0.15999787 0.15999822]"
32,32,"[0.15999964 0.15999997 0.15999766 0.15999891 0.15999996 0.15999734
 0.16       0.1599997  0.15999783 0.15999826]"
33,33,"[0.15999967 0.15999997 0.15999762 0.15999894 0.15999997 0.15999733
 0.16       0.15999972 0.15999779 0.15999831]"
34,34,"[0.1599997  0.15999997 0.15999759 0.15999898 0.15999997 0.15999733
 0.16       0.15999973 0.15999775 0.15999835]"
35,35,"[0.15999973 0.15999998 0.15999755 0.15999901 0.15999997 0.15999733
 0.16       0.15999974 0.15999771 0.15999839]"
36,36,"[0.15999975 0.15999998 0.15999752 0.15999905 0.15999997 0.15999734
 0.16       0.15999975 0.15999767 0.15999843]"
37,37,"[0.15999978 0.15999998 0.15999748 0.15999908 0.15999998 0.15999734
 0.16       0.15999976 0.15999763 0.15999847]"
38,38,"[0.1599998  0.15999998 0.15999745 0.15999912 0.15999998 0.15999735
 0.16       0.15999978 0.15999759 0.15999851]"
39,39,"[0.15999981 0.15999998 0.15999742 0.15999915 0.15999998 0.15999735
 0.16       0.15999979 0.15999756 0.15999855]"
40,40,"[0.15999983 0.15999998 0.15999739 0.15999918 0.15999998 0.15999737
 0.16       0.1599998  0.15999753 0.15999859]"
41,41,"[0.15999985 0.15999998 0.15999736 0.15999922 0.15999998 0.15999738
 0.16       0.15999981 0.1599975  0.15999863]"
42,42,"[0.15999986 0.15999999 0.15999735 0.15999925 0.15999999 0.1599974
 0.16       0.15999982 0.15999747 0.15999867]"
43,43,"[0.15999987 0.15999999 0.15999734 0.15999928 0.15999999 0.15999742
 0.16       0.15999983 0.15999745 0.1599987 ]"
44,44,"[0.15999988 0.15999999 0.15999733 0.15999931 0.15999999 0.15999744
 0.16       0.15999984 0.15999743 0.15999874]"
45,45,"[0.15999989 0.15999999 0.15999734 0.15999934 0.15999999 0.15999746
 0.16       0.15999984 0.15999741 0.15999877]"
46,46,"[0.1599999  0.15999999 0.15999735 0.15999937 0.15999999 0.15999749
 0.16       0.15999985 0.15999739 0.15999881]"
47,47,"[0.15999991 0.15999999 0.15999738 0.1599994  0.15999999 0.15999752
 0.16       0.15999986 0.15999737 0.15999884]"
48,48,"[0.15999992 0.15999999 0.1599974  0.15999943 0.15999999 0.15999756
 0.16       0.15999987 0.15999736 0.15999888]"
49,49,"[0.15999992 0.15999999 0.15999743 0.15999946 0.15999999 0.1599976
 0.16       0.15999988 0.15999735 0.15999891]"
50,50,"[0.15999993 0.15999999 0.15999747 0.15999949 0.15999999 0.15999764
 0.16       0.15999988 0.15999734 0.15999894]"
51,51,"[0.15999994 0.15999999 0.1599975  0.15999952 0.15999999 0.15999769
 0.16       0.15999989 0.15999734 0.15999897]"
52,52,"[0.15999994 0.15999999 0.15999753 0.15999955 0.15999999 0.15999774
 0.16       0.1599999  0.15999733 0.159999  ]"
53,53,"[0.15999995 0.15999999 0.15999756 0.15999957 0.16       0.1599978
 0.16       0.1599999  0.15999733 0.15999903]"
54,54,"[0.15999995 0.16       0.15999757 0.1599996  0.16       0.15999788
 0.16       0.15999991 0.15999734 0.15999906]"
55,55,"[0.15999995 0.16       0.15999756 0.15999962 0.16       0.15999799
 0.16       0.15999991 0.15999734 0.15999909]"
56,56,"[0.15999996 0.16       0.1599975  0.15999965 0.16       0.15999818
 0.16       0.15999992 0.15999735 0.15999911]"
57,57,"[0.15999996 0.16       0.15999736 0.15999967 0.16       0.15999879
 0.16       0.15999992 0.15999736 0.15999914]"
58,58,"[0.15999996 0.16       0.16000101 0.1599997  0.16       0.16000204
 0.16       0.15999993 0.15999737 0.15999916]"
59,59,"[0.15999997 0.16       0.15999867 0.15999972 0.16       0.15999746
 0.15999999 0.15999993 0.15999738 0.15999919]"
60,60,"[0.15999997 0.16       0.15999843 0.15999974 0.16       0.15999774
 0.15999999 0.15999994 0.1599974  0.15999921]"
61,61,"[0.15999997 0.16       0.15999842 0.15999976 0.16       0.15999795
 0.15999999 0.15999994 0.15999742 0.15999924]"
62,62,"[0.15999997 0.16       0.15999848 0.15999978 0.16       0.15999814
 0.15999999 0.15999994 0.15999744 0.15999926]"
63,63,"[0.15999998 0.16       0.15999856 0.1599998  0.16       0.15999832
 0.15999999 0.15999995 0.15999746 0.15999928]"
64,64,"[0.15999998 0.16       0.15999865 0.15999982 0.16       0.15999849
 0.15999999 0.15999995 0.15999748 0.1599993 ]"
65,65,"[0.15999998 0.16       0.15999874 0.15999983 0.16       0.15999865
 0.15999999 0.15999995 0.15999751 0.15999932]"
66,66,"[0.15999998 0.16       0.15999884 0.15999985 0.16       0.15999882
 0.15999999 0.15999996 0.15999754 0.15999934]"
67,67,"[0.15999998 0.16       0.15999893 0.15999987 0.16       0.15999897
 0.15999999 0.15999996 0.15999757 0.15999936]"
68,68,"[0.15999998 0.16       0.15999903 0.15999988 0.16       0.15999912
 0.15999999 0.15999996 0.1599976  0.15999938]"
69,69,"[0.15999998 0.16       0.15999911 0.1599999  0.16       0.15999926
 0.15999999 0.15999996 0.15999763 0.1599994 ]"
70,70,"[0.15999999 0.16       0.1599992  0.15999991 0.16       0.15999939
 0.15999999 0.15999997 0.15999767 0.15999942]"
71,71,"[0.15999999 0.16       0.15999927 0.15999992 0.16       0.15999951
 0.15999999 0.15999997 0.1599977  0.15999944]"
72,72,"[0.15999999 0.16       0.15999935 0.15999993 0.16       0.15999961
 0.15999999 0.15999997 0.15999774 0.15999946]"
73,73,"[0.15999999 0.16       0.15999941 0.15999995 0.16       0.1599997
 0.15999999 0.15999997 0.15999778 0.15999947]"
74,74,"[0.15999999 0.16       0.15999947 0.15999996 0.16       0.15999978
 0.15999999 0.15999998 0.15999782 0.15999949]"
75,75,"[0.15999999 0.16       0.15999953 0.15999997 0.16       0.15999985
 0.15999999 0.15999998 0.15999785 0.15999951]"
76,76,"[0.15999999 0.16       0.15999958 0.15999997 0.16       0.1599999
 0.15999999 0.15999998 0.15999789 0.15999952]"
77,77,"[0.15999999 0.16       0.15999963 0.15999998 0.16       0.15999994
 0.15999999 0.15999998 0.15999793 0.15999954]"
78,78,"[0.15999999 0.16       0.15999967 0.15999999 0.16       0.15999997
 0.15999999 0.15999998 0.15999797 0.15999955]"
79,79,"[0.15999999 0.16       0.15999971 0.15999999 0.16       0.15999999
 0.15999999 0.15999998 0.15999801 0.15999956]"
80,80,"[0.15999999 0.16       0.15999974 0.16       0.16       0.16
 0.15999999 0.15999999 0.15999805 0.15999958]"
81,81,"[0.15999999 0.16       0.15999978 0.16       0.16       0.16
 0.15999999 0.15999999 0.15999809 0.15999959]"
82,82,"[0.15999999 0.16       0.1599998  0.16       0.16       0.15999999
 0.15999999 0.15999999 0.15999813 0.1599996 ]"
83,83,"[0.15999999 0.16       0.15999983 0.16       0.16       0.15999998
 0.15999999 0.15999999 0.15999817 0.15999962]"
84,84,"[0.15999999 0.16       0.15999985 0.16       0.16       0.15999996
 0.15999999 0.15999999 0.15999821 0.15999963]"
85,85,"[0.15999999 0.16       0.15999987 0.15999999 0.16       0.15999994
 0.15999999 0.15999999 0.15999825 0.15999964]"
86,86,"[0.15999999 0.16       0.15999989 0.15999999 0.16       0.15999992
 0.16       0.15999999 0.15999829 0.15999965]"
87,87,"[0.15999999 0.16       0.1599999  0.15999998 0.16       0.15999989
 0.16       0.15999999 0.15999832 0.15999966]"
88,88,"[0.15999999 0.16       0.15999992 0.15999997 0.16       0.15999987
 0.16       0.15999999 0.15999836 0.15999967]"
89,89,"[0.15999999 0.16       0.15999993 0.15999995 0.16       0.15999984
 0.16       0.15999999 0.1599984  0.15999968]"
90,90,"[0.15999999 0.16       0.15999994 0.15999993 0.16       0.15999981
 0.16       0.15999999 0.15999843 0.15999969]"
91,91,"[0.15999999 0.16       0.15999995 0.15999991 0.16       0.15999978
 0.16       0.16       0.15999846 0.1599997 ]"
92,92,"[0.15999999 0.16       0.15999996 0.15999989 0.16       0.15999975
 0.16       0.16       0.1599985  0.15999971]"
93,93,"[0.15999999 0.16       0.15999997 0.15999986 0.16       0.15999972
 0.16       0.16       0.15999853 0.15999972]"
94,94,"[0.15999999 0.16       0.15999997 0.15999982 0.16       0.1599997
 0.16       0.16       0.15999856 0.15999973]"
95,95,"[0.15999999 0.16       0.15999998 0.15999978 0.16       0.15999967
 0.16       0.16       0.15999859 0.15999974]"
96,96,"[0.15999999 0.16       0.15999998 0.15999974 0.16       0.15999965
 0.16       0.16       0.15999862 0.15999974]"
97,97,"[0.15999999 0.16000001 0.15999999 0.15999969 0.16       0.15999963
 0.16       0.1600001  0.15999864 0.15999975]"
98,98,"[0.15999999 0.16       0.15999999 0.15999964 0.16       0.15999961
 0.16       0.15999998 0.15999867 0.15999976]"
99,99,"[0.15999999 0.16       0.15999999 0.15999958 0.16       0.15999959
 0.16       0.15999999 0.15999869 0.15999977]"
100,100,"[0.15999999 0.16       0.15999999 0.15999951 0.16       0.15999957
 0.16       0.15999998 0.15999872 0.15999971]"
101,101,"[0.15999999 0.16       0.16       0.15999944 0.16       0.15999955
 0.16       0.15999995 0.15999874 0.15999954]"
102,102,"[0.15999999 0.16       0.16       0.15999937 0.16       0.15999954
 0.16       0.15999995 0.15999877 0.15999955]"
103,103,"[0.15999999 0.16       0.16       0.1599993  0.16       0.15999953
 0.16       0.15999995 0.15999879 0.15999957]"
104,104,"[0.15999999 0.16       0.16       0.15999923 0.16       0.15999952
 0.16       0.15999996 0.15999881 0.15999958]"
105,105,"[0.15999999 0.16       0.16       0.15999916 0.16       0.15999951
 0.16       0.15999996 0.15999883 0.15999959]"
106,106,"[0.15999999 0.16       0.16       0.15999909 0.16       0.1599995
 0.16       0.15999996 0.15999885 0.1599996 ]"
107,107,"[0.15999999 0.16       0.16       0.15999902 0.16       0.15999949
 0.16       0.15999997 0.15999887 0.15999961]"
108,108,"[0.15999999 0.16       0.16       0.15999896 0.16       0.15999949
 0.16       0.15999997 0.15999888 0.15999962]"
109,109,"[0.15999999 0.16       0.16       0.1599989  0.16       0.15999948
 0.16       0.15999997 0.1599989  0.15999963]"
110,110,"[0.15999999 0.15999999 0.16       0.15999885 0.16       0.15999948
 0.16       0.15999998 0.15999892 0.15999964]"
111,111,"[0.15999999 0.15999999 0.16       0.1599988  0.16       0.15999948
 0.16       0.15999998 0.15999894 0.15999965]"
112,112,"[0.15999999 0.15999999 0.16       0.15999876 0.16       0.15999947
 0.16       0.15999998 0.15999895 0.15999966]"
113,113,"[0.15999999 0.15999999 0.16       0.15999873 0.16000002 0.15999947
 0.16       0.15999998 0.15999897 0.15999967]"
114,114,"[0.15999999 0.15999998 0.16       0.1599987  0.15999998 0.15999948
 0.16       0.15999999 0.15999898 0.15999968]"
115,115,"[0.15999999 0.15999998 0.16       0.15999868 0.15999998 0.15999948
 0.16       0.15999999 0.159999   0.15999969]"
116,116,"[0.15999999 0.15999998 0.16       0.15999867 0.15999998 0.15999948
 0.16       0.15999999 0.15999902 0.15999969]"
117,117,"[0.15999999 0.15999997 0.16       0.15999866 0.15999999 0.15999948
 0.16       0.15999999 0.15999903 0.1599997 ]"
118,118,"[0.15999999 0.15999996 0.16       0.15999829 0.15999998 0.15999949
 0.16       0.15999999 0.15999905 0.15999962]"
119,119,"[0.15999999 0.15999993 0.15999999 0.15999742 0.1599999  0.15999949
 0.16       0.15999999 0.15999906 0.15999941]"
120,120,"[0.15999999 0.15999992 0.15999999 0.15999744 0.1599999  0.1599995
 0.16       0.15999999 0.15999908 0.15999943]"
121,121,"[0.15999999 0.15999992 0.15999999 0.15999747 0.1599999  0.1599995
 0.16       0.16       0.15999909 0.15999944]"
122,122,"[0.15999999 0.15999992 0.15999999 0.15999751 0.1599999  0.15999951
 0.16       0.16       0.15999911 0.15999945]"
123,123,"[0.15999999 0.15999992 0.15999999 0.15999754 0.15999991 0.15999952
 0.16       0.16       0.15999912 0.15999947]"
124,124,"[0.15999999 0.15999991 0.15999999 0.15999759 0.15999991 0.15999952
 0.16       0.16       0.15999914 0.15999948]"
125,125,"[0.15999999 0.15999991 0.15999999 0.15999751 0.15999991 0.15999953
 0.16       0.16       0.15999916 0.15999933]"
126,126,"[0.15999999 0.15999991 0.15999999 0.15999735 0.15999991 0.15999954
 0.16       0.16       0.15999918 0.15999894]"
127,127,"[0.15999999 0.1599999  0.15999999 0.15999736 0.15999992 0.15999955
 0.16       0.16       0.15999919 0.15999896]"
128,128,"[0.15999999 0.1599999  0.15999999 0.15999738 0.15999992 0.15999956
 0.16       0.16       0.15999921 0.15999898]"
129,129,"[0.15999999 0.1599999  0.15999999 0.15999741 0.15999992 0.15999955
 0.16       0.16       0.15999923 0.159999  ]"
130,130,"[0.15999999 0.15999989 0.15999999 0.15999744 0.15999992 0.15999953
 0.15999999 0.16       0.15999925 0.15999902]"
131,131,"[0.15999999 0.15999989 0.15999999 0.15999747 0.15999993 0.15999954
 0.15999999 0.16       0.15999927 0.15999904]"
132,132,"[0.15999999 0.15999988 0.16000005 0.15999751 0.15999993 0.15999955
 0.15999999 0.16       0.15999929 0.15999906]"
133,133,"[0.15999999 0.15999988 0.15999997 0.15999756 0.15999993 0.15999956
 0.15999998 0.16       0.15999931 0.15999908]"
134,134,"[0.15999999 0.15999988 0.15999997 0.15999761 0.15999993 0.15999957
 0.15999998 0.16000002 0.15999904 0.1599991 ]"
135,135,"[0.16       0.15999987 0.15999997 0.15999766 0.15999993 0.15999958
 0.15999998 0.15999998 0.15999766 0.15999912]"
136,136,"[0.15999989 0.15999987 0.15999998 0.15999772 0.15999994 0.15999959
 0.15999995 0.15999998 0.15999769 0.15999913]"
137,137,"[0.1599999  0.15999986 0.15999998 0.15999778 0.15999994 0.1599996
 0.15999995 0.15999999 0.15999772 0.15999915]"
138,138,"[0.1599999  0.15999986 0.15999998 0.15999784 0.15999994 0.15999962
 0.15999995 0.15999999 0.15999775 0.15999917]"
139,139,"[0.1599999  0.15999985 0.15999998 0.15999791 0.15999994 0.15999963
 0.15999995 0.15999999 0.15999779 0.15999919]"
140,140,"[0.1599999  0.15999985 0.15999998 0.15999797 0.15999994 0.15999964
 0.15999996 0.15999999 0.15999782 0.1599992 ]"
141,141,"[0.1599999  0.15999984 0.15999998 0.15999804 0.15999994 0.15999965
 0.15999996 0.15999999 0.15999786 0.15999922]"
142,142,"[0.1599999  0.15999984 0.15999998 0.15999811 0.15999995 0.15999966
 0.15999996 0.15999999 0.1599979  0.15999923]"
143,143,"[0.15999991 0.15999983 0.15999998 0.15999818 0.15999995 0.15999967
 0.15999996 0.15999999 0.15999794 0.15999925]"
144,144,"[0.15999991 0.15999983 0.15999998 0.15999826 0.15999995 0.15999968
 0.15999996 0.15999999 0.15999798 0.15999927]"
145,145,"[0.15999991 0.15999982 0.15999999 0.15999833 0.15999995 0.1599997
 0.15999996 0.15999999 0.15999802 0.15999928]"
146,146,"[0.15999991 0.15999982 0.15999999 0.1599984  0.15999995 0.15999971
 0.15999997 0.15999999 0.15999806 0.1599993 ]"
147,147,"[0.15999991 0.15999981 0.15999999 0.15999847 0.15999995 0.15999972
 0.15999997 0.15999999 0.15999811 0.15999931]"
148,148,"[0.15999991 0.15999981 0.15999999 0.15999854 0.15999995 0.15999973
 0.15999997 0.15999999 0.15999815 0.15999933]"
149,149,"[0.15999992 0.1599998  0.15999999 0.15999861 0.15999996 0.15999974
 0.15999997 0.15999999 0.1599982  0.15999934]"
150,150,"[0.15999992 0.1599998  0.15999999 0.15999868 0.15999996 0.15999975
 0.15999997 0.15999998 0.15999825 0.15999935]"
151,151,"[0.15999992 0.15999979 0.15999999 0.15999874 0.15999996 0.15999976
 0.15999997 0.15999998 0.15999829 0.15999937]"
152,152,"[0.15999998 0.15999979 0.15999999 0.15999881 0.15999998 0.15999977
 0.15999998 0.15999998 0.159998   0.15999938]"
153,153,"[0.15999999 0.15999978 0.15999999 0.15999887 0.15999948 0.15999978
 0.15999998 0.15999988 0.15999734 0.15999939]"
154,154,"[0.15999999 0.15999978 0.15999999 0.15999893 0.15999949 0.15999979
 0.15999998 0.15999987 0.15999734 0.15999941]"
155,155,"[0.15999999 0.15999977 0.15999999 0.15999899 0.1599995  0.1599998
 0.15999998 0.15999986 0.15999735 0.15999942]"
156,156,"[0.15999999 0.15999977 0.15999999 0.15999905 0.15999951 0.15999981
 0.15999998 0.15999986 0.15999736 0.15999943]"
157,157,"[0.15999999 0.15999977 0.15999999 0.1599991  0.15999952 0.15999982
 0.15999998 0.15999985 0.15999737 0.15999945]"
158,158,"[0.15999999 0.15999976 0.15999999 0.15999915 0.15999953 0.15999983
 0.15999998 0.15999984 0.15999739 0.15999946]"
159,159,"[0.15999999 0.15999976 0.15999999 0.1599992  0.15999954 0.15999984
 0.15999999 0.15999983 0.1599974  0.15999947]"
160,160,"[0.15999999 0.15999975 0.15999999 0.15999925 0.15999954 0.15999985
 0.15999999 0.15999983 0.15999742 0.15999948]"
161,161,"[0.15999999 0.15999975 0.15999999 0.15999929 0.15999955 0.15999986
 0.15999999 0.15999982 0.15999743 0.1599995 ]"
162,162,"[0.15999999 0.15999975 0.15999999 0.15999934 0.15999956 0.15999987
 0.15999999 0.15999981 0.15999745 0.15999951]"
163,163,"[0.15999999 0.15999974 0.15999999 0.15999938 0.15999957 0.15999987
 0.15999999 0.1599998  0.15999747 0.15999952]"
164,164,"[0.15999999 0.15999974 0.15999999 0.15999942 0.15999958 0.15999988
 0.15999999 0.15999979 0.15999749 0.15999953]"
165,165,"[0.15999999 0.15999974 0.15999999 0.15999945 0.15999959 0.15999989
 0.15999999 0.15999978 0.15999752 0.15999954]"
166,166,"[0.15999999 0.159999   0.15999986 0.15999949 0.1599996  0.1599999
 0.15999999 0.15999976 0.15999754 0.15999955]"
167,167,"[0.15999999 0.15999899 0.15999986 0.15999952 0.15999961 0.1599999
 0.15999999 0.15999975 0.15999756 0.15999956]"
168,168,"[0.15999999 0.15999899 0.15999986 0.15999955 0.15999961 0.15999991
 0.15999999 0.15999974 0.15999759 0.15999957]"
169,169,"[0.15999999 0.15999899 0.15999987 0.15999958 0.15999962 0.15999991
 0.16       0.15999973 0.15999761 0.15999958]"
170,170,"[0.15999999 0.15999898 0.15999987 0.15999961 0.15999963 0.15999992
 0.16       0.15999972 0.15999764 0.15999959]"
171,171,"[0.15999999 0.15999898 0.15999987 0.15999963 0.15999964 0.15999993
 0.16       0.1599997  0.15999766 0.1599996 ]"
172,172,"[0.16000278 0.15999898 0.15999987 0.15999966 0.16000657 0.15999993
 0.16       0.15999969 0.15999769 0.15999961]"
173,173,"[0.15999986 0.15999897 0.15999988 0.15999968 0.15999811 0.15999994
 0.16       0.15999968 0.15999772 0.15999962]"
174,174,"[0.15999987 0.15999897 0.15999988 0.1599997  0.15999814 0.15999991
 0.16       0.15999967 0.15999774 0.15999963]"
175,175,"[0.15999987 0.15999897 0.15999988 0.15999973 0.15999816 0.15999992
 0.16       0.15999966 0.15999777 0.15999964]"
176,176,"[0.15999988 0.15999897 0.15999988 0.16000115 0.15999819 0.16000035
 0.16       0.15999964 0.1599978  0.15999965]"
177,177,"[0.15999988 0.15999897 0.15999988 0.15999926 0.15999804 0.15999979
 0.16000033 0.15999963 0.15999782 0.15999966]"
178,178,"[0.15999988 0.15999897 0.15999989 0.1599993  0.15999779 0.15999981
 0.15999922 0.15999962 0.15999785 0.15999967]"
179,179,"[0.15999989 0.15999896 0.15999989 0.15999934 0.15999782 0.15999983
 0.15999926 0.15999961 0.15999788 0.15999968]"
180,180,"[0.15999989 0.15999896 0.15999989 0.15999938 0.15999784 0.15999985
 0.1599993  0.1599996  0.15999791 0.1599997 ]"
181,181,"[0.15999989 0.15999896 0.15999989 0.15999941 0.15999787 0.15999987
 0.15999933 0.15999959 0.15999793 0.15999971]"
182,182,"[0.1599999  0.15999896 0.1599999  0.15999945 0.1599979  0.15999989
 0.15999935 0.15999958 0.15999796 0.15999972]"
183,183,"[0.1599999  0.15999897 0.16000001 0.15999948 0.15999794 0.15999968
 0.15999937 0.15999985 0.15999799 0.15999972]"
184,184,"[0.1599999  0.15999897 0.16       0.15999951 0.15999797 0.15999981
 0.15999939 0.15999983 0.15999801 0.15999973]"
185,185,"[0.15999991 0.15999897 0.16       0.15999954 0.159998   0.15999991
 0.1599994  0.15999982 0.15999804 0.15999974]"
186,186,"[0.1600002  0.15999897 0.16001426 0.16000807 0.15999804 0.15999996
 0.15999941 0.15999981 0.15999806 0.15999974]"
187,187,"[0.15999993 0.15999897 0.15999899 0.15999764 0.15999807 0.15999999
 0.15999942 0.1599998  0.15999809 0.15999974]"
188,188,"[0.15999996 0.15999897 0.15999901 0.15999768 0.15999811 0.16
 0.15999942 0.15999979 0.15999811 0.15999975]"
189,189,"[0.1599992  0.15999898 0.15999903 0.15999748 0.15999815 0.15999999
 0.15999942 0.15999977 0.15999813 0.15999977]"
190,190,"[0.15999922 0.15999898 0.15999906 0.15999748 0.15999819 0.15999997
 0.15999943 0.15999976 0.15999816 0.15999979]"
191,191,"[0.15999924 0.15999898 0.15999908 0.15999749 0.15999823 0.15999995
 0.15999942 0.15999975 0.15999818 0.1599998 ]"
192,192,"[0.15999925 0.15999899 0.16001203 0.15999749 0.15999828 0.15999992
 0.15999942 0.15999974 0.1599982  0.16005806]"
193,193,"[0.15999927 0.15999899 0.1599996  0.1599975  0.15999832 0.15999988
 0.15999942 0.15999972 0.15999822 0.15999882]"
194,194,"[0.15999929 0.159999   0.15999961 0.15999751 0.15999836 0.15999984
 0.15999941 0.15999971 0.15999825 0.15999885]"
195,195,"[0.1599993  0.159999   0.15999963 0.15999752 0.15999841 0.1599998
 0.1599994  0.1599997  0.15999827 0.15999888]"
196,196,"[0.15999932 0.15999901 0.15999758 0.15999753 0.15999846 0.15999976
 0.1599994  0.15999986 0.15999829 0.15999891]"
197,197,"[0.15999933 0.15999901 0.15999758 0.15999754 0.1599985  0.15999972
 0.15999939 0.15999988 0.15999831 0.15999894]"
198,198,"[0.15999935 0.15999902 0.15999757 0.15999755 0.15999855 0.15999968
 0.15999938 0.1599999  0.15999833 0.15999897]"
199,199,"[0.16005519 0.15999903 0.15999757 0.15999756 0.1599986  0.15999964
 0.15999937 0.16021953 0.15999835 0.159999  ]"
200,200,"[0.15999788 0.15999903 0.15999756 0.15999757 0.15999865 0.1599996
 0.15999936 0.15999748 0.15999837 0.15999903]"
201,201,"[0.1599979  0.15999904 0.15999756 0.15999758 0.1599987  0.15999956
 0.15999935 0.15999748 0.15999839 0.15999905]"
202,202,"[0.15999792 0.15999905 0.15999755 0.15999759 0.15999876 0.15999952
 0.15999935 0.15999748 0.1599984  0.15999908]"
203,203,"[0.15999794 0.15999906 0.15999755 0.15999761 0.15999881 0.15999947
 0.15999934 0.15999748 0.15999842 0.15999911]"
204,204,"[0.15999796 0.15999919 0.15999755 0.15999762 0.15999887 0.15999943
 0.15999944 0.15999747 0.15999844 0.15999913]"
205,205,"[0.15999797 0.15999931 0.15999754 0.15999763 0.15999892 0.15999939
 0.15999953 0.15999747 0.15999846 0.15999916]"
206,206,"[0.15999799 0.15999931 0.15999754 0.15999765 0.15999898 0.15999935
 0.15999952 0.15999746 0.15999847 0.15999918]"
207,207,"[0.15999801 0.15999931 0.15999754 0.15999766 0.15999903 0.1599993
 0.15999952 0.15999745 0.15999849 0.15999921]"
208,208,"[0.15999803 0.15999932 0.15999754 0.15999767 0.15999909 0.15999926
 0.15999951 0.15999744 0.1599985  0.15999923]"
209,209,"[0.15999804 0.15999932 0.15999754 0.15999769 0.15999915 0.15999922
 0.1599995  0.15999743 0.15999852 0.15999925]"
210,210,"[0.15999806 0.15999933 0.15999754 0.1599977  0.15999921 0.15999917
 0.1599995  0.15999741 0.15999853 0.15999927]"
211,211,"[0.15999808 0.15999933 0.15999754 0.15999771 0.15999927 0.15999913
 0.15999949 0.1599974  0.15999855 0.15999929]"
212,212,"[0.1599981  0.15999933 0.15999754 0.15999772 0.15999934 0.15999909
 0.15999949 0.15999739 0.15999856 0.15999931]"
213,213,"[0.15999811 0.15999934 0.15999755 0.15999773 0.1599994  0.15999904
 0.15999949 0.15999738 0.15999857 0.15999933]"
214,214,"[0.15999813 0.15999934 0.15999755 0.15999773 0.15999946 0.159999
 0.15999948 0.15999736 0.15999859 0.15999935]"
215,215,"[0.15999814 0.15999935 0.15999756 0.15999774 0.15999953 0.15999895
 0.15999948 0.15999735 0.1599986  0.15999937]"
216,216,"[0.15999816 0.15999936 0.15999756 0.15999775 0.15999959 0.15999891
 0.15999948 0.15999735 0.15999861 0.15999939]"
217,217,"[0.15999817 0.15999936 0.15999757 0.15999775 0.15999966 0.15999886
 0.15999948 0.15999734 0.15999863 0.15999941]"
218,218,"[0.15999819 0.15999937 0.15999759 0.15999775 0.15999972 0.15999881
 0.15999948 0.15999733 0.15999864 0.15999943]"
219,219,"[0.1599982  0.15999938 0.1599976  0.15999776 0.15999978 0.15999877
 0.15999948 0.15999733 0.15999865 0.15999944]"
220,220,"[0.15999822 0.15999938 0.15999762 0.15999776 0.15999984 0.15999872
 0.15999948 0.15999734 0.15999866 0.15999946]"
221,221,"[0.15999823 0.15999939 0.15999764 0.15999775 0.1599999  0.15999867
 0.15999948 0.15999734 0.15999867 0.15999948]"
222,222,"[0.15999825 0.1599994  0.15999767 0.15999775 0.15999994 0.15999863
 0.15999948 0.15999735 0.15999869 0.15999949]"
223,223,"[0.15999826 0.15999941 0.15999769 0.15999775 0.15999998 0.15999858
 0.15999949 0.15999736 0.1599987  0.15999951]"
224,224,"[0.15999827 0.15999942 0.15999773 0.15999774 0.16000395 0.15999853
 0.15999949 0.15999737 0.15999871 0.16000936]"
225,225,"[0.15999829 0.15999942 0.15999777 0.15999774 0.15999974 0.15999848
 0.1599995  0.15999738 0.15999872 0.15999734]"
226,226,"[0.1599983  0.15999943 0.15999781 0.15999773 0.1599997  0.15999843
 0.1599995  0.15999739 0.15999873 0.15999734]"
227,227,"[0.15999831 0.15999944 0.15999787 0.15999772 0.15999964 0.15999821
 0.15999951 0.15999741 0.15999895 0.15999734]"
228,228,"[0.15999832 0.15999945 0.15999793 0.15999771 0.15999959 0.159999
 0.15999952 0.15999742 0.1599974  0.15999734]"
229,229,"[0.15999834 0.15999946 0.15999799 0.1599977  0.15999952 0.15999897
 0.15999953 0.15999743 0.15999739 0.15999734]"
230,230,"[0.15999835 0.15999947 0.15999807 0.15999769 0.15999946 0.15999893
 0.15999954 0.15999745 0.15999739 0.15999734]"
231,231,"[0.15999836 0.16000093 0.15999815 0.15999768 0.15999938 0.15999889
 0.15999956 0.15999746 0.15999738 0.15999734]"
232,232,"[0.15999836 0.15999947 0.15999954 0.15999767 0.15999931 0.15999885
 0.15999957 0.15999746 0.15999737 0.15999734]"
233,233,"[0.15999831 0.15999944 0.15999978 0.15999831 0.16000066 0.15999881
 0.15999959 0.15999747 0.15999737 0.16000599]"
234,234,"[0.1599983  0.15999941 0.1599998  0.15999872 0.15999961 0.15999876
 0.15999961 0.15999747 0.15999736 0.15999786]"
235,235,"[0.15999828 0.15999939 0.15999981 0.15999869 0.15999957 0.15999872
 0.15999962 0.15999748 0.15999736 0.15999785]"
236,236,"[0.15999826 0.15999936 0.15999983 0.15999866 0.15999953 0.15999924
 0.15999964 0.15999892 0.15999735 0.15999784]"
237,237,"[0.15999825 0.15999933 0.15999984 0.15999862 0.15999948 0.15999949
 0.15999966 0.15999938 0.15999735 0.15999782]"
238,238,"[0.15999823 0.1599993  0.15999985 0.15999859 0.15999944 0.15999946
 0.15999968 0.15999934 0.15999734 0.15999781]"
239,239,"[0.15999821 0.15999927 0.15999987 0.15999856 0.15999939 0.15999943
 0.1599997  0.15999931 0.15999734 0.1599978 ]"
240,240,"[0.1599982  0.15999924 0.15999988 0.15999852 0.15999933 0.1599994
 0.15999972 0.15999927 0.15999734 0.15999779]"
241,241,"[0.15999818 0.15999921 0.15999989 0.15999849 0.15999928 0.15999936
 0.15999974 0.15999923 0.15999733 0.15999777]"
242,242,"[0.15999816 0.15999918 0.1599999  0.15999845 0.15999922 0.15999932
 0.15999976 0.15999919 0.15999733 0.15999776]"
243,243,"[0.15999815 0.15999915 0.15999991 0.15999842 0.15999916 0.15999928
 0.15999978 0.15999915 0.15999733 0.15999775]"
244,244,"[0.15999813 0.15999911 0.15999992 0.15999838 0.15999909 0.15999924
 0.1599998  0.15999911 0.15999733 0.15999773]"
245,245,"[0.15999811 0.15999908 0.15999993 0.15999835 0.15999903 0.1599992
 0.15999983 0.15999906 0.15999734 0.15999772]"
246,246,"[0.1599981  0.15999905 0.15999994 0.15999831 0.15999896 0.15999916
 0.15999985 0.15999901 0.15999734 0.1599977 ]"
247,247,"[0.15999808 0.15999901 0.15999994 0.15999827 0.15999888 0.15999911
 0.15999987 0.15999897 0.15999734 0.15999768]"
248,248,"[0.15999806 0.15999898 0.15999995 0.15999824 0.15999881 0.15999906
 0.15999988 0.15999891 0.15999735 0.15999767]"
249,249,"[0.15999805 0.15999894 0.15999995 0.1599982  0.15999873 0.15999901
 0.1599999  0.15999886 0.15999735 0.15999765]"
250,250,"[0.15999803 0.1599989  0.15999996 0.15999816 0.15999865 0.15999896
 0.15999992 0.15999881 0.15999736 0.15999763]"
251,251,"[0.15999801 0.15999887 0.15999996 0.15999813 0.15999857 0.15999891
 0.15999994 0.15999875 0.15999737 0.15999762]"
252,252,"[0.15999799 0.15999887 0.15999997 0.15999809 0.15999848 0.15999885
 0.15999995 0.15999869 0.15999738 0.15999879]"
253,253,"[0.15999797 0.15999887 0.15999997 0.15999805 0.1599984  0.1599988
 0.15999996 0.15999863 0.15999739 0.15999927]"
254,254,"[0.15999795 0.15999883 0.15999998 0.15999802 0.15999831 0.15999874
 0.15999997 0.15999857 0.1599974  0.15999925]"
255,255,"[0.15999794 0.15999879 0.15999998 0.15999798 0.15999822 0.15999868
 0.15999998 0.15999851 0.15999742 0.15999923]"
256,256,"[0.15999792 0.15999875 0.15999998 0.15999794 0.15999814 0.15999862
 0.15999999 0.15999845 0.15999743 0.1599992 ]"
257,257,"[0.1599979  0.15999871 0.15999998 0.15999791 0.15999805 0.15999856
 0.16       0.15999838 0.15999745 0.15999918]"
258,258,"[0.15999788 0.15999866 0.15999998 0.15999787 0.1599982  0.15999849
 0.16       0.15999804 0.15999746 0.15999916]"
259,259,"[0.15999786 0.15999862 0.15999999 0.15999784 0.15999837 0.15999843
 0.16       0.1599975  0.15999748 0.15999913]"
260,260,"[0.15999784 0.15999857 0.15999999 0.1599978  0.1599983  0.15999836
 0.16       0.15999747 0.1599975  0.1599991 ]"
261,261,"[0.15999781 0.15999853 0.15999999 0.15999777 0.15999822 0.1599983
 0.15999999 0.15999744 0.15999752 0.15999908]"
262,262,"[0.15999779 0.15999848 0.15999999 0.15999774 0.15999815 0.15999823
 0.15999998 0.15999742 0.15999754 0.15999905]"
263,263,"[0.15999777 0.15999844 0.15999999 0.15999771 0.15999808 0.15999816
 0.15999997 0.1599974  0.15999756 0.15999902]"
264,264,"[0.15999775 0.15999839 0.15999999 0.15999768 0.15999801 0.1599981
 0.15999996 0.15999738 0.15999759 0.15999898]"
265,265,"[0.15999773 0.15999835 0.15999999 0.15999765 0.15999793 0.15999803
 0.15999994 0.15999737 0.15999761 0.15999895]"
266,266,"[0.15999771 0.1599983  0.15999999 0.15999762 0.15999786 0.15999796
 0.15999991 0.15999735 0.15999764 0.15999892]"
267,267,"[0.15999768 0.15999826 0.15999999 0.15999759 0.1599978  0.1599979
 0.15999984 0.15999749 0.15999767 0.15999888]"
268,268,"[0.15999766 0.15999821 0.15999999 0.15999756 0.15999773 0.15999784
 0.1599995  0.15999761 0.15999769 0.15999884]"
269,269,"[0.15999764 0.15999816 0.15999999 0.15999754 0.15999767 0.15999778
 0.15999945 0.15999757 0.15999772 0.1599988 ]"
270,270,"[0.15999762 0.15999812 0.15999999 0.15999751 0.15999761 0.15999772
 0.1599994  0.15999753 0.15999775 0.15999877]"
271,271,"[0.1599976  0.15999808 0.15999999 0.15999749 0.15999755 0.15999766
 0.15999935 0.1599975  0.15999778 0.15999872]"
272,272,"[0.15999757 0.15999803 0.15999999 0.15999747 0.1599975  0.15999761
 0.15999929 0.15999746 0.15999782 0.15999868]"
273,273,"[0.15999755 0.15999799 0.15999999 0.15999745 0.15999746 0.15999756
 0.15999923 0.15999743 0.15999785 0.15999864]"
274,274,"[0.15999753 0.15999795 0.15999999 0.15999743 0.15999742 0.15999751
 0.15999917 0.15999741 0.15999788 0.1599986 ]"
275,275,"[0.15999751 0.1599979  0.15999999 0.15999741 0.15999739 0.15999747
 0.1599991  0.15999739 0.15999791 0.15999855]"
276,276,"[0.15999749 0.15999786 0.15999999 0.1599974  0.15999736 0.15999744
 0.15999904 0.15999737 0.15999795 0.15999851]"
277,277,"[0.15999747 0.15999782 0.15999999 0.15999739 0.15999734 0.1599974
 0.15999896 0.15999735 0.15999798 0.15999846]"
278,278,"[0.15999745 0.15999778 0.15999999 0.15999737 0.15999733 0.15999738
 0.15999889 0.15999734 0.15999802 0.15999842]"
279,279,"[0.15999743 0.15999775 0.15999999 0.15999736 0.15999733 0.15999736
 0.15999882 0.15999734 0.15999805 0.15999837]"
280,280,"[0.15999742 0.15999771 0.15999999 0.15999735 0.15999735 0.15999734
 0.15999874 0.15999733 0.15999809 0.15999832]"
281,281,"[0.1599974  0.15999767 0.15999999 0.15999735 0.15999757 0.15999752
 0.15999866 0.15999734 0.15999813 0.15999827]"
282,282,"[0.15999739 0.15999764 0.15999999 0.15999734 0.15999773 0.15999767
 0.15999858 0.15999734 0.15999816 0.15999823]"
283,283,"[0.15999737 0.15999761 0.15999998 0.15999734 0.15999768 0.15999762
 0.15999849 0.15999735 0.1599982  0.15999818]"
284,284,"[0.15999736 0.15999758 0.15999998 0.15999733 0.15999762 0.15999757
 0.15999841 0.15999737 0.15999824 0.15999813]"
285,285,"[0.15999735 0.15999755 0.15999998 0.15999733 0.15999757 0.15999752
 0.15999833 0.15999738 0.15999827 0.15999808]"
286,286,"[0.15999734 0.15999752 0.15999998 0.15999733 0.15999751 0.15999748
 0.15999824 0.15999741 0.15999831 0.15999804]"
287,287,"[0.15999773 0.15999749 0.15999998 0.15999734 0.15999747 0.15999744
 0.15999816 0.15999739 0.15999835 0.15999799]"
288,288,"[0.15999804 0.15999747 0.15999998 0.15999734 0.15999742 0.15999741
 0.15999808 0.15999734 0.15999838 0.15999795]"
289,289,"[0.15999797 0.15999744 0.15999998 0.15999735 0.15999739 0.15999739
 0.159998   0.15999733 0.15999842 0.1599979 ]"
290,290,"[0.1599979  0.15999742 0.15999998 0.15999735 0.15999736 0.15999737
 0.15999792 0.15999733 0.15999846 0.15999786]"
291,291,"[0.15999784 0.1599974  0.15999998 0.15999736 0.15999734 0.15999735
 0.15999785 0.15999734 0.15999849 0.15999782]"
292,292,"[0.15999778 0.15999739 0.15999998 0.15999737 0.15999733 0.15999734
 0.15999778 0.15999735 0.15999853 0.15999778]"
293,293,"[0.15999772 0.15999737 0.15999998 0.15999738 0.15999736 0.15999733
 0.15999771 0.15999736 0.15999856 0.15999774]"
294,294,"[0.15999766 0.15999736 0.15999998 0.15999739 0.15999742 0.15999733
 0.15999765 0.15999738 0.15999859 0.1599977 ]"
295,295,"[0.15999761 0.15999735 0.15999998 0.1599974  0.15999754 0.15999734
 0.15999759 0.1599974  0.15999863 0.15999767]"
296,296,"[0.15999756 0.15999734 0.15999998 0.15999742 0.15999776 0.15999734
 0.15999753 0.15999742 0.15999866 0.15999763]"
297,297,"[0.15999752 0.15999734 0.15999998 0.15999743 0.15999812 0.15999735
 0.15999749 0.15999745 0.15999869 0.1599976 ]"
298,298,"[0.15999748 0.15999733 0.15999998 0.15999745 0.15999866 0.15999737
 0.15999745 0.15999749 0.15999872 0.15999757]"
299,299,"[0.15999744 0.15999733 0.15999998 0.15999746 0.1599993  0.15999738
 0.15999741 0.15999752 0.15999875 0.15999754]"
300,300,"[0.15999741 0.15999734 0.15999998 0.15999748 0.15999808 0.1599974
 0.15999738 0.15999748 0.15999878 0.15999751]"
301,301,"[0.15999738 0.15999735 0.15999998 0.1599975  0.15999809 0.15999742
 0.15999736 0.15999745 0.15999881 0.15999749]"
302,302,"[0.15999736 0.15999736 0.15999998 0.15999752 0.15999812 0.15999743
 0.15999735 0.15999742 0.15999884 0.15999746]"
303,303,"[0.15999735 0.15999738 0.15999998 0.15999754 0.15999816 0.15999745
 0.15999734 0.1599974  0.15999886 0.15999744]"
304,304,"[0.15999734 0.1599974  0.15999998 0.15999756 0.15999821 0.15999747
 0.15999733 0.15999738 0.15999889 0.15999742]"
305,305,"[0.15999733 0.15999743 0.15999998 0.15999758 0.15999826 0.15999749
 0.15999734 0.15999736 0.15999891 0.1599974 ]"
306,306,"[0.15999733 0.15999746 0.16000005 0.1599976  0.15999832 0.15999759
 0.15999735 0.1599983  0.15999893 0.15999739]"
307,307,"[0.15999734 0.15999749 0.15999998 0.15999762 0.15999839 0.15999769
 0.15999736 0.15999884 0.15999896 0.15999738]"
308,308,"[0.15999738 0.15999754 0.15999998 0.15999753 0.15999845 0.1599977
 0.15999738 0.15999884 0.15999898 0.15999736]"
309,309,"[0.15999739 0.15999758 0.15999998 0.15999738 0.15999853 0.15999771
 0.15999741 0.15999883 0.159999   0.15999735]"
310,310,"[0.15999737 0.15999763 0.15999998 0.15999738 0.1599986  0.15999772
 0.15999744 0.15999883 0.15999901 0.15999735]"
311,311,"[0.15999735 0.15999769 0.15999998 0.15999739 0.15999867 0.15999774
 0.15999747 0.15999882 0.15999903 0.15999734]"
312,312,"[0.15999734 0.15999775 0.15999998 0.1599974  0.15999875 0.15999776
 0.15999751 0.15999882 0.15999905 0.15999734]"
313,313,"[0.15999733 0.15999782 0.15999998 0.1599974  0.15999882 0.15999778
 0.15999756 0.15999882 0.15999906 0.15999733]"
314,314,"[0.15999734 0.15999789 0.15999997 0.15999741 0.1599989  0.1599978
 0.1599976  0.15999883 0.15999908 0.15999733]"
315,315,"[0.15999735 0.15999796 0.15999997 0.15999741 0.15999897 0.15999782
 0.15999765 0.15999883 0.15999909 0.15999733]"
316,316,"[0.15999737 0.15999804 0.15999997 0.15999742 0.15999904 0.15999784
 0.1599977  0.15999884 0.15999911 0.15999734]"
317,317,"[0.1599974  0.15999812 0.15999997 0.15999743 0.1599991  0.15999786
 0.15999776 0.15999885 0.15999912 0.15999734]"
318,318,"[0.15999743 0.15999809 0.15999997 0.15999743 0.15999916 0.15999788
 0.15999821 0.15999886 0.15999913 0.15999735]"
319,319,"[0.15999747 0.15999781 0.15999997 0.15999744 0.15999922 0.1599979
 0.15999816 0.15999887 0.15999914 0.15999735]"
320,320,"[0.15999752 0.15999788 0.15999997 0.15999744 0.15999928 0.15999792
 0.15999823 0.15999888 0.15999915 0.15999736]"
321,321,"[0.15999757 0.15999796 0.15999996 0.15999745 0.15999933 0.15999794
 0.1599983  0.15999889 0.15999916 0.15999737]"
322,322,"[0.15999763 0.15999804 0.15999996 0.15999746 0.15999938 0.15999796
 0.15999838 0.15999891 0.15999916 0.15999739]"
323,323,"[0.15999769 0.15999812 0.15999996 0.15999746 0.15999943 0.15999798
 0.15999845 0.15999893 0.15999917 0.1599974 ]"
324,324,"[0.15999776 0.15999821 0.15999996 0.15999747 0.15999947 0.15999799
 0.15999852 0.15999895 0.15999918 0.15999741]"
325,325,"[0.15999783 0.15999829 0.15999996 0.15999747 0.1599995  0.15999801
 0.15999858 0.15999897 0.15999918 0.15999743]"
326,326,"[0.1599979  0.15999838 0.15999995 0.15999748 0.15999954 0.15999802
 0.15999865 0.15999899 0.15999919 0.15999745]"
327,327,"[0.15999798 0.15999846 0.15999995 0.15999748 0.15999957 0.15999803
 0.15999872 0.15999901 0.15999919 0.15999746]"
328,328,"[0.15999805 0.15999854 0.15999995 0.15999749 0.1599996  0.15999804
 0.15999878 0.15999903 0.15999919 0.15999748]"
329,329,"[0.15999813 0.15999863 0.15999995 0.15999749 0.15999962 0.15999805
 0.15999884 0.15999906 0.1599992  0.15999751]"
330,330,"[0.15999821 0.15999871 0.15999995 0.1599975  0.15999965 0.15999805
 0.1599989  0.15999908 0.1599992  0.15999753]"
331,331,"[0.15999829 0.15999879 0.15999994 0.15999751 0.15999967 0.15999805
 0.15999896 0.15999911 0.1599992  0.15999755]"
332,332,"[0.15999838 0.15999887 0.15999994 0.15999751 0.15999969 0.15999805
 0.15999901 0.15999913 0.15999921 0.15999758]"
333,333,"[0.15999846 0.15999894 0.15999994 0.15999752 0.1599997  0.15999805
 0.15999907 0.15999916 0.15999921 0.1599976 ]"
334,334,"[0.15999854 0.15999902 0.15999994 0.15999753 0.15999972 0.15999805
 0.15999912 0.15999918 0.15999921 0.15999763]"
335,335,"[0.15999862 0.15999909 0.15999994 0.15999753 0.15999973 0.15999805
 0.15999917 0.15999921 0.15999921 0.15999766]"
336,336,"[0.15999869 0.15999916 0.15999994 0.15999754 0.15999974 0.15999804
 0.15999922 0.15999923 0.15999921 0.15999768]"
337,337,"[0.15999877 0.15999923 0.15999994 0.15999755 0.15999975 0.15999803
 0.15999926 0.15999925 0.15999922 0.15999771]"
338,338,"[0.15999884 0.15999914 0.15999994 0.15999755 0.15999976 0.15999802
 0.1599993  0.15999928 0.1599989  0.15999774]"
339,339,"[0.15999891 0.15999892 0.15999994 0.15999756 0.15999923 0.15999801
 0.15999874 0.1599993  0.1599977  0.15999778]"
340,340,"[0.15999898 0.15999899 0.15999994 0.15999757 0.15999925 0.159998
 0.15999878 0.15999932 0.15999772 0.15999781]"
341,341,"[0.15999905 0.15999906 0.1599998  0.1599974  0.15999928 0.15999799
 0.15999882 0.15999934 0.15999773 0.15999784]"
342,342,"[0.15999911 0.15999913 0.15999979 0.15999739 0.1599993  0.15999797
 0.15999887 0.15999936 0.15999774 0.15999788]"
343,343,"[0.15999917 0.1599992  0.15999979 0.15999738 0.15999931 0.15999796
 0.1599989  0.15999938 0.15999776 0.15999791]"
344,344,"[0.15999923 0.15999926 0.15999979 0.15999737 0.15999933 0.15999794
 0.15999894 0.1599994  0.15999777 0.15999795]"
345,345,"[0.15999929 0.15999933 0.15999979 0.15999737 0.15999935 0.15999792
 0.15999898 0.15999942 0.15999779 0.15999798]"
346,346,"[0.15999934 0.15999938 0.1599998  0.15999736 0.15999936 0.1599979
 0.15999902 0.15999943 0.15999781 0.15999802]"
347,347,"[0.15999939 0.15999944 0.1599998  0.15999735 0.15999937 0.15999788
 0.15999905 0.15999945 0.15999782 0.15999806]"
348,348,"[0.15999944 0.15999949 0.1599998  0.15999735 0.15999938 0.15999786
 0.15999909 0.15999946 0.15999784 0.1599981 ]"
349,349,"[0.15999949 0.15999954 0.15999981 0.15999735 0.15999939 0.15999784
 0.15999912 0.15999948 0.15999786 0.15999813]"
350,350,"[0.15999953 0.15999959 0.15999981 0.15999734 0.1599994  0.15999782
 0.15999915 0.15999949 0.15999788 0.15999817]"
351,351,"[0.15999957 0.15999963 0.15999982 0.15999734 0.15999941 0.1599978
 0.15999918 0.1599995  0.1599979  0.15999821]"
352,352,"[0.1599996  0.15999967 0.15999983 0.15999734 0.15999941 0.15999777
 0.15999921 0.15999951 0.15999792 0.15999825]"
353,353,"[0.15999964 0.1599997  0.15999984 0.15999733 0.15999942 0.15999775
 0.15999924 0.15999952 0.15999795 0.15999829]"
354,354,"[0.15999967 0.15999974 0.15999984 0.15999733 0.15999942 0.15999772
 0.15999927 0.15999953 0.15999797 0.15999833]"
355,355,"[0.1599997  0.15999977 0.15999985 0.15999733 0.15999942 0.1599977
 0.15999902 0.15999953 0.15999792 0.15999838]"
356,356,"[0.15999973 0.1599998  0.15999986 0.15999733 0.15999943 0.15999767
 0.1599981  0.15999954 0.1599978  0.15999842]"
357,357,"[0.15999976 0.15999982 0.15999987 0.15999734 0.15999943 0.15999765
 0.15999808 0.15999999 0.15999778 0.15999846]"
358,358,"[0.15999978 0.15999985 0.15999989 0.15999734 0.15999943 0.15999762
 0.1599976  0.15999971 0.15999777 0.1599985 ]"
359,359,"[0.1599998  0.15999987 0.1599999  0.1599976  0.15999943 0.15999826
 0.15999762 0.1599997  0.16000011 0.15999882]"
360,360,"[0.15999982 0.15999989 0.15999991 0.15999754 0.15999943 0.15999927
 0.15999764 0.15999974 0.15999994 0.15999786]"
361,361,"[0.15999984 0.1599999  0.15999992 0.15999752 0.15999943 0.15999952
 0.15999767 0.15999978 0.15999994 0.1599979 ]"
362,362,"[0.15999986 0.15999992 0.15999993 0.15999751 0.15999943 0.1599995
 0.1599977  0.15999977 0.15999994 0.15999795]"
363,363,"[0.15999988 0.15999993 0.15999994 0.1599975  0.15999943 0.15999947
 0.15999772 0.15999976 0.15999994 0.159998  ]"
364,364,"[0.15999989 0.15999994 0.15999995 0.15999748 0.15999943 0.15999944
 0.15999775 0.15999975 0.15999994 0.15999805]"
365,365,"[0.1599999  0.15999995 0.15999996 0.15999747 0.15999943 0.15999941
 0.15999778 0.15999974 0.15999994 0.1599981 ]"
366,366,"[0.15999992 0.15999996 0.15999997 0.15999746 0.15999943 0.15999938
 0.1599978  0.15999973 0.15999994 0.15999815]"
367,367,"[0.15999993 0.15999997 0.15999998 0.15999745 0.15999942 0.15999935
 0.15999783 0.15999972 0.15999994 0.1599982 ]"
368,368,"[0.15999994 0.15999998 0.15999999 0.15999744 0.15999942 0.15999932
 0.15999786 0.15999971 0.15999995 0.15999825]"
369,369,"[0.15999995 0.15999998 0.15999999 0.15999743 0.15999942 0.15999929
 0.15999789 0.1599997  0.15999995 0.15999831]"
370,370,"[0.15999995 0.15999999 0.16       0.15999743 0.15999942 0.15999925
 0.15999791 0.15999969 0.15999995 0.15999836]"
371,371,"[0.15999996 0.15999999 0.16       0.15999742 0.15999941 0.15999922
 0.15999794 0.15999968 0.15999995 0.15999841]"
372,372,"[0.15999997 0.16       0.16       0.15999741 0.15999941 0.15999918
 0.15999797 0.15999966 0.15999996 0.15999846]"
373,373,"[0.15999997 0.16       0.16       0.15999741 0.15999941 0.15999914
 0.159998   0.15999965 0.15999996 0.15999852]"
374,374,"[0.15999998 0.16       0.16       0.1599974  0.1599994  0.1599991
 0.15999803 0.15999963 0.15999996 0.15999857]"
375,375,"[0.15999998 0.16       0.15999999 0.1599974  0.1599994  0.15999906
 0.15999806 0.15999962 0.15999997 0.15999862]"
376,376,"[0.15999998 0.16       0.15999998 0.1599974  0.1599994  0.15999902
 0.15999809 0.1599996  0.15999997 0.15999867]"
377,377,"[0.15999999 0.16       0.15999997 0.15999739 0.15999939 0.15999897
 0.15999811 0.15999959 0.15999997 0.15999872]"
378,378,"[0.15999999 0.16       0.15999995 0.15999739 0.15999939 0.15999893
 0.15999814 0.15999957 0.15999983 0.15999877]"
379,379,"[0.15999999 0.16       0.15999998 0.15999739 0.15999939 0.15999888
 0.15999817 0.15999955 0.15999937 0.15999882]"
380,380,"[0.15999999 0.16       0.15999997 0.15999739 0.15999938 0.15999884
 0.1599982  0.15999953 0.15999933 0.15999887]"
381,381,"[0.16       0.15999999 0.15999996 0.15999752 0.16000222 0.15999909
 0.15999843 0.15999951 0.15999928 0.15999892]"
382,382,"[0.16       0.15999999 0.15999995 0.15999802 0.15999986 0.15999929
 0.15999738 0.15999949 0.15999923 0.15999896]"
383,383,"[0.16       0.15999999 0.15999994 0.15999799 0.15999985 0.15999925
 0.15999737 0.15999947 0.15999918 0.15999901]"
384,384,"[0.16       0.15999999 0.15999993 0.15999797 0.15999984 0.15999922
 0.15999736 0.15999944 0.15999914 0.15999905]"
385,385,"[0.16       0.15999998 0.15999991 0.15999794 0.15999984 0.15999918
 0.15999736 0.15999942 0.15999908 0.1599991 ]"
386,386,"[0.16       0.15999998 0.1599999  0.15999791 0.15999983 0.15999914
 0.15999735 0.15999939 0.15999903 0.15999914]"
387,387,"[0.16       0.15999998 0.15999988 0.15999789 0.15999983 0.1599991
 0.15999735 0.15999937 0.15999898 0.15999918]"
388,388,"[0.16       0.15999998 0.15999986 0.15999786 0.15999982 0.15999906
 0.15999792 0.15999934 0.15999892 0.15999839]"
389,389,"[0.16       0.15999997 0.15999984 0.15999783 0.15999982 0.15999902
 0.15999789 0.15999931 0.15999887 0.15999844]"
390,390,"[0.16       0.15999997 0.15999983 0.15999781 0.15999981 0.15999898
 0.15999826 0.15999956 0.15999881 0.1599985 ]"
391,391,"[0.16       0.15999996 0.15999981 0.15999778 0.15999981 0.15999894
 0.15999857 0.15999969 0.15999875 0.15999855]"
392,392,"[0.16       0.15999996 0.15999979 0.15999776 0.1599998  0.15999889
 0.15999853 0.15999968 0.15999869 0.15999861]"
393,393,"[0.16       0.15999996 0.15999977 0.15999774 0.1599998  0.15999885
 0.1599985  0.15999966 0.15999864 0.15999866]"
394,394,"[0.16       0.15999995 0.15999975 0.15999771 0.1599998  0.1599988
 0.15999847 0.15999965 0.15999858 0.15999871]"
395,395,"[0.16       0.15999995 0.15999973 0.15999769 0.15999979 0.15999875
 0.15999844 0.15999963 0.15999852 0.15999876]"
396,396,"[0.16       0.15999994 0.15999971 0.15999767 0.15999979 0.1599987
 0.15999841 0.15999961 0.15999846 0.15999881]"
397,397,"[0.16       0.15999994 0.15999969 0.15999765 0.15999979 0.15999866
 0.15999837 0.15999959 0.1599984  0.15999886]"
398,398,"[0.16       0.15999994 0.15999967 0.15999763 0.15999979 0.15999861
 0.15999834 0.15999957 0.15999833 0.15999891]"
399,399,"[0.16       0.15999993 0.15999965 0.15999761 0.15999979 0.15999856
 0.1599983  0.15999955 0.15999827 0.15999896]"
400,400,"[0.16       0.15999993 0.15999964 0.15999759 0.15999979 0.15999851
 0.15999827 0.15999953 0.15999822 0.159999  ]"
401,401,"[0.16000014 0.15999998 0.15999962 0.15999757 0.15999979 0.15999846
 0.15999823 0.15999951 0.15999816 0.15999915]"
402,402,"[0.15999981 0.15999896 0.15999961 0.15999755 0.15999979 0.15999841
 0.1599982  0.15999948 0.1599981  0.15999932]"
403,403,"[0.15999982 0.15999895 0.1599996  0.15999753 0.15999979 0.15999836
 0.15999816 0.15999946 0.15999804 0.15999939]"
404,404,"[0.15999984 0.15999895 0.15999959 0.15999751 0.15999979 0.1599983
 0.15999812 0.15999943 0.15999799 0.15999946]"
405,405,"[0.15999985 0.15999895 0.15999959 0.1599975  0.1599998  0.15999825
 0.15999809 0.15999941 0.15999793 0.15999952]"
406,406,"[0.15999987 0.15999895 0.15999958 0.15999748 0.1599998  0.1599982
 0.15999805 0.15999938 0.15999788 0.15999958]"
407,407,"[0.15999988 0.15999895 0.15999959 0.15999747 0.1599998  0.15999815
 0.15999801 0.15999935 0.15999783 0.15999963]"
408,408,"[0.15999989 0.15999895 0.15999959 0.15999745 0.15999981 0.1599981
 0.15999798 0.15999932 0.15999778 0.15999968]"
409,409,"[0.1599999  0.15999896 0.1599996  0.15999744 0.15999981 0.15999805
 0.15999794 0.15999929 0.15999773 0.15999973]"
410,410,"[0.15999991 0.15999896 0.15999962 0.15999742 0.15999981 0.159998
 0.15999791 0.15999926 0.15999768 0.15999977]"
411,411,"[0.15999992 0.15999896 0.15999964 0.15999741 0.15999982 0.15999795
 0.15999787 0.15999923 0.15999764 0.15999981]"
412,412,"[0.15999993 0.15999896 0.15999967 0.1599974  0.15999982 0.15999791
 0.15999783 0.1599992  0.1599976  0.15999985]"
413,413,"[0.15999994 0.15999896 0.1599997  0.15999739 0.15999983 0.15999786
 0.1599978  0.15999916 0.15999846 0.16000019]"
414,414,"[0.15999995 0.15999897 0.15999974 0.15999738 0.15999983 0.15999782
 0.15999777 0.15999913 0.15999894 0.15999741]"
415,415,"[0.15999995 0.15999897 0.15999978 0.15999737 0.15999984 0.15999777
 0.15999773 0.1599991  0.1599989  0.15999742]"
416,416,"[0.15999996 0.15999897 0.15999983 0.15999736 0.15999985 0.15999773
 0.1599977  0.15999906 0.15999885 0.15999744]"
417,417,"[0.15999997 0.15999898 0.15999988 0.15999736 0.15999985 0.15999769
 0.15999767 0.15999902 0.15999881 0.15999745]"
418,418,"[0.15999997 0.15999898 0.15999992 0.15999735 0.15999986 0.15999765
 0.15999764 0.15999898 0.15999877 0.15999746]"
419,419,"[0.15999998 0.15999899 0.15999996 0.15999734 0.15999986 0.15999761
 0.15999761 0.16000384 0.16001158 0.15999746]"
420,420,"[0.15999998 0.15999899 0.15999999 0.15999734 0.15999987 0.15999758
 0.15999758 0.15999976 0.15999996 0.15999747]"
421,421,"[0.15999999 0.159999   0.16       0.15999734 0.15999988 0.15999754
 0.15999755 0.15999976 0.15999995 0.15999748]"
422,422,"[0.15999999 0.159999   0.15999997 0.15999733 0.15999988 0.15999751
 0.15999752 0.15999975 0.15999995 0.15999748]"
423,423,"[0.15999999 0.15999901 0.1599999  0.15999733 0.15999989 0.15999748
 0.1599975  0.15999975 0.15999995 0.15999749]"
424,424,"[0.16       0.15999901 0.15999978 0.15999733 0.1599999  0.15999745
 0.15999747 0.15999974 0.15999995 0.15999749]"
425,425,"[0.16       0.15999902 0.15999961 0.15999733 0.1599999  0.15999743
 0.15999745 0.15999974 0.15999995 0.15999749]"
426,426,"[0.16       0.15999903 0.15999938 0.15999734 0.15999991 0.15999741
 0.15999743 0.15999973 0.15999995 0.15999749]"
427,427,"[0.16       0.15999903 0.15999911 0.15999734 0.15999991 0.15999739
 0.15999741 0.15999972 0.15999995 0.15999749]"
428,428,"[0.16       0.15999904 0.15999882 0.15999734 0.15999992 0.15999737
 0.15999739 0.15999972 0.15999994 0.15999749]"
429,429,"[0.16       0.15999905 0.15999853 0.15999735 0.15999992 0.15999736
 0.15999738 0.15999972 0.15999994 0.15999748]"
430,430,"[0.16       0.15999906 0.15999826 0.15999736 0.15999993 0.15999735
 0.15999737 0.15999971 0.15999994 0.15999748]"
431,431,"[0.16       0.15999906 0.15999801 0.15999736 0.15999993 0.15999734
 0.15999736 0.15999971 0.15999994 0.15999748]"
432,432,"[0.16       0.15999907 0.1599978  0.15999737 0.15999994 0.15999733
 0.15999735 0.15999971 0.15999994 0.15999747]"
433,433,"[0.16       0.15999908 0.15999763 0.15999738 0.15999994 0.15999733
 0.15999734 0.1599997  0.15999994 0.15999747]"
434,434,"[0.15999999 0.15999909 0.15999751 0.15999739 0.15999995 0.15999733
 0.15999734 0.1599997  0.15999994 0.15999746]"
435,435,"[0.15999999 0.1599991  0.15999742 0.15999741 0.15999995 0.15999734
 0.15999733 0.1599997  0.15999993 0.15999746]"
436,436,"[0.15999999 0.15999911 0.15999736 0.15999742 0.15999996 0.15999735
 0.15999733 0.1599997  0.15999993 0.15999745]"
437,437,"[0.15999999 0.15999912 0.15999734 0.15999744 0.15999996 0.15999736
 0.15999734 0.1599997  0.15999993 0.15999745]"
438,438,"[0.15999998 0.15999913 0.15999734 0.15999745 0.15999996 0.15999737
 0.15999734 0.1599997  0.15999993 0.15999745]"
439,439,"[0.15999998 0.15999914 0.15999736 0.15999747 0.15999997 0.15999739
 0.15999735 0.1599997  0.15999993 0.15999744]"
440,440,"[0.15999998 0.15999915 0.15999739 0.15999749 0.15999997 0.15999741
 0.15999736 0.1599997  0.15999993 0.15999744]"
441,441,"[0.15999998 0.15999916 0.15999745 0.15999751 0.15999997 0.15999744
 0.15999737 0.1599997  0.15999993 0.15999744]"
442,442,"[0.15999997 0.15999917 0.15999751 0.15999753 0.15999998 0.15999746
 0.15999738 0.15999971 0.15999992 0.15999744]"
443,443,"[0.15999997 0.15999918 0.15999758 0.15999756 0.15999998 0.15999749
 0.1599974  0.15999971 0.15999992 0.15999744]"
444,444,"[0.15999996 0.15999919 0.15999766 0.15999758 0.15999998 0.15999752
 0.15999742 0.15999972 0.15999992 0.15999744]"
445,445,"[0.15999996 0.1599992  0.15999774 0.15999761 0.15999998 0.15999756
 0.15999744 0.15999972 0.15999992 0.15999744]"
446,446,"[0.15999996 0.15999922 0.15999783 0.15999763 0.15999999 0.1599976
 0.15999746 0.15999973 0.15999992 0.15999745]"
447,447,"[0.15999995 0.15999923 0.15999792 0.15999754 0.15999999 0.15999764
 0.15999737 0.15999973 0.15999992 0.15999745]"
448,448,"[0.15999995 0.15999899 0.15999801 0.15999753 0.15999999 0.15999754
 0.15999733 0.15999974 0.15999992 0.15999746]"
449,449,"[0.15999995 0.15999833 0.1599981  0.15999755 0.15999999 0.15999735
 0.15999733 0.15999975 0.15999992 0.15999747]"
450,450,"[0.15999994 0.15999835 0.15999819 0.15999758 0.15999999 0.15999736
 0.15999734 0.15999976 0.15999991 0.15999748]"
451,451,"[0.15999994 0.15999838 0.15999829 0.15999761 0.16000007 0.15999737
 0.15999735 0.15999977 0.16000001 0.15999749]"
452,452,"[0.15999994 0.15999841 0.15999838 0.15999764 0.15999993 0.15999739
 0.15999736 0.15999977 0.16       0.1599975 ]"
453,453,"[0.15999993 0.15999844 0.15999846 0.15999767 0.15999993 0.15999741
 0.15999737 0.15999978 0.16       0.15999751]"
454,454,"[0.15999993 0.15999847 0.15999855 0.1599977  0.15999993 0.15999743
 0.15999738 0.1599998  0.16       0.15999753]"
455,455,"[0.15999993 0.1599985  0.15999863 0.15999773 0.15999993 0.15999745
 0.1599974  0.15999981 0.16       0.15999755]"
456,456,"[0.15999992 0.15999853 0.15999871 0.15999777 0.15999993 0.15999747
 0.15999742 0.15999982 0.16       0.15999757]"
457,457,"[0.15999992 0.15999856 0.15999879 0.1599978  0.15999992 0.1599975
 0.15999744 0.15999983 0.16       0.15999759]"
458,458,"[0.15999992 0.15999859 0.15999887 0.15999784 0.15999992 0.15999752
 0.15999746 0.15999984 0.16       0.15999762]"
459,459,"[0.15999992 0.15999862 0.15999894 0.15999788 0.15999992 0.15999755
 0.15999749 0.15999985 0.16       0.15999764]"
460,460,"[0.15999991 0.15999865 0.15999901 0.15999792 0.15999992 0.15999758
 0.15999752 0.15999987 0.16       0.15999767]"
461,461,"[0.15999991 0.15999868 0.15999908 0.15999796 0.15999992 0.15999761
 0.15999755 0.15999988 0.16       0.1599977 ]"
462,462,"[0.15999991 0.1599987  0.15999914 0.159998   0.15999992 0.15999765
 0.15999758 0.15999989 0.16       0.15999774]"
463,463,"[0.15999991 0.15999873 0.1599992  0.15999804 0.15999992 0.15999768
 0.15999761 0.1599999  0.16       0.15999777]"
464,464,"[0.15999991 0.15999875 0.15999926 0.15999808 0.15999992 0.15999772
 0.15999764 0.15999991 0.16       0.15999781]"
465,465,"[0.15999991 0.15999878 0.15999931 0.15999812 0.15999991 0.15999775
 0.15999768 0.15999993 0.16       0.15999785]"
466,466,"[0.15999991 0.1599988  0.15999937 0.15999817 0.15999988 0.15999779
 0.15999772 0.15999994 0.16000008 0.1599979 ]"
467,467,"[0.1599999  0.15999882 0.15999941 0.15999821 0.15999975 0.15999782
 0.15999775 0.15999995 0.15999984 0.15999794]"
468,468,"[0.1599999  0.15999884 0.15999946 0.15999825 0.15999975 0.15999786
 0.15999779 0.15999996 0.15999984 0.15999799]"
469,469,"[0.1599999  0.15999886 0.1599995  0.15999829 0.15999975 0.1599979
 0.15999783 0.15999997 0.15999983 0.15999804]"
470,470,"[0.16000003 0.15999887 0.15999955 0.15999834 0.15999964 0.15999794
 0.15999788 0.15999998 0.15999983 0.15999809]"
471,471,"[0.16       0.15999889 0.15999958 0.15999838 0.15999863 0.15999797
 0.15999792 0.15999998 0.15999982 0.15999815]"
472,472,"[0.16       0.1599989  0.15999962 0.15999842 0.15999863 0.15999801
 0.15999796 0.15999999 0.15999982 0.1599982 ]"
473,473,"[0.16       0.15999891 0.15999965 0.15999846 0.15999863 0.15999805
 0.159998   0.15999999 0.15999982 0.15999826]"
474,474,"[0.16       0.15999892 0.15999969 0.1599985  0.15999863 0.15999809
 0.15999804 0.16       0.15999981 0.15999832]"
475,475,"[0.16       0.15999892 0.15999971 0.15999854 0.15999864 0.15999812
 0.15999809 0.16       0.15999981 0.15999838]"
476,476,"[0.16       0.15999893 0.15999974 0.15999858 0.15999864 0.15999816
 0.15999813 0.16       0.15999981 0.15999843]"
477,477,"[0.16       0.15999893 0.16000083 0.1599985  0.15999864 0.15999819
 0.15999817 0.16       0.1599998  0.15999849]"
478,478,"[0.16       0.15999893 0.15999954 0.15999835 0.15999864 0.15999823
 0.15999822 0.16       0.1599998  0.15999855]"
479,479,"[0.16       0.15999892 0.15999954 0.15999839 0.15999864 0.15999826
 0.15999826 0.15999999 0.1599998  0.15999861]"
480,480,"[0.16       0.15999891 0.15999954 0.15999842 0.15999864 0.1599983
 0.1599983  0.15999998 0.1599998  0.15999867]"
481,481,"[0.16       0.1599989  0.15999954 0.15999846 0.15999864 0.15999833
 0.15999835 0.15999998 0.1599998  0.15999873]"
482,482,"[0.16       0.15999889 0.15999954 0.1599985  0.15999864 0.15999836
 0.15999839 0.15999997 0.1599998  0.15999879]"
483,483,"[0.16       0.15999887 0.15999954 0.15999854 0.15999864 0.15999839
 0.15999843 0.15999995 0.1599998  0.15999885]"
484,484,"[0.16       0.15999885 0.15999954 0.15999857 0.15999864 0.15999842
 0.15999847 0.15999994 0.1599998  0.15999891]"
485,485,"[0.16       0.15999883 0.15999954 0.15999861 0.15999864 0.15999845
 0.15999852 0.15999992 0.1599998  0.15999897]"
486,486,"[0.16       0.15999881 0.15999955 0.15999864 0.15999865 0.15999848
 0.15999856 0.1599999  0.1599998  0.15999902]"
487,487,"[0.16       0.15999878 0.15999955 0.15999868 0.15999865 0.15999851
 0.1599986  0.15999988 0.15999981 0.15999908]"
488,488,"[0.16       0.15999875 0.15999955 0.15999871 0.15999865 0.15999854
 0.15999864 0.15999986 0.15999981 0.15999913]"
489,489,"[0.16       0.15999872 0.15999955 0.15999874 0.15999865 0.15999856
 0.15999868 0.15999983 0.15999981 0.15999919]"
490,490,"[0.16000085 0.15999831 0.15999955 0.15999878 0.15999866 0.15999859
 0.15999871 0.15999981 0.15999982 0.15999924]"
491,491,"[0.15999805 0.15999739 0.15999956 0.15999881 0.15999866 0.15999831
 0.15999875 0.15999978 0.15999982 0.15999898]"
492,492,"[0.15999809 0.15999738 0.15999956 0.15999884 0.15999867 0.1599977
 0.15999879 0.15999975 0.15999983 0.15999769]"
493,493,"[0.15999813 0.15999737 0.15999956 0.15999887 0.15999867 0.15999772
 0.15999882 0.15999971 0.15999983 0.15999775]"
494,494,"[0.15999818 0.15999736 0.15999957 0.1599989  0.15999867 0.15999775
 0.15999886 0.15999968 0.15999984 0.1599978 ]"
495,495,"[0.15999822 0.15999735 0.15999957 0.15999893 0.15999868 0.15999777
 0.15999889 0.15999964 0.15999984 0.15999786]"
496,496,"[0.15999826 0.15999735 0.15999957 0.15999896 0.15999868 0.1599978
 0.15999893 0.1599996  0.15999985 0.15999792]"
497,497,"[0.15999831 0.15999734 0.16000155 0.15999899 0.15999869 0.15999782
 0.16000001 0.15999956 0.15999986 0.15999799]"
498,498,"[0.15999835 0.15999734 0.1599992  0.15999902 0.15999869 0.15999785
 0.15999997 0.15999952 0.15999987 0.15999805]"
499,499,"[0.1599984  0.15999733 0.15999922 0.15999905 0.1599987  0.15999788
 0.15999997 0.15999948 0.15999988 0.15999811]"
500,500,"[0.15999844 0.15999733 0.15999925 0.15999907 0.15999871 0.1599979
 0.15999997 0.15999944 0.15999989 0.15999818]"
501,501,"[0.15999849 0.15999734 0.15999929 0.1599991  0.15999871 0.15999793
 0.15999997 0.15999939 0.1599999  0.15999825]"
502,502,"[0.15999853 0.15999734 0.15999933 0.15999913 0.15999872 0.15999795
 0.15999997 0.15999935 0.15999991 0.15999831]"
503,503,"[0.15999857 0.15999735 0.15999937 0.15999915 0.15999873 0.15999798
 0.15999997 0.1599993  0.15999992 0.15999838]"
504,504,"[0.15999862 0.15999736 0.15999942 0.15999917 0.15999874 0.15999801
 0.15999997 0.15999926 0.15999993 0.15999844]"
505,505,"[0.15999866 0.15999737 0.15999948 0.1599992  0.15999875 0.15999803
 0.15999997 0.15999921 0.15999994 0.15999851]"
506,506,"[0.15999871 0.15999739 0.15999953 0.15999922 0.15999876 0.15999806
 0.15999997 0.15999916 0.15999995 0.15999857]"
507,507,"[0.15999875 0.15999742 0.1599996  0.15999924 0.15999877 0.15999808
 0.15999997 0.15999911 0.15999996 0.15999864]"
508,508,"[0.1600325  0.15999744 0.15999966 0.15999926 0.15999878 0.15999811
 0.16000219 0.15999906 0.15999997 0.1599987 ]"
509,509,"[0.15999738 0.15999748 0.15999972 0.15999929 0.1599988  0.15999814
 0.15999991 0.15999901 0.15999998 0.15999876]"
510,510,"[0.15999739 0.15999752 0.15999978 0.15999931 0.15999881 0.15999816
 0.15999991 0.15999896 0.15999998 0.15999882]"
511,511,"[0.15999739 0.15999756 0.15999983 0.15999933 0.15999882 0.15999819
 0.15999991 0.15999891 0.15999999 0.15999888]"
512,512,"[0.1599974  0.15999761 0.15999988 0.15999935 0.15999883 0.15999822
 0.15999992 0.15999886 0.15999999 0.15999893]"
513,513,"[0.1599974  0.15999767 0.15999993 0.15999936 0.15999885 0.15999824
 0.15999992 0.15999881 0.16       0.15999899]"
514,514,"[0.1599974  0.15999773 0.15999996 0.15999938 0.15999886 0.15999744
 0.15999992 0.1599986  0.16       0.15999904]"
515,515,"[0.1599974  0.1599978  0.15999998 0.1599994  0.15999887 0.15999743
 0.15999992 0.15999855 0.16       0.15999909]"
516,516,"[0.1599974  0.15999787 0.16       0.15999942 0.15999889 0.15999741
 0.15999993 0.15999851 0.16       0.15999913]"
517,517,"[0.1599974  0.15999795 0.16       0.15999943 0.1599989  0.1599974
 0.15999993 0.15999847 0.15999999 0.15999918]"
518,518,"[0.1599974  0.15999804 0.15999999 0.15999945 0.15999892 0.15999739
 0.15999993 0.15999843 0.15999998 0.15999922]"
519,519,"[0.15999739 0.15999812 0.15999997 0.15999947 0.15999893 0.15999738
 0.15999993 0.15999838 0.15999997 0.15999926]"
520,520,"[0.15999739 0.15999822 0.15999994 0.15999948 0.15999894 0.15999737
 0.15999993 0.15999834 0.15999995 0.1599993 ]"
521,521,"[0.15999738 0.15999832 0.15999989 0.1599995  0.15999896 0.15999736
 0.15999993 0.1599983  0.15999993 0.15999933]"
522,522,"[0.15999737 0.15999842 0.15999984 0.15999951 0.15999897 0.15999736
 0.15999993 0.15999825 0.1599999  0.15999936]"
523,523,"[0.15999737 0.15999852 0.15999979 0.15999953 0.15999899 0.15999735
 0.15999993 0.15999821 0.15999987 0.15999939]"
524,524,"[0.15999736 0.15999863 0.15999973 0.15999934 0.159999   0.1599979
 0.15999993 0.15999816 0.15999983 0.15999942]"
525,525,"[0.15999735 0.15999873 0.15999966 0.15999857 0.15999902 0.15999834
 0.15999993 0.15999812 0.15999979 0.15999944]"
526,526,"[0.15999734 0.15999884 0.15999959 0.15999859 0.15999903 0.15999832
 0.15999993 0.15999807 0.15999974 0.15999947]"
527,527,"[0.15999734 0.15999933 0.16002039 0.15999861 0.15999904 0.1599983
 0.15999993 0.15999803 0.15999968 0.15999948]"
528,528,"[0.15999733 0.1599984  0.15999969 0.15999863 0.15999906 0.15999828
 0.15999993 0.15999799 0.15999962 0.1599995 ]"
529,529,"[0.15999733 0.15999852 0.15999969 0.15999864 0.15999907 0.15999826
 0.15999993 0.15999794 0.15999956 0.15999952]"
530,530,"[0.15999734 0.15999863 0.15999969 0.15999866 0.15999909 0.15999824
 0.15999993 0.1599979  0.15999948 0.15999953]"
531,531,"[0.15999735 0.15999875 0.15999969 0.15999867 0.1599991  0.15999822
 0.15999993 0.15999786 0.1599994  0.15999954]"
532,532,"[0.15999736 0.15999886 0.15999969 0.15999869 0.15999912 0.15999821
 0.15999993 0.15999782 0.15999932 0.15999954]"
533,533,"[0.15999739 0.15999898 0.15999969 0.1599987  0.15999913 0.15999819
 0.15999993 0.15999777 0.15999923 0.15999955]"
534,534,"[0.15999742 0.15999908 0.15999969 0.15999871 0.15999915 0.15999816
 0.15999993 0.15999773 0.15999914 0.15999954]"
535,535,"[0.15999745 0.15999919 0.15999969 0.15999872 0.15999916 0.15999814
 0.15999992 0.15999769 0.15999904 0.15999954]"
536,536,"[0.16000419 0.15999928 0.15999969 0.15999845 0.15999918 0.16001254
 0.15999992 0.15999766 0.15999894 0.16003182]"
537,537,"[0.15999894 0.15999938 0.15999969 0.15999792 0.15999919 0.15999983
 0.15999992 0.15999762 0.15999884 0.15999921]"
538,538,"[0.15999897 0.15999946 0.15999969 0.15999794 0.15999921 0.15999983
 0.15999992 0.15999758 0.15999873 0.15999921]"
539,539,"[0.15999899 0.15999954 0.15999969 0.15999796 0.15999922 0.15999983
 0.15999991 0.15999755 0.15999863 0.1599992 ]"
540,540,"[0.15999902 0.15999962 0.15999969 0.15999798 0.15999924 0.15999983
 0.15999991 0.15999752 0.15999852 0.1599992 ]"
541,541,"[0.15999904 0.15999968 0.15999969 0.159998   0.15999926 0.15999983
 0.15999991 0.15999749 0.15999842 0.15999919]"
542,542,"[0.15999906 0.15999974 0.15999969 0.15999802 0.15999927 0.15999982
 0.1599999  0.15999746 0.15999832 0.15999918]"
543,543,"[0.15999908 0.15999979 0.15999969 0.15999804 0.15999929 0.15999982
 0.1599999  0.15999744 0.15999822 0.15999917]"
544,544,"[0.1599991  0.15999984 0.15999969 0.15999805 0.15999931 0.15999982
 0.15999989 0.15999741 0.15999812 0.15999916]"
545,545,"[0.15999911 0.15999988 0.15999969 0.15999807 0.15999903 0.15999982
 0.16000137 0.15999739 0.15999803 0.15999914]"
546,546,"[0.15999912 0.15999991 0.1599997  0.15999808 0.15999756 0.15999982
 0.15999857 0.15999738 0.15999794 0.15999913]"
547,547,"[0.15999913 0.15999994 0.1599997  0.15999809 0.15999758 0.15999982
 0.15999861 0.15999736 0.15999786 0.15999911]"
548,548,"[0.15999914 0.15999996 0.1599997  0.15999811 0.15999761 0.15999981
 0.15999865 0.15999735 0.15999779 0.15999908]"
549,549,"[0.16000696 0.15999997 0.16001319 0.15999812 0.15999764 0.15999981
 0.15999869 0.15999734 0.15999772 0.15999905]"
550,550,"[0.16000042 0.15999999 0.1599998  0.15999838 0.15999766 0.15999981
 0.15999872 0.15999734 0.15999765 0.15999902]"
551,551,"[0.15999964 0.15999999 0.15999967 0.15999634 0.15999769 0.15999981
 0.15999876 0.15999733 0.15999759 0.15999898]"
552,552,"[0.15999964 0.16       0.16       0.15999743 0.15999773 0.15999981
 0.15999879 0.15999734 0.15999754 0.15999893]"
553,553,"[0.15999965 0.16       0.16       0.1599975  0.15999776 0.1599998
 0.15999882 0.15999734 0.15999749 0.15999887]"
554,554,"[0.15999966 0.16       0.16       0.15999759 0.1599978  0.1599998
 0.15999885 0.15999735 0.15999745 0.15999879]"
555,555,"[0.15999967 0.15999999 0.16       0.15999769 0.15999784 0.1599998
 0.15999888 0.15999736 0.15999742 0.15999869]"
556,556,"[0.15999968 0.15999999 0.16       0.1599978  0.15999788 0.1599998
 0.15999891 0.15999738 0.15999739 0.15999857]"
557,557,"[0.15999969 0.15999998 0.16       0.1599979  0.15999793 0.1599998
 0.15999894 0.1599974  0.15999737 0.15999841]"
558,558,"[0.1599997  0.15999997 0.16       0.159998   0.15999798 0.15999979
 0.15999896 0.15999742 0.15999735 0.1599982 ]"
559,559,"[0.15999971 0.15999996 0.16       0.15999809 0.15999803 0.15999979
 0.15999899 0.15999745 0.15999734 0.15999795]"
560,560,"[0.15999972 0.15999995 0.15999999 0.15999818 0.15999808 0.15999979
 0.15999902 0.15999748 0.15999734 0.15999766]"
561,561,"[0.15999973 0.15999993 0.15999999 0.15999825 0.15999814 0.15999979
 0.15999904 0.15999752 0.15999733 0.15999741]"
562,562,"[0.15999974 0.15999997 0.15999999 0.15999831 0.1599995  0.15999978
 0.15999907 0.15999755 0.15999733 0.15999736]"
563,563,"[0.15999975 0.15999998 0.15999999 0.15999837 0.15999952 0.15999978
 0.15999909 0.1599976  0.15999734 0.15999762]"
564,564,"[0.15999976 0.15999998 0.15999999 0.15999842 0.15999954 0.15999978
 0.15999912 0.15999764 0.15999735 0.15999812]"
565,565,"[0.15999977 0.15999999 0.15999999 0.15999845 0.15999956 0.15999978
 0.15999914 0.15999769 0.15999736 0.15999862]"
566,566,"[0.15999965 0.15999999 0.15999999 0.15999848 0.15999958 0.15999977
 0.15999917 0.15999774 0.15999736 0.15999902]"
567,567,"[0.15999999 0.15999999 0.15999998 0.15999851 0.1599996  0.15999977
 0.15999919 0.15999779 0.15999743 0.15999929]"
568,568,"[0.15999999 0.16       0.15999998 0.15999853 0.15999963 0.15999977
 0.15999921 0.15999785 0.15999741 0.15999948]"
569,569,"[0.16       0.16000029 0.15999998 0.16000188 0.15999965 0.15999976
 0.15999924 0.1599979  0.15999739 0.1599996 ]"
570,570,"[0.1599997  0.1599994  0.15999998 0.15999968 0.15999968 0.15999976
 0.15999926 0.15999796 0.15999738 0.15999968]"
571,571,"[0.15999968 0.15999926 0.15999997 0.15999971 0.1599997  0.15999976
 0.15999929 0.15999802 0.15999737 0.15999974]"
572,572,"[0.15999966 0.15999908 0.15999997 0.15999974 0.15999973 0.15999975
 0.15999931 0.15999809 0.15999736 0.15999978]"
573,573,"[0.15999965 0.15999886 0.15999997 0.15999977 0.15999976 0.15999975
 0.15999933 0.15999815 0.15999735 0.1599998 ]"
574,574,"[0.15999963 0.1599986  0.15999997 0.1599998  0.15999978 0.15999975
 0.15999935 0.15999821 0.15999734 0.15999982]"
575,575,"[0.1599996  0.1599983  0.15999996 0.15999983 0.15999981 0.15999974
 0.15999937 0.15999828 0.15999734 0.15999983]"
576,576,"[0.15999958 0.15999798 0.15999996 0.15999985 0.15999983 0.15999974
 0.15999939 0.15999834 0.15999734 0.15999984]"
577,577,"[0.15999955 0.15999768 0.15999996 0.15999988 0.15999986 0.15999974
 0.15999942 0.15999841 0.15999733 0.15999984]"
578,578,"[0.15999951 0.15999746 0.15999995 0.1599999  0.15999988 0.15999973
 0.15999944 0.15999847 0.15999733 0.15999984]"
579,579,"[0.15999948 0.15999735 0.15999995 0.15999992 0.1599999  0.15999973
 0.15999946 0.15999854 0.15999734 0.15999983]"
580,580,"[0.15999944 0.15999736 0.15999994 0.15999994 0.15999992 0.15999972
 0.15999925 0.15999953 0.15999734 0.15999976]"
581,581,"[0.15999939 0.15999747 0.15999994 0.15999991 0.15999994 0.15999972
 0.15999781 0.15999758 0.15999734 0.15999958]"
582,582,"[0.15999934 0.15999764 0.15999993 0.15999993 0.15999996 0.15999971
 0.15999777 0.15999762 0.15999735 0.15999957]"
583,583,"[0.15999928 0.15999783 0.15999993 0.15999994 0.15999997 0.15999971
 0.15999772 0.15999766 0.15999736 0.15999955]"
584,584,"[0.15999921 0.15999801 0.15999992 0.16000337 0.15999998 0.1599997
 0.15999766 0.15999771 0.15999737 0.15999952]"
585,585,"[0.15999913 0.15999817 0.15999992 0.15999992 0.15999997 0.15999969
 0.15999759 0.15999776 0.15999738 0.15999949]"
586,586,"[0.15999918 0.16003982 0.15999991 0.15999991 0.15999998 0.16000004
 0.15999854 0.1599978  0.15999735 0.15999941]"
587,587,"[0.15999922 0.1599999  0.1599999  0.15999989 0.15999998 0.16
 0.15999825 0.15999785 0.15999734 0.15999932]"
588,588,"[0.15999911 0.15999992 0.1599999  0.15999988 0.15999998 0.16
 0.15999836 0.1599979  0.15999734 0.15999927]"
589,589,"[0.15999899 0.15999993 0.15999989 0.15999986 0.15999999 0.16
 0.15999849 0.15999795 0.15999733 0.1599992 ]"
590,590,"[0.15999885 0.15999994 0.15999988 0.15999985 0.15999999 0.16
 0.15999862 0.159998   0.15999733 0.15999911]"
591,591,"[0.15999869 0.15999995 0.15999987 0.15999983 0.15999999 0.16
 0.15999877 0.15999805 0.15999733 0.15999901]"
592,592,"[0.15999852 0.15999996 0.15999987 0.15999981 0.15999999 0.16
 0.15999891 0.1599981  0.15999733 0.15999888]"
593,593,"[0.15999832 0.15999996 0.15999986 0.15999978 0.16       0.16
 0.15999906 0.15999815 0.15999734 0.15999874]"
594,594,"[0.15999811 0.15999997 0.15999985 0.15999976 0.16       0.16
 0.15999921 0.1599982  0.15999734 0.15999856]"
595,595,"[0.1599979  0.15999997 0.15999984 0.15999973 0.16       0.16
 0.15999935 0.15999825 0.15999734 0.15999837]"
596,596,"[0.1599977  0.15999997 0.15999983 0.15999969 0.16       0.16
 0.15999949 0.15999829 0.15999735 0.15999815]"
597,597,"[0.15999752 0.15999998 0.15999982 0.15999965 0.16       0.16
 0.15999961 0.15999834 0.15999735 0.15999793]"
598,598,"[0.15999739 0.15999998 0.15999981 0.15999961 0.16       0.16
 0.15999972 0.15999839 0.15999735 0.15999772]"
599,599,"[0.15999734 0.15999998 0.1599998  0.15999956 0.16       0.16
 0.15999982 0.15999843 0.15999736 0.15999754]"
600,600,"[0.15999736 0.15999998 0.15999979 0.15999951 0.16       0.16
 0.15999989 0.15999847 0.15999736 0.15999741]"
601,601,"[0.15999753 0.15999998 0.15999978 0.16000261 0.16       0.16
 0.15999995 0.15999852 0.15999737 0.15999734]"
602,602,"[0.15999775 0.15999998 0.15999976 0.15999912 0.16       0.16
 0.15999999 0.15999856 0.15999737 0.15999734]"
603,603,"[0.15999803 0.15999998 0.15999975 0.15999904 0.15999999 0.16
 0.16       0.1599986  0.15999738 0.1599974 ]"
604,604,"[0.15999835 0.15999998 0.15999974 0.15999895 0.15999999 0.16
 0.15999999 0.15999864 0.15999739 0.15999752]"
605,605,"[0.15999867 0.15999998 0.15999972 0.15999885 0.15999999 0.16
 0.15999994 0.15999867 0.15999739 0.15999766]"
606,606,"[0.15999896 0.15999999 0.15999971 0.15999873 0.15999998 0.16
 0.15999986 0.15999871 0.1599974  0.15999782]"
607,607,"[0.15999923 0.15999999 0.1599997  0.15999859 0.15999998 0.16
 0.15999974 0.15999875 0.1599974  0.15999799]"
608,608,"[0.15999945 0.15999999 0.15999968 0.15999844 0.15999997 0.16
 0.15999957 0.15999878 0.15999741 0.15999815]"
609,609,"[0.15999963 0.15999999 0.15999966 0.15999826 0.15999996 0.15999999
 0.15999935 0.15999881 0.15999741 0.15999831]"
610,610,"[0.15999977 0.15999999 0.15999965 0.15999807 0.15999996 0.15999999
 0.15999907 0.15999884 0.15999741 0.15999845]"
611,611,"[0.15999988 0.15999999 0.15999963 0.15999786 0.15999995 0.15999999
 0.15999874 0.15999887 0.15999742 0.15999858]"
612,612,"[0.15999995 0.15999999 0.15999962 0.15999766 0.15999994 0.15999999
 0.15999837 0.1599989  0.15999742 0.1599987 ]"
613,613,"[0.15999999 0.15999999 0.1599996  0.15999748 0.15999993 0.15999999
 0.15999799 0.15999893 0.15999742 0.15999881]"
614,614,"[0.16       0.15999999 0.15999958 0.15999737 0.15999992 0.15999999
 0.15999765 0.15999896 0.15999742 0.15999891]"
615,615,"[0.15999998 0.15999999 0.15999956 0.15999734 0.1599999  0.15999998
 0.15999742 0.15999898 0.15999743 0.159999  ]"
616,616,"[0.15999994 0.15999999 0.15999954 0.15999741 0.15999989 0.15999998
 0.15999734 0.15999901 0.15999743 0.15999908]"
617,617,"[0.15999988 0.15999999 0.15999952 0.15999757 0.15999988 0.15999998
 0.15999742 0.15999903 0.15999743 0.15999915]"
618,618,"[0.15999979 0.15999999 0.1599995  0.15999779 0.15999986 0.15999998
 0.15999765 0.15999906 0.15999743 0.15999921]"
619,619,"[0.15999968 0.15999999 0.15999948 0.15999804 0.15999984 0.15999997
 0.15999796 0.15999908 0.15999743 0.15999927]"
620,620,"[0.15999956 0.15999999 0.15999946 0.15999829 0.15999982 0.15999997
 0.1599983  0.1599991  0.15999742 0.15999932]"
621,621,"[0.15999942 0.15999999 0.15999944 0.1599985  0.15999981 0.15999996
 0.15999863 0.15999912 0.15999742 0.15999937]"
622,622,"[0.15999927 0.15999999 0.15999942 0.15999869 0.15999978 0.15999996
 0.15999892 0.15999914 0.15999742 0.15999942]"
623,623,"[0.15999911 0.15999999 0.15999939 0.15999884 0.15999976 0.15999995
 0.15999917 0.15999916 0.15999742 0.15999946]"
624,624,"[0.15999896 0.15999999 0.15999937 0.15999896 0.15999974 0.15999995
 0.15999937 0.15999918 0.15999742 0.15999949]"
625,625,"[0.1599988  0.15999999 0.15999935 0.15999905 0.15999971 0.15999994
 0.15999954 0.1599992  0.15999741 0.15999953]"
626,626,"[0.15999865 0.15999999 0.15999932 0.15999912 0.15999969 0.15999994
 0.15999966 0.15999922 0.15999741 0.15999956]"
627,627,"[0.15999823 0.16000002 0.1599993  0.15999917 0.15999966 0.15999993
 0.15999976 0.15999923 0.15999741 0.15999959]"
628,628,"[0.1599976  0.15999998 0.15999927 0.15999921 0.15999963 0.15999992
 0.15999984 0.15999925 0.1599974  0.15999961]"
629,629,"[0.15999752 0.15999998 0.15999925 0.15999924 0.15999959 0.15999991
 0.15999989 0.15999927 0.1599974  0.15999964]"
630,630,"[0.15999747 0.15999998 0.15999923 0.15999925 0.15999956 0.1599999
 0.15999993 0.15999928 0.1599974  0.15999966]"
631,631,"[0.15999744 0.15999998 0.1599992  0.15999926 0.15999952 0.15999989
 0.15999996 0.1599993  0.15999739 0.15999968]"
632,632,"[0.15999747 0.15999998 0.15999917 0.15999948 0.15999948 0.15999988
 0.15999998 0.15999931 0.15999739 0.1599997 ]"
633,633,"[0.15999746 0.15999998 0.15999915 0.15999963 0.15999944 0.15999987
 0.15999999 0.15999933 0.15999739 0.15999972]"
634,634,"[0.1599974  0.15999998 0.15999912 0.15999963 0.1599994  0.15999986
 0.16       0.15999934 0.15999739 0.15999974]"
635,635,"[0.15999736 0.15999998 0.1599991  0.15999962 0.15999935 0.15999985
 0.16       0.15999936 0.15999738 0.15999976]"
636,636,"[0.15999735 0.15999997 0.15999907 0.15999962 0.15999931 0.15999983
 0.16       0.15999937 0.15999738 0.15999977]"
637,637,"[0.15999734 0.15999997 0.15999905 0.1599996  0.15999926 0.15999981
 0.15999999 0.15999938 0.15999738 0.15999979]"
638,638,"[0.15999734 0.15999997 0.15999902 0.15999959 0.1599992  0.1599998
 0.15999999 0.1599994  0.15999738 0.1599998 ]"
639,639,"[0.15999733 0.15999997 0.15999899 0.15999957 0.16000388 0.15999978
 0.15999998 0.15999941 0.16034677 0.15999981]"
640,640,"[0.15999733 0.15999997 0.15999897 0.15999955 0.15999942 0.15999976
 0.15999997 0.15999942 0.16       0.15999983]"
641,641,"[0.15999733 0.15999996 0.15999894 0.15999953 0.15999938 0.15999974
 0.15999996 0.15999944 0.16       0.15999984]"
642,642,"[0.15999733 0.15999996 0.15999892 0.1599995  0.15999934 0.15999972
 0.15999995 0.15999945 0.16       0.15999985]"
643,643,"[0.15999734 0.15999996 0.15999889 0.15999948 0.15999929 0.15999969
 0.15999994 0.15999946 0.16       0.15999986]"
644,644,"[0.15999734 0.15999996 0.15999887 0.15999945 0.15999925 0.15999966
 0.15999994 0.15999947 0.15999999 0.15999987]"
645,645,"[0.15999734 0.15999995 0.15999884 0.15999942 0.1599992  0.15999963
 0.15999993 0.15999949 0.15999999 0.15999987]"
646,646,"[0.15999735 0.15999995 0.15999882 0.15999939 0.15999915 0.1599996
 0.15999992 0.1599995  0.15999997 0.15999988]"
647,647,"[0.15999736 0.15999994 0.15999879 0.15999936 0.1599991  0.15999957
 0.15999991 0.15999951 0.15999995 0.15999989]"
648,648,"[0.15999737 0.15999994 0.15999877 0.15999933 0.15999905 0.15999953
 0.1599999  0.15999953 0.15999989 0.1599999 ]"
649,649,"[0.15999738 0.15999994 0.15999874 0.1599993  0.15999899 0.15999949
 0.15999989 0.15999954 0.15999972 0.1599999 ]"
650,650,"[0.1599974  0.15999993 0.15999872 0.15999928 0.15999894 0.15999945
 0.15999989 0.15999955 0.15999904 0.15999991]"
651,651,"[0.15999742 0.15999992 0.1599987  0.15999925 0.15999888 0.1599994
 0.15999988 0.15999956 0.15999757 0.15999992]"
652,652,"[0.15999744 0.15999992 0.15999867 0.15999922 0.15999882 0.15999935
 0.15999987 0.15999958 0.15999889 0.15999992]"
653,653,"[0.15999746 0.15999991 0.15999865 0.1599992  0.15999876 0.15999929
 0.15999987 0.15999941 0.15999952 0.15999993]"
654,654,"[0.15999792 0.1599999  0.15999863 0.15999918 0.1599987  0.15999923
 0.16000008 0.15999804 0.15999971 0.15999993]"
655,655,"[0.15999827 0.1599999  0.1599986  0.15999916 0.15999864 0.15999917
 0.16       0.15999806 0.1599998  0.15999994]"
656,656,"[0.15999818 0.15999989 0.15999858 0.15999914 0.15999857 0.15999909
 0.16       0.15999809 0.15999984 0.15999994]"
657,657,"[0.1599981  0.15999988 0.15999856 0.15999912 0.15999851 0.15999901
 0.16       0.15999812 0.15999987 0.15999995]"
658,658,"[0.15999802 0.15999987 0.15999854 0.15999911 0.15999844 0.15999892
 0.16       0.15999815 0.15999989 0.15999995]"
659,659,"[0.15999794 0.15999986 0.15999852 0.1599991  0.15999838 0.15999882
 0.16       0.15999817 0.1599999  0.15999995]"
660,660,"[0.15999787 0.15999985 0.1599985  0.15999909 0.15999832 0.15999871
 0.16       0.1599982  0.15999991 0.15999996]"
661,661,"[0.1599978  0.15999984 0.15999848 0.15999909 0.15999825 0.15999859
 0.16       0.15999823 0.15999992 0.15999996]"
662,662,"[0.15999773 0.15999982 0.15999846 0.15999908 0.15999819 0.15999845
 0.16       0.15999826 0.15999993 0.15999996]"
663,663,"[0.15999767 0.15999981 0.15999844 0.15999908 0.15999813 0.1599983
 0.16       0.15999829 0.15999994 0.15999997]"
664,664,"[0.15999761 0.15999979 0.15999842 0.15999909 0.15999807 0.15999814
 0.16       0.15999832 0.15999994 0.15999997]"
665,665,"[0.15999756 0.15999978 0.1599984  0.15999909 0.15999801 0.15999797
 0.16       0.15999834 0.15999995 0.15999997]"
666,666,"[0.15999751 0.15999976 0.15999838 0.1599991  0.15999795 0.15999779
 0.16       0.15999837 0.15999995 0.15999997]"
667,667,"[0.15999747 0.15999974 0.15999836 0.15999911 0.15999789 0.15999761
 0.16       0.1599984  0.15999996 0.15999998]"
668,668,"[0.15999744 0.15999972 0.15999834 0.15999912 0.15999784 0.15999745
 0.16       0.15999843 0.15999996 0.15999998]"
669,669,"[0.15999741 0.1599997  0.15999838 0.15999913 0.15999778 0.15999735
 0.16       0.15999846 0.15999995 0.15999998]"
670,670,"[0.15999738 0.15999968 0.15999796 0.15999914 0.15999773 0.15999735
 0.16000011 0.15999849 0.16       0.16000023]"
671,671,"[0.15999736 0.15999966 0.15999794 0.15999916 0.15999768 0.15999749
 0.15999979 0.15999852 0.16       0.15999976]"
672,672,"[0.15999735 0.15999963 0.15999791 0.15999918 0.15999764 0.15999778
 0.1599998  0.15999855 0.16       0.15999976]"
673,673,"[0.15999734 0.15999961 0.15999789 0.1599992  0.1599976  0.1599982
 0.1599998  0.15999858 0.16       0.15999976]"
674,674,"[0.15999733 0.15999958 0.15999787 0.15999922 0.15999756 0.15999867
 0.15999981 0.15999861 0.16       0.15999976]"
675,675,"[0.15999734 0.15999955 0.15999785 0.15999924 0.15999752 0.1599991
 0.15999981 0.15999863 0.16       0.15999976]"
676,676,"[0.15999734 0.15999952 0.15999783 0.15999926 0.15999749 0.15999922
 0.15999981 0.15999866 0.16       0.15999976]"
677,677,"[0.15999735 0.15999948 0.1599978  0.15999928 0.15999746 0.15999733
 0.15999981 0.15999869 0.16       0.15999977]"
678,678,"[0.15999737 0.15999945 0.15999778 0.1599993  0.15999743 0.15999735
 0.15999981 0.15999872 0.16       0.15999977]"
679,679,"[0.15999739 0.15999941 0.15999776 0.15999933 0.15999741 0.15999741
 0.15999982 0.15999875 0.16       0.15999977]"
680,680,"[0.15999742 0.15999937 0.15999774 0.15999935 0.15999739 0.15999752
 0.15999982 0.15999877 0.16       0.15999977]"
681,681,"[0.15999745 0.15999933 0.15999772 0.15999938 0.15999737 0.15999767
 0.15999982 0.1599988  0.16       0.15999977]"
682,682,"[0.15999748 0.15999929 0.1599977  0.1599994  0.15999736 0.15999787
 0.15999982 0.15999883 0.16       0.15999977]"
683,683,"[0.15999751 0.15999925 0.15999768 0.15999943 0.15999735 0.1599981
 0.15999982 0.15999886 0.16       0.15999977]"
684,684,"[0.15999755 0.1599992  0.15999766 0.15999945 0.15999734 0.15999834
 0.1599998  0.15999975 0.15999999 0.15999977]"
685,685,"[0.15999759 0.15999915 0.15999765 0.15999947 0.15999733 0.15999859
 0.15999978 0.15999988 0.15999999 0.15999977]"
686,686,"[0.15999764 0.1599991  0.15999785 0.1599995  0.15999733 0.15999883
 0.15999977 0.15999988 0.15999999 0.15999967]"
687,687,"[0.15999768 0.15999905 0.15999806 0.15999952 0.15999734 0.15999904
 0.15999976 0.15999988 0.15999999 0.15999916]"
688,688,"[0.15999773 0.15999899 0.15999804 0.15999955 0.15999734 0.15999923
 0.15999975 0.15999989 0.15999999 0.15999917]"
689,689,"[0.15999778 0.15999894 0.15999801 0.15999957 0.15999735 0.15999938
 0.15999973 0.15999989 0.15999998 0.15999917]"
690,690,"[0.15999783 0.15999888 0.15999799 0.15999959 0.15999736 0.15999951
 0.15999972 0.15999989 0.15999998 0.15999918]"
691,691,"[0.15999788 0.15999883 0.15999797 0.15999962 0.15999737 0.15999961
 0.1599997  0.1599999  0.15999998 0.15999919]"
692,692,"[0.15999793 0.15999877 0.15999795 0.15999964 0.15999739 0.16001263
 0.15999969 0.1599999  0.15999997 0.16000238]"
693,693,"[0.15999798 0.15999871 0.15999793 0.15999966 0.15999741 0.15999986
 0.15999967 0.1599999  0.15999997 0.15999783]"
694,694,"[0.15999803 0.15999865 0.15999791 0.15999968 0.15999743 0.15999986
 0.15999965 0.1599999  0.15999996 0.15999784]"
695,695,"[0.15999809 0.15999859 0.15999789 0.1599997  0.15999745 0.15999987
 0.15999963 0.15999991 0.15999996 0.15999786]"
696,696,"[0.15999814 0.15999853 0.15999787 0.15999972 0.15999747 0.15999988
 0.15999961 0.15999991 0.15999995 0.15999787]"
697,697,"[0.15999819 0.15999847 0.15999785 0.15999974 0.1599975  0.1599999
 0.15999958 0.15999991 0.15999994 0.15999788]"
698,698,"[0.15999824 0.15999842 0.15999783 0.15999976 0.15999753 0.15999991
 0.15999956 0.15999992 0.15999993 0.15999789]"
699,699,"[0.15999829 0.15999836 0.15999781 0.15999978 0.15999756 0.15999992
 0.15999953 0.15999992 0.15999992 0.1599979 ]"
700,700,"[0.15999834 0.1599986  0.15999779 0.1599998  0.15999759 0.15999993
 0.1599995  0.16000033 0.15999991 0.15999792]"
701,701,"[0.15999839 0.15999882 0.15999777 0.15999981 0.15999762 0.15999994
 0.15999947 0.15999747 0.1599999  0.15999793]"
702,702,"[0.15999844 0.15999878 0.15999775 0.15999983 0.15999766 0.15999995
 0.16001293 0.15999745 0.15999989 0.16001291]"
703,703,"[0.15999848 0.15999874 0.15999774 0.15999984 0.1599977  0.15999996
 0.15999996 0.15999743 0.15999987 0.15999963]"
704,704,"[0.15999853 0.1599987  0.15999772 0.15999986 0.15999773 0.15999997
 0.15999998 0.15999741 0.15999986 0.15999946]"
705,705,"[0.15999857 0.15999866 0.1599977  0.15999987 0.15999777 0.15999998
 0.15999999 0.1599974  0.15999984 0.15999924]"
706,706,"[0.15999862 0.15999863 0.15999769 0.15999988 0.15999781 0.15999998
 0.15999999 0.15999738 0.15999982 0.15999897]"
707,707,"[0.15999866 0.1599986  0.15999767 0.1599999  0.15999785 0.15999999
 0.16       0.15999737 0.1599998  0.15999866]"
708,708,"[0.1599987  0.15999858 0.15999766 0.15999991 0.15999789 0.15999999
 0.16       0.15999736 0.15999978 0.15999833]"
709,709,"[0.15999874 0.15999855 0.15999764 0.15999992 0.15999793 0.16
 0.16       0.15999735 0.15999976 0.15999803]"
710,710,"[0.15999877 0.15999853 0.15999763 0.15999993 0.15999797 0.16
 0.15999999 0.15999735 0.15999973 0.15999778]"
711,711,"[0.15999881 0.15999852 0.15999762 0.15999967 0.15999801 0.16
 0.15999997 0.15999734 0.15999971 0.15999899]"
712,712,"[0.15999884 0.15999851 0.15999761 0.15999969 0.15999805 0.16
 0.15999995 0.15999734 0.15999968 0.15999894]"
713,713,"[0.15999888 0.1599985  0.15999759 0.15999972 0.1599981  0.16
 0.15999992 0.15999733 0.15999964 0.1599989 ]"
714,714,"[0.15999891 0.15999849 0.15999758 0.15999974 0.15999814 0.16
 0.15999988 0.15999733 0.15999961 0.15999885]"
715,715,"[0.15999894 0.15999849 0.15999757 0.15999977 0.15999818 0.16
 0.15999984 0.15999733 0.15999957 0.1599988 ]"
716,716,"[0.15999897 0.1599985  0.15999756 0.15999979 0.15999822 0.16
 0.15999978 0.15999734 0.15999953 0.15999874]"
717,717,"[0.16003755 0.15999851 0.15999755 0.15999981 0.15999827 0.16003406
 0.15999972 0.15999734 0.15999949 0.15999869]"
718,718,"[0.15999759 0.15999852 0.15999754 0.15999983 0.15999831 0.15999983
 0.15999965 0.15999734 0.15999944 0.15999863]"
719,719,"[0.15999759 0.15999854 0.15999753 0.15999984 0.15999835 0.15999985
 0.15999957 0.15999735 0.15999939 0.15999858]"
720,720,"[0.15999758 0.15999856 0.15999752 0.15999986 0.15999839 0.15999987
 0.15999949 0.15999735 0.15999934 0.15999852]"
721,721,"[0.15999758 0.15999859 0.15999751 0.15999987 0.15999843 0.15999989
 0.1599994  0.15999736 0.15999928 0.15999846]"
722,722,"[0.15999758 0.15999862 0.1599975  0.15999989 0.15999847 0.1599999
 0.15999932 0.15999737 0.15999922 0.1599984 ]"
723,723,"[0.15999757 0.15999865 0.15999749 0.1599999  0.15999851 0.15999991
 0.15999924 0.15999737 0.15999915 0.15999834]"
724,724,"[0.15999757 0.15999861 0.15999748 0.15999991 0.15999855 0.15999992
 0.15999916 0.15999738 0.15999919 0.15999827]"
725,725,"[0.15999756 0.15999851 0.15999747 0.15999993 0.15999859 0.15999993
 0.15999908 0.15999739 0.15999924 0.15999821]"
726,726,"[0.15999756 0.15999855 0.15999746 0.15999994 0.15999862 0.15999994
 0.15999902 0.1599974  0.15999917 0.15999815]"
727,727,"[0.15999755 0.15999859 0.15999745 0.15999994 0.15999866 0.15999995
 0.15999896 0.15999742 0.15999911 0.15999809]"
728,728,"[0.15999754 0.15999864 0.15999743 0.15999995 0.1599987  0.15999995
 0.15999892 0.15999743 0.15999904 0.15999803]"
729,729,"[0.15999892 0.15999869 0.15999742 0.15999996 0.15999873 0.15999995
 0.15999888 0.16       0.15999897 0.15999796]"
730,730,"[0.15999893 0.15999875 0.15999741 0.15999997 0.15999877 0.15999996
 0.15999886 0.16       0.15999889 0.1599979 ]"
731,731,"[0.15999893 0.15999881 0.15999739 0.15999997 0.1599988  0.15999996
 0.15999884 0.15999999 0.15999881 0.15999784]"
732,732,"[0.15999894 0.15999888 0.15999738 0.15999998 0.15999884 0.15999996
 0.15999884 0.15999999 0.15999873 0.15999779]"
733,733,"[0.15999895 0.15999896 0.15999737 0.15999998 0.15999955 0.15999996
 0.15999884 0.16000438 0.15999865 0.15999773]"
734,734,"[0.15999895 0.15999904 0.15999736 0.15999999 0.15999809 0.15999996
 0.15999885 0.1599998  0.15999856 0.15999768]"
735,735,"[0.15999895 0.15999912 0.15999735 0.15999999 0.15999812 0.15999996
 0.15999887 0.15999981 0.15999848 0.15999763]"
736,736,"[0.15999896 0.15999921 0.15999734 0.15999999 0.15999816 0.15999996
 0.1599989  0.15999982 0.15999839 0.15999759]"
737,737,"[0.15999896 0.15999931 0.15999733 0.16       0.15999819 0.15999995
 0.15999893 0.15999982 0.15999831 0.15999754]"
738,738,"[0.15999896 0.15999941 0.15999733 0.16       0.15999823 0.15999995
 0.15999897 0.15999983 0.15999822 0.15999751]"
739,739,"[0.15999896 0.15999951 0.15999734 0.16       0.15999826 0.15999994
 0.15999902 0.15999983 0.15999814 0.15999747]"
740,740,"[0.15999896 0.15999961 0.15999736 0.16       0.15999829 0.15999993
 0.15999906 0.15999984 0.15999806 0.15999744]"
741,741,"[0.15999895 0.15999971 0.15999739 0.16       0.15999833 0.15999992
 0.15999912 0.15999985 0.15999798 0.15999741]"
742,742,"[0.15999895 0.15999981 0.15999744 0.16       0.15999836 0.15999991
 0.15999917 0.15999986 0.15999791 0.15999739]"
743,743,"[0.15999895 0.15999989 0.1599975  0.16       0.15999839 0.15999989
 0.15999922 0.15999986 0.15999784 0.15999737]"
744,744,"[0.15999894 0.15999995 0.15999759 0.16       0.15999842 0.15999986
 0.15999928 0.15999987 0.15999777 0.15999735]"
745,745,"[0.15999893 0.15999999 0.1599977  0.16       0.15999845 0.15999982
 0.15999933 0.15999988 0.15999771 0.15999734]"
746,746,"[0.15999893 0.16       0.15999784 0.16       0.15999848 0.15999976
 0.15999939 0.15999988 0.15999765 0.15999734]"
747,747,"[0.15999892 0.15999996 0.159998   0.15999999 0.15999851 0.15999969
 0.15999944 0.15999989 0.1599976  0.15999733]"
748,748,"[0.15999891 0.15999987 0.1599982  0.15999999 0.15999854 0.15999958
 0.15999949 0.1599999  0.15999756 0.15999734]"
749,749,"[0.1599989  0.15999973 0.15999841 0.15999999 0.15999857 0.15999943
 0.15999954 0.15999991 0.15999752 0.15999734]"
750,750,"[0.15999888 0.15999953 0.15999865 0.15999999 0.1599986  0.15999922
 0.15999959 0.15999991 0.15999748 0.15999735]"
751,751,"[0.15999887 0.15999928 0.15999888 0.15999999 0.15999862 0.15999894
 0.15999964 0.15999992 0.15999745 0.15999737]"
752,752,"[0.15999885 0.15999899 0.15999911 0.15999998 0.15999865 0.15999859
 0.15999968 0.15999993 0.15999742 0.15999739]"
753,753,"[0.15999884 0.15999869 0.15999932 0.15999998 0.15999868 0.15999818
 0.15999972 0.15999993 0.1599974  0.15999742]"
754,754,"[0.15999882 0.15999838 0.15999951 0.15999998 0.1599987  0.1599978
 0.15999975 0.15999994 0.15999738 0.15999744]"
755,755,"[0.1599988  0.15999809 0.15999966 0.15999997 0.15999872 0.15999751
 0.15999978 0.15999994 0.15999737 0.15999748]"
756,756,"[0.15999878 0.15999785 0.15999978 0.15999997 0.15999875 0.15999736
 0.15999981 0.15999995 0.15999736 0.15999751]"
757,757,"[0.15999875 0.15999764 0.15999987 0.15999996 0.15999877 0.15999734
 0.15999984 0.15999996 0.15999735 0.15999755]"
758,758,"[0.15999873 0.15999749 0.15999993 0.15999996 0.15999879 0.15999739
 0.15999986 0.15999996 0.15999734 0.15999759]"
759,759,"[0.1599987  0.15999739 0.15999997 0.15999996 0.15999881 0.15999747
 0.15999988 0.15999997 0.15999734 0.15999764]"
760,760,"[0.15999867 0.15999734 0.15999999 0.15999995 0.15999883 0.15999756
 0.1599999  0.15999997 0.15999733 0.15999769]"
761,761,"[0.15999864 0.15999734 0.16       0.15999995 0.15999885 0.15999764
 0.15999992 0.15999998 0.15999733 0.15999774]"
762,762,"[0.1599986  0.15999737 0.16       0.15999994 0.15999886 0.15999771
 0.15999993 0.15999998 0.15999733 0.1599978 ]"
763,763,"[0.15999857 0.15999743 0.1600001  0.15999994 0.15999888 0.15999776
 0.16001062 0.15999998 0.15999733 0.15999785]"
764,764,"[0.15999853 0.15999751 0.15999998 0.15999993 0.1599989  0.1599978
 0.15999977 0.15999999 0.15999734 0.15999791]"
765,765,"[0.15999849 0.15999761 0.15999997 0.15999993 0.15999891 0.15999782
 0.1599998  0.15999999 0.15999734 0.15999797]"
766,766,"[0.15999845 0.15999773 0.15999995 0.15999992 0.15999893 0.15999784
 0.15999983 0.15999999 0.15999734 0.15999803]"
767,767,"[0.1599984  0.15999785 0.15999993 0.15999992 0.15999894 0.15999785
 0.15999986 0.16       0.15999734 0.1599981 ]"
768,768,"[0.15999835 0.15999798 0.15999991 0.15999991 0.15999895 0.15999785
 0.15999988 0.16       0.15999735 0.15999816]"
769,769,"[0.1599983  0.1599981  0.1599999  0.15999991 0.15999896 0.15999785
 0.1599999  0.16       0.15999735 0.15999822]"
770,770,"[0.15999825 0.15999823 0.15999988 0.1599999  0.15999898 0.15999784
 0.15999992 0.16       0.15999735 0.15999829]"
771,771,"[0.1599982  0.15999836 0.15999987 0.1599999  0.15999899 0.15999782
 0.15999994 0.16       0.15999736 0.15999836]"
772,772,"[0.15999815 0.15999848 0.15999985 0.15999989 0.159999   0.15999781
 0.15999995 0.16       0.15999736 0.15999842]"
773,773,"[0.15999809 0.1599986  0.15999984 0.15999993 0.15999874 0.15999779
 0.15999996 0.16       0.15999736 0.15999849]"
774,774,"[0.15999803 0.15999872 0.15999983 0.15999943 0.15999979 0.15999777
 0.15999997 0.16       0.15999737 0.15999855]"
775,775,"[0.15999798 0.15999882 0.15999982 0.15999943 0.15999978 0.15999775
 0.15999998 0.16       0.15999737 0.15999862]"
776,776,"[0.15999792 0.15999893 0.15999982 0.15999943 0.15999977 0.15999772
 0.15999999 0.15999999 0.15999738 0.15999868]"
777,777,"[0.15999786 0.15999902 0.15999981 0.15999943 0.15999975 0.1599977
 0.15999999 0.15999999 0.15999738 0.15999874]"
778,778,"[0.1599978  0.15999912 0.1599998  0.15999943 0.15999974 0.15999767
 0.15999999 0.15999999 0.15999738 0.1599988 ]"
779,779,"[0.15999774 0.1599992  0.1599998  0.15999943 0.15999982 0.15999764
 0.16       0.15999998 0.1599974  0.15999887]"
780,780,"[0.15999768 0.15999928 0.15999979 0.15999943 0.15999741 0.15999762
 0.16       0.15999998 0.15999773 0.15999893]"
781,781,"[0.15999763 0.15999935 0.15999979 0.15999943 0.1599974  0.15999759
 0.16       0.15999997 0.15999771 0.15999898]"
782,782,"[0.15999758 0.15999942 0.15999979 0.15999944 0.1599974  0.16003202
 0.16       0.15999997 0.1599977  0.16000977]"
783,783,"[0.15999753 0.15999948 0.15999978 0.15999944 0.15999739 0.16
 0.16       0.15999996 0.15999769 0.15999999]"
784,784,"[0.15999748 0.15999954 0.15999978 0.15999944 0.15999739 0.16
 0.16       0.15999995 0.15999767 0.15999999]"
785,785,"[0.15999744 0.15999959 0.15999978 0.15999944 0.15999739 0.15999999
 0.16       0.15999995 0.15999765 0.15999999]"
786,786,"[0.15999741 0.15999964 0.15999978 0.15999945 0.15999738 0.15999999
 0.15999999 0.15999994 0.15999763 0.16      ]"
787,787,"[0.15999738 0.15999969 0.15999978 0.15999945 0.15999738 0.15999999
 0.15999999 0.15999993 0.15999761 0.16      ]"
788,788,"[0.15999736 0.15999973 0.15999978 0.15999946 0.15999738 0.15999999
 0.15999999 0.15999992 0.15999759 0.16      ]"
789,789,"[0.15999734 0.15999976 0.16000051 0.15999946 0.15999738 0.15999998
 0.15999998 0.15999991 0.15999774 0.16      ]"
790,790,"[0.15999733 0.1599998  0.15999969 0.15999947 0.15999737 0.15999998
 0.15999998 0.15999989 0.15999762 0.16      ]"
791,791,"[0.15999733 0.15999983 0.15999968 0.15999947 0.15999737 0.15999998
 0.15999997 0.15999988 0.15999759 0.16      ]"
792,792,"[0.15999734 0.15999985 0.15999968 0.15999948 0.15999737 0.15999997
 0.15999997 0.15999987 0.15999756 0.16      ]"
793,793,"[0.15999736 0.15999988 0.15999967 0.15999948 0.15999737 0.15999997
 0.15999996 0.15999985 0.15999753 0.16      ]"
794,794,"[0.15999739 0.1599999  0.15999967 0.15999949 0.15999737 0.15999996
 0.15999996 0.15999983 0.1599975  0.16      ]"
795,795,"[0.15999742 0.15999991 0.15999966 0.15999949 0.15999737 0.15999995
 0.15999995 0.15999981 0.15999748 0.16      ]"
796,796,"[0.15999747 0.15999993 0.15999966 0.1599995  0.15999737 0.15999995
 0.15999994 0.1599998  0.15999745 0.15999999]"
797,797,"[0.15999752 0.15999994 0.15999965 0.15999951 0.15999737 0.15999994
 0.15999994 0.15999977 0.15999742 0.15999999]"
798,798,"[0.15999758 0.15999996 0.15999965 0.15999951 0.15999737 0.15999993
 0.15999993 0.15999975 0.1599974  0.15999999]"
799,799,"[0.15999765 0.15999997 0.15999964 0.15999952 0.15999737 0.15999992
 0.15999992 0.15999973 0.15999738 0.15999999]"
800,800,"[0.15999772 0.15999997 0.15999963 0.15999953 0.15999737 0.15999991
 0.15999992 0.1599997  0.15999736 0.15999998]"
801,801,"[0.15999781 0.15999998 0.15999962 0.15999953 0.15999737 0.1599999
 0.15999991 0.15999968 0.15999735 0.15999998]"
802,802,"[0.15999789 0.15999999 0.15999961 0.15999954 0.15999737 0.15999988
 0.1599999  0.15999965 0.15999734 0.15999998]"
803,803,"[0.15999798 0.15999999 0.15999947 0.15999955 0.15999976 0.15999987
 0.15999989 0.15999962 0.15999733 0.15999997]"
804,804,"[0.15999808 0.16000037 0.15999738 0.1599992  0.15999983 0.15999985
 0.16000075 0.15999959 0.15999733 0.15999997]"
805,805,"[0.15999818 0.15999889 0.15999734 0.15999805 0.15999984 0.15999984
 0.15999998 0.15999956 0.15999734 0.15999997]"
806,806,"[0.15999828 0.15999749 0.15999735 0.15999808 0.15999985 0.15999982
 0.15999997 0.15999953 0.15999761 0.15999996]"
807,807,"[0.15999838 0.1599975  0.1599974  0.15999812 0.15999985 0.1599998
 0.15999997 0.15999949 0.15999756 0.15999996]"
808,808,"[0.15999848 0.15999751 0.15999749 0.15999816 0.15999986 0.15999978
 0.15999996 0.15999946 0.15999752 0.15999996]"
809,809,"[0.15999858 0.15999752 0.1599976  0.15999819 0.15999987 0.15999976
 0.16001721 0.1600003  0.15999748 0.15999995]"
810,810,"[0.15999868 0.15999752 0.15999772 0.15999823 0.15999988 0.15999973
 0.15999799 0.15999877 0.15999745 0.15999995]"
811,811,"[0.15999877 0.15999753 0.15999785 0.15999827 0.15999988 0.15999971
 0.15999799 0.15999872 0.15999742 0.15999994]"
812,812,"[0.15999887 0.15999754 0.15999797 0.1599983  0.15999989 0.15999968
 0.159998   0.15999868 0.1599974  0.15999994]"
813,813,"[0.15999896 0.15999754 0.15999808 0.15999834 0.1599999  0.16000002
 0.159998   0.15999903 0.15999737 0.15999993]"
814,814,"[0.15999905 0.15999755 0.15999818 0.15999838 0.15999991 0.15999999
 0.15999801 0.15999928 0.15999736 0.15999993]"
815,815,"[0.15999913 0.15999756 0.15999827 0.15999841 0.15999991 0.15999998
 0.15999801 0.15999925 0.15999735 0.15999992]"
816,816,"[0.15999921 0.15999756 0.15999835 0.15999845 0.15999992 0.15999998
 0.15999802 0.15999922 0.15999734 0.15999992]"
817,817,"[0.15999928 0.15999757 0.15999842 0.15999849 0.15999993 0.15999997
 0.15999803 0.15999918 0.15999733 0.15999992]"
818,818,"[0.15999935 0.15999757 0.15999848 0.15999852 0.15999993 0.15999997
 0.15999804 0.15999915 0.15999733 0.15999991]"
819,819,"[0.15999941 0.15999789 0.15999853 0.15999856 0.15999994 0.15999996
 0.1599978  0.15999912 0.15999734 0.15999991]"
820,820,"[0.15999947 0.15999822 0.15999858 0.1599986  0.15999995 0.15999995
 0.15999737 0.15999908 0.15999734 0.15999991]"
821,821,"[0.15999953 0.15999825 0.15999861 0.15999863 0.15999995 0.15999994
 0.15999736 0.15999905 0.15999736 0.1599999 ]"
822,822,"[0.15999958 0.15999828 0.15999865 0.15999867 0.15999996 0.15999994
 0.15999735 0.15999901 0.15999737 0.1599999 ]"
823,823,"[0.15999963 0.15999831 0.15999867 0.15999871 0.15999996 0.15999992
 0.15999734 0.15999898 0.15999739 0.1599999 ]"
824,824,"[0.15999967 0.15999834 0.15999869 0.15999874 0.15999997 0.15999991
 0.15999734 0.15999894 0.1599974  0.15999989]"
825,825,"[0.15999971 0.15999837 0.15999871 0.15999878 0.15999997 0.1599999
 0.15999734 0.15999891 0.15999743 0.15999989]"
826,826,"[0.15999974 0.15999839 0.15999873 0.15999881 0.15999998 0.15999989
 0.15999733 0.15999887 0.15999745 0.15999989]"
827,827,"[0.15999977 0.15999842 0.15999874 0.15999885 0.15999998 0.15999987
 0.15999733 0.15999883 0.15999747 0.15999989]"
828,828,"[0.1599998  0.15999845 0.15999875 0.15999888 0.15999998 0.15999986
 0.15999733 0.15999879 0.1599975  0.15999989]"
829,829,"[0.15999983 0.15999848 0.15999875 0.15999891 0.15999999 0.15999984
 0.15999734 0.15999876 0.15999753 0.15999989]"
830,830,"[0.15999985 0.15999851 0.15999876 0.15999895 0.15999999 0.15999982
 0.15999734 0.15999872 0.15999756 0.15999989]"
831,831,"[0.15999987 0.15999853 0.15999876 0.15999898 0.15999999 0.1599998
 0.15999735 0.15999868 0.15999759 0.15999989]"
832,832,"[0.15999989 0.15999856 0.15999876 0.15999901 0.16       0.15999978
 0.15999736 0.15999864 0.15999762 0.15999989]"
833,833,"[0.1599999  0.15999859 0.15999875 0.15999905 0.16       0.15999976
 0.15999737 0.1599986  0.15999765 0.15999989]"
834,834,"[0.15999992 0.15999862 0.15999875 0.15999908 0.16       0.15999973
 0.15999738 0.15999856 0.15999768 0.15999989]"
835,835,"[0.16000001 0.15999864 0.15999978 0.15999911 0.16       0.15999971
 0.1599974  0.15999852 0.15999771 0.15999989]"
836,836,"[0.15999899 0.15999867 0.15999988 0.15999914 0.16       0.15999968
 0.15999742 0.15999848 0.15999775 0.15999989]"
837,837,"[0.15999904 0.1599987  0.15999987 0.15999917 0.16       0.15999965
 0.15999744 0.15999844 0.15999778 0.1599999 ]"
838,838,"[0.1599991  0.15999873 0.15999986 0.1599992  0.16       0.15999963
 0.15999746 0.1599984  0.15999781 0.1599999 ]"
839,839,"[0.15999915 0.15999875 0.15999986 0.15999923 0.16       0.15999959
 0.15999748 0.15999836 0.15999784 0.1599999 ]"
840,840,"[0.15999921 0.15999878 0.15999985 0.15999925 0.16       0.15999956
 0.15999751 0.15999832 0.15999787 0.15999991]"
841,841,"[0.15999926 0.1599988  0.15999984 0.15999928 0.16       0.15999953
 0.15999754 0.15999827 0.1599979  0.15999991]"
842,842,"[0.1599993  0.15999883 0.15999984 0.15999931 0.16       0.1599995
 0.15999757 0.15999823 0.15999792 0.15999992]"
843,843,"[0.15999935 0.15999885 0.15999983 0.15999933 0.15999999 0.15999946
 0.1599976  0.15999819 0.15999795 0.15999992]"
844,844,"[0.15999939 0.15999888 0.15999982 0.15999946 0.15999999 0.15999943
 0.15999763 0.15999815 0.15999798 0.15999993]"
845,845,"[0.15999944 0.1599989  0.15999982 0.15999873 0.15999998 0.15999939
 0.15999767 0.15999811 0.159998   0.15999993]"
846,846,"[0.15999948 0.15999893 0.15999981 0.15999876 0.15999998 0.15999935
 0.1599977  0.15999807 0.15999802 0.15999994]"
847,847,"[0.15999951 0.15999895 0.1599998  0.15999879 0.15999998 0.15999931
 0.15999774 0.15999803 0.15999805 0.15999994]"
848,848,"[0.15999955 0.15999898 0.1599998  0.15999882 0.15999998 0.15999927
 0.15999778 0.15999799 0.15999807 0.15999995]"
849,849,"[0.15999958 0.159999   0.15999979 0.15999881 0.15999998 0.15999923
 0.15999782 0.15999795 0.15999808 0.15999995]"
850,850,"[0.15999962 0.15999902 0.15999978 0.15999872 0.15999998 0.1599992
 0.15999786 0.15999791 0.15999809 0.15999996]"
851,851,"[0.15999965 0.15999905 0.15999977 0.15999869 0.15999997 0.15999916
 0.15999791 0.15999787 0.15999812 0.15999996]"
852,852,"[0.15999968 0.15999907 0.15999977 0.15999866 0.15999997 0.15999912
 0.15999795 0.15999783 0.15999815 0.15999997]"
853,853,"[0.1599997  0.15999909 0.15999976 0.15999862 0.15999997 0.15999908
 0.15999799 0.1599978  0.15999819 0.15999998]"
854,854,"[0.15999973 0.15999911 0.15999975 0.15999859 0.15999997 0.15999904
 0.15999804 0.15999776 0.15999821 0.15999998]"
855,855,"[0.15999976 0.15999914 0.15999974 0.16000302 0.15999997 0.159999
 0.15999809 0.15999772 0.15999824 0.15999998]"
856,856,"[0.15999978 0.15999916 0.15999973 0.15999899 0.15999997 0.15999896
 0.15999813 0.15999769 0.15999826 0.15999993]"
857,857,"[0.1599998  0.15999918 0.15999973 0.15999897 0.15999997 0.15999892
 0.15999818 0.15999765 0.15999828 0.15999995]"
858,858,"[0.15999982 0.1599992  0.15999972 0.15999895 0.15999996 0.15999889
 0.15999823 0.15999762 0.1599983  0.15999997]"
859,859,"[0.15999984 0.15999922 0.15999971 0.15999893 0.15999996 0.15999885
 0.15999828 0.15999758 0.15999831 0.15999998]"
860,860,"[0.15999986 0.15999924 0.1599997  0.15999891 0.15999996 0.15999881
 0.15999833 0.15999755 0.15999832 0.15999999]"
861,861,"[0.15999987 0.15999926 0.15999969 0.15999889 0.15999996 0.15999878
 0.15999837 0.15999752 0.15999833 0.16      ]"
862,862,"[0.15999989 0.15999928 0.15999968 0.15999886 0.15999996 0.15999875
 0.15999842 0.15999749 0.15999833 0.16      ]"
863,863,"[0.1599999  0.1599993  0.15999967 0.15999884 0.15999996 0.15999872
 0.15999847 0.15999747 0.15999833 0.15999999]"
864,864,"[0.15999991 0.15999932 0.15999966 0.15999881 0.15999996 0.15999869
 0.15999852 0.15999744 0.15999833 0.15999998]"
865,865,"[0.15999993 0.15999934 0.15999964 0.15999878 0.15999996 0.15999866
 0.15999857 0.15999742 0.15999832 0.15999997]"
866,866,"[0.15999994 0.1600007  0.15999963 0.15999875 0.15999996 0.15999863
 0.1600014  0.15999782 0.15999831 0.15999994]"
867,867,"[0.15999997 0.15999924 0.15999962 0.15999872 0.15999996 0.1599986
 0.16000783 0.16000285 0.1599983  0.1600002 ]"
868,868,"[0.15999938 0.15999922 0.15999961 0.15999869 0.15999996 0.15999858
 0.15999999 0.15999916 0.15999829 0.1599977 ]"
869,869,"[0.15999943 0.15999919 0.1599996  0.15999866 0.15999996 0.15999855
 0.15999999 0.15999913 0.15999827 0.15999764]"
870,870,"[0.15999947 0.15999916 0.15999958 0.15999863 0.15999996 0.15999853
 0.15999999 0.15999909 0.15999825 0.1599976 ]"
871,871,"[0.15999951 0.15999913 0.15999957 0.15999859 0.15999996 0.15999851
 0.15999999 0.15999906 0.15999823 0.15999757]"
872,872,"[0.15999954 0.1599991  0.15999956 0.15999856 0.15999996 0.1599985
 0.15999999 0.15999902 0.15999821 0.15999756]"
873,873,"[0.15999958 0.15999907 0.15999954 0.15999852 0.15999996 0.15999848
 0.15999999 0.15999898 0.15999818 0.15999755]"
874,874,"[0.15999961 0.15999904 0.15999953 0.15999848 0.15999997 0.15999846
 0.15999999 0.15999894 0.15999815 0.15999755]"
875,875,"[0.15999964 0.15999901 0.15999952 0.15999844 0.15999997 0.15999845
 0.15999999 0.1599989  0.15999812 0.15999756]"
876,876,"[0.15999967 0.15999898 0.1599995  0.1599984  0.15999997 0.15999844
 0.16       0.15999886 0.15999809 0.15999756]"
877,877,"[0.1599997  0.15999894 0.15999952 0.15999836 0.15999997 0.16000223
 0.16       0.15999882 0.15999805 0.15999757]"
878,878,"[0.15999972 0.15999891 0.15999927 0.15999832 0.15999997 0.15999936
 0.16       0.15999877 0.15999802 0.15999758]"
879,879,"[0.15999975 0.15999887 0.15999925 0.15999828 0.15999997 0.15999936
 0.16       0.15999872 0.15999798 0.1599976 ]"
880,880,"[0.15999977 0.16002387 0.15999923 0.15999823 0.15999997 0.15999936
 0.16       0.15999867 0.15999794 0.1612855 ]"
881,881,"[0.15999979 0.15999956 0.15999921 0.15999819 0.15999997 0.15999936
 0.16       0.15999862 0.1599979  0.15999737]"
882,882,"[0.15999981 0.15999955 0.1599992  0.15999814 0.15999998 0.15999935
 0.16       0.15999857 0.15999786 0.15999735]"
883,883,"[0.15999983 0.15999953 0.15999918 0.1599981  0.15999998 0.15999935
 0.16       0.15999852 0.16000387 0.15999955]"
884,884,"[0.15999984 0.15999951 0.15999915 0.15999805 0.15999998 0.15999935
 0.16       0.15999847 0.15999896 0.15999977]"
885,885,"[0.15999986 0.1599995  0.15999913 0.15999801 0.15999998 0.15999934
 0.16       0.15999842 0.159999   0.1599998 ]"
886,886,"[0.15999987 0.15999948 0.15999911 0.15999796 0.15999998 0.15999934
 0.16       0.15999837 0.15999904 0.15999983]"
887,887,"[0.15999989 0.15999946 0.15999909 0.15999792 0.15999999 0.15999933
 0.16       0.15999832 0.15999909 0.15999986]"
888,888,"[0.15999986 0.15999944 0.15999907 0.15999788 0.15999999 0.15999933
 0.1600005  0.15999827 0.15999913 0.15999989]"
889,889,"[0.15999945 0.15999942 0.15999904 0.15999783 0.15999999 0.15999932
 0.1599991  0.15999822 0.15999918 0.15999992]"
890,890,"[0.15999949 0.1599994  0.15999902 0.15999779 0.15999999 0.15999932
 0.15999916 0.15999817 0.15999922 0.15999994]"
891,891,"[0.15999952 0.15999938 0.15999899 0.15999775 0.15999999 0.15999931
 0.15999922 0.15999812 0.15999927 0.15999996]"
892,892,"[0.15999955 0.15999936 0.15999897 0.15999771 0.15999999 0.1599993
 0.15999927 0.15999808 0.15999932 0.15999997]"
893,893,"[0.15999944 0.15999934 0.15999894 0.15999767 0.16       0.15999929
 0.15999932 0.15999804 0.15999937 0.1600004 ]"
894,894,"[0.15999736 0.15999931 0.15999892 0.15999763 0.16       0.15999929
 0.15999937 0.159998   0.15999942 0.15999936]"
895,895,"[0.15999736 0.15999929 0.15999889 0.1599976  0.16       0.15999928
 0.15999942 0.15999796 0.15999948 0.15999928]"
896,896,"[0.15999736 0.15999927 0.15999886 0.15999756 0.16       0.15999927
 0.15999947 0.15999793 0.15999953 0.15999921]"
897,897,"[0.15999736 0.15999924 0.15999884 0.15999753 0.16       0.15999925
 0.15999951 0.1599979  0.15999958 0.15999913]"
898,898,"[0.15999736 0.15999922 0.15999881 0.1599975  0.16       0.15999924
 0.15999955 0.15999788 0.15999964 0.15999905]"
899,899,"[0.15999736 0.15999919 0.15999878 0.15999748 0.16       0.15999923
 0.15999959 0.15999786 0.15999969 0.15999897]"
900,900,"[0.15999735 0.15999916 0.15999875 0.15999745 0.16       0.15999922
 0.15999963 0.15999786 0.15999975 0.1599989 ]"
901,901,"[0.15999735 0.15999914 0.15999872 0.15999743 0.16       0.1599992
 0.15999967 0.15999786 0.1599998  0.15999882]"
902,902,"[0.15999735 0.15999911 0.1599987  0.15999741 0.16       0.15999919
 0.1599997  0.15999788 0.15999984 0.15999874]"
903,903,"[0.15999735 0.15999908 0.15999867 0.15999739 0.16       0.15999917
 0.15999974 0.15999791 0.15999989 0.15999867]"
904,904,"[0.15999734 0.15999905 0.15999864 0.15999737 0.16       0.15999916
 0.15999977 0.15999798 0.15999993 0.15999859]"
905,905,"[0.15999734 0.15999902 0.15999861 0.15999736 0.16       0.15999914
 0.1599998  0.1599981  0.15999996 0.15999852]"
906,906,"[0.15999734 0.15999899 0.15999858 0.15999735 0.16       0.15999912
 0.15999982 0.15999829 0.15999998 0.15999845]"
907,907,"[0.15999734 0.15999896 0.15999855 0.15999734 0.16       0.1599991
 0.15999985 0.15999863 0.16       0.15999838]"
908,908,"[0.15999734 0.15999893 0.15999852 0.15999734 0.16       0.15999908
 0.15999987 0.15999916 0.16       0.15999831]"
909,909,"[0.15999734 0.1599989  0.15999849 0.15999733 0.16       0.15999906
 0.15999989 0.1599998  0.15999999 0.15999825]"
910,910,"[0.15999734 0.15999887 0.15999846 0.15999733 0.16       0.15999904
 0.15999991 0.15999994 0.15999996 0.15999819]"
911,911,"[0.15999734 0.15999884 0.15999843 0.15999734 0.16000875 0.15999902
 0.15999992 0.15999932 0.15999991 0.15999812]"
912,912,"[0.15999734 0.1599988  0.1599984  0.15999734 0.15999997 0.15999899
 0.15999994 0.15999856 0.15999984 0.15999807]"
913,913,"[0.15999734 0.15999877 0.15999836 0.15999735 0.15999998 0.15999897
 0.15999995 0.15999803 0.15999974 0.15999801]"
914,914,"[0.15999734 0.15999873 0.15999833 0.15999736 0.15999999 0.15999894
 0.15999996 0.15999771 0.15999963 0.15999795]"
915,915,"[0.15999734 0.1599987  0.1599983  0.15999737 0.15999999 0.15999892
 0.15999997 0.15999753 0.15999949 0.1599979 ]"
916,916,"[0.15999734 0.15999866 0.15999827 0.15999739 0.15999999 0.15999889
 0.15999998 0.15999742 0.15999932 0.15999785]"
917,917,"[0.15999734 0.15999863 0.15999824 0.15999741 0.15999999 0.15999886
 0.15999999 0.15999736 0.15999914 0.15999781]"
918,918,"[0.15999734 0.15999859 0.15999821 0.15999743 0.15999999 0.15999883
 0.15999999 0.15999734 0.15999893 0.15999776]"
919,919,"[0.15999734 0.15999856 0.15999818 0.15999746 0.15999999 0.1599988
 0.16       0.15999734 0.1599987  0.15999772]"
920,920,"[0.15999734 0.15999852 0.15999815 0.15999748 0.15999999 0.15999877
 0.16       0.15999735 0.15999846 0.15999768]"
921,921,"[0.15999734 0.15999848 0.15999812 0.15999751 0.15999999 0.15999874
 0.16       0.15999738 0.15999822 0.15999764]"
922,922,"[0.15999734 0.15999844 0.1599981  0.15999746 0.15999999 0.15999873
 0.16       0.15999742 0.15999798 0.15999761]"
923,923,"[0.15999734 0.15999841 0.15999807 0.15999734 0.15999999 0.15999872
 0.16       0.15999747 0.15999776 0.15999758]"
924,924,"[0.15999739 0.15999837 0.15999804 0.15999735 0.16       0.15999869
 0.16       0.15999753 0.15999757 0.15999755]"
925,925,"[0.1599981  0.15999833 0.15999801 0.15999737 0.15999789 0.15999865
 0.15999999 0.1599976  0.15999743 0.15999752]"
926,926,"[0.15999806 0.15999829 0.15999798 0.15999738 0.15999757 0.15999861
 0.15999999 0.15999767 0.15999735 0.15999749]"
927,927,"[0.15999803 0.15999825 0.15999795 0.1599974  0.15999737 0.15999857
 0.15999998 0.15999775 0.15999734 0.15999747]"
928,928,"[0.159998   0.15999822 0.15999793 0.15999743 0.15999736 0.15999853
 0.15999997 0.15999784 0.15999742 0.15999745]"
929,929,"[0.15999796 0.15999818 0.1599979  0.15999746 0.15999755 0.15999849
 0.15999997 0.15999792 0.15999758 0.15999743]"
930,930,"[0.15999797 0.15999814 0.15999788 0.15999749 0.1599979  0.15999845
 0.15999996 0.15999802 0.15999819 0.15999741]"
931,931,"[0.15999824 0.1599981  0.15999785 0.15999752 0.15999831 0.15999841
 0.15999995 0.15999811 0.15999984 0.1599974 ]"
932,932,"[0.1599982  0.15999806 0.15999782 0.15999756 0.1599987  0.15999837
 0.15999994 0.1599982  0.15999985 0.15999738]"
933,933,"[0.15999816 0.15999803 0.1599978  0.15999759 0.15999903 0.15999833
 0.15999993 0.1599983  0.15999986 0.15999737]"
934,934,"[0.15999812 0.15999799 0.15999778 0.15999764 0.1599993  0.15999829
 0.15999992 0.15999839 0.15999987 0.15999736]"
935,935,"[0.15999808 0.15999795 0.15999775 0.15999768 0.1599995  0.15999825
 0.15999991 0.15999848 0.15999989 0.15999735]"
936,936,"[0.15999804 0.15999792 0.15999773 0.15999773 0.15999965 0.1599982
 0.1599999  0.15999857 0.1599999  0.15999735]"
937,937,"[0.159998   0.15999788 0.15999771 0.15999778 0.15999976 0.15999816
 0.15999989 0.15999866 0.15999992 0.15999734]"
938,938,"[0.15999796 0.15999784 0.15999769 0.15999783 0.15999984 0.15999812
 0.15999988 0.15999875 0.15999994 0.15999734]"
939,939,"[0.15999792 0.15999781 0.15999766 0.15999788 0.15999989 0.15999808
 0.15999987 0.15999883 0.15999996 0.15999733]"
940,940,"[0.15999788 0.15999778 0.15999764 0.15999793 0.15999993 0.15999804
 0.15999986 0.15999891 0.15999997 0.15999733]"
941,941,"[0.15999784 0.15999774 0.15999762 0.15999798 0.15999996 0.159998
 0.15999985 0.15999899 0.15999999 0.15999733]"
942,942,"[0.1599978  0.15999771 0.1599976  0.15999804 0.15999998 0.15999796
 0.15999984 0.15999906 0.16       0.15999733]"
943,943,"[0.15999777 0.15999768 0.15999759 0.1599981  0.15999999 0.15999792
 0.15999982 0.15999913 0.16       0.15999734]"
944,944,"[0.15999773 0.15999765 0.15999757 0.15999815 0.15999999 0.15999788
 0.15999981 0.1599992  0.16       0.15999734]"
945,945,"[0.15999769 0.15999762 0.15999755 0.15999821 0.16       0.15999784
 0.1599998  0.15999926 0.15999999 0.15999734]"
946,946,"[0.15999766 0.15999759 0.15999753 0.15999827 0.16       0.1599978
 0.15999979 0.15999932 0.15999998 0.15999735]"
947,947,"[0.15999763 0.15999757 0.15999752 0.15999833 0.16       0.15999777
 0.15999978 0.15999938 0.15999996 0.15999735]"
948,948,"[0.15999759 0.15999754 0.1599975  0.15999838 0.16       0.15999773
 0.15999977 0.15999943 0.15999993 0.15999736]"
949,949,"[0.15999756 0.15999752 0.15999748 0.15999844 0.16       0.1599977
 0.15999976 0.15999948 0.1599999  0.15999737]"
950,950,"[0.15999753 0.15999749 0.15999747 0.1599985  0.15999999 0.15999766
 0.15999975 0.15999952 0.15999986 0.15999737]"
951,951,"[0.15999751 0.15999747 0.15999746 0.15999855 0.15999999 0.15999763
 0.15999975 0.15999956 0.15999982 0.15999738]"
952,952,"[0.15999748 0.15999745 0.15999744 0.15999861 0.15999999 0.1599976
 0.15999974 0.1599996  0.15999977 0.15999739]"
953,953,"[0.15999746 0.15999743 0.15999743 0.15999866 0.15999998 0.15999757
 0.15999973 0.15999964 0.15999972 0.1599974 ]"
954,954,"[0.15999743 0.15999742 0.15999742 0.15999872 0.15999998 0.15999754
 0.15999972 0.15999967 0.15999967 0.15999741]"
955,955,"[0.15999741 0.1599974  0.15999755 0.15999877 0.15999998 0.15999751
 0.15999971 0.15999957 0.15999962 0.15999741]"
956,956,"[0.1599974  0.15999739 0.15999768 0.15999882 0.15999997 0.15999749
 0.1599997  0.1599989  0.15999956 0.15999742]"
957,957,"[0.15999738 0.15999737 0.15999766 0.15999887 0.15999997 0.15999746
 0.1599997  0.15999896 0.15999951 0.15999743]"
958,958,"[0.15999737 0.15999736 0.15999763 0.15999892 0.16026355 0.15999744
 0.16011181 0.15999903 0.15999945 0.15999744]"
959,959,"[0.15999735 0.15999735 0.15999761 0.15999897 0.15999742 0.15999742
 0.15999781 0.15999909 0.1599994  0.15999745]"
960,960,"[0.15999735 0.15999735 0.15999759 0.15999902 0.15999744 0.1599974
 0.15999784 0.15999915 0.15999934 0.15999745]"
961,961,"[0.15999734 0.15999734 0.15999757 0.15999906 0.15999747 0.15999739
 0.15999787 0.1599992  0.15999929 0.15999746]"
962,962,"[0.15999733 0.15999734 0.15999755 0.1599991  0.15999749 0.15999737
 0.1599979  0.15999926 0.15999924 0.15999746]"
963,963,"[0.15999733 0.15999733 0.15999753 0.15999915 0.15999752 0.15999736
 0.15999793 0.15999931 0.15999919 0.15999747]"
964,964,"[0.15999733 0.15999733 0.15999751 0.15999919 0.15999755 0.15999735
 0.15999796 0.15999935 0.15999914 0.15999748]"
965,965,"[0.15999734 0.15999733 0.15999749 0.15999923 0.15999758 0.15999734
 0.15999799 0.1599994  0.15999909 0.15999748]"
966,966,"[0.15999734 0.15999734 0.15999747 0.15999927 0.15999761 0.15999734
 0.15999802 0.15999944 0.15999904 0.15999748]"
967,967,"[0.15999735 0.15999734 0.15999746 0.1599993  0.15999764 0.15999733
 0.15999806 0.15999948 0.15999899 0.15999749]"
968,968,"[0.15999736 0.15999735 0.15999744 0.15999934 0.15999768 0.15999733
 0.15999809 0.15999952 0.15999895 0.15999749]"
969,969,"[0.15999738 0.15999735 0.15999743 0.15999937 0.15999771 0.15999733
 0.15999812 0.15999955 0.15999891 0.15999749]"
970,970,"[0.15999741 0.15999736 0.15999741 0.1599994  0.15999774 0.15999734
 0.15999815 0.15999959 0.15999886 0.15999749]"
971,971,"[0.15999747 0.15999738 0.1599974  0.15999944 0.15999778 0.15999734
 0.15999819 0.15999962 0.15999882 0.1599975 ]"
972,972,"[0.15999749 0.15999751 0.15999739 0.15999947 0.15999781 0.15999735
 0.15999834 0.15999965 0.15999878 0.1599975 ]"
973,973,"[0.15999752 0.15999751 0.15999738 0.15999949 0.15999784 0.15999736
 0.15999752 0.15999967 0.15999874 0.15999751]"
974,974,"[0.15999756 0.15999753 0.15999737 0.15999952 0.15999788 0.15999737
 0.15999755 0.1599997  0.1599987  0.15999752]"
975,975,"[0.15999759 0.15999755 0.15999736 0.15999955 0.15999791 0.15999739
 0.15999758 0.15999972 0.15999867 0.15999753]"
976,976,"[0.15999762 0.15999758 0.15999735 0.15999957 0.15999795 0.15999741
 0.15999761 0.15999975 0.15999863 0.15999754]"
977,977,"[0.15999766 0.1599976  0.15999735 0.1599996  0.15999798 0.15999743
 0.15999764 0.15999977 0.1599986  0.15999756]"
978,978,"[0.1599977  0.15999763 0.15999734 0.15999962 0.15999801 0.15999745
 0.15999767 0.15999979 0.15999856 0.15999757]"
979,979,"[0.15999774 0.15999765 0.15999734 0.15999964 0.15999804 0.15999747
 0.1599977  0.15999981 0.15999853 0.15999758]"
980,980,"[0.15999778 0.15999768 0.15999733 0.15999952 0.15999808 0.1599975
 0.15999773 0.15999982 0.1599985  0.15999848]"
981,981,"[0.15999783 0.15999771 0.15999733 0.15999906 0.15999811 0.15999753
 0.15999777 0.15999984 0.15999846 0.15999904]"
982,982,"[0.15999787 0.15999774 0.15999733 0.1599991  0.15999814 0.15999756
 0.1599978  0.15999986 0.15999843 0.1599991 ]"
983,983,"[0.15999792 0.15999777 0.15999733 0.15999914 0.15999817 0.15999759
 0.15999784 0.15999987 0.1599984  0.15999915]"
984,984,"[0.15999796 0.15999781 0.15999734 0.15999918 0.1599982  0.15999763
 0.15999788 0.15999988 0.15999837 0.1599992 ]"
985,985,"[0.15999801 0.15999784 0.15999734 0.15999922 0.15999823 0.15999766
 0.15999791 0.15999989 0.15999834 0.15999925]"
986,986,"[0.15999806 0.15999788 0.15999735 0.15999925 0.15999826 0.1599977
 0.15999795 0.15999991 0.15999831 0.15999929]"
987,987,"[0.1599981  0.15999791 0.15999735 0.15999928 0.15999829 0.15999774
 0.15999799 0.15999992 0.15999828 0.15999932]"
988,988,"[0.15999815 0.15999795 0.15999736 0.15999932 0.15999832 0.15999761
 0.15999803 0.16000039 0.15999825 0.15999936]"
989,989,"[0.1599982  0.15999799 0.15999737 0.15999935 0.15999835 0.15999735
 0.15999807 0.15999972 0.15999823 0.15999939]"
990,990,"[0.15999825 0.15999803 0.15999738 0.15999938 0.15999837 0.15999736
 0.15999811 0.15999971 0.1599982  0.15999942]"
991,991,"[0.1599983  0.15999807 0.15999739 0.1599994  0.1599984  0.15999737
 0.15999815 0.15999971 0.15999817 0.15999944]"
992,992,"[0.15999835 0.15999811 0.15999741 0.15999943 0.15999843 0.15999739
 0.15999819 0.15999971 0.15999814 0.15999946]"
993,993,"[0.1599984  0.15999816 0.15999742 0.15999946 0.15999845 0.1599974
 0.15999824 0.1599997  0.15999812 0.15999948]"
994,994,"[0.16000576 0.1599982  0.15999744 0.15999948 0.15999848 0.15999742
 0.15999828 0.1599997  0.15999809 0.16014748]"
995,995,"[0.1599978  0.15999825 0.15999745 0.15999961 0.1599985  0.15999747
 0.15999832 0.15999969 0.15999806 0.15999988]"
996,996,"[0.15999785 0.1599983  0.15999747 0.15999883 0.15999853 0.15999734
 0.15999836 0.15999969 0.15999804 0.15999987]"
997,997,"[0.15999789 0.15999834 0.15999749 0.15999879 0.15999855 0.15999735
 0.1599984  0.15999969 0.15999801 0.15999986]"
998,998,"[0.15999793 0.15999839 0.15999751 0.15999922 0.15999858 0.15999733
 0.15999845 0.15999968 0.15999799 0.15999986]"
999,999,"[0.15999798 0.15999844 0.15999753 0.15999925 0.1599986  0.15999734
 0.15999849 0.15999968 0.15999796 0.15999985]"
1000,1000,"[0.15999802 0.15999849 0.15999756 0.15999928 0.15999862 0.15999734
 0.15999853 0.15999968 0.15999794 0.15999984]"
1001,1001,"[0.15999806 0.15999854 0.15999758 0.1599993  0.15999865 0.15999735
 0.15999857 0.15999967 0.15999791 0.15999984]"
1002,1002,"[0.15999811 0.15999859 0.15999761 0.15999933 0.15999867 0.15999737
 0.15999861 0.15999967 0.15999789 0.15999983]"
1003,1003,"[0.15999815 0.15999864 0.15999763 0.15999935 0.15999869 0.15999738
 0.15999865 0.15999966 0.15999786 0.15999982]"
1004,1004,"[0.16000571 0.15999869 0.15999766 0.15999937 0.15999871 0.15999738
 0.15999869 0.15999966 0.15999784 0.15999981]"
1005,1005,"[0.15999748 0.15999874 0.15999769 0.15999939 0.15999873 0.15999735
 0.15999874 0.15999965 0.15999782 0.1599998 ]"
1006,1006,"[0.15999751 0.15999878 0.15999772 0.15999941 0.15999875 0.15999734
 0.15999878 0.15999965 0.15999779 0.15999979]"
1007,1007,"[0.15999753 0.15999883 0.15999775 0.15999943 0.15999878 0.15999734
 0.15999881 0.15999965 0.15999777 0.15999977]"
1008,1008,"[0.15999756 0.15999888 0.15999778 0.15999945 0.1599988  0.15999733
 0.15999885 0.15999964 0.15999775 0.15999976]"
1009,1009,"[0.15999758 0.15999893 0.15999781 0.15999946 0.15999882 0.15999733
 0.15999889 0.15999964 0.15999773 0.15999975]"
1010,1010,"[0.15999761 0.15999898 0.15999785 0.15999948 0.15999884 0.15999734
 0.15999893 0.15999963 0.1599977  0.15999973]"
1011,1011,"[0.15999764 0.16000118 0.15999788 0.15999949 0.16000162 0.15999734
 0.15999897 0.15999963 0.15999768 0.15999972]"
1012,1012,"[0.15999767 0.15999962 0.15999791 0.1599995  0.15999737 0.15999735
 0.15999901 0.15999962 0.15999766 0.1599997 ]"
1013,1013,"[0.15999769 0.15999964 0.15999795 0.15999952 0.15999739 0.15999736
 0.15999904 0.15999962 0.15999764 0.15999969]"
1014,1014,"[0.15999772 0.15999967 0.15999798 0.15999953 0.1599974  0.15999737
 0.15999908 0.15999961 0.15999762 0.15999967]"
1015,1015,"[0.15999775 0.1599997  0.15999802 0.15999954 0.15999742 0.15999739
 0.15999912 0.15999961 0.1599976  0.15999965]"
1016,1016,"[0.15999779 0.15999972 0.15999805 0.15999955 0.15999743 0.15999741
 0.15999915 0.1599996  0.15999758 0.15999963]"
1017,1017,"[0.15999782 0.15999974 0.15999809 0.16063192 0.15999745 0.15999743
 0.15999919 0.16005086 0.15999756 0.15999961]"
1018,1018,"[0.15999785 0.15999976 0.15999812 0.15999761 0.15999748 0.15999745
 0.15999922 0.15999839 0.15999754 0.15999959]"
1019,1019,"[0.15999788 0.16000012 0.15999816 0.15999761 0.1599975  0.15999748
 0.15999925 0.15999839 0.15999762 0.15999957]"
1020,1020,"[0.15999791 0.15999999 0.1599982  0.15999762 0.15999752 0.15999751
 0.15999929 0.15999839 0.1599977  0.15999954]"
1021,1021,"[0.15999794 0.15999999 0.15999823 0.15999762 0.15999755 0.15999754
 0.15999932 0.15999839 0.15999768 0.15999952]"
1022,1022,"[0.15999797 0.15999999 0.15999827 0.15999763 0.15999757 0.15999758
 0.15999936 0.15999839 0.15999766 0.1599995 ]"
1023,1023,"[0.159998   0.15999999 0.1599978  0.15999764 0.15999764 0.15999739
 0.15999973 0.15999839 0.15999763 0.15999947]"
1024,1024,"[0.15999803 0.15999999 0.15999756 0.15999764 0.15999807 0.15999735
 0.15999751 0.15999839 0.15999761 0.15999944]"
1025,1025,"[0.15999806 0.15999999 0.15999759 0.15999766 0.15999802 0.15999735
 0.15999752 0.15999839 0.15999759 0.15999942]"
1026,1026,"[0.15999808 0.15999999 0.15999761 0.15999767 0.15999797 0.15999734
 0.15999753 0.1599984  0.15999757 0.15999939]"
1027,1027,"[0.15999811 0.15999999 0.15999764 0.15999768 0.15999792 0.15999734
 0.15999754 0.1599984  0.15999755 0.15999936]"
1028,1028,"[0.15999814 0.15999998 0.15999766 0.1599977  0.15999787 0.15999733
 0.15999755 0.1599984  0.15999753 0.15999933]"
1029,1029,"[0.15999817 0.15999998 0.15999769 0.15999772 0.15999782 0.15999733
 0.15999756 0.1599984  0.15999751 0.1599993 ]"
1030,1030,"[0.15999819 0.15999998 0.15999772 0.15999774 0.15999778 0.15999733
 0.15999758 0.1599984  0.15999749 0.15999927]"
1031,1031,"[0.15999822 0.15999998 0.15999775 0.15999776 0.15999774 0.15999734
 0.15999759 0.15999841 0.15999747 0.15999923]"
1032,1032,"[0.15999825 0.15999998 0.15999778 0.15999779 0.1599977  0.15999734
 0.15999761 0.15999841 0.15999746 0.1599992 ]"
1033,1033,"[0.15999827 0.15999998 0.1599978  0.15999782 0.15999766 0.15999734
 0.15999763 0.15999842 0.15999744 0.15999917]"
1034,1034,"[0.1599983  0.15999997 0.15999783 0.15999785 0.15999762 0.15999735
 0.15999766 0.15999842 0.15999743 0.15999913]"
1035,1035,"[0.15999832 0.15999997 0.15999786 0.15999789 0.15999759 0.15999998
 0.15999936 0.15999843 0.15999741 0.1599991 ]"
1036,1036,"[0.15999834 0.15999997 0.15999773 0.15999792 0.15999756 0.15999841
 0.15999835 0.1599989  0.1599974  0.15999906]"
1037,1037,"[0.15999837 0.15999997 0.15999747 0.15999796 0.15999753 0.15999844
 0.1599983  0.15999758 0.15999739 0.15999902]"
1038,1038,"[0.15999839 0.15999996 0.15999748 0.159998   0.1599975  0.15999848
 0.15999824 0.1599976  0.15999738 0.15999898]"
1039,1039,"[0.15999842 0.15999996 0.1599975  0.15999805 0.15999747 0.15999852
 0.15999818 0.15999762 0.15999737 0.15999894]"
1040,1040,"[0.15999844 0.15999996 0.15999745 0.16000119 0.15999745 0.15999856
 0.15999812 0.15999764 0.15999736 0.1599989 ]"
1041,1041,"[0.15999846 0.15999996 0.15999737 0.15999995 0.15999743 0.15999805
 0.15999806 0.15999766 0.15999794 0.15999886]"
1042,1042,"[0.15999848 0.15999995 0.15999737 0.15999995 0.15999741 0.15999805
 0.159998   0.15999768 0.15999791 0.15999882]"
1043,1043,"[0.15999851 0.15999995 0.15999737 0.15999994 0.15999739 0.15999805
 0.15999795 0.1599977  0.15999787 0.15999878]"
1044,1044,"[0.15999853 0.15999995 0.15999738 0.15999994 0.15999738 0.15999805
 0.15999789 0.15999772 0.15999784 0.15999874]"
1045,1045,"[0.15999855 0.15999994 0.15999738 0.15999993 0.15999737 0.15999806
 0.15999784 0.15999774 0.1599978  0.15999869]"
1046,1046,"[0.15999858 0.15999994 0.15999738 0.15999992 0.15999736 0.15999806
 0.15999779 0.15999777 0.15999777 0.15999865]"
1047,1047,"[0.1599986  0.15999994 0.15999738 0.15999992 0.15999735 0.15999807
 0.15999774 0.15999779 0.16001624 0.16000692]"
1048,1048,"[0.15999863 0.15999994 0.15999739 0.15999991 0.15999734 0.15999807
 0.15999842 0.15999763 0.15999867 0.15999787]"
1049,1049,"[0.15999865 0.15999993 0.15999739 0.1599999  0.15999734 0.15999808
 0.15999885 0.15999736 0.15999863 0.15999783]"
1050,1050,"[0.15999868 0.15999993 0.15999739 0.1599999  0.15999734 0.15999809
 0.15999881 0.15999737 0.15999859 0.15999779]"
1051,1051,"[0.1599987  0.15999993 0.15999739 0.16000056 0.15999733 0.1599981
 0.15999877 0.15999738 0.15999855 0.15999795]"
1052,1052,"[0.15999873 0.15999992 0.15999739 0.15999962 0.15999733 0.15999812
 0.15999873 0.15999739 0.15999852 0.1599981 ]"
1053,1053,"[0.15999875 0.15999992 0.15999739 0.15999961 0.15999733 0.15999814
 0.15999869 0.15999741 0.15999848 0.15999806]"
1054,1054,"[0.15999878 0.15999992 0.15999739 0.1599996  0.15999734 0.15999815
 0.15999865 0.15999742 0.15999844 0.15999801]"
1055,1055,"[0.15999881 0.15999993 0.15999739 0.1599996  0.15999734 0.15999818
 0.15999861 0.15999705 0.1599984  0.15999774]"
1056,1056,"[0.15999883 0.15999995 0.15999739 0.15999959 0.15999735 0.1599982
 0.15999857 0.15999861 0.15999836 0.15999879]"
1057,1057,"[0.15999886 0.15999996 0.15999739 0.15999958 0.15999735 0.15999822
 0.15999853 0.15999854 0.15999832 0.15999874]"
1058,1058,"[0.15999889 0.15999997 0.1599974  0.15999957 0.15999736 0.15999825
 0.15999849 0.15999847 0.15999828 0.1599987 ]"
1059,1059,"[0.15999892 0.15999998 0.1599974  0.15999956 0.15999737 0.15999828
 0.15999844 0.1599984  0.15999823 0.15999865]"
1060,1060,"[0.15999895 0.15999999 0.1599974  0.15999955 0.15999738 0.15999831
 0.1599984  0.15999833 0.15999819 0.15999861]"
1061,1061,"[0.15999898 0.15999999 0.1599974  0.15999955 0.15999739 0.15999834
 0.15999836 0.15999826 0.15999815 0.15999856]"
1062,1062,"[0.15999901 0.16       0.1599974  0.15999954 0.1599974  0.15999837
 0.15999832 0.15999819 0.15999811 0.15999852]"
1063,1063,"[0.15999904 0.16       0.1599974  0.15999953 0.15999741 0.15999841
 0.15999827 0.15999813 0.15999807 0.15999847]"
1064,1064,"[0.15999907 0.16       0.15999742 0.15999952 0.15999742 0.15999844
 0.15999823 0.15999806 0.15999803 0.15999859]"
1065,1065,"[0.15999883 0.16       0.15999782 0.15999951 0.15999744 0.15999848
 0.15999819 0.15999799 0.15999799 0.15999871]"
1066,1066,"[0.1599982  0.16       0.15999816 0.1599995  0.15999745 0.16003776
 0.15999815 0.16000476 0.15999795 0.15999867]"
1067,1067,"[0.15999824 0.16       0.15999813 0.1599995  0.15999747 0.15999975
 0.1599981  0.15999929 0.15999791 0.15999863]"
1068,1068,"[0.15999828 0.15999999 0.1599981  0.15999949 0.15999748 0.1599997
 0.15999806 0.15999923 0.15999787 0.15999858]"
1069,1069,"[0.15999832 0.15999999 0.15999807 0.15999948 0.1599975  0.15999965
 0.15999802 0.15999918 0.15999783 0.15999854]"
1070,1070,"[0.15999837 0.15999999 0.15999804 0.15999947 0.15999752 0.15999959
 0.15999798 0.15999912 0.1599978  0.15999849]"
1071,1071,"[0.15999841 0.15999998 0.15999801 0.15999946 0.15999754 0.15999953
 0.15999794 0.15999906 0.15999776 0.15999845]"
1072,1072,"[0.15999845 0.15999998 0.15999798 0.15999946 0.15999756 0.15999947
 0.1599979  0.159999   0.15999772 0.1599984 ]"
1073,1073,"[0.1599985  0.15999997 0.15999795 0.15999945 0.15999758 0.1599994
 0.15999786 0.15999893 0.15999769 0.15999835]"
1074,1074,"[0.15999855 0.15999996 0.15999792 0.15999944 0.1599976  0.15999933
 0.15999886 0.15999887 0.15999766 0.15999852]"
1075,1075,"[0.15999859 0.15999996 0.15999789 0.15999943 0.15999762 0.15999926
 0.15999831 0.1599988  0.15999762 0.15999842]"
1076,1076,"[0.15999864 0.15999995 0.15999785 0.15999942 0.15999765 0.15999918
 0.15999827 0.15999874 0.15999759 0.15999838]"
1077,1077,"[0.15999869 0.15999994 0.16000087 0.15999942 0.15999767 0.15999911
 0.15999822 0.15999867 0.1599987  0.15999833]"
1078,1078,"[0.15999874 0.15999993 0.15999878 0.15999941 0.1599977  0.15999903
 0.15999818 0.1599986  0.15999811 0.15999829]"
1079,1079,"[0.15999878 0.15999992 0.15999874 0.1599994  0.15999773 0.15999895
 0.15999813 0.15999853 0.15999806 0.15999824]"
1080,1080,"[0.15999883 0.15999992 0.1599987  0.15999939 0.15999801 0.16002601
 0.15999809 0.15999846 0.15999802 0.1599982 ]"
1081,1081,"[0.15999888 0.15999991 0.15999866 0.15999938 0.15999761 0.15999958
 0.15999804 0.15999839 0.15999798 0.15999815]"
1082,1082,"[0.15999893 0.1599999  0.15999861 0.15999938 0.15999764 0.15999953
 0.159998   0.15999832 0.15999794 0.1599981 ]"
1083,1083,"[0.15999898 0.15999989 0.15999857 0.15999937 0.15999767 0.15999949
 0.15999796 0.15999825 0.1599979  0.15999806]"
1084,1084,"[0.15999903 0.15999988 0.15999853 0.15999936 0.1599977  0.15999944
 0.15999791 0.15999819 0.15999786 0.15999801]"
1085,1085,"[0.15999908 0.15999987 0.15999848 0.15999935 0.15999773 0.15999939
 0.15999787 0.15999812 0.15999782 0.15999796]"
1086,1086,"[0.15999912 0.15999986 0.15999844 0.15999935 0.15999776 0.15999933
 0.15999783 0.15999805 0.15999778 0.15999792]"
1087,1087,"[0.15999917 0.15999985 0.15999839 0.15999934 0.1599978  0.15999928
 0.15999779 0.15999799 0.15999774 0.15999787]"
1088,1088,"[0.15999922 0.15999984 0.15999834 0.15999933 0.15999783 0.15999922
 0.15999775 0.15999793 0.1599977  0.15999783]"
1089,1089,"[0.15999927 0.15999983 0.1599983  0.15999932 0.15999787 0.15999916
 0.15999771 0.15999787 0.15999767 0.15999779]"
1090,1090,"[0.15999931 0.15999983 0.15999825 0.15999931 0.15999791 0.1599991
 0.15999768 0.15999781 0.15999764 0.15999775]"
1091,1091,"[0.15999936 0.15999982 0.1599982  0.15999931 0.15999794 0.15999904
 0.15999764 0.15999775 0.1599976  0.15999771]"
1092,1092,"[0.16000061 0.16000003 0.15999815 0.1599993  0.15999798 0.15999898
 0.1599976  0.1599977  0.15999757 0.15999767]"
1093,1093,"[0.1599999  0.15999999 0.15999811 0.15999929 0.15999802 0.15999891
 0.15999757 0.15999765 0.15999754 0.15999763]"
1094,1094,"[0.15999989 0.15999999 0.15999806 0.15999928 0.15999806 0.15999885
 0.15999754 0.1599976  0.15999751 0.15999759]"
1095,1095,"[0.15999988 0.15999998 0.15999801 0.15999927 0.15999811 0.15999878
 0.15999751 0.15999756 0.15999749 0.15999756]"
1096,1096,"[0.16000087 0.15999997 0.15999796 0.15999927 0.15999815 0.15999872
 0.15999748 0.15999752 0.15999796 0.15999753]"
1097,1097,"[0.15999951 0.15999995 0.15999792 0.15999926 0.15999819 0.15999865
 0.15999746 0.15999748 0.15999834 0.1599975 ]"
1098,1098,"[0.15999975 0.15999994 0.15999787 0.15999925 0.15999823 0.15999858
 0.15999743 0.15999745 0.1599983  0.15999747]"
1099,1099,"[0.15999991 0.15999992 0.15999783 0.15999924 0.15999828 0.15999851
 0.15999741 0.15999742 0.15999826 0.15999744]"
1100,1100,"[0.15999999 0.15999991 0.15999779 0.15999923 0.15999832 0.15999845
 0.15999739 0.1599974  0.15999821 0.15999742]"
1101,1101,"[0.16000082 0.15999989 0.15999774 0.15999922 0.15999836 0.15999838
 0.15999738 0.15999738 0.15999817 0.15999758]"
1102,1102,"[0.15999741 0.15999988 0.1599977  0.15999921 0.15999841 0.15999832
 0.15999736 0.15999736 0.15999813 0.15999773]"
1103,1103,"[0.15999738 0.15999986 0.15999766 0.1599992  0.15999845 0.15999825
 0.15999735 0.15999735 0.15999809 0.15999769]"
1104,1104,"[0.15999737 0.15999985 0.15999763 0.15999919 0.1599985  0.15999819
 0.15999734 0.15999734 0.15999805 0.15999766]"
1105,1105,"[0.15999735 0.15999984 0.15999759 0.15999918 0.15999854 0.15999812
 0.15999734 0.15999733 0.15999801 0.15999763]"
1106,1106,"[0.15999734 0.15999982 0.15999756 0.15999917 0.15999858 0.15999806
 0.15999733 0.15999733 0.15999797 0.15999759]"
1107,1107,"[0.15999733 0.15999981 0.15999753 0.15999916 0.15999863 0.159998
 0.15999733 0.15999734 0.15999793 0.15999756]"
1108,1108,"[0.15999733 0.1599998  0.1599975  0.15999915 0.15999867 0.15999794
 0.15999734 0.15999734 0.1599979  0.15999753]"
1109,1109,"[0.15999734 0.15999979 0.15999747 0.15999913 0.15999871 0.15999789
 0.15999734 0.15999735 0.15999786 0.15999751]"
1110,1110,"[0.15999735 0.15999978 0.15999744 0.15999912 0.15999876 0.15999784
 0.15999735 0.15999737 0.15999782 0.15999748]"
1111,1111,"[0.15999736 0.15999977 0.15999742 0.15999911 0.1599988  0.15999778
 0.15999736 0.15999739 0.15999778 0.15999746]"
1112,1112,"[0.15999738 0.15999976 0.1599974  0.15999909 0.15999884 0.15999774
 0.15999737 0.15999741 0.15999775 0.15999744]"
1113,1113,"[0.15999741 0.15999976 0.15999739 0.15999908 0.15999888 0.15999769
 0.15999739 0.15999743 0.15999772 0.15999742]"
1114,1114,"[0.15999744 0.15999975 0.15999737 0.15999906 0.15999892 0.15999764
 0.15999741 0.15999746 0.15999768 0.1599974 ]"
1115,1115,"[0.15999747 0.15999974 0.15999736 0.15999905 0.15999896 0.1599976
 0.15999743 0.15999749 0.15999765 0.15999739]"
1116,1116,"[0.15999759 0.15999974 0.15999735 0.15999903 0.15999906 0.15999757
 0.15999746 0.15999752 0.15999762 0.15999737]"
1117,1117,"[0.15999764 0.15999973 0.15999734 0.15999901 0.15999917 0.15999753
 0.15999748 0.15999755 0.15999759 0.15999736]"
1118,1118,"[0.15999758 0.15999973 0.15999734 0.159999   0.15999921 0.1599975
 0.15999751 0.15999759 0.15999756 0.15999735]"
1119,1119,"[0.15999753 0.15999972 0.15999733 0.15999898 0.15999925 0.15999747
 0.15999754 0.15999763 0.15999754 0.15999734]"
1120,1120,"[0.15999748 0.15999975 0.15999733 0.15999896 0.15999928 0.15999744
 0.15999758 0.15999766 0.15999747 0.15999734]"
1121,1121,"[0.15999744 0.15999977 0.15999734 0.15999894 0.15999932 0.15999742
 0.15999762 0.15999771 0.15999741 0.15999734]"
1122,1122,"[0.15999741 0.15999976 0.15999734 0.15999892 0.15999935 0.1599974
 0.15999765 0.15999775 0.15999739 0.15999733]"
1123,1123,"[0.15999738 0.15999975 0.15999734 0.15999889 0.15999939 0.15999738
 0.15999769 0.15999779 0.15999738 0.15999733]"
1124,1124,"[0.15999736 0.15999974 0.15999735 0.15999887 0.15999942 0.15999737
 0.15999774 0.15999783 0.15999737 0.15999734]"
1125,1125,"[0.15999734 0.15999973 0.15999736 0.15999885 0.15999945 0.15999736
 0.15999778 0.15999788 0.15999736 0.15999734]"
1126,1126,"[0.15999733 0.15999973 0.15999737 0.15999882 0.15999948 0.15999735
 0.15999782 0.15999792 0.15999735 0.15999735]"
1127,1127,"[0.15999733 0.15999972 0.15999738 0.1599988  0.15999951 0.15999734
 0.15999787 0.15999797 0.15999734 0.15999735]"
1128,1128,"[0.15999734 0.15999971 0.1599974  0.15999877 0.15999954 0.15999734
 0.15999792 0.15999801 0.15999734 0.15999736]"
1129,1129,"[0.15999735 0.15999971 0.15999741 0.15999875 0.15999957 0.15999733
 0.15999796 0.15999806 0.15999733 0.15999737]"
1130,1130,"[0.15999737 0.1599997  0.15999743 0.15999872 0.15999959 0.15999733
 0.15999801 0.1599981  0.15999733 0.15999738]"
1131,1131,"[0.15999739 0.1599997  0.15999744 0.15999869 0.15999962 0.15999734
 0.15999806 0.15999815 0.15999733 0.1599974 ]"
1132,1132,"[0.15999742 0.1599997  0.15999746 0.15999866 0.16000205 0.15999734
 0.15999811 0.15999826 0.15999734 0.15999741]"
1133,1133,"[0.15999746 0.15999969 0.15999748 0.15999863 0.15999886 0.15999735
 0.15999816 0.15999752 0.15999734 0.15999743]"
1134,1134,"[0.1599975  0.15999969 0.15999749 0.1599986  0.15999891 0.15999736
 0.15999821 0.15999754 0.1600015  0.15999748]"
1135,1135,"[0.15999754 0.15999969 0.15999751 0.15999857 0.15999895 0.15999737
 0.15999827 0.15999757 0.1599979  0.15999734]"
1136,1136,"[0.15999759 0.15999969 0.15999753 0.15999854 0.159999   0.15999738
 0.15999832 0.15999759 0.15999794 0.15999734]"
1137,1137,"[0.15999764 0.15999969 0.15999755 0.15999851 0.15999904 0.15999739
 0.15999837 0.15999762 0.15999798 0.15999734]"
1138,1138,"[0.1599977  0.15999969 0.15999757 0.15999848 0.15999908 0.15999741
 0.15999842 0.15999765 0.15999802 0.15999733]"
1139,1139,"[0.15999776 0.15999969 0.15999759 0.15999844 0.15999912 0.15999743
 0.15999847 0.15999768 0.15999805 0.15999733]"
1140,1140,"[0.15999782 0.15999969 0.15999761 0.15999841 0.15999916 0.15999744
 0.15999852 0.15999771 0.15999809 0.15999733]"
1141,1141,"[0.15999788 0.15999969 0.15999762 0.15999838 0.1599992  0.15999746
 0.15999857 0.15999774 0.15999812 0.15999733]"
1142,1142,"[0.15999794 0.15999969 0.15999764 0.15999834 0.15999924 0.15999748
 0.15999861 0.15999777 0.15999815 0.15999734]"
1143,1143,"[0.15999801 0.15999969 0.15999766 0.15999831 0.15999927 0.1599975
 0.15999866 0.1599978  0.15999818 0.15999734]"
1144,1144,"[0.15999807 0.1599997  0.15999768 0.15999827 0.15999931 0.15999753
 0.15999871 0.15999783 0.15999821 0.15999734]"
1145,1145,"[0.15999814 0.1599997  0.1599977  0.15999824 0.15999934 0.15999755
 0.15999875 0.15999787 0.15999824 0.15999735]"
1146,1146,"[0.1599982  0.1599997  0.15999772 0.1599982  0.15999937 0.15999757
 0.1599988  0.1599979  0.15999827 0.15999735]"
1147,1147,"[0.15999827 0.1599997  0.15999773 0.15999817 0.1599994  0.1599976
 0.15999884 0.15999793 0.15999829 0.15999736]"
1148,1148,"[0.15999833 0.1599997  0.15999775 0.15999813 0.15999943 0.15999762
 0.15999889 0.15999797 0.15999831 0.15999737]"
1149,1149,"[0.15999839 0.15999971 0.15999777 0.1599981  0.15999945 0.15999765
 0.15999893 0.159998   0.15999832 0.15999737]"
1150,1150,"[0.15999845 0.15999971 0.15999778 0.15999806 0.15999948 0.15999768
 0.15999897 0.15999803 0.15999834 0.15999738]"
1151,1151,"[0.15999851 0.15999971 0.1599978  0.15999802 0.1599995  0.15999771
 0.15999901 0.15999807 0.15999835 0.15999739]"
1152,1152,"[0.15999857 0.15999971 0.15999782 0.15999799 0.15999953 0.15999774
 0.15999905 0.1599981  0.15999836 0.1599974 ]"
1153,1153,"[0.15999863 0.15999971 0.15999783 0.15999795 0.15999955 0.15999777
 0.15999909 0.15999814 0.15999836 0.15999741]"
1154,1154,"[0.15999868 0.15999972 0.15999785 0.15999792 0.15999957 0.1599978
 0.15999912 0.15999817 0.15999836 0.15999742]"
1155,1155,"[0.15999873 0.15999972 0.15999786 0.15999789 0.15999959 0.15999783
 0.15999916 0.15999821 0.15999835 0.15999743]"
1156,1156,"[0.15999878 0.15999972 0.15999788 0.15999785 0.15999961 0.15999786
 0.15999919 0.15999825 0.15999834 0.15999744]"
1157,1157,"[0.15999883 0.15999972 0.15999789 0.15999782 0.15999963 0.15999789
 0.15999923 0.15999828 0.15999832 0.15999745]"
1158,1158,"[0.15999888 0.15999972 0.15999791 0.15999778 0.15999964 0.15999793
 0.15999926 0.15999832 0.1599983  0.15999746]"
1159,1159,"[0.15999892 0.15999973 0.15999792 0.15999775 0.15999966 0.15999796
 0.15999929 0.15999835 0.15999827 0.15999748]"
1160,1160,"[0.15999897 0.15999973 0.15999773 0.15999772 0.15999967 0.159998
 0.15999932 0.1599982  0.15999823 0.15999749]"
1161,1161,"[0.15999901 0.15999973 0.15999742 0.15999769 0.15999969 0.15999803
 0.15999935 0.15999793 0.15999819 0.1599975 ]"
1162,1162,"[0.15999904 0.15999914 0.15999849 0.15999766 0.1599997  0.15999807
 0.15999938 0.15999796 0.15999902 0.15999733]"
1163,1163,"[0.15999908 0.15999915 0.15999845 0.15999763 0.15999972 0.15999811
 0.15999941 0.15999799 0.15999903 0.15999734]"
1164,1164,"[0.15999912 0.15999915 0.15999841 0.1599976  0.15999973 0.15999814
 0.15999943 0.15999802 0.15999904 0.15999734]"
1165,1165,"[0.15999915 0.15999915 0.15999837 0.15999758 0.15999974 0.15999818
 0.15999946 0.15999806 0.15999904 0.15999734]"
1166,1166,"[0.15999918 0.15999916 0.15999834 0.15999755 0.15999975 0.15999822
 0.15999948 0.15999809 0.15999905 0.15999734]"
1167,1167,"[0.15999921 0.15999916 0.1599983  0.15999753 0.15999976 0.15999826
 0.15999951 0.15999812 0.15999905 0.15999734]"
1168,1168,"[0.15999923 0.15999916 0.15999826 0.1599975  0.15999977 0.1599983
 0.15999953 0.15999815 0.15999905 0.15999735]"
1169,1169,"[0.15999926 0.15999917 0.15999822 0.15999878 0.15999978 0.15999834
 0.15999955 0.15999834 0.15999905 0.15999735]"
1170,1170,"[0.15999928 0.15999917 0.15999818 0.15999809 0.15999979 0.15999989
 0.15999957 0.15999744 0.15999905 0.15999735]"
1171,1171,"[0.15999931 0.15999918 0.15999814 0.15999857 0.15999979 0.15999992
 0.15999959 0.15999747 0.15999904 0.15999747]"
1172,1172,"[0.15999933 0.15999919 0.1599981  0.15999892 0.1599998  0.15999993
 0.15999961 0.15999749 0.15999903 0.15999758]"
1173,1173,"[0.15999935 0.1599992  0.15999806 0.15999889 0.15999981 0.15999994
 0.15999963 0.15999752 0.15999903 0.15999758]"
1174,1174,"[0.15999937 0.15999921 0.15999802 0.15999885 0.15999981 0.15999995
 0.15999965 0.15999754 0.15999902 0.15999757]"
1175,1175,"[0.15999938 0.15999922 0.15999799 0.15999882 0.15999982 0.15999996
 0.15999967 0.15999757 0.15999901 0.15999756]"
1176,1176,"[0.1599994  0.15999923 0.15999795 0.15999878 0.15999982 0.15999997
 0.15999969 0.1599976  0.15999899 0.15999754]"
1177,1177,"[0.15999942 0.15999924 0.15999791 0.15999875 0.15999983 0.15999997
 0.1599997  0.15999763 0.15999898 0.15999753]"
1178,1178,"[0.15999943 0.15999925 0.15999788 0.15999871 0.15999983 0.15999998
 0.15999972 0.15999767 0.15999896 0.15999752]"
1179,1179,"[0.15999944 0.15999926 0.15999784 0.15999868 0.15999984 0.16
 0.15999962 0.1599977  0.15999895 0.15999751]"
1180,1180,"[0.15999946 0.15999928 0.1599978  0.15999864 0.15999984 0.16
 0.15999858 0.15999775 0.15999893 0.1599975 ]"
1181,1181,"[0.15999947 0.15999929 0.15999777 0.1599986  0.15999984 0.16
 0.15999976 0.15999834 0.15999891 0.15999749]"
1182,1182,"[0.15999948 0.15999931 0.15999774 0.15999857 0.15999984 0.15999998
 0.15999978 0.15999831 0.15999888 0.15999748]"
1183,1183,"[0.15999949 0.15999932 0.15999771 0.15999853 0.15999985 0.15999996
 0.1599998  0.15999828 0.15999886 0.15999747]"
1184,1184,"[0.15999951 0.15999934 0.15999768 0.15999849 0.15999985 0.15999994
 0.16000226 0.15999825 0.15999883 0.15999844]"
1185,1185,"[0.15999952 0.15999935 0.15999765 0.15999846 0.15999985 0.1599999
 0.15999752 0.15999822 0.15999881 0.15999897]"
1186,1186,"[0.15999953 0.15999937 0.15999762 0.15999842 0.15999985 0.15999985
 0.15999749 0.15999819 0.15999878 0.15999895]"
1187,1187,"[0.15999954 0.15999939 0.15999759 0.15999838 0.15999985 0.15999979
 0.15999746 0.15999816 0.15999875 0.15999894]"
1188,1188,"[0.15999955 0.1599994  0.15999757 0.15999834 0.15999985 0.15999973
 0.15999744 0.15999814 0.15999872 0.15999892]"
1189,1189,"[0.15999957 0.15999942 0.15999755 0.1599983  0.15999985 0.15999966
 0.15999742 0.15999811 0.15999868 0.15999891]"
1190,1190,"[0.15999958 0.15999943 0.15999752 0.15999826 0.15999985 0.15999958
 0.1599974  0.15999809 0.15999865 0.15999889]"
1191,1191,"[0.15999959 0.15999945 0.1599975  0.15999823 0.15999985 0.1599995
 0.15999738 0.15999807 0.15999861 0.15999887]"
1192,1192,"[0.15999945 0.15999946 0.15999806 0.15999819 0.15999985 0.15999942
 0.15999737 0.15999805 0.15999857 0.15999886]"
1193,1193,"[0.15999768 0.15999948 0.15999848 0.15999815 0.15999985 0.15999933
 0.15999736 0.15999803 0.15999853 0.15999884]"
1194,1194,"[0.15999772 0.15999949 0.15999844 0.15999811 0.15999985 0.15999925
 0.15999735 0.15999801 0.15999849 0.15999882]"
1195,1195,"[0.15999776 0.15999951 0.15999841 0.15999807 0.15999984 0.15999917
 0.15999734 0.15999799 0.15999845 0.1599988 ]"
1196,1196,"[0.1599978  0.15999952 0.15999856 0.15999803 0.15999984 0.15999909
 0.16001708 0.15999798 0.15999841 0.15999878]"
1197,1197,"[0.15999784 0.15999953 0.15999762 0.15999799 0.16001906 0.15999902
 0.16000339 0.15999796 0.15999836 0.15999876]"
1198,1198,"[0.15999789 0.15999955 0.15999759 0.15999795 0.15999939 0.15999896
 0.16       0.15999795 0.15999832 0.15999874]"
1199,1199,"[0.15999794 0.15999956 0.15999757 0.15999791 0.15999942 0.1599989
 0.16       0.15999794 0.15999828 0.15999872]"
1200,1200,"[0.15999799 0.15999957 0.15999754 0.15999787 0.15999946 0.15999884
 0.16       0.15999794 0.15999823 0.1599987 ]"
1201,1201,"[0.15999804 0.15999959 0.15999752 0.15999784 0.1599995  0.1599988
 0.15999999 0.15999793 0.15999819 0.15999867]"
1202,1202,"[0.1599981  0.1599996  0.1599975  0.1599978  0.15999953 0.15999876
 0.15999999 0.15999793 0.15999814 0.15999865]"
1203,1203,"[0.15999816 0.15999961 0.15999748 0.15999776 0.15999956 0.15999872
 0.15999999 0.15999793 0.1599981  0.15999863]"
1204,1204,"[0.16000733 0.15999962 0.15999746 0.16001337 0.15999959 0.15999869
 0.15999999 0.15999793 0.15999806 0.15999861]"
1205,1205,"[0.15999742 0.15999964 0.15999745 0.1599986  0.15999962 0.16000129
 0.15999998 0.16025241 0.15999802 0.15999859]"
1206,1206,"[0.15999745 0.15999965 0.15999743 0.15999857 0.15999965 0.15999888
 0.15999998 0.16       0.15999798 0.15999856]"
1207,1207,"[0.15999747 0.15999966 0.15999742 0.15999854 0.15999968 0.1599988
 0.15999998 0.16       0.15999794 0.15999854]"
1208,1208,"[0.1599975  0.15999967 0.1599974  0.15999851 0.1599997  0.15999871
 0.15999997 0.15999999 0.1599979  0.15999852]"
1209,1209,"[0.15999753 0.15999969 0.15999739 0.15999848 0.15999973 0.15999862
 0.15999997 0.15999998 0.15999787 0.15999849]"
1210,1210,"[0.15999757 0.1599997  0.15999738 0.15999844 0.15999975 0.15999854
 0.15999996 0.15999997 0.15999783 0.15999847]"
1211,1211,"[0.15999761 0.15999971 0.15999737 0.15999841 0.15999978 0.15999845
 0.15999996 0.15999996 0.1599978  0.15999845]"
1212,1212,"[0.15999765 0.15999972 0.15999736 0.15999838 0.1599998  0.15999836
 0.15999995 0.15999993 0.15999777 0.15999842]"
1213,1213,"[0.15999769 0.15999973 0.15999735 0.15999835 0.15999982 0.15999827
 0.15999994 0.15999991 0.15999774 0.1599984 ]"
1214,1214,"[0.15999773 0.15999974 0.15999735 0.15999832 0.15999984 0.15999819
 0.15999993 0.15999988 0.15999772 0.15999838]"
1215,1215,"[0.15999778 0.15999976 0.15999734 0.15999829 0.15999986 0.1599981
 0.15999993 0.15999984 0.15999769 0.15999835]"
1216,1216,"[0.15999783 0.15999977 0.15999734 0.15999826 0.15999987 0.15999802
 0.15999992 0.1599998  0.15999767 0.15999833]"
1217,1217,"[0.15999788 0.15999978 0.15999734 0.15999822 0.15999989 0.15999794
 0.15999991 0.15999976 0.15999765 0.15999831]"
1218,1218,"[0.15999793 0.15999979 0.15999733 0.15999819 0.1599999  0.15999786
 0.1599999  0.15999971 0.15999763 0.15999828]"
1219,1219,"[0.15999799 0.1599998  0.15999733 0.15999816 0.15999992 0.15999779
 0.15999989 0.15999965 0.15999762 0.15999826]"
1220,1220,"[0.15999804 0.15999981 0.15999733 0.15999813 0.15999993 0.15999772
 0.15999987 0.15999959 0.15999761 0.15999824]"
1221,1221,"[0.1599981  0.15999982 0.15999733 0.1599981  0.15999994 0.15999765
 0.15999986 0.15999953 0.1599976  0.15999822]"
1222,1222,"[0.15999815 0.15999983 0.15999734 0.15999807 0.15999995 0.15999759
 0.15999985 0.15999946 0.15999759 0.15999819]"
1223,1223,"[0.15999821 0.15999984 0.15999734 0.15999804 0.15999996 0.15999754
 0.15999983 0.15999938 0.15999758 0.15999817]"
1224,1224,"[0.15999827 0.15999985 0.15999734 0.159998   0.15999997 0.15999749
 0.15999982 0.15999931 0.15999758 0.15999815]"
1225,1225,"[0.15999832 0.15999986 0.15999735 0.15999797 0.15999998 0.15999745
 0.1599998  0.15999923 0.15999758 0.15999813]"
1226,1226,"[0.15999838 0.15999987 0.15999736 0.15999794 0.15999998 0.15999741
 0.15999978 0.15999914 0.15999758 0.15999811]"
1227,1227,"[0.15999844 0.15999988 0.15999736 0.15999791 0.15999999 0.15999738
 0.15999976 0.15999905 0.15999759 0.15999809]"
1228,1228,"[0.1599985  0.15999988 0.15999737 0.15999789 0.15999999 0.15999736
 0.15999974 0.15999896 0.1599976  0.15999807]"
1229,1229,"[0.15999855 0.15999989 0.15999738 0.15999786 0.16       0.15999734
 0.15999972 0.15999887 0.15999761 0.15999805]"
1230,1230,"[0.15999823 0.1599999  0.15999739 0.15999783 0.16       0.15999734
 0.1599997  0.15999878 0.15999763 0.16000089]"
1231,1231,"[0.15999735 0.15999991 0.1599974  0.1599978  0.16       0.15999733
 0.15999968 0.15999868 0.15999765 0.15999999]"
1232,1232,"[0.15999736 0.15999992 0.15999741 0.15999777 0.16       0.15999734
 0.15999965 0.15999859 0.15999768 0.15999998]"
1233,1233,"[0.15999738 0.15999992 0.15999742 0.15999775 0.16       0.15999735
 0.15999963 0.15999849 0.15999771 0.15999996]"
1234,1234,"[0.15999739 0.15999993 0.15999743 0.15999772 0.16       0.15999737
 0.1599996  0.1599984  0.15999775 0.15999995]"
1235,1235,"[0.1599974  0.15999994 0.15999745 0.15999769 0.15999999 0.15999739
 0.15999957 0.1599983  0.1599978  0.15999993]"
1236,1236,"[0.15999742 0.15999994 0.15999746 0.15999767 0.15999999 0.15999742
 0.15999954 0.15999821 0.15999785 0.15999991]"
1237,1237,"[0.15999744 0.15999995 0.15999747 0.15999764 0.15999998 0.15999745
 0.15999951 0.15999812 0.15999791 0.15999988]"
1238,1238,"[0.15999746 0.15999995 0.15999749 0.15999762 0.15999998 0.15999749
 0.15999948 0.15999803 0.15999798 0.15999986]"
1239,1239,"[0.15999748 0.15999996 0.15999751 0.1599976  0.15999997 0.15999753
 0.15999944 0.15999795 0.15999805 0.15999982]"
1240,1240,"[0.15999751 0.16000055 0.15999752 0.15999835 0.15999997 0.15999758
 0.15999941 0.15999787 0.15999813 0.15999979]"
1241,1241,"[0.15999753 0.1599975  0.15999754 0.15999884 0.15999996 0.15999763
 0.15999937 0.15999779 0.15999822 0.15999975]"
1242,1242,"[0.15999756 0.15999749 0.15999756 0.15999885 0.15999995 0.15999768
 0.15999933 0.15999772 0.15999831 0.15999971]"
1243,1243,"[0.15999759 0.15999753 0.15999758 0.15999886 0.16000009 0.15999774
 0.15999929 0.15999765 0.1599984  0.15999966]"
1244,1244,"[0.15999762 0.15999763 0.15999759 0.15999887 0.15999999 0.1599978
 0.15999925 0.15999759 0.1599985  0.15999961]"
1245,1245,"[0.15999765 0.15999766 0.15999761 0.15999888 0.16       0.15999786
 0.1599992  0.15999753 0.15999861 0.15999955]"
1246,1246,"[0.15999768 0.15999769 0.15999763 0.15999889 0.16       0.15999792
 0.15999916 0.15999748 0.15999871 0.15999949]"
1247,1247,"[0.15999771 0.15999772 0.15999765 0.1599989  0.15999999 0.15999799
 0.15999911 0.15999744 0.15999881 0.15999943]"
1248,1248,"[0.15999774 0.15999776 0.15999767 0.15999892 0.15999998 0.15999805
 0.15999906 0.1599974  0.15999891 0.15999936]"
1249,1249,"[0.15999778 0.15999779 0.1599977  0.15999894 0.15999996 0.15999811
 0.15999901 0.15999738 0.15999901 0.15999928]"
1250,1250,"[0.15999781 0.15999782 0.15999772 0.15999896 0.15999994 0.15999818
 0.15999896 0.15999735 0.1599991  0.15999921]"
1251,1251,"[0.15999785 0.15999786 0.15999774 0.15999898 0.15999992 0.15999824
 0.15999891 0.15999734 0.15999919 0.15999913]"
1252,1252,"[0.15999789 0.1599979  0.15999776 0.159999   0.15999989 0.1599983
 0.15999885 0.15999733 0.15999927 0.15999904]"
1253,1253,"[0.15999792 0.15999786 0.15999778 0.15999902 0.15999987 0.15999837
 0.1599988  0.15999734 0.16000154 0.15999896]"
1254,1254,"[0.15999796 0.15999775 0.15999762 0.15999905 0.15999984 0.15999843
 0.15999874 0.15999734 0.15999979 0.15999887]"
1255,1255,"[0.159998   0.15999775 0.15999734 0.15999908 0.15999982 0.15999849
 0.15999868 0.15999736 0.15999988 0.15999877]"
1256,1256,"[0.15999804 0.15999774 0.15999734 0.15999911 0.1599998  0.15999854
 0.15999862 0.15999738 0.15999986 0.15999868]"
1257,1257,"[0.15999808 0.16003498 0.15999734 0.15999914 0.15999979 0.1599986
 0.15999856 0.15999771 0.15999984 0.15999858]"
1258,1258,"[0.15999813 0.15999999 0.15999734 0.15999918 0.15999977 0.15999866
 0.1599985  0.15999757 0.15999981 0.15999849]"
1259,1259,"[0.15999817 0.15999999 0.15999734 0.15999922 0.15999976 0.15999871
 0.15999844 0.15999752 0.15999979 0.15999839]"
1260,1260,"[0.15999821 0.16001752 0.15999735 0.15999926 0.15999975 0.15999876
 0.15999838 0.15999747 0.15999976 0.16007733]"
1261,1261,"[0.15999826 0.15999977 0.15999735 0.1599993  0.15999974 0.15999881
 0.15999832 0.15999743 0.15999973 0.1599997 ]"
1262,1262,"[0.1599983  0.15999976 0.15999735 0.15999935 0.15999974 0.15999885
 0.15999826 0.15999739 0.1599997  0.15999969]"
1263,1263,"[0.15999835 0.15999975 0.15999736 0.15999939 0.15999974 0.1599989
 0.1599982  0.15999737 0.15999967 0.15999968]"
1264,1264,"[0.15999839 0.15999974 0.15999736 0.15999944 0.15999974 0.15999894
 0.15999814 0.15999735 0.15999964 0.15999967]"
1265,1265,"[0.15999844 0.15999972 0.15999737 0.1599995  0.15999974 0.15999898
 0.15999808 0.15999734 0.1599996  0.15999967]"
1266,1266,"[0.15999848 0.15999971 0.15999737 0.15999955 0.15999975 0.15999902
 0.15999802 0.15999733 0.15999956 0.15999966]"
1267,1267,"[0.15999853 0.1599997  0.15999738 0.1599996  0.15999975 0.15999905
 0.15999796 0.15999734 0.15999952 0.15999966]"
1268,1268,"[0.15999858 0.15999968 0.15999738 0.15999966 0.15999976 0.15999909
 0.1599979  0.15999735 0.15999947 0.15999965]"
1269,1269,"[0.15999862 0.15999967 0.15999739 0.15999971 0.15999977 0.15999912
 0.15999785 0.15999738 0.15999942 0.15999965]"
1270,1270,"[0.15999867 0.16000017 0.1599974  0.15999977 0.15999978 0.1599988
 0.15999779 0.15999741 0.15999937 0.15999966]"
1271,1271,"[0.15999872 0.16       0.15999741 0.15999982 0.15999781 0.15999755
 0.15999774 0.15999745 0.15999966 0.15999966]"
1272,1272,"[0.15999876 0.16       0.15999741 0.15999987 0.15999786 0.15999758
 0.15999769 0.15999749 0.15999962 0.15999967]"
1273,1273,"[0.15999881 0.16       0.15999742 0.15999991 0.15999792 0.1599976
 0.15999765 0.15999755 0.15999959 0.15999968]"
1274,1274,"[0.15999885 0.16       0.15999743 0.15999995 0.15999798 0.15999763
 0.1599976  0.15999761 0.15999955 0.15999969]"
1275,1275,"[0.1599989  0.16       0.15999744 0.15999998 0.15999804 0.15999766
 0.15999756 0.15999768 0.15999951 0.15999971]"
1276,1276,"[0.15999894 0.16       0.15999745 0.15999999 0.1599981  0.15999769
 0.15999752 0.15999775 0.15999946 0.15999973]"
1277,1277,"[0.15999899 0.16       0.15999746 0.16       0.15999816 0.15999772
 0.15999748 0.15999783 0.15999942 0.15999975]"
1278,1278,"[0.15999903 0.16       0.15999747 0.15999999 0.15999822 0.15999775
 0.15999745 0.15999791 0.15999937 0.15999978]"
1279,1279,"[0.15999907 0.16       0.15999749 0.15999997 0.15999828 0.15999778
 0.15999742 0.159998   0.15999932 0.1599998 ]"
1280,1280,"[0.15999911 0.16       0.1599975  0.15999992 0.15999835 0.15999766
 0.1599974  0.15999799 0.15999927 0.15999983]"
1281,1281,"[0.15999915 0.16       0.15999751 0.15999986 0.15999841 0.15999756
 0.15999738 0.15999758 0.15999921 0.15999989]"
1282,1282,"[0.15999919 0.16       0.15999753 0.15999978 0.15999847 0.15999776
 0.15999736 0.15999763 0.15999916 0.15999993]"
1283,1283,"[0.15999923 0.16       0.15999754 0.15999967 0.15999853 0.15999773
 0.15999735 0.15999769 0.1599991  0.15999994]"
1284,1284,"[0.15999927 0.16       0.15999756 0.15999955 0.15999859 0.15999769
 0.15999734 0.15999776 0.15999904 0.15999995]"
1285,1285,"[0.1599993  0.16       0.15999757 0.1599994  0.15999865 0.15999766
 0.15999733 0.15999782 0.15999897 0.15999996]"
1286,1286,"[0.15999934 0.16       0.15999759 0.15999924 0.1599987  0.15999762
 0.15999733 0.15999789 0.15999891 0.15999997]"
1287,1287,"[0.15999937 0.16       0.15999761 0.15999906 0.15999876 0.15999759
 0.15999734 0.15999796 0.15999885 0.15999998]"
1288,1288,"[0.15999941 0.16       0.15999763 0.15999887 0.15999881 0.15999756
 0.15999735 0.15999804 0.15999878 0.15999999]"
1289,1289,"[0.15999944 0.16       0.15999765 0.15999868 0.15999886 0.15999753
 0.15999736 0.15999811 0.15999871 0.16      ]"
1290,1290,"[0.15999947 0.16       0.15999767 0.15999848 0.15999892 0.1599975
 0.15999738 0.15999818 0.15999864 0.16      ]"
1291,1291,"[0.1599995  0.16       0.15999769 0.15999829 0.15999896 0.15999747
 0.1599974  0.15999825 0.15999857 0.16      ]"
1292,1292,"[0.15999953 0.16       0.15999771 0.1599981  0.15999901 0.15999744
 0.15999743 0.15999832 0.1599985  0.16      ]"
1293,1293,"[0.15999956 0.16       0.15999773 0.15999793 0.15999906 0.15999742
 0.15999746 0.15999839 0.15999843 0.15999999]"
1294,1294,"[0.15999959 0.16       0.15999776 0.15999777 0.1599991  0.1599974
 0.1599975  0.15999846 0.15999836 0.15999998]"
1295,1295,"[0.15999961 0.16       0.15999778 0.15999764 0.15999915 0.15999738
 0.15999754 0.15999852 0.15999829 0.15999997]"
1296,1296,"[0.15999964 0.16       0.15999781 0.15999752 0.15999919 0.15999727
 0.15999758 0.15999858 0.15999827 0.15999995]"
1297,1297,"[0.15999966 0.16       0.15999783 0.15999744 0.15999923 0.15999774
 0.15999763 0.15999864 0.1599979  0.15999993]"
1298,1298,"[0.15999968 0.15999999 0.15999786 0.15999738 0.15999926 0.1599977
 0.15999767 0.1599987  0.15999784 0.1599999 ]"
1299,1299,"[0.15999971 0.15999999 0.15999789 0.15999734 0.1599993  0.15999765
 0.15999772 0.15999875 0.15999778 0.15999987]"
1300,1300,"[0.15999973 0.15999999 0.15999792 0.15999733 0.15999933 0.15999761
 0.15999778 0.15999879 0.15999773 0.15999983]"
1301,1301,"[0.16004637 0.15999999 0.15999784 0.15999735 0.15999937 0.15999757
 0.15999783 0.15999883 0.15999767 0.15999978]"
1302,1302,"[0.15999811 0.15999999 0.15999784 0.15999739 0.1599994  0.15999753
 0.15999789 0.15999887 0.15999763 0.15999973]"
1303,1303,"[0.15999809 0.15999999 0.15999787 0.15999744 0.15999943 0.15999749
 0.15999795 0.1599989  0.15999758 0.15999967]"
1304,1304,"[0.15999807 0.15999999 0.1599979  0.15999752 0.15999946 0.15999746
 0.159998   0.15999893 0.15999754 0.15999961]"
1305,1305,"[0.15999804 0.15999998 0.15999794 0.15999761 0.15999948 0.15999743
 0.15999806 0.15999895 0.1599975  0.15999953]"
1306,1306,"[0.15999801 0.15999998 0.15999798 0.15999771 0.15999951 0.15999741
 0.15999812 0.15999896 0.15999746 0.15999946]"
1307,1307,"[0.15999798 0.15999998 0.15999802 0.15999782 0.15999953 0.15999738
 0.15999818 0.15999897 0.15999743 0.15999938]"
1308,1308,"[0.15999794 0.15999997 0.15999806 0.15999794 0.15999956 0.15999737
 0.15999824 0.15999896 0.1599974  0.15999929]"
1309,1309,"[0.1599979  0.15999997 0.1599981  0.15999806 0.15999958 0.15999735
 0.1599983  0.15999895 0.15999738 0.15999919]"
1310,1310,"[0.15999786 0.15999997 0.15999814 0.15999818 0.1599996  0.15999734
 0.15999835 0.15999893 0.15999736 0.1599991 ]"
1311,1311,"[0.15999781 0.15999996 0.15999819 0.15999831 0.15999962 0.15999734
 0.15999841 0.15999889 0.15999735 0.15999899]"
1312,1312,"[0.15999777 0.15999996 0.15999823 0.15999843 0.15999964 0.1599974
 0.15999846 0.15999845 0.15999734 0.15999889]"
1313,1313,"[0.15999772 0.15999995 0.15999828 0.15999855 0.15999965 0.15999745
 0.15999852 0.15999738 0.15999733 0.15999878]"
1314,1314,"[0.15999768 0.15999995 0.15999833 0.15999867 0.15999967 0.15999742
 0.15999857 0.15999751 0.15999733 0.15999867]"
1315,1315,"[0.15999763 0.15999994 0.15999837 0.15999878 0.15999969 0.1599974
 0.15999862 0.1599977  0.15999734 0.15999856]"
1316,1316,"[0.15999758 0.15999994 0.15999842 0.15999889 0.1599997  0.15999738
 0.15999867 0.15999789 0.15999735 0.15999845]"
1317,1317,"[0.15999754 0.15999993 0.15999847 0.15999899 0.15999971 0.15999736
 0.15999872 0.15999805 0.15999736 0.15999833]"
1318,1318,"[0.1599975  0.15999992 0.15999852 0.15999909 0.15999973 0.15999735
 0.15999877 0.15999819 0.15999738 0.15999822]"
1319,1319,"[0.15999746 0.15999991 0.15999857 0.15999918 0.15999974 0.15999734
 0.15999882 0.15999828 0.1599974  0.15999812]"
1320,1320,"[0.15999742 0.15999991 0.15999862 0.15999926 0.15999975 0.15999733
 0.15999886 0.15999835 0.15999742 0.15999801]"
1321,1321,"[0.15999739 0.1599999  0.15999867 0.15999934 0.15999971 0.15999733
 0.15999874 0.15999839 0.15999745 0.15999791]"
1322,1322,"[0.15999737 0.15999989 0.15999873 0.15999941 0.15999815 0.15999734
 0.15999849 0.15999841 0.15999749 0.15999782]"
1323,1323,"[0.15999735 0.15999988 0.15999878 0.15999948 0.15999816 0.15999734
 0.15999854 0.15999841 0.15999752 0.15999773]"
1324,1324,"[0.15999734 0.15999986 0.15999883 0.15999954 0.15999816 0.15999735
 0.15999858 0.1599984  0.15999756 0.15999765]"
1325,1325,"[0.15999733 0.15999985 0.15999888 0.1599996  0.15999817 0.15999737
 0.15999863 0.15999837 0.1599976  0.15999758]"
1326,1326,"[0.15999734 0.15999984 0.15999893 0.15999965 0.15999816 0.15999739
 0.15999867 0.15999834 0.15999765 0.15999751]"
1327,1327,"[0.15999736 0.15999983 0.15999898 0.15999969 0.15999816 0.15999741
 0.15999871 0.15999829 0.1599977  0.15999746]"
1328,1328,"[0.1599974  0.15999981 0.15999903 0.15999973 0.15999815 0.15999744
 0.15999875 0.15999825 0.15999774 0.15999741]"
1329,1329,"[0.15999745 0.1599998  0.15999908 0.15999977 0.15999814 0.15999746
 0.15999879 0.15999819 0.1599978  0.15999738]"
1330,1330,"[0.15999752 0.15999978 0.15999913 0.1599998  0.15999813 0.1599975
 0.15999883 0.15999813 0.15999785 0.15999735]"
1331,1331,"[0.1599976  0.15999976 0.15999918 0.15999983 0.15999811 0.15999753
 0.15999887 0.15999807 0.1599979  0.15999734]"
1332,1332,"[0.1600024  0.15999974 0.15999923 0.15999986 0.15999809 0.15999757
 0.1599989  0.15999866 0.15999796 0.15999733]"
1333,1333,"[0.15999965 0.15999972 0.15999927 0.15999988 0.15999806 0.15999761
 0.15999894 0.15999901 0.15999802 0.15999734]"
1334,1334,"[0.15999961 0.1599997  0.15999932 0.1599999  0.15999803 0.15999765
 0.15999898 0.15999893 0.15999807 0.15999735]"
1335,1335,"[0.15999956 0.15999968 0.15999936 0.15999992 0.159998   0.15999769
 0.15999901 0.15999885 0.15999813 0.15999738]"
1336,1336,"[0.1599995  0.15999966 0.15999941 0.15999994 0.15999797 0.15999774
 0.15999904 0.15999877 0.15999819 0.15999741]"
1337,1337,"[0.15999945 0.15999964 0.15999945 0.15999995 0.15999794 0.15999778
 0.15999908 0.15999869 0.15999825 0.15999745]"
1338,1338,"[0.15999938 0.15999961 0.15999949 0.15999996 0.15999791 0.15999783
 0.15999911 0.1599986  0.1599983  0.1599975 ]"
1339,1339,"[0.15999931 0.15999958 0.15999953 0.15999997 0.15999787 0.15999788
 0.15999914 0.15999852 0.15999836 0.15999755]"
1340,1340,"[0.15999923 0.15999956 0.15999956 0.15999998 0.15999784 0.15999793
 0.15999916 0.15999843 0.15999842 0.15999761]"
1341,1341,"[0.15999915 0.15999953 0.1599996  0.15999999 0.1599978  0.15999798
 0.15999919 0.15999835 0.15999848 0.15999768]"
1342,1342,"[0.15999906 0.1599995  0.15999964 0.15999999 0.15999777 0.15999803
 0.15999922 0.15999826 0.15999853 0.15999775]"
1343,1343,"[0.15999896 0.15999947 0.15999967 0.15999999 0.15999774 0.15999808
 0.15999924 0.15999817 0.15999859 0.15999782]"
1344,1344,"[0.15999886 0.15999944 0.1599997  0.16       0.15999771 0.15999814
 0.15999927 0.15999809 0.15999864 0.1599979 ]"
1345,1345,"[0.15999875 0.1599994  0.15999973 0.16       0.15999769 0.15999819
 0.15999929 0.15999801 0.1599987  0.15999797]"
1346,1346,"[0.15999863 0.15999937 0.15999976 0.16       0.15999766 0.15999824
 0.15999932 0.15999793 0.15999875 0.15999805]"
1347,1347,"[0.15999851 0.15999933 0.15999979 0.16       0.15999764 0.15999829
 0.15999934 0.15999785 0.1599988  0.15999813]"
1348,1348,"[0.15999838 0.1599993  0.15999981 0.16       0.15999763 0.15999877
 0.15999936 0.15999778 0.15999881 0.15999821]"
1349,1349,"[0.15999825 0.15999926 0.15999983 0.16       0.15999761 0.15999948
 0.15999938 0.15999771 0.1599984  0.15999829]"
1350,1350,"[0.15999812 0.15999922 0.15999986 0.16       0.1599976  0.15999956
 0.1599994  0.15999765 0.15999846 0.15999837]"
1351,1351,"[0.15999799 0.15999918 0.15999988 0.16       0.15999759 0.15999964
 0.15999941 0.15999759 0.15999851 0.15999845]"
1352,1352,"[0.15999786 0.15999914 0.1599999  0.15999999 0.15999759 0.15999971
 0.1599996  0.15999753 0.15999863 0.15999852]"
1353,1353,"[0.15999774 0.1599991  0.15999991 0.15999999 0.15999759 0.15999978
 0.159998   0.15999748 0.15999824 0.1599986 ]"
1354,1354,"[0.15999762 0.15999906 0.15999993 0.15999999 0.15999759 0.15999984
 0.15999807 0.15999744 0.15999829 0.15999867]"
1355,1355,"[0.15999752 0.15999901 0.15999994 0.15999999 0.15999759 0.15999989
 0.15999813 0.15999741 0.15999834 0.15999873]"
1356,1356,"[0.15999744 0.15999897 0.15999995 0.15999998 0.1599976  0.15999993
 0.1599982  0.15999738 0.1599984  0.1599988 ]"
1357,1357,"[0.15999737 0.15999892 0.15999996 0.15999998 0.15999761 0.15999996
 0.15999827 0.15999736 0.15999845 0.15999886]"
1358,1358,"[0.15999734 0.15999888 0.15999997 0.15999998 0.15999762 0.15999999
 0.15999833 0.15999734 0.1599985  0.15999892]"
1359,1359,"[0.15999734 0.15999883 0.15999998 0.15999997 0.15999763 0.16
 0.1599984  0.15999733 0.15999855 0.15999898]"
1360,1360,"[0.15999737 0.15999878 0.15999999 0.15999997 0.15999765 0.16
 0.15999846 0.15999733 0.1599986  0.15999903]"
1361,1361,"[0.15999744 0.15999874 0.15999999 0.15999996 0.15999767 0.15999999
 0.15999853 0.15999734 0.15999865 0.15999908]"
1362,1362,"[0.15999755 0.15999869 0.16       0.15999996 0.1599977  0.15999997
 0.15999859 0.15999735 0.1599987  0.15999913]"
1363,1363,"[0.15999769 0.15999864 0.16       0.15999996 0.15999772 0.15999994
 0.15999865 0.15999737 0.15999875 0.15999918]"
1364,1364,"[0.15999787 0.1599986  0.16       0.15999995 0.15999775 0.15999989
 0.15999871 0.1599974  0.1599988  0.15999922]"
1365,1365,"[0.15999808 0.15999915 0.16       0.15999995 0.15999768 0.15999984
 0.15999876 0.15999743 0.15999884 0.15999926]"
1366,1366,"[0.15999831 0.15999945 0.16       0.15999994 0.15999748 0.15999978
 0.15999882 0.15999747 0.15999889 0.1599993 ]"
1367,1367,"[0.15999854 0.15999944 0.16       0.15999994 0.15999744 0.15999972
 0.15999887 0.15999752 0.15999893 0.15999933]"
1368,1368,"[0.15999878 0.15999944 0.15999999 0.15999994 0.15999741 0.15999964
 0.15999892 0.15999756 0.15999897 0.15999936]"
1369,1369,"[0.15999901 0.15999944 0.15999999 0.15999993 0.15999738 0.15999957
 0.15999897 0.15999762 0.15999901 0.15999939]"
1370,1370,"[0.15999922 0.15999943 0.15999999 0.15999993 0.15999736 0.15999948
 0.15999902 0.15999767 0.15999905 0.15999942]"
1371,1371,"[0.16000124 0.15999943 0.15999998 0.15999992 0.15999734 0.1599994
 0.15999907 0.15999774 0.15999909 0.1599992 ]"
1372,1372,"[0.15999949 0.15999943 0.16000026 0.15999992 0.15999733 0.1599993
 0.16000288 0.1599978  0.15999913 0.15999769]"
1373,1373,"[0.1599994  0.15999943 0.15999978 0.15999991 0.15999733 0.15999921
 0.1599986  0.15999786 0.15999917 0.15999771]"
1374,1374,"[0.1599993  0.15999943 0.15999981 0.15999991 0.15999734 0.15999911
 0.15999869 0.15999793 0.1599992  0.15999773]"
1375,1375,"[0.15999919 0.15999944 0.16000037 0.1599999  0.15999735 0.159999
 0.15999878 0.159998   0.15999924 0.15999775]"
1376,1376,"[0.15999907 0.15999944 0.15999992 0.1599999  0.15999734 0.15999889
 0.15999887 0.15999807 0.15999927 0.15999777]"
1377,1377,"[0.15999895 0.15999945 0.15999995 0.15999989 0.15999733 0.15999877
 0.15999895 0.15999814 0.1599993  0.15999779]"
1378,1378,"[0.15999882 0.15999945 0.15999997 0.15999988 0.15999734 0.15999864
 0.15999904 0.15999821 0.15999934 0.15999781]"
1379,1379,"[0.15999868 0.15999946 0.15999999 0.15999988 0.15999734 0.15999851
 0.15999912 0.15999828 0.15999937 0.15999783]"
1380,1380,"[0.15999855 0.15999946 0.16       0.15999987 0.15999736 0.15999837
 0.15999919 0.15999835 0.1599994  0.15999785]"
1381,1381,"[0.15999841 0.15999947 0.16       0.15999986 0.15999737 0.15999824
 0.15999926 0.15999842 0.15999942 0.15999787]"
1382,1382,"[0.15999828 0.15999948 0.16       0.15999985 0.15999739 0.1599981
 0.16000149 0.15999849 0.15999945 0.15999774]"
1383,1383,"[0.15999815 0.15999949 0.15999999 0.15999984 0.15999742 0.15999796
 0.15999945 0.15999855 0.15999948 0.15999751]"
1384,1384,"[0.15999803 0.1599995  0.15999999 0.15999984 0.15999745 0.15999783
 0.15999947 0.15999862 0.1599995  0.1599975 ]"
1385,1385,"[0.15999792 0.15999952 0.15999997 0.15999983 0.15999749 0.15999771
 0.1599995  0.15999868 0.15999953 0.15999748]"
1386,1386,"[0.15999781 0.15999953 0.15999996 0.15999982 0.15999753 0.15999761
 0.15999952 0.15999874 0.15999955 0.15999747]"
1387,1387,"[0.15999772 0.15999955 0.15999994 0.15999981 0.15999757 0.15999752
 0.15999954 0.1599988  0.15999957 0.15999746]"
1388,1388,"[0.15999763 0.15999956 0.15999993 0.1599998  0.15999762 0.15999746
 0.15999956 0.15999886 0.1599996  0.15999745]"
1389,1389,"[0.15999756 0.15999958 0.15999991 0.15999979 0.15999767 0.1599974
 0.15999958 0.15999891 0.15999962 0.15999744]"
1390,1390,"[0.1599975  0.1599996  0.15999989 0.15999978 0.15999772 0.15999737
 0.1599996  0.15999897 0.15999964 0.15999742]"
1391,1391,"[0.15999744 0.15999962 0.15999987 0.15999976 0.15999778 0.15999735
 0.15999962 0.15999902 0.15999966 0.15999741]"
1392,1392,"[0.1599974  0.15999964 0.15999984 0.15999975 0.15999783 0.15999734
 0.15999964 0.15999907 0.15999968 0.1599974 ]"
1393,1393,"[0.15999737 0.15999966 0.15999982 0.15999974 0.15999789 0.15999733
 0.15999966 0.15999911 0.15999969 0.15999739]"
1394,1394,"[0.15999735 0.15999968 0.1599998  0.15999973 0.15999784 0.15999733
 0.15999968 0.15999916 0.16001171 0.15999738]"
1395,1395,"[0.15999734 0.15999971 0.15999978 0.15999972 0.15999736 0.15999734
 0.1599997  0.1599992  0.15999983 0.15999737]"
1396,1396,"[0.15999733 0.15999973 0.15999967 0.15999971 0.15999735 0.15999734
 0.15999972 0.15999924 0.15999977 0.15999736]"
1397,1397,"[0.15999734 0.15999975 0.15999864 0.15999969 0.15999734 0.15999734
 0.15999964 0.15999927 0.1599996  0.15999735]"
1398,1398,"[0.15999735 0.15999978 0.15999864 0.15999968 0.15999734 0.15999734
 0.1599985  0.15999931 0.15999959 0.15999735]"
1399,1399,"[0.15999736 0.1599998  0.15999865 0.15999967 0.15999733 0.15999734
 0.1599986  0.15999936 0.15999957 0.15999734]"
1400,1400,"[0.15999738 0.15999982 0.15999867 0.15999966 0.15999734 0.15999734
 0.1599987  0.15999941 0.15999956 0.15999734]"
1401,1401,"[0.15999741 0.15999985 0.15999868 0.15999964 0.15999734 0.15999734
 0.1599988  0.15999946 0.15999954 0.15999733]"
1402,1402,"[0.15999937 0.15999987 0.1599987  0.15999963 0.15999735 0.15999734
 0.15999889 0.1599995  0.16000161 0.15999733]"
1403,1403,"[0.15999963 0.15999989 0.15999872 0.15999962 0.15999736 0.15999734
 0.15999898 0.15999954 0.15999917 0.15999733]"
1404,1404,"[0.15999958 0.15999992 0.15999874 0.15999961 0.15999738 0.15999733
 0.15999907 0.15999958 0.1599992  0.15999734]"
1405,1405,"[0.15999952 0.16000015 0.15999877 0.15999959 0.15999737 0.15999733
 0.15999915 0.15999962 0.15999923 0.15999734]"
1406,1406,"[0.15999946 0.15999846 0.15999879 0.15999958 0.15999733 0.15999733
 0.15999923 0.15999965 0.15999925 0.15999735]"
1407,1407,"[0.1599994  0.15999841 0.15999882 0.15999957 0.15999733 0.15999734
 0.1599993  0.15999968 0.15999928 0.15999736]"
1408,1408,"[0.15999934 0.15999837 0.15999885 0.15999956 0.15999734 0.15999735
 0.15999937 0.15999971 0.1599993  0.15999737]"
1409,1409,"[0.15999927 0.15999833 0.15999888 0.16010085 0.15999734 0.15999736
 0.16005705 0.15999974 0.15999932 0.15999738]"
1410,1410,"[0.1599992  0.15999828 0.15999934 0.15999916 0.15999735 0.15999737
 0.15999789 0.15999976 0.15999934 0.15999739]"
1411,1411,"[0.15999913 0.15999824 0.15999959 0.15999951 0.15999736 0.15999739
 0.15999783 0.15999978 0.15999937 0.15999741]"
1412,1412,"[0.15999905 0.15999819 0.15999959 0.15999944 0.15999737 0.15999741
 0.15999778 0.1599998  0.15999939 0.15999743]"
1413,1413,"[0.15999898 0.15999815 0.1599996  0.15999936 0.15999738 0.15999744
 0.15999773 0.15999982 0.15999941 0.15999744]"
1414,1414,"[0.1599989  0.1599981  0.15999961 0.15999928 0.1599974  0.15999747
 0.15999768 0.15999984 0.15999943 0.15999747]"
1415,1415,"[0.15999883 0.16000347 0.15999962 0.1599992  0.15999741 0.15999751
 0.15999763 0.15999986 0.1599992  0.15999749]"
1416,1416,"[0.15999875 0.15999897 0.15999963 0.15999911 0.15999743 0.15999756
 0.15999759 0.15999987 0.15999791 0.15999751]"
1417,1417,"[0.15999868 0.15999886 0.15999964 0.15999902 0.15999744 0.15999761
 0.15999755 0.15999988 0.15999791 0.15999754]"
1418,1418,"[0.1599986  0.15999875 0.15999966 0.15999892 0.15999746 0.15999766
 0.15999752 0.1599999  0.15999791 0.15999757]"
1419,1419,"[0.15999853 0.15999864 0.15999967 0.15999882 0.15999747 0.15999772
 0.15999749 0.15999991 0.15999791 0.1599976 ]"
1420,1420,"[0.15999846 0.15999852 0.15999969 0.15999872 0.15999749 0.15999778
 0.15999746 0.15999992 0.15999791 0.15999763]"
1421,1421,"[0.15999839 0.15999841 0.15999971 0.15999861 0.15999751 0.15999784
 0.15999743 0.15999993 0.15999791 0.15999766]"
1422,1422,"[0.15999832 0.15999829 0.15999972 0.15999851 0.15999752 0.15999791
 0.15999741 0.15999993 0.15999791 0.1599977 ]"
1423,1423,"[0.15999825 0.15999818 0.15999974 0.1599984  0.15999754 0.15999799
 0.15999739 0.15999994 0.1599979  0.15999773]"
1424,1424,"[0.15999818 0.15999806 0.15999976 0.15999829 0.15999756 0.15999806
 0.15999738 0.15999995 0.1599979  0.15999777]"
1425,1425,"[0.15999812 0.15999796 0.15999977 0.15999819 0.15999757 0.15999814
 0.15999736 0.15999995 0.1599979  0.15999781]"
1426,1426,"[0.15999805 0.15999785 0.15999979 0.15999809 0.15999759 0.15999821
 0.15999735 0.15999996 0.15999789 0.15999785]"
1427,1427,"[0.15999799 0.15999775 0.15999981 0.15999799 0.15999761 0.15999829
 0.15999735 0.15999997 0.15999789 0.15999789]"
1428,1428,"[0.15999793 0.15999766 0.15999982 0.1599979  0.15999763 0.15999837
 0.15999734 0.15999997 0.15999788 0.15999793]"
1429,1429,"[0.15999788 0.15999758 0.15999984 0.15999781 0.15999765 0.15999845
 0.15999734 0.15999997 0.15999788 0.15999797]"
1430,1430,"[0.15999782 0.15999751 0.15999985 0.15999773 0.15999767 0.15999854
 0.15999733 0.15999998 0.15999787 0.15999801]"
1431,1431,"[0.15999777 0.15999745 0.15999987 0.15999765 0.15999769 0.15999861
 0.15999733 0.15999998 0.15999786 0.15999805]"
1432,1432,"[0.15999772 0.1599974  0.15999988 0.15999758 0.15999771 0.15999869
 0.15999733 0.15999998 0.15999785 0.1599981 ]"
1433,1433,"[0.15999767 0.15999737 0.15999989 0.15999752 0.16000027 0.15999958
 0.15999733 0.15999998 0.15999784 0.15999814]"
1434,1434,"[0.15999763 0.15999734 0.1599999  0.15999747 0.15999996 0.15999979
 0.15999734 0.15999999 0.15999783 0.15999819]"
1435,1435,"[0.15999759 0.15999733 0.15999992 0.15999743 0.15999996 0.1599998
 0.15999734 0.15999999 0.15999782 0.15999823]"
1436,1436,"[0.15999755 0.15999734 0.15999993 0.15999739 0.15999996 0.15999982
 0.15999734 0.15999999 0.1599978  0.15999827]"
1437,1437,"[0.15999752 0.15999736 0.15999994 0.15999736 0.15999996 0.15999984
 0.15999734 0.15999999 0.15999779 0.15999832]"
1438,1438,"[0.15999749 0.15999739 0.15999994 0.15999734 0.15999996 0.15999986
 0.15999734 0.15999999 0.15999778 0.15999836]"
1439,1439,"[0.15999746 0.15999744 0.15999995 0.15999734 0.15999996 0.15999988
 0.15999734 0.15999999 0.15999776 0.15999841]"
1440,1440,"[0.15999743 0.1599975  0.15999996 0.15999733 0.15999996 0.1599999
 0.15999735 0.16       0.15999774 0.15999845]"
1441,1441,"[0.15999741 0.15999757 0.15999997 0.15999734 0.15999996 0.15999992
 0.15999735 0.16       0.15999773 0.15999849]"
1442,1442,"[0.15999739 0.15999766 0.15999997 0.15999736 0.15999996 0.15999994
 0.15999735 0.16       0.15999771 0.15999854]"
1443,1443,"[0.15999737 0.15999909 0.15999998 0.15999738 0.15999995 0.15999996
 0.15999735 0.16       0.15999769 0.15999997]"
1444,1444,"[0.15999736 0.15999832 0.15999998 0.15999741 0.15999995 0.15999998
 0.15999735 0.16       0.15999767 0.15999733]"
1445,1445,"[0.15999735 0.15999828 0.15999999 0.15999744 0.15999995 0.15999999
 0.15999735 0.16       0.15999765 0.15999733]"
1446,1446,"[0.15999734 0.15999824 0.15999999 0.15999748 0.15999995 0.16
 0.15999734 0.16       0.15999763 0.15999734]"
1447,1447,"[0.15999734 0.15999821 0.16030463 0.15999753 0.15999995 0.16
 0.15999734 0.16029787 0.15999761 0.15999734]"
1448,1448,"[0.15999733 0.15999817 0.1599974  0.15999758 0.15999995 0.16
 0.15999734 0.15999774 0.15999759 0.15999735]"
1449,1449,"[0.15999733 0.15999813 0.15999741 0.15999763 0.15999995 0.15999999
 0.15999734 0.15999769 0.15999757 0.15999736]"
1450,1450,"[0.15999734 0.1599981  0.15999741 0.15999769 0.15999995 0.15999998
 0.15999734 0.15999763 0.15999754 0.15999738]"
1451,1451,"[0.15999734 0.15999806 0.15999742 0.15999775 0.15999994 0.15999996
 0.15999734 0.15999758 0.15999752 0.15999739]"
1452,1452,"[0.15999735 0.15999803 0.15999743 0.15999781 0.15999994 0.15999994
 0.15999734 0.15999754 0.1599975  0.15999741]"
1453,1453,"[0.15999736 0.159998   0.15999743 0.15999788 0.15999994 0.15999991
 0.15999734 0.15999749 0.15999748 0.15999743]"
1454,1454,"[0.15999737 0.15999797 0.15999744 0.15999794 0.15999994 0.15999987
 0.15999734 0.15999745 0.15999746 0.15999745]"
1455,1455,"[0.15999739 0.15999794 0.15999744 0.15999801 0.15999995 0.15999983
 0.15999734 0.15999742 0.15999744 0.15999748]"
1456,1456,"[0.1599974  0.15999791 0.15999744 0.15999808 0.15999995 0.15999978
 0.15999734 0.15999739 0.15999742 0.1599975 ]"
1457,1457,"[0.15999742 0.15999788 0.15999745 0.15999815 0.15999995 0.15999973
 0.15999734 0.15999737 0.15999741 0.15999753]"
1458,1458,"[0.15999744 0.15999786 0.15999745 0.15999821 0.15999995 0.15999968
 0.15999734 0.15999735 0.15999739 0.15999756]"
1459,1459,"[0.15999746 0.15999783 0.15999745 0.15999828 0.15999995 0.15999962
 0.15999734 0.15999734 0.15999738 0.15999759]"
1460,1460,"[0.15999748 0.15999781 0.15999745 0.15999835 0.15999996 0.15999956
 0.15999734 0.15999733 0.15999736 0.15999763]"
1461,1461,"[0.15999751 0.15999779 0.15999746 0.15999842 0.15999996 0.1599995
 0.15999734 0.15999734 0.15999735 0.15999766]"
1462,1462,"[0.15999753 0.15999777 0.15999746 0.15999848 0.15999997 0.15999944
 0.15999734 0.15999735 0.15999734 0.15999769]"
1463,1463,"[0.15999756 0.15999774 0.15999746 0.15999855 0.15999997 0.15999937
 0.15999735 0.15999737 0.15999734 0.15999773]"
1464,1464,"[0.15999759 0.15999773 0.15999746 0.15999861 0.15999998 0.1599993
 0.15999735 0.1599974  0.15999733 0.15999777]"
1465,1465,"[0.15999761 0.15999771 0.15999746 0.15999867 0.15999998 0.15999923
 0.15999735 0.15999744 0.15999733 0.1599978 ]"
1466,1466,"[0.15999764 0.15999769 0.15999746 0.15999873 0.15999999 0.15999916
 0.15999736 0.15999748 0.15999734 0.15999784]"
1467,1467,"[0.15999767 0.15999767 0.15999746 0.15999879 0.15999999 0.15999909
 0.15999736 0.15999754 0.15999734 0.15999788]"
1468,1468,"[0.1599977  0.15999766 0.15999745 0.15999885 0.16       0.15999901
 0.15999737 0.15999761 0.15999736 0.15999792]"
1469,1469,"[0.15999773 0.15999765 0.15999745 0.1599989  0.16       0.15999894
 0.15999737 0.15999768 0.15999737 0.15999796]"
1470,1470,"[0.15999777 0.15999763 0.15999745 0.15999896 0.16       0.15999887
 0.15999738 0.15999776 0.15999739 0.159998  ]"
1471,1471,"[0.1599978  0.15999762 0.15999745 0.15999901 0.16       0.15999879
 0.15999739 0.15999786 0.15999742 0.15999804]"
1472,1472,"[0.15999783 0.15999761 0.15999745 0.15999906 0.15999999 0.15999872
 0.15999741 0.15999796 0.15999745 0.15999808]"
1473,1473,"[0.15999786 0.1599976  0.15999745 0.15999911 0.15999998 0.15999864
 0.15999742 0.15999806 0.15999748 0.15999812]"
1474,1474,"[0.15999841 0.15999759 0.15999745 0.15999916 0.15999996 0.15999857
 0.15999743 0.15999817 0.15999753 0.1599976 ]"
1475,1475,"[0.15999837 0.15999758 0.15999744 0.1599992  0.15999993 0.15999849
 0.15999745 0.15999829 0.15999757 0.15999758]"
1476,1476,"[0.15999834 0.15999757 0.15999744 0.15999924 0.15999989 0.15999842
 0.15999747 0.15999841 0.15999763 0.15999755]"
1477,1477,"[0.1599983  0.15999756 0.15999744 0.15999929 0.15999982 0.15999835
 0.15999749 0.15999854 0.15999769 0.15999753]"
1478,1478,"[0.15999826 0.15999756 0.15999744 0.15999933 0.15999973 0.15999828
 0.15999752 0.15999867 0.15999775 0.1599975 ]"
1479,1479,"[0.15999822 0.15999755 0.15999744 0.15999936 0.1599996  0.15999821
 0.15999755 0.15999879 0.15999782 0.15999748]"
1480,1480,"[0.15999818 0.15999755 0.15999744 0.1599994  0.15999942 0.15999814
 0.15999757 0.15999892 0.15999789 0.15999746]"
1481,1481,"[0.15999813 0.15999754 0.15999744 0.15999944 0.15999918 0.15999808
 0.15999761 0.15999904 0.15999797 0.15999744]"
1482,1482,"[0.15999809 0.15999754 0.15999744 0.15999947 0.15999887 0.15999801
 0.15999764 0.15999916 0.15999805 0.15999743]"
1483,1483,"[0.15999805 0.15999754 0.15999744 0.1599995  0.15999851 0.15999795
 0.15999768 0.15999927 0.15999814 0.15999741]"
1484,1484,"[0.15999801 0.15999754 0.15999744 0.15999953 0.15999811 0.15999789
 0.15999772 0.15999937 0.15999823 0.1599974 ]"
1485,1485,"[0.15999797 0.15999753 0.15999744 0.15999956 0.15999772 0.15999783
 0.15999776 0.15999947 0.15999832 0.15999738]"
1486,1486,"[0.15999793 0.15999753 0.15999745 0.15999959 0.15999744 0.15999777
 0.1599978  0.15999956 0.15999841 0.15999737]"
1487,1487,"[0.15999789 0.15999753 0.15999745 0.15999962 0.15999734 0.15999772
 0.15999785 0.15999964 0.15999851 0.15999736]"
1488,1488,"[0.15999784 0.15999753 0.15999745 0.15999964 0.15999743 0.15999767
 0.1599979  0.15999971 0.1599986  0.15999735]"
1489,1489,"[0.1599978  0.15999985 0.15999745 0.15999967 0.15999769 0.15999762
 0.15999795 0.15999977 0.15999985 0.15999735]"
1490,1490,"[0.15999776 0.15999985 0.15999746 0.15999969 0.15999805 0.15999757
 0.159998   0.15999982 0.15999986 0.15999734]"
1491,1491,"[0.15999772 0.15999986 0.15999746 0.15999971 0.15999843 0.15999753
 0.15999805 0.15999986 0.15999986 0.15999734]"
1492,1492,"[0.15999768 0.15999987 0.15999746 0.15999973 0.15999878 0.15999883
 0.15999783 0.1599999  0.15999987 0.15999733]"
1493,1493,"[0.15999975 0.15999987 0.15999746 0.15999976 0.15999909 0.15999928
 0.159998   0.15999993 0.15999988 0.15999732]"
1494,1494,"[0.15999973 0.15999988 0.15999747 0.15999978 0.15999934 0.15999921
 0.15999834 0.15999995 0.15999988 0.15999739]"
1495,1495,"[0.15999971 0.15999989 0.15999747 0.15999979 0.15999953 0.15999915
 0.15999813 0.15999997 0.15999989 0.15999874]"
1496,1496,"[0.15999969 0.1599999  0.15999747 0.15999981 0.15999968 0.15999908
 0.15999784 0.15999998 0.15999989 0.15999926]"
1497,1497,"[0.15999967 0.1599999  0.15999748 0.15999983 0.15999979 0.15999901
 0.1599978  0.15999999 0.15999989 0.15999925]"
1498,1498,"[0.15999965 0.15999991 0.15999748 0.15999984 0.15999987 0.15999894
 0.15999777 0.15999999 0.1599999  0.15999925]"
1499,1499,"[0.15999963 0.15999991 0.15999816 0.15999986 0.15999803 0.15999887
 0.15999773 0.16       0.1599999  0.15999924]"
1500,1500,"[0.1599996  0.15999992 0.15999812 0.15999987 0.15999788 0.15999878
 0.1599977  0.16       0.15999989 0.15999924]"
1501,1501,"[0.15999981 0.15999993 0.15999809 0.15999984 0.15999774 0.1599987
 0.15999767 0.16       0.15999922 0.15999924]"
1502,1502,"[0.15999988 0.15999993 0.15999806 0.15999923 0.15999762 0.1599996
 0.15999764 0.16       0.15999926 0.15999923]"
1503,1503,"[0.15999987 0.15999994 0.15999803 0.15999757 0.15999751 0.15999977
 0.15999761 0.16       0.15999931 0.15999923]"
1504,1504,"[0.15999986 0.15999994 0.15999966 0.15999766 0.16000058 0.15999976
 0.15999758 0.15999999 0.15999935 0.15999923]"
1505,1505,"[0.15999984 0.15999995 0.1599998  0.15999776 0.15999998 0.15999974
 0.15999756 0.15999999 0.15999938 0.15999922]"
1506,1506,"[0.15999983 0.15999995 0.15999979 0.15999787 0.15999997 0.15999973
 0.15999753 0.15999999 0.15999942 0.15999922]"
1507,1507,"[0.15999981 0.15999995 0.15999978 0.159998   0.15999996 0.15999971
 0.15999751 0.15999998 0.15999945 0.15999921]"
1508,1508,"[0.1599998  0.15999996 0.15999976 0.15999814 0.15999994 0.15999969
 0.15999749 0.15999998 0.15999949 0.16000215]"
1509,1509,"[0.15999978 0.15999996 0.15999975 0.15999812 0.15999992 0.15999968
 0.15999747 0.15999998 0.15999952 0.15999907]"
1510,1510,"[0.15999976 0.15999997 0.15999974 0.15999806 0.15999989 0.15999966
 0.15999746 0.15999997 0.15999955 0.15999904]"
1511,1511,"[0.15999975 0.15999997 0.15999972 0.15999801 0.15999986 0.15999964
 0.15999744 0.15999997 0.15999957 0.15999902]"
1512,1512,"[0.15999972 0.15999997 0.15999971 0.15999795 0.15999982 0.15999962
 0.15999742 0.15999997 0.1599996  0.15999899]"
1513,1513,"[0.1599997  0.15999998 0.15999969 0.1599979  0.15999977 0.1599996
 0.15999741 0.15999997 0.15999962 0.15999896]"
1514,1514,"[0.15999968 0.15999998 0.15999968 0.15999785 0.15999971 0.15999957
 0.1599974  0.15999997 0.15999964 0.15999893]"
1515,1515,"[0.15999966 0.15999998 0.15999966 0.1599978  0.15999964 0.15999955
 0.15999739 0.15999996 0.15999967 0.1599989 ]"
1516,1516,"[0.15999963 0.15999998 0.15999964 0.15999775 0.15999956 0.15999953
 0.15999738 0.15999996 0.15999969 0.15999887]"
1517,1517,"[0.15999961 0.15999999 0.15999962 0.15999771 0.15999946 0.15999951
 0.15999737 0.15999996 0.1599997  0.15999884]"
1518,1518,"[0.15999958 0.15999999 0.1599996  0.15999766 0.15999936 0.15999948
 0.15999736 0.15999996 0.15999972 0.1599988 ]"
1519,1519,"[0.15999955 0.15999999 0.15999959 0.15999762 0.15999925 0.15999946
 0.15999736 0.15999996 0.15999974 0.15999877]"
1520,1520,"[0.15999952 0.15999999 0.15999957 0.15999758 0.15999912 0.15999943
 0.15999735 0.15999996 0.15999975 0.15999874]"
1521,1521,"[0.15999949 0.15999999 0.15999954 0.15999755 0.15999899 0.15999941
 0.15999735 0.15999996 0.15999977 0.1599987 ]"
1522,1522,"[0.15999945 0.16       0.15999952 0.15999751 0.15999885 0.15999938
 0.15999734 0.15999997 0.15999969 0.16000032]"
1523,1523,"[0.15999942 0.16       0.1599995  0.15999748 0.1599987  0.15999935
 0.15999734 0.15999997 0.15999925 0.16      ]"
1524,1524,"[0.15999938 0.16       0.15999948 0.15999745 0.15999855 0.15999932
 0.15999734 0.15999997 0.1599993  0.15999999]"
1525,1525,"[0.15999934 0.16       0.15999945 0.15999742 0.15999841 0.15999929
 0.15999734 0.15999997 0.15999934 0.15999999]"
1526,1526,"[0.1599993  0.16       0.15999943 0.1599974  0.15999826 0.15999927
 0.15999733 0.15999997 0.15999937 0.15999999]"
1527,1527,"[0.15999926 0.16       0.1599994  0.15999738 0.15999812 0.15999924
 0.15999733 0.15999997 0.15999941 0.15999999]"
1528,1528,"[0.15999922 0.16       0.15999938 0.15999736 0.15999799 0.15999921
 0.15999733 0.15999997 0.15999944 0.15999999]"
1529,1529,"[0.15999917 0.16000568 0.15999935 0.15999735 0.15999787 0.15999918
 0.15999733 0.16001484 0.15999947 0.15999998]"
1530,1530,"[0.15999913 0.15999954 0.15999932 0.15999734 0.15999776 0.15999915
 0.15999734 0.15999854 0.1599995  0.15999998]"
1531,1531,"[0.15999908 0.15999954 0.15999929 0.15999733 0.15999766 0.15999912
 0.15999734 0.15999865 0.15999953 0.15999998]"
1532,1532,"[0.15999903 0.15999954 0.15999926 0.15999733 0.15999758 0.15999908
 0.15999734 0.15999875 0.15999956 0.15999998]"
1533,1533,"[0.15999898 0.15999953 0.15999923 0.15999734 0.15999751 0.15999905
 0.15999734 0.15999885 0.15999958 0.15999997]"
1534,1534,"[0.15999893 0.15999952 0.1599992  0.15999735 0.15999745 0.15999902
 0.15999734 0.15999895 0.15999961 0.15999997]"
1535,1535,"[0.15999888 0.15999952 0.15999917 0.15999737 0.15999741 0.15999899
 0.15999735 0.15999903 0.15999963 0.15999997]"
1536,1536,"[0.15999883 0.15999951 0.15999914 0.1599974  0.15999737 0.15999896
 0.15999735 0.15999912 0.15999965 0.15999997]"
1537,1537,"[0.15999877 0.1599995  0.15999911 0.15999743 0.15999735 0.15999893
 0.15999736 0.1599992  0.15999967 0.15999996]"
1538,1538,"[0.15999872 0.1599995  0.15999907 0.15999748 0.15999734 0.1599989
 0.15999736 0.15999927 0.15999969 0.15999996]"
1539,1539,"[0.15999866 0.15999949 0.15999904 0.15999754 0.15999733 0.15999887
 0.15999737 0.15999934 0.15999971 0.15999996]"
1540,1540,"[0.15999861 0.15999948 0.15999901 0.16006515 0.15999734 0.15999884
 0.15999763 0.1599994  0.15999972 0.15999996]"
1541,1541,"[0.15999855 0.15999947 0.15999897 0.15999949 0.15999735 0.15999881
 0.15999756 0.15999946 0.15999974 0.15999995]"
1542,1542,"[0.15999849 0.15999945 0.15999894 0.15999941 0.15999736 0.15999878
 0.15999755 0.15999951 0.15999976 0.15999995]"
1543,1543,"[0.15999843 0.15999944 0.1599989  0.15999933 0.16016504 0.15999875
 0.16000444 0.15999956 0.15999977 0.15999995]"
1544,1544,"[0.15999862 0.15999988 0.15999886 0.15999924 0.15999969 0.15999872
 0.15999814 0.1599996  0.15999978 0.15999995]"
1545,1545,"[0.1599988  0.15999994 0.15999883 0.15999915 0.15999964 0.1599987
 0.15999812 0.15999964 0.1599998  0.15999994]"
1546,1546,"[0.15999876 0.15999993 0.15999879 0.15999906 0.15999957 0.15999867
 0.15999809 0.15999968 0.15999981 0.15999994]"
1547,1547,"[0.15999871 0.15999993 0.15999875 0.15999897 0.1599995  0.15999864
 0.15999806 0.15999971 0.15999982 0.15999994]"
1548,1548,"[0.15999867 0.15999993 0.15999872 0.15999887 0.15999943 0.15999862
 0.15999803 0.15999974 0.15999983 0.15999994]"
1549,1549,"[0.15999862 0.15999992 0.15999868 0.15999878 0.15999934 0.15999859
 0.15999801 0.15999977 0.15999984 0.15999994]"
1550,1550,"[0.15999857 0.15999992 0.15999864 0.15999868 0.15999926 0.15999857
 0.15999798 0.15999979 0.15999985 0.15999993]"
1551,1551,"[0.15999853 0.15999991 0.1599986  0.15999858 0.15999916 0.15999854
 0.15999795 0.15999982 0.15999986 0.15999993]"
1552,1552,"[0.15999848 0.15999991 0.15999856 0.15999848 0.15999906 0.15999852
 0.15999792 0.15999995 0.15999988 0.15999993]"
1553,1553,"[0.15999844 0.1600006  0.15999852 0.15999838 0.15999895 0.1599994
 0.15999789 0.1599979  0.15999875 0.15999993]"
1554,1554,"[0.15999839 0.15999955 0.15999848 0.15999829 0.15999884 0.15999967
 0.15999786 0.15999799 0.1599988  0.15999993]"
1555,1555,"[0.15999835 0.15999953 0.15999845 0.15999819 0.15999872 0.15999967
 0.15999783 0.1599981  0.15999885 0.15999992]"
1556,1556,"[0.15999831 0.15999952 0.15999841 0.1599981  0.15999861 0.15999967
 0.1599978  0.1599982  0.1599989  0.15999992]"
1557,1557,"[0.15999826 0.1599995  0.15999837 0.15999802 0.15999849 0.15999967
 0.15999778 0.1599983  0.15999895 0.15999992]"
1558,1558,"[0.15999822 0.15999948 0.15999833 0.15999793 0.15999837 0.15999966
 0.15999775 0.1599984  0.159999   0.15999992]"
1559,1559,"[0.15999817 0.15999947 0.15999829 0.15999785 0.15999825 0.15999966
 0.15999772 0.1599985  0.15999904 0.15999991]"
1560,1560,"[0.15999813 0.15999945 0.15999825 0.15999778 0.15999814 0.15999966
 0.15999769 0.1599986  0.15999908 0.15999991]"
1561,1561,"[0.15999809 0.15999944 0.15999822 0.15999771 0.15999803 0.15999966
 0.15999766 0.15999869 0.15999913 0.15999991]"
1562,1562,"[0.15999805 0.15999942 0.15999818 0.15999764 0.15999792 0.15999966
 0.15999764 0.15999879 0.15999917 0.15999991]"
1563,1563,"[0.15999801 0.1599994  0.15999814 0.15999759 0.15999782 0.15999966
 0.15999761 0.15999887 0.15999921 0.1599999 ]"
1564,1564,"[0.15999797 0.15999939 0.15999811 0.15999753 0.15999773 0.15999966
 0.15999759 0.15999896 0.15999924 0.1599999 ]"
1565,1565,"[0.15999793 0.15999937 0.15999807 0.15999749 0.15999764 0.15999965
 0.15999756 0.15999903 0.15999928 0.1599999 ]"
1566,1566,"[0.15999789 0.15999936 0.15999804 0.15999745 0.15999757 0.15999965
 0.15999754 0.15999911 0.15999931 0.15999989]"
1567,1567,"[0.15999786 0.15999934 0.159998   0.15999741 0.1599975  0.15999965
 0.15999751 0.15999918 0.15999935 0.15999989]"
1568,1568,"[0.15999782 0.15999933 0.15999797 0.15999739 0.15999745 0.15999965
 0.15999749 0.15999924 0.15999938 0.15999989]"
1569,1569,"[0.15999779 0.15999932 0.15999794 0.15999736 0.1599974  0.15999965
 0.15999747 0.1599993  0.15999941 0.15999988]"
1570,1570,"[0.15999776 0.15999931 0.15999791 0.15999735 0.15999737 0.15999965
 0.15999745 0.15999936 0.15999944 0.15999988]"
1571,1571,"[0.15999772 0.15999929 0.15999788 0.15999734 0.15999734 0.15999965
 0.15999743 0.15999941 0.15999946 0.15999987]"
1572,1572,"[0.15999769 0.15999928 0.15999785 0.15999733 0.15999733 0.15999964
 0.15999742 0.15999946 0.15999949 0.15999987]"
1573,1573,"[0.15999766 0.15999927 0.15999782 0.15999733 0.15999734 0.15999964
 0.1599974  0.1599995  0.15999951 0.15999986]"
1574,1574,"[0.15999764 0.15999927 0.15999779 0.15999734 0.15999735 0.15999964
 0.15999739 0.15999954 0.15999954 0.15999986]"
1575,1575,"[0.15999761 0.15999926 0.15999777 0.15999735 0.15999737 0.15999964
 0.15999737 0.15999958 0.15999956 0.15999985]"
1576,1576,"[0.15999758 0.15999925 0.15999774 0.15999736 0.15999741 0.15999964
 0.15999736 0.15999961 0.15999958 0.15999985]"
1577,1577,"[0.15999756 0.15999925 0.15999772 0.15999738 0.15999746 0.15999963
 0.15999735 0.15999965 0.1599996  0.15999984]"
1578,1578,"[0.15999754 0.15999925 0.1599977  0.1599974  0.15999751 0.15999963
 0.15999735 0.15999967 0.15999962 0.15999983]"
1579,1579,"[0.15999751 0.15999925 0.15999768 0.15999742 0.15999758 0.15999963
 0.15999734 0.1599997  0.15999964 0.15999983]"
1580,1580,"[0.15999749 0.15999925 0.15999766 0.15999744 0.15999765 0.15999962
 0.15999734 0.15999973 0.15999966 0.15999982]"
1581,1581,"[0.15999747 0.15999925 0.15999764 0.15999747 0.15999774 0.16000295
 0.15999733 0.15999975 0.16000411 0.15999981]"
1582,1582,"[0.15999746 0.15999926 0.15999762 0.1599975  0.15999782 0.15999998
 0.15999733 0.15999977 0.16       0.15999981]"
1583,1583,"[0.15999744 0.15999927 0.15999761 0.15999753 0.15999792 0.15999998
 0.15999734 0.15999979 0.16       0.1599998 ]"
1584,1584,"[0.15999742 0.15999929 0.15999759 0.15999756 0.15999801 0.15999998
 0.15999734 0.1599998  0.16       0.15999979]"
1585,1585,"[0.15999741 0.15999931 0.15999758 0.15999759 0.15999811 0.15999998
 0.15999734 0.15999982 0.16       0.15999978]"
1586,1586,"[0.1599974  0.15999934 0.15999757 0.15999762 0.15999821 0.15999998
 0.15999735 0.15999983 0.16       0.15999977]"
1587,1587,"[0.15999738 0.15999938 0.15999756 0.15999765 0.15999832 0.15999999
 0.15999736 0.15999985 0.16       0.15999976]"
1588,1588,"[0.15999737 0.15999944 0.15999755 0.15999768 0.15999842 0.15999999
 0.15999737 0.15999986 0.16       0.15999975]"
1589,1589,"[0.15999737 0.15999952 0.15999754 0.15999771 0.15999852 0.15999999
 0.15999739 0.15999987 0.16       0.15999974]"
1590,1590,"[0.15999775 0.15999965 0.15999753 0.15999774 0.15999834 0.15999999
 0.1599974  0.15999988 0.16       0.15999973]"
1591,1591,"[0.15999809 0.15999984 0.15999752 0.15999777 0.15999789 0.15999999
 0.15999742 0.15999989 0.16       0.15999972]"
1592,1592,"[0.15999807 0.15999998 0.15999752 0.1599978  0.15999799 0.15999999
 0.15999744 0.1599999  0.16       0.1599997 ]"
1593,1593,"[0.15999805 0.15999826 0.15999751 0.15999782 0.1599981  0.15999999
 0.15999746 0.1599999  0.15999999 0.15999969]"
1594,1594,"[0.15999804 0.15999771 0.15999751 0.15999785 0.15999821 0.15999999
 0.15999749 0.15999991 0.15999999 0.15999967]"
1595,1595,"[0.15999802 0.15999843 0.15999751 0.15999788 0.15999832 0.15999999
 0.15999751 0.15999992 0.15999999 0.15999966]"
1596,1596,"[0.159998   0.15999882 0.15999751 0.15999791 0.15999843 0.15999999
 0.15999754 0.15999992 0.15999999 0.15999964]"
1597,1597,"[0.15999798 0.15999906 0.15999751 0.15999794 0.15999854 0.15999999
 0.15999757 0.15999993 0.15999999 0.15999963]"
1598,1598,"[0.15999796 0.15999922 0.15999751 0.15999797 0.15999865 0.15999999
 0.1599976  0.15999993 0.15999999 0.15999961]"
1599,1599,"[0.15999794 0.15999934 0.15999752 0.159998   0.15999876 0.15999999
 0.15999763 0.15999994 0.15999999 0.15999959]"
1600,1600,"[0.15999793 0.15999944 0.15999752 0.15999802 0.15999886 0.15999999
 0.15999766 0.15999994 0.15999999 0.15999957]"
1601,1601,"[0.15999791 0.15999952 0.15999753 0.15999805 0.15999896 0.15999999
 0.1599977  0.15999994 0.15999999 0.15999955]"
1602,1602,"[0.15999789 0.15999959 0.15999754 0.15999808 0.15999905 0.15999999
 0.15999773 0.15999995 0.15999999 0.15999953]"
1603,1603,"[0.15999787 0.15999965 0.15999756 0.15999811 0.15999914 0.15999999
 0.15999777 0.15999995 0.15999999 0.15999951]"
1604,1604,"[0.15999785 0.1599997  0.15999757 0.15999814 0.15999923 0.16
 0.15999781 0.15999995 0.15999999 0.15999948]"
1605,1605,"[0.15999783 0.15999974 0.15999759 0.15999817 0.15999931 0.16
 0.15999785 0.15999995 0.15999999 0.15999946]"
1606,1606,"[0.15999781 0.15999978 0.15999761 0.1599982  0.15999938 0.16
 0.15999789 0.15999996 0.15999999 0.15999943]"
1607,1607,"[0.15999779 0.15999981 0.15999764 0.15999823 0.15999945 0.16
 0.15999793 0.15999996 0.15999999 0.15999941]"
1608,1608,"[0.15999777 0.15999984 0.15999767 0.15999826 0.15999952 0.16
 0.15999797 0.15999996 0.15999999 0.15999938]"
1609,1609,"[0.15999776 0.15999987 0.1599977  0.15999829 0.15999958 0.16
 0.15999801 0.15999996 0.15999999 0.15999935]"
1610,1610,"[0.15999879 0.15999989 0.15999774 0.15999814 0.15999963 0.16
 0.15999805 0.15999996 0.15999999 0.15999931]"
1611,1611,"[0.15999925 0.15999991 0.15999779 0.15999788 0.15999968 0.16
 0.1599981  0.15999997 0.15999999 0.15999928]"
1612,1612,"[0.15999924 0.15999993 0.15999784 0.15999792 0.15999972 0.16
 0.15999814 0.15999997 0.15999999 0.15999925]"
1613,1613,"[0.15999923 0.15999994 0.1599979  0.15999795 0.15999976 0.16
 0.15999807 0.15999997 0.15999999 0.16000013]"
1614,1614,"[0.15999922 0.15999995 0.15999797 0.15999799 0.1599998  0.16
 0.15999795 0.15999997 0.15999999 0.15999999]"
1615,1615,"[0.1599992  0.15999996 0.15999805 0.15999802 0.15999983 0.16
 0.159998   0.15999997 0.15999999 0.15999999]"
1616,1616,"[0.15999919 0.15999997 0.15999813 0.15999806 0.15999986 0.16
 0.15999804 0.15999997 0.15999999 0.15999999]"
1617,1617,"[0.15999918 0.15999998 0.15999822 0.1599981  0.15999988 0.16
 0.15999808 0.15999997 0.15999999 0.15999999]"
1618,1618,"[0.15999916 0.15999998 0.15999831 0.15999814 0.1599999  0.16
 0.15999793 0.16000004 0.15999999 0.15999999]"
1619,1619,"[0.15999914 0.15999999 0.15999841 0.15999818 0.15999992 0.16
 0.15999765 0.15999944 0.15999999 0.15999998]"
1620,1620,"[0.15999913 0.15999999 0.15999852 0.15999821 0.15999994 0.16
 0.15999768 0.15999945 0.15999999 0.15999998]"
1621,1621,"[0.15999911 0.15999999 0.15999863 0.15999825 0.15999995 0.16
 0.15999771 0.15999947 0.15999999 0.15999998]"
1622,1622,"[0.15999909 0.16       0.15999874 0.1599983  0.15999996 0.16
 0.15999775 0.15999949 0.15999999 0.15999998]"
1623,1623,"[0.15999907 0.16       0.15999885 0.15999834 0.15999997 0.16
 0.15999778 0.1599995  0.15999999 0.15999998]"
1624,1624,"[0.15999905 0.16       0.15999897 0.15999838 0.15999998 0.16
 0.15999782 0.15999952 0.15999999 0.15999997]"
1625,1625,"[0.15999903 0.16       0.15999908 0.15999842 0.15999998 0.16
 0.15999785 0.15999953 0.15999999 0.15999997]"
1626,1626,"[0.159999   0.16       0.15999918 0.15999846 0.15999999 0.16000019
 0.15999789 0.15999944 0.15999999 0.15999997]"
1627,1627,"[0.15999898 0.16       0.15999928 0.1599985  0.15999999 0.15999966
 0.15999792 0.15999923 0.15999999 0.15999996]"
1628,1628,"[0.15999896 0.16       0.15999938 0.15999855 0.16       0.15999964
 0.15999796 0.15999925 0.15999999 0.15999996]"
1629,1629,"[0.15999893 0.16       0.15999947 0.15999859 0.16       0.15999963
 0.15999799 0.15999927 0.15999999 0.15999995]"
1630,1630,"[0.1599989  0.16       0.15999955 0.15999863 0.16       0.15999961
 0.15999803 0.15999929 0.15999999 0.15999995]"
1631,1631,"[0.15999887 0.16       0.15999962 0.15999867 0.16       0.15999959
 0.15999806 0.15999931 0.15999999 0.15999994]"
1632,1632,"[0.15999885 0.16       0.15999969 0.15999871 0.16       0.15999957
 0.1599981  0.15999932 0.15999999 0.15999994]"
1633,1633,"[0.15999882 0.16       0.15999974 0.15999876 0.16       0.15999955
 0.15999813 0.15999934 0.15999999 0.15999993]"
1634,1634,"[0.15999878 0.15999999 0.15999979 0.1599988  0.16       0.15999953
 0.15999817 0.15999935 0.15999998 0.15999992]"
1635,1635,"[0.15999875 0.15999999 0.15999984 0.15999884 0.16       0.15999951
 0.1599982  0.15999937 0.15999998 0.15999992]"
1636,1636,"[0.15999872 0.15999999 0.15999987 0.15999888 0.16       0.15999949
 0.15999823 0.15999938 0.15999998 0.15999991]"
1637,1637,"[0.1600107  0.15999999 0.15999991 0.15999892 0.15999999 0.15999946
 0.15999827 0.15999939 0.1600371  0.1599999 ]"
1638,1638,"[0.15999993 0.15999999 0.15999993 0.15999896 0.15999999 0.15999943
 0.1599983  0.1599994  0.15999748 0.15999989]"
1639,1639,"[0.15999992 0.15999999 0.15999995 0.159999   0.15999999 0.1599994
 0.15999833 0.15999941 0.15999747 0.15999988]"
1640,1640,"[0.15999992 0.15999999 0.15999997 0.15999904 0.15999999 0.15999937
 0.15999836 0.15999941 0.15999745 0.15999986]"
1641,1641,"[0.15999992 0.15999999 0.15999998 0.15999908 0.15999998 0.15999934
 0.15999839 0.15999942 0.15999744 0.15999985]"
1642,1642,"[0.15999991 0.15999999 0.15999999 0.15999911 0.15999998 0.1599993
 0.15999842 0.15999943 0.15999743 0.15999984]"
1643,1643,"[0.15999991 0.15999998 0.16       0.15999915 0.15999998 0.15999927
 0.15999845 0.15999943 0.15999742 0.15999982]"
1644,1644,"[0.1599999  0.15999998 0.16       0.15999919 0.15999998 0.15999923
 0.15999847 0.15999944 0.1599974  0.1599998 ]"
1645,1645,"[0.1599999  0.15999998 0.16       0.15999922 0.15999998 0.15999919
 0.1599985  0.15999944 0.1599974  0.15999979]"
1646,1646,"[0.15999989 0.15999998 0.16       0.15999925 0.15999997 0.15999914
 0.15999853 0.15999945 0.15999739 0.15999977]"
1647,1647,"[0.15999989 0.15999998 0.16       0.15999929 0.15999997 0.1599991
 0.15999855 0.15999945 0.15999738 0.15999974]"
1648,1648,"[0.15999988 0.15999998 0.15999999 0.15999932 0.1600128  0.15999905
 0.15999857 0.15999945 0.16004401 0.15999972]"
1649,1649,"[0.15999987 0.15999998 0.15999999 0.15999935 0.15999936 0.159999
 0.15999859 0.15999945 0.15999997 0.1599997 ]"
1650,1650,"[0.15999987 0.15999998 0.15999998 0.15999938 0.15999939 0.15999894
 0.15999861 0.15999945 0.15999996 0.15999967]"
1651,1651,"[0.15999986 0.15999998 0.15999998 0.15999941 0.15999941 0.15999889
 0.15999863 0.15999945 0.15999996 0.15999964]"
1652,1652,"[0.15999985 0.15999998 0.15999997 0.15999944 0.15999944 0.15999883
 0.15999865 0.15999945 0.15999996 0.15999961]"
1653,1653,"[0.15999984 0.15999998 0.15999996 0.15999947 0.15999946 0.15999877
 0.15999867 0.15999945 0.15999995 0.15999958]"
1654,1654,"[0.15999984 0.15999997 0.15999996 0.1599995  0.15999949 0.1599987
 0.15999868 0.15999944 0.15999995 0.15999955]"
1655,1655,"[0.15999983 0.15999997 0.15999995 0.15999952 0.15999951 0.15999864
 0.15999869 0.15999944 0.15999995 0.15999951]"
1656,1656,"[0.15999982 0.15999997 0.15999994 0.15999955 0.15999953 0.15999857
 0.15999871 0.15999943 0.15999994 0.15999947]"
1657,1657,"[0.15999981 0.15999997 0.15999994 0.15999957 0.15999955 0.1599985
 0.15999872 0.15999943 0.15999994 0.15999943]"
1658,1658,"[0.1599998  0.15999997 0.15999993 0.15999959 0.15999956 0.15999843
 0.15999872 0.15999942 0.15999993 0.15999939]"
1659,1659,"[0.15999979 0.15999997 0.15999993 0.15999962 0.15999958 0.15999836
 0.15999873 0.15999941 0.15999993 0.15999935]"
1660,1660,"[0.15999978 0.15999997 0.15999992 0.15999975 0.15999871 0.15999828
 0.15999873 0.15999941 0.15999992 0.1599993 ]"
1661,1661,"[0.15999977 0.15999997 0.15999992 0.15999862 0.15999833 0.15999821
 0.15999874 0.1599994  0.15999991 0.15999926]"
1662,1662,"[0.15999976 0.15999997 0.15999991 0.15999867 0.16000427 0.15999813
 0.15999874 0.15999911 0.15999991 0.15999921]"
1663,1663,"[0.15999975 0.15999997 0.15999991 0.15999873 0.15999832 0.15999806
 0.15999873 0.15999735 0.1599999  0.15999915]"
1664,1664,"[0.15999974 0.15999997 0.15999991 0.15999878 0.15999831 0.15999798
 0.15999873 0.15999735 0.15999989 0.1599991 ]"
1665,1665,"[0.15999973 0.15999997 0.15999991 0.15999883 0.1599983  0.15999791
 0.15999872 0.15999735 0.15999988 0.15999904]"
1666,1666,"[0.15999972 0.15999997 0.15999991 0.15999888 0.15999829 0.15999784
 0.15999871 0.15999735 0.15999988 0.15999899]"
1667,1667,"[0.15999971 0.15999997 0.15999991 0.15999892 0.15999828 0.15999776
 0.15999869 0.15999735 0.15999987 0.15999892]"
1668,1668,"[0.15999969 0.15999997 0.15999991 0.15999897 0.15999827 0.1599977
 0.15999868 0.15999735 0.15999986 0.15999886]"
1669,1669,"[0.15999968 0.15999997 0.15999992 0.15999901 0.15999825 0.15999763
 0.15999866 0.15999735 0.15999984 0.1599988 ]"
1670,1670,"[0.15999967 0.15999997 0.15999992 0.15999906 0.15999824 0.15999757
 0.15999863 0.15999736 0.15999983 0.15999873]"
1671,1671,"[0.15999965 0.15999997 0.16001331 0.1599991  0.16020898 0.15999751
 0.1599986  0.15999736 0.15999982 0.15999866]"
1672,1672,"[0.15999964 0.15999997 0.15999966 0.15999914 0.16       0.15999746
 0.15999857 0.15999736 0.15999981 0.15999859]"
1673,1673,"[0.15999962 0.15999998 0.15999968 0.15999918 0.16       0.15999742
 0.15999854 0.15999736 0.15999979 0.15999852]"
1674,1674,"[0.15999961 0.15999998 0.1599997  0.15999921 0.16       0.15999739
 0.15999849 0.15999737 0.15999978 0.15999845]"
1675,1675,"[0.15999959 0.15999998 0.15999972 0.15999925 0.16       0.15999736
 0.15999845 0.15999737 0.15999976 0.15999838]"
1676,1676,"[0.15999958 0.15999998 0.15999973 0.15999928 0.16       0.15999734
 0.1599984  0.15999737 0.15999974 0.1599983 ]"
1677,1677,"[0.15999956 0.15999998 0.15999976 0.15999932 0.16       0.15999733
 0.15999834 0.15999737 0.15999972 0.15999823]"
1678,1678,"[0.15999954 0.15999998 0.15999978 0.15999935 0.16       0.15999734
 0.15999828 0.15999738 0.1599997  0.15999816]"
1679,1679,"[0.15999952 0.15999998 0.1599998  0.15999938 0.16       0.15999735
 0.15999822 0.15999738 0.15999968 0.15999809]"
1680,1680,"[0.15999951 0.15999998 0.15999983 0.15999941 0.16       0.15999738
 0.15999815 0.15999739 0.15999966 0.15999802]"
1681,1681,"[0.15999949 0.15999998 0.15999985 0.15999944 0.16       0.15999742
 0.15999808 0.15999739 0.15999963 0.15999795]"
1682,1682,"[0.15999947 0.15999998 0.15999987 0.15999946 0.16       0.15999747
 0.159998   0.15999739 0.1599996  0.15999789]"
1683,1683,"[0.15999945 0.15999998 0.1599999  0.15999949 0.16       0.15999753
 0.15999793 0.1599974  0.15999957 0.15999783]"
1684,1684,"[0.15999943 0.15999998 0.15999992 0.15999951 0.16       0.15999761
 0.15999785 0.15999741 0.15999954 0.15999777]"
1685,1685,"[0.15999941 0.15999998 0.15999994 0.15999954 0.16       0.15999769
 0.15999778 0.15999741 0.15999951 0.15999771]"
1686,1686,"[0.15999938 0.15999998 0.15999996 0.15999956 0.16       0.15999779
 0.15999771 0.15999742 0.15999947 0.15999765]"
1687,1687,"[0.15999936 0.15999998 0.15999998 0.15999958 0.16       0.1599979
 0.15999764 0.15999742 0.15999943 0.1599976 ]"
1688,1688,"[0.15999934 0.15999998 0.15999999 0.1599996  0.16       0.15999802
 0.15999758 0.15999743 0.15999939 0.15999756]"
1689,1689,"[0.15999931 0.15999999 0.16       0.15999962 0.16       0.15999815
 0.15999752 0.15999744 0.15999935 0.15999752]"
1690,1690,"[0.15999929 0.15999999 0.16       0.15999964 0.16       0.15999828
 0.15999748 0.15999745 0.1599993  0.15999748]"
1691,1691,"[0.15999926 0.15999999 0.16       0.15999966 0.16       0.15999842
 0.15999744 0.15999746 0.15999925 0.15999744]"
1692,1692,"[0.15999923 0.15999999 0.15999999 0.15999967 0.16       0.15999856
 0.15999741 0.15999747 0.1599992  0.15999742]"
1693,1693,"[0.15999921 0.15999999 0.15999997 0.15999969 0.16       0.1599987
 0.15999738 0.15999748 0.15999915 0.15999739]"
1694,1694,"[0.15999918 0.16000064 0.15999995 0.1599997  0.16       0.15999884
 0.16000134 0.15999749 0.15999909 0.15999737]"
1695,1695,"[0.15999915 0.15999797 0.15999991 0.15999972 0.16       0.15999897
 0.15999999 0.1599975  0.15999903 0.15999736]"
1696,1696,"[0.15999911 0.15999799 0.15999987 0.15999973 0.16       0.15999911
 0.15999999 0.15999751 0.15999896 0.15999734]"
1697,1697,"[0.15999908 0.15999801 0.15999982 0.15999974 0.16       0.15999923
 0.16       0.15999752 0.15999889 0.15999734]"
1698,1698,"[0.15999905 0.15999803 0.15999976 0.15999975 0.16       0.15999935
 0.16       0.15999754 0.15999882 0.15999733]"
1699,1699,"[0.15999901 0.15999806 0.15999969 0.15999977 0.16       0.15999946
 0.16       0.15999755 0.15999875 0.15999733]"
1700,1700,"[0.15999897 0.15999809 0.15999961 0.15999977 0.16       0.15999956
 0.16000015 0.15999757 0.15999867 0.15999734]"
1701,1701,"[0.15999893 0.15999811 0.15999952 0.15999978 0.16       0.15999965
 0.15999981 0.15999758 0.1599986  0.15999735]"
1702,1702,"[0.15999889 0.15999814 0.15999942 0.1599998  0.16       0.15999973
 0.15999983 0.1599976  0.15999852 0.15999736]"
1703,1703,"[0.16000124 0.15999817 0.15999931 0.15999981 0.16       0.1599998
 0.1600003  0.15999762 0.15999843 0.15999737]"
1704,1704,"[0.15999982 0.1599982  0.1599992  0.15999982 0.16       0.15999986
 0.15999991 0.15999764 0.15999835 0.15999739]"
1705,1705,"[0.15999972 0.16000217 0.15999908 0.15999984 0.16       0.15999991
 0.1599999  0.15999766 0.15999826 0.15999741]"
1706,1706,"[0.15999938 0.15999962 0.15999896 0.15999985 0.16       0.15999994
 0.15999988 0.15999768 0.15999818 0.15999743]"
1707,1707,"[0.15999934 0.15999961 0.15999883 0.15999986 0.16       0.15999997
 0.15999987 0.1599977  0.15999809 0.15999745]"
1708,1708,"[0.15999931 0.1599996  0.1599987  0.15999987 0.16       0.15999999
 0.15999986 0.15999773 0.159998   0.15999747]"
1709,1709,"[0.15999927 0.1599996  0.15999857 0.15999988 0.16       0.16
 0.15999985 0.15999775 0.15999792 0.1599975 ]"
1710,1710,"[0.15999923 0.15999958 0.15999844 0.15999988 0.16       0.16
 0.15999983 0.15999778 0.15999783 0.15999753]"
1711,1711,"[0.15999919 0.15999957 0.15999831 0.15999989 0.16       0.16
 0.15999982 0.15999781 0.15999775 0.15999756]"
1712,1712,"[0.15999916 0.15999956 0.15999818 0.1599999  0.16       0.15999999
 0.1599998  0.15999784 0.15999767 0.15999759]"
1713,1713,"[0.15999912 0.15999954 0.15999807 0.15999991 0.16       0.15999997
 0.15999979 0.15999787 0.15999759 0.15999762]"
1714,1714,"[0.15999908 0.15999953 0.15999795 0.15999991 0.16       0.15999995
 0.15999977 0.1599979  0.15999752 0.15999765]"
1715,1715,"[0.15999904 0.15999951 0.15999785 0.15999992 0.15999999 0.15999993
 0.15999975 0.15999793 0.15999746 0.15999768]"
1716,1716,"[0.159999   0.15999949 0.15999775 0.15999993 0.15999999 0.15999991
 0.15999973 0.15999796 0.15999741 0.15999771]"
1717,1717,"[0.15999897 0.15999947 0.15999767 0.15999993 0.15999999 0.15999988
 0.15999971 0.159998   0.15999737 0.15999775]"
1718,1718,"[0.15999893 0.15999945 0.15999759 0.15999994 0.15999999 0.15999985
 0.15999969 0.15999804 0.15999734 0.15999778]"
1719,1719,"[0.15999889 0.15999942 0.15999752 0.15999994 0.15999999 0.15999983
 0.15999967 0.15999807 0.15999733 0.15999781]"
1720,1720,"[0.15999885 0.1599994  0.15999746 0.15999994 0.15999999 0.1599998
 0.15999965 0.15999811 0.15999734 0.15999785]"
1721,1721,"[0.15999882 0.15999937 0.15999742 0.15999995 0.15999999 0.15999977
 0.15999962 0.15999815 0.15999736 0.15999788]"
1722,1722,"[0.15999878 0.15999934 0.15999738 0.15999995 0.15999999 0.15999974
 0.1599996  0.15999819 0.15999741 0.15999792]"
1723,1723,"[0.15999874 0.15999931 0.15999736 0.15999996 0.15999999 0.15999972
 0.15999957 0.15999823 0.15999747 0.15999795]"
1724,1724,"[0.15999871 0.15999928 0.15999734 0.15999996 0.15999998 0.15999969
 0.15999954 0.15999827 0.15999756 0.15999799]"
1725,1725,"[0.15999867 0.15999924 0.15999733 0.1599992  0.15999998 0.15999967
 0.15999952 0.15999832 0.15999849 0.15999802]"
1726,1726,"[0.15999864 0.15999921 0.15999734 0.15999923 0.15999998 0.15999965
 0.15999949 0.15999836 0.15999842 0.15999806]"
1727,1727,"[0.1599986  0.15999917 0.15999735 0.15999926 0.15999998 0.15999963
 0.15999946 0.1599984  0.15999836 0.15999809]"
1728,1728,"[0.15999857 0.15999913 0.15999735 0.15999928 0.15999997 0.15999961
 0.15999943 0.15999845 0.16004844 0.15999813]"
1729,1729,"[0.15999854 0.15999909 0.15999733 0.1599993  0.15999997 0.15999959
 0.1599994  0.15999849 0.15999951 0.15999816]"
1730,1730,"[0.15999851 0.15999904 0.15999734 0.15999933 0.15999997 0.15999958
 0.15999936 0.15999853 0.1599995  0.1599982 ]"
1731,1731,"[0.15999847 0.159999   0.15999734 0.15999935 0.15999996 0.15999956
 0.15999933 0.15999858 0.15999949 0.15999824]"
1732,1732,"[0.15999844 0.15999895 0.15999736 0.15999937 0.15999996 0.15999955
 0.15999929 0.15999862 0.15999949 0.15999827]"
1733,1733,"[0.15999841 0.1599989  0.15999738 0.15999939 0.15999996 0.15999954
 0.15999926 0.15999866 0.15999948 0.15999831]"
1734,1734,"[0.15999838 0.15999885 0.15999741 0.15999941 0.15999995 0.15999953
 0.15999922 0.15999871 0.15999947 0.15999835]"
1735,1735,"[0.15999835 0.1599988  0.15999744 0.15999943 0.15999995 0.15999953
 0.15999918 0.15999875 0.15999947 0.15999838]"
1736,1736,"[0.15999832 0.15999874 0.15999748 0.15999945 0.15999994 0.15999952
 0.15999914 0.15999879 0.15999946 0.15999842]"
1737,1737,"[0.15999829 0.15999869 0.15999752 0.15999947 0.15999994 0.15999952
 0.1599991  0.15999883 0.15999945 0.15999846]"
1738,1738,"[0.15999827 0.15999863 0.15999756 0.15999948 0.15999993 0.15999952
 0.15999906 0.15999887 0.15999945 0.1599985 ]"
1739,1739,"[0.15999824 0.15999857 0.15999762 0.1599995  0.15999993 0.15999951
 0.15999902 0.15999891 0.15999945 0.15999853]"
1740,1740,"[0.15999821 0.15999851 0.15999767 0.15999951 0.15999992 0.15999951
 0.15999898 0.15999895 0.15999944 0.15999857]"
1741,1741,"[0.15999818 0.15999845 0.15999774 0.15999953 0.15999991 0.15999951
 0.15999894 0.15999899 0.15999944 0.15999861]"
1742,1742,"[0.15999816 0.15999839 0.1599978  0.15999954 0.1599999  0.15999952
 0.15999889 0.15999903 0.15999944 0.15999864]"
1743,1743,"[0.15999813 0.15999832 0.15999788 0.15999956 0.15999989 0.15999952
 0.15999885 0.15999907 0.15999943 0.15999868]"
1744,1744,"[0.1599981  0.15999826 0.15999796 0.15999957 0.15999989 0.15999952
 0.1599988  0.15999911 0.15999943 0.15999872]"
1745,1745,"[0.15999808 0.15999819 0.15999805 0.15999958 0.15999988 0.15999953
 0.15999876 0.15999914 0.15999943 0.15999875]"
1746,1746,"[0.15999805 0.15999813 0.15999815 0.15999959 0.15999986 0.15999953
 0.15999871 0.15999918 0.15999944 0.15999879]"
1747,1747,"[0.15999802 0.15999807 0.15999826 0.15999961 0.15999985 0.15999954
 0.15999867 0.15999921 0.15999944 0.15999882]"
1748,1748,"[0.159998   0.159998   0.15999838 0.15999962 0.15999984 0.15999954
 0.15999862 0.15999924 0.15999944 0.15999885]"
1749,1749,"[0.15999797 0.15999794 0.15999851 0.15999963 0.15999983 0.15999955
 0.15999857 0.15999928 0.15999944 0.15999889]"
1750,1750,"[0.15999794 0.15999788 0.15999867 0.15999964 0.15999981 0.15999966
 0.15999853 0.15999931 0.15999945 0.15999856]"
1751,1751,"[0.15999792 0.15999782 0.15999885 0.15999965 0.1599998  0.15999975
 0.15999848 0.15999934 0.15999946 0.15999759]"
1752,1752,"[0.15999789 0.15999776 0.15999906 0.15999966 0.15999978 0.15999975
 0.15999843 0.15999937 0.15999946 0.15999762]"
1753,1753,"[0.15999786 0.1599977  0.1599993  0.15999967 0.15999976 0.15999976
 0.15999839 0.1599994  0.15999947 0.15999766]"
1754,1754,"[0.15999784 0.15999765 0.15999955 0.15999968 0.15999974 0.15999976
 0.15999834 0.15999942 0.15999948 0.1599977 ]"
1755,1755,"[0.15999781 0.1599976  0.1599998  0.15999968 0.15999972 0.15999976
 0.1599983  0.15999945 0.15999949 0.15999774]"
1756,1756,"[0.15999778 0.15999755 0.15999998 0.15999969 0.1599997  0.15999977
 0.15999825 0.15999948 0.1599995  0.15999778]"
1757,1757,"[0.15999776 0.15999751 0.15999996 0.1599997  0.15999967 0.15999977
 0.15999821 0.1599995  0.15999951 0.15999782]"
1758,1758,"[0.15999773 0.15999747 0.15999967 0.15999971 0.15999965 0.15999978
 0.15999816 0.15999953 0.15999952 0.15999786]"
1759,1759,"[0.1599977  0.15999743 0.15999918 0.15999971 0.15999962 0.15999978
 0.15999812 0.15999955 0.15999954 0.1599979 ]"
1760,1760,"[0.15999767 0.1599974  0.15999868 0.15999972 0.15999959 0.15999978
 0.15999808 0.15999957 0.15999955 0.15999795]"
1761,1761,"[0.15999765 0.15999738 0.15999828 0.15999973 0.15999956 0.15999979
 0.15999803 0.15999959 0.15999955 0.15999799]"
1762,1762,"[0.15999762 0.15999736 0.159998   0.15999974 0.15999952 0.15999979
 0.15999799 0.15999961 0.15999956 0.15999804]"
1763,1763,"[0.15999759 0.15999734 0.15999782 0.15999974 0.15999949 0.15999979
 0.15999795 0.15999963 0.15999955 0.15999808]"
1764,1764,"[0.15999757 0.15999734 0.15999771 0.15999975 0.15999945 0.1599998
 0.15999791 0.15999965 0.15999953 0.15999813]"
1765,1765,"[0.15999754 0.15999733 0.15999764 0.15999975 0.15999941 0.15999972
 0.15999788 0.16000009 0.15999946 0.15999817]"
1766,1766,"[0.15999752 0.15999734 0.1599976  0.15999976 0.15999936 0.15999881
 0.15999784 0.16       0.15999916 0.15999822]"
1767,1767,"[0.15999749 0.15999735 0.15999758 0.15999977 0.15999932 0.15999881
 0.1599978  0.16       0.15999838 0.15999827]"
1768,1768,"[0.15999747 0.15999736 0.15999757 0.15999977 0.15999927 0.15999882
 0.15999777 0.16       0.15999995 0.15999832]"
1769,1769,"[0.15999745 0.15999744 0.15999757 0.15999978 0.15999922 0.15999883
 0.15999774 0.16000002 0.16       0.15999836]"
1770,1770,"[0.15999743 0.15999746 0.15999758 0.15999978 0.15999916 0.15999947
 0.1599977  0.15999998 0.16002732 0.15999841]"
1771,1771,"[0.15999741 0.15999742 0.15999759 0.15999979 0.15999911 0.15999804
 0.15999767 0.15999999 0.15999743 0.15999846]"
1772,1772,"[0.15999739 0.15999738 0.15999761 0.15999979 0.15999905 0.15999805
 0.15999764 0.15999999 0.15999739 0.15999851]"
1773,1773,"[0.15999737 0.15999735 0.15999764 0.1599998  0.15999899 0.15999807
 0.15999762 0.15999999 0.15999737 0.15999856]"
1774,1774,"[0.15999753 0.15999734 0.15999766 0.1599998  0.15999893 0.15999808
 0.15999759 0.16       0.15999735 0.15999846]"
1775,1775,"[0.15999768 0.15999733 0.1599977  0.15999981 0.15999886 0.15999809
 0.15999756 0.16       0.15999734 0.15999831]"
1776,1776,"[0.15999764 0.15999734 0.15999773 0.15999981 0.15999879 0.1599981
 0.15999754 0.16       0.15999733 0.15999839]"
1777,1777,"[0.1599976  0.15999736 0.15999778 0.15999981 0.15999872 0.15999812
 0.15999752 0.16       0.15999734 0.15999847]"
1778,1778,"[0.15999756 0.15999738 0.15999782 0.15999982 0.15999865 0.15999813
 0.15999749 0.16       0.15999735 0.15999855]"
1779,1779,"[0.15999752 0.15999742 0.15999787 0.15999982 0.15999858 0.15999814
 0.15999747 0.16       0.15999736 0.15999863]"
1780,1780,"[0.15999749 0.15999746 0.15999792 0.15999983 0.15999851 0.15999816
 0.15999746 0.16       0.15999739 0.15999871]"
1781,1781,"[0.1599978  0.1599981  0.15999798 0.15999983 0.15999843 0.15999817
 0.15999744 0.16       0.15999741 0.15999878]"
1782,1782,"[0.15999775 0.159998   0.15999803 0.15999983 0.15999836 0.15999819
 0.15999742 0.16       0.15999744 0.15999886]"
1783,1783,"[0.1599977  0.1599979  0.15999809 0.15999984 0.15999828 0.1599982
 0.15999741 0.15999999 0.15999746 0.15999893]"
1784,1784,"[0.15999765 0.15999781 0.15999816 0.15999984 0.15999821 0.15999822
 0.15999739 0.15999999 0.15999749 0.159999  ]"
1785,1785,"[0.15999761 0.15999772 0.15999822 0.15999984 0.15999814 0.15999823
 0.15999738 0.15999999 0.15999752 0.15999907]"
1786,1786,"[0.15999757 0.15999764 0.15999829 0.15999985 0.15999806 0.15999801
 0.15999755 0.15999998 0.15999755 0.15999913]"
1787,1787,"[0.15999753 0.15999757 0.15999836 0.15999985 0.15999799 0.15999761
 0.15999772 0.15999998 0.15999758 0.1599992 ]"
1788,1788,"[0.15999749 0.15999751 0.15999843 0.15999985 0.15999792 0.15999763
 0.1599977  0.15999997 0.1599976  0.15999926]"
1789,1789,"[0.15999746 0.15999745 0.1599985  0.15999985 0.15999786 0.15999764
 0.15999768 0.15999997 0.15999763 0.15999932]"
1790,1790,"[0.15999743 0.15999741 0.15999857 0.15999986 0.15999779 0.15999766
 0.16000007 0.16001101 0.15999765 0.15999937]"
1791,1791,"[0.1599974  0.15999738 0.15999864 0.15999986 0.15999773 0.15999768
 0.15999858 0.15999968 0.15999767 0.15999942]"
1792,1792,"[0.15999738 0.15999735 0.15999871 0.15999986 0.15999767 0.1599977
 0.15999858 0.15999985 0.15999768 0.15999947]"
1793,1793,"[0.15999736 0.15999734 0.15999878 0.15999986 0.15999762 0.15999772
 0.15999858 0.15999997 0.15999769 0.15999952]"
1794,1794,"[0.15999735 0.15999733 0.15999885 0.15999986 0.15999757 0.15999774
 0.15999858 0.15999998 0.1599977  0.15999956]"
1795,1795,"[0.15999734 0.15999734 0.15999892 0.15999987 0.15999752 0.15999776
 0.15999858 0.15999971 0.15999769 0.1599996 ]"
1796,1796,"[0.15999733 0.15999736 0.15999898 0.15999987 0.15999748 0.15999778
 0.15999859 0.15999906 0.15999769 0.15999964]"
1797,1797,"[0.15999733 0.1599974  0.15999905 0.15999987 0.15999745 0.1599978
 0.15999859 0.15999827 0.15999767 0.15999968]"
1798,1798,"[0.15999734 0.15999746 0.15999911 0.15999987 0.15999742 0.15999782
 0.15999859 0.1599977  0.15999765 0.15999971]"
1799,1799,"[0.15999734 0.15999756 0.15999918 0.15999987 0.15999739 0.15999785
 0.1599986  0.15999743 0.15999762 0.15999974]"
1800,1800,"[0.15999735 0.1599978  0.15999924 0.16016923 0.1600005  0.15999787
 0.1599986  0.15999735 0.15999758 0.15999977]"
1801,1801,"[0.15999737 0.15999789 0.15999929 0.15999772 0.15999844 0.15999789
 0.15999861 0.15999734 0.15999754 0.1599998 ]"
1802,1802,"[0.15999739 0.15999787 0.15999935 0.15999771 0.15999839 0.15999792
 0.15999861 0.15999735 0.15999749 0.15999982]"
1803,1803,"[0.15999741 0.15999785 0.1599994  0.15999769 0.15999834 0.15999794
 0.15999862 0.15999737 0.15999743 0.15999984]"
1804,1804,"[0.15999744 0.15999783 0.15999945 0.15999768 0.1599983  0.15999797
 0.15999862 0.15999739 0.15999738 0.15999986]"
1805,1805,"[0.15999743 0.15999782 0.1599995  0.15999767 0.15999825 0.159998
 0.1599993  0.1599974  0.15999735 0.15999988]"
1806,1806,"[0.15999736 0.1599978  0.15999955 0.15999766 0.15999821 0.15999802
 0.15999959 0.15999741 0.15999733 0.1599999 ]"
1807,1807,"[0.15999735 0.15999779 0.15999959 0.15999765 0.15999816 0.15999805
 0.1599996  0.15999741 0.15999736 0.15999991]"
1808,1808,"[0.15999734 0.15999777 0.15999963 0.15999764 0.15999812 0.15999808
 0.15999962 0.15999741 0.15999744 0.15999992]"
1809,1809,"[0.15999733 0.15999776 0.15999967 0.15999763 0.15999808 0.1599981
 0.15999963 0.15999741 0.15999758 0.15999993]"
1810,1810,"[0.15999733 0.15999775 0.15999977 0.15999762 0.15999804 0.15999813
 0.15999959 0.1599974  0.15999778 0.15999994]"
1811,1811,"[0.15999734 0.15999773 0.15999985 0.15999761 0.159998   0.15999816
 0.15999952 0.1599974  0.15999802 0.15999995]"
1812,1812,"[0.15999735 0.15999772 0.15999988 0.16000471 0.15999797 0.15999819
 0.15999953 0.15999739 0.15999828 0.16000044]"
1813,1813,"[0.15999737 0.1599977  0.1599999  0.15999856 0.15999793 0.15999822
 0.15999953 0.15999738 0.15999854 0.1599979 ]"
1814,1814,"[0.15999739 0.15999769 0.15999992 0.15999855 0.1599979  0.15999825
 0.15999954 0.15999737 0.15999879 0.15999795]"
1815,1815,"[0.15999742 0.15999768 0.16000038 0.15999855 0.15999787 0.15999828
 0.15999955 0.15999736 0.159999   0.159998  ]"
1816,1816,"[0.15999745 0.15999766 0.15999967 0.15999854 0.15999784 0.15999831
 0.15999955 0.15999738 0.15999919 0.15999805]"
1817,1817,"[0.15999748 0.15999765 0.15999965 0.15999854 0.15999782 0.15999834
 0.15999956 0.15999739 0.15999934 0.1599981 ]"
1818,1818,"[0.15999752 0.15999763 0.15999962 0.15999853 0.15999779 0.15999837
 0.15999957 0.1599974  0.15999946 0.15999815]"
1819,1819,"[0.15999757 0.15999762 0.1599996  0.15999852 0.15999777 0.1599984
 0.15999958 0.15999742 0.15999957 0.1599982 ]"
1820,1820,"[0.15999762 0.1599976  0.15999958 0.15999851 0.15999774 0.15999843
 0.15999958 0.15999744 0.15999965 0.15999825]"
1821,1821,"[0.15999767 0.15999758 0.15999956 0.15999849 0.15999772 0.15999846
 0.15999959 0.15999745 0.15999972 0.15999829]"
1822,1822,"[0.16001037 0.15999756 0.15999954 0.16001795 0.1599977  0.15999865
 0.1599996  0.15999748 0.16000101 0.15999834]"
1823,1823,"[0.15999971 0.15999755 0.15999952 0.15999999 0.15999768 0.15999884
 0.1599996  0.1599975  0.15999934 0.15999839]"
1824,1824,"[0.15999977 0.15999753 0.1599995  0.15999999 0.15999766 0.15999886
 0.15999961 0.15999752 0.15999933 0.15999844]"
1825,1825,"[0.15999982 0.15999751 0.15999949 0.15999999 0.15999764 0.15999888
 0.15999961 0.15999755 0.15999932 0.15999849]"
1826,1826,"[0.15999987 0.15999749 0.15999947 0.15999999 0.15999762 0.15999891
 0.15999962 0.15999758 0.1599993  0.15999853]"
1827,1827,"[0.15999991 0.15999747 0.15999946 0.15999999 0.15999761 0.15999893
 0.15999963 0.15999761 0.15999928 0.15999858]"
1828,1828,"[0.15999994 0.15999745 0.15999945 0.15999999 0.15999759 0.15999895
 0.15999963 0.15999764 0.15999926 0.15999862]"
1829,1829,"[0.15999996 0.15999744 0.15999944 0.15999999 0.15999757 0.15999897
 0.15999964 0.15999768 0.15999924 0.15999867]"
1830,1830,"[0.15999998 0.15999742 0.15999943 0.15999999 0.15999756 0.15999899
 0.15999964 0.15999771 0.15999921 0.15999871]"
1831,1831,"[0.15999999 0.1599974  0.15999942 0.15999999 0.15999754 0.15999902
 0.15999965 0.15999775 0.15999919 0.15999875]"
1832,1832,"[0.16       0.15999739 0.15999942 0.15999999 0.15999753 0.15999904
 0.15999965 0.15999779 0.15999916 0.15999879]"
1833,1833,"[0.16       0.15999738 0.15999941 0.15999998 0.15999751 0.15999906
 0.15999966 0.15999783 0.15999912 0.15999883]"
1834,1834,"[0.16       0.15999736 0.15999941 0.15999998 0.1599975  0.15999908
 0.15999966 0.15999787 0.15999909 0.15999887]"
1835,1835,"[0.15999999 0.15999735 0.1599994  0.15999998 0.15999749 0.15999911
 0.15999967 0.15999791 0.15999905 0.15999891]"
1836,1836,"[0.15999998 0.15999735 0.1599994  0.15999998 0.15999747 0.15999913
 0.15999967 0.15999796 0.15999901 0.15999895]"
1837,1837,"[0.15999997 0.15999734 0.1599994  0.15999998 0.15999746 0.15999915
 0.15999968 0.159998   0.15999897 0.15999899]"
1838,1838,"[0.15999995 0.15999733 0.1599994  0.15999998 0.15999745 0.15999917
 0.15999968 0.15999805 0.15999892 0.15999902]"
1839,1839,"[0.15999994 0.15999733 0.1599994  0.15999997 0.15999744 0.15999919
 0.15999969 0.1599981  0.15999888 0.15999906]"
1840,1840,"[0.15999992 0.15999733 0.1599994  0.15999997 0.15999743 0.15999921
 0.15999969 0.15999814 0.15999883 0.15999909]"
1841,1841,"[0.1599999  0.15999734 0.1599994  0.15999997 0.15999868 0.16000071
 0.1599997  0.15999814 0.15999878 0.15999912]"
1842,1842,"[0.15999987 0.15999735 0.1599994  0.15999996 0.15999804 0.15999864
 0.1599997  0.15999812 0.15999872 0.15999916]"
1843,1843,"[0.15999985 0.15999736 0.15999941 0.15999996 0.15999801 0.15999868
 0.1599997  0.15999817 0.15999866 0.15999919]"
1844,1844,"[0.15999983 0.15999737 0.15999941 0.15999996 0.15999798 0.15999872
 0.15999971 0.15999822 0.15999861 0.15999922]"
1845,1845,"[0.1599998  0.15999739 0.15999941 0.15999995 0.15999795 0.15999876
 0.15999971 0.15999828 0.15999855 0.15999925]"
1846,1846,"[0.15999978 0.15999741 0.15999942 0.15999995 0.15999791 0.1599988
 0.15999971 0.15999833 0.15999848 0.15999928]"
1847,1847,"[0.15999975 0.15999743 0.15999942 0.15999994 0.15999788 0.15999885
 0.15999972 0.15999838 0.15999842 0.15999931]"
1848,1848,"[0.15999973 0.15999746 0.15999943 0.15999994 0.15999784 0.15999889
 0.15999972 0.15999844 0.15999836 0.15999933]"
1849,1849,"[0.1599997  0.15999749 0.15999944 0.15999993 0.1599978  0.15999893
 0.15999972 0.15999849 0.15999829 0.15999936]"
1850,1850,"[0.15999968 0.15999752 0.15999944 0.15999992 0.15999777 0.15999897
 0.15999973 0.15999854 0.15999822 0.15999939]"
1851,1851,"[0.15999966 0.15999756 0.15999945 0.15999992 0.15999773 0.15999901
 0.15999973 0.1599986  0.15999816 0.15999941]"
1852,1852,"[0.15999963 0.1599976  0.15999946 0.15999991 0.15999769 0.15999905
 0.15999973 0.15999865 0.15999809 0.15999944]"
1853,1853,"[0.15999961 0.15999764 0.15999947 0.1599999  0.15999765 0.15999909
 0.15999973 0.1599987  0.15999802 0.15999946]"
1854,1854,"[0.15999959 0.15999769 0.15999948 0.15999989 0.15999761 0.15999913
 0.15999974 0.15999875 0.15999796 0.15999949]"
1855,1855,"[0.15999957 0.15999774 0.15999948 0.15999989 0.15999757 0.15999917
 0.15999974 0.1599988  0.15999789 0.15999951]"
1856,1856,"[0.15999954 0.15999779 0.15999949 0.15999988 0.15999753 0.1599992
 0.15999974 0.15999885 0.15999783 0.15999953]"
1857,1857,"[0.15999953 0.15999785 0.15999967 0.15999987 0.15999749 0.15999924
 0.15999974 0.1599989  0.15999752 0.15999956]"
1858,1858,"[0.15999951 0.1599979  0.15999785 0.15999986 0.15999746 0.15999928
 0.15999975 0.15999894 0.15999861 0.15999958]"
1859,1859,"[0.15999949 0.15999796 0.15999788 0.15999985 0.15999743 0.15999931
 0.15999975 0.15999899 0.15999848 0.1599996 ]"
1860,1860,"[0.15999947 0.15999802 0.15999791 0.15999984 0.1599974  0.15999935
 0.15999975 0.15999903 0.15999835 0.15999962]"
1861,1861,"[0.15999945 0.15999809 0.15999795 0.15999983 0.15999738 0.15999938
 0.15999975 0.15999907 0.15999823 0.15999964]"
1862,1862,"[0.15999944 0.15999815 0.15999798 0.15999982 0.15999736 0.15999942
 0.15999975 0.15999911 0.15999811 0.15999966]"
1863,1863,"[0.15999942 0.15999822 0.15999801 0.15999981 0.15999734 0.15999945
 0.15999975 0.15999915 0.15999799 0.15999968]"
1864,1864,"[0.15999941 0.15999828 0.15999805 0.1599998  0.15999734 0.15999948
 0.15999976 0.15999919 0.15999788 0.1599997 ]"
1865,1865,"[0.1599994  0.15999835 0.15999808 0.15999979 0.15999733 0.15999951
 0.15999976 0.15999923 0.15999778 0.15999972]"
1866,1866,"[0.15999939 0.15999841 0.15999811 0.15999978 0.15999734 0.15999954
 0.15999976 0.15999927 0.15999769 0.15999974]"
1867,1867,"[0.15999938 0.15999848 0.15999815 0.15999977 0.15999735 0.15999957
 0.15999976 0.1599993  0.1599976  0.15999976]"
1868,1868,"[0.15999937 0.15999855 0.15999818 0.15999976 0.15999737 0.1599996
 0.15999976 0.15999933 0.15999753 0.15999978]"
1869,1869,"[0.15999936 0.15999861 0.15999821 0.15999975 0.1599974  0.15999962
 0.15999977 0.15999937 0.15999746 0.15999979]"
1870,1870,"[0.15999935 0.15999867 0.15999825 0.15999974 0.15999743 0.15999965
 0.15999977 0.1599994  0.15999741 0.15999981]"
1871,1871,"[0.15999934 0.15999874 0.15999828 0.15999973 0.15999747 0.15999967
 0.15999977 0.15999942 0.15999737 0.15999983]"
1872,1872,"[0.15999933 0.15999844 0.15999832 0.15999972 0.15999752 0.1599997
 0.15999977 0.15999945 0.1599983  0.15999984]"
1873,1873,"[0.15999933 0.15999757 0.15999835 0.15999971 0.15999757 0.15999972
 0.15999977 0.15999948 0.15999881 0.15999986]"
1874,1874,"[0.15999932 0.15999762 0.15999838 0.1599997  0.15999764 0.15999974
 0.15999978 0.1599995  0.15999876 0.15999987]"
1875,1875,"[0.15999932 0.15999768 0.15999842 0.1599997  0.15999771 0.15999976
 0.15999978 0.15999953 0.15999872 0.15999989]"
1876,1876,"[0.15999931 0.15999774 0.15999845 0.15999969 0.15999778 0.15999978
 0.15999978 0.15999955 0.15999868 0.1599999 ]"
1877,1877,"[0.15999931 0.1599978  0.15999848 0.15999968 0.15999786 0.1599998
 0.15999978 0.15999957 0.15999864 0.15999992]"
1878,1878,"[0.15999931 0.15999787 0.15999852 0.15999968 0.15999794 0.15999982
 0.15999978 0.15999959 0.1599986  0.15999993]"
1879,1879,"[0.15999931 0.15999793 0.16000982 0.15999967 0.15999803 0.15999984
 0.15999979 0.1599998  0.15999857 0.15999994]"
1880,1880,"[0.1599993  0.159998   0.15999988 0.15999967 0.15999812 0.15999985
 0.15999979 0.15999973 0.15999854 0.15999995]"
1881,1881,"[0.1599993  0.15999807 0.15999988 0.15999967 0.15999821 0.15999987
 0.15999979 0.15999975 0.15999851 0.15999996]"
1882,1882,"[0.1599993  0.15999813 0.15999988 0.15999966 0.15999831 0.15999988
 0.15999979 0.15999977 0.15999849 0.15999997]"
1883,1883,"[0.1599993  0.1599982  0.15999988 0.15999966 0.1599984  0.15999989
 0.1599998  0.15999978 0.15999846 0.15999998]"
1884,1884,"[0.1599993  0.15999827 0.15999988 0.15999966 0.1599985  0.15999991
 0.1599998  0.15999979 0.15999844 0.15999999]"
1885,1885,"[0.1599993  0.15999833 0.15999988 0.15999966 0.15999859 0.15999992
 0.1599998  0.15999981 0.15999842 0.15999999]"
1886,1886,"[0.1599993  0.1599984  0.15999988 0.15999966 0.15999869 0.15999993
 0.15999981 0.15999982 0.15999841 0.16      ]"
1887,1887,"[0.1599993  0.15999846 0.15999988 0.15999967 0.15999878 0.15999994
 0.15999981 0.15999983 0.1599984  0.16      ]"
1888,1888,"[0.15999931 0.15999852 0.15999989 0.15999967 0.15999887 0.15999994
 0.15999981 0.15999984 0.15999838 0.16      ]"
1889,1889,"[0.15999931 0.15999858 0.15999989 0.15999967 0.15999896 0.15999995
 0.15999982 0.15999985 0.15999837 0.16      ]"
1890,1890,"[0.15999931 0.15999864 0.15999989 0.15999968 0.15999904 0.15999996
 0.15999982 0.15999986 0.15999836 0.15999999]"
1891,1891,"[0.15999931 0.1599987  0.15999989 0.15999968 0.15999913 0.15999996
 0.15999982 0.15999987 0.15999835 0.15999999]"
1892,1892,"[0.15999931 0.15999875 0.15999989 0.15999969 0.1599992  0.15999997
 0.15999983 0.15999987 0.15999834 0.15999997]"
1893,1893,"[0.15999932 0.1599988  0.1599999  0.15999969 0.15999928 0.15999998
 0.15999983 0.15999988 0.15999834 0.15999996]"
1894,1894,"[0.15999932 0.15999885 0.1599999  0.1599997  0.15999935 0.15999998
 0.15999984 0.15999989 0.15999833 0.15999994]"
1895,1895,"[0.15999932 0.1599989  0.1599999  0.15999971 0.15999942 0.15999998
 0.15999984 0.15999989 0.15999832 0.15999992]"
1896,1896,"[0.15999933 0.15999895 0.1599999  0.15999972 0.15999948 0.15999999
 0.15999985 0.1599999  0.15999831 0.1599999 ]"
1897,1897,"[0.15999933 0.15999899 0.15999991 0.15999973 0.15999954 0.15999999
 0.1599998  0.1599999  0.15999814 0.15999987]"
1898,1898,"[0.15999934 0.15999903 0.15999991 0.15999996 0.15999959 0.16000074
 0.15999999 0.15999991 0.15999889 0.15999983]"
1899,1899,"[0.15999934 0.15999907 0.15999991 0.15999998 0.15999964 0.15999871
 0.16       0.15999991 0.15999888 0.15999979]"
1900,1900,"[0.15999934 0.15999911 0.15999992 0.15999998 0.15999969 0.15999875
 0.16       0.15999991 0.15999886 0.15999975]"
1901,1901,"[0.15999935 0.15999915 0.15999992 0.15999998 0.15999973 0.15999878
 0.16       0.15999992 0.15999884 0.15999971]"
1902,1902,"[0.15999936 0.15999918 0.15999992 0.15999999 0.15999977 0.15999881
 0.16       0.15999992 0.15999882 0.15999966]"
1903,1903,"[0.15999936 0.15999921 0.15999993 0.15999999 0.15999981 0.15999884
 0.16       0.15999998 0.15999879 0.16000052]"
1904,1904,"[0.15999937 0.15999924 0.16       0.15999999 0.15999984 0.15999758
 0.16       0.15999999 0.15999877 0.15999995]"
1905,1905,"[0.15999937 0.15999927 0.16       0.15999999 0.15999987 0.1599975
 0.16       0.15999999 0.15999874 0.15999999]"
1906,1906,"[0.15999938 0.1599993  0.16       0.15999999 0.1599999  0.15999743
 0.16       0.15999999 0.15999872 0.16      ]"
1907,1907,"[0.15999939 0.15999933 0.15999999 0.15999999 0.15999992 0.15999738
 0.16       0.15999999 0.15999869 0.15999998]"
1908,1908,"[0.15999939 0.15999935 0.15999998 0.15999999 0.15999994 0.15999734
 0.15999999 0.15999999 0.15999866 0.15999992]"
1909,1909,"[0.1599994  0.15999937 0.15999996 0.16       0.15999995 0.15999733
 0.15999999 0.15999999 0.15999863 0.15999985]"
1910,1910,"[0.1599994  0.1599994  0.15999993 0.16       0.15999997 0.15999735
 0.15999999 0.15999999 0.15999859 0.15999975]"
1911,1911,"[0.15999941 0.15999942 0.1599999  0.16       0.15999998 0.15999741
 0.15999998 0.15999999 0.15999856 0.15999963]"
1912,1912,"[0.15999942 0.15999943 0.15999985 0.16       0.15999999 0.1599975
 0.15999997 0.15999999 0.15999852 0.1599995 ]"
1913,1913,"[0.15999942 0.15999945 0.15999979 0.16       0.15999999 0.15999764
 0.15999997 0.15999999 0.15999849 0.15999936]"
1914,1914,"[0.15999943 0.15999947 0.15999972 0.16       0.16       0.15999782
 0.15999996 0.15999999 0.15999845 0.1599992 ]"
1915,1915,"[0.15999943 0.15999948 0.15999963 0.16       0.16       0.15999803
 0.15999995 0.15999999 0.15999841 0.15999904]"
1916,1916,"[0.15999944 0.1599995  0.15999953 0.16       0.16       0.15999827
 0.15999993 0.15999999 0.15999837 0.15999888]"
1917,1917,"[0.15999944 0.15999951 0.15999941 0.16       0.16       0.15999852
 0.15999992 0.15999999 0.15999833 0.15999871]"
1918,1918,"[0.15999945 0.15999952 0.15999929 0.16       0.16       0.15999877
 0.1599999  0.15999999 0.15999828 0.15999855]"
1919,1919,"[0.15999946 0.15999953 0.15999916 0.16       0.15999999 0.159999
 0.15999989 0.15999999 0.15999824 0.15999839]"
1920,1920,"[0.15999946 0.15999954 0.15999904 0.15999999 0.15999999 0.15999921
 0.15999987 0.15999999 0.1599982  0.15999823]"
1921,1921,"[0.15999947 0.15999955 0.15999892 0.15999999 0.15999998 0.1599994
 0.15999984 0.15999999 0.15999815 0.15999808]"
1922,1922,"[0.15999947 0.15999956 0.1599988  0.15999999 0.15999997 0.15999955
 0.15999982 0.15999999 0.15999811 0.15999794]"
1923,1923,"[0.15999924 0.15999956 0.1599987  0.15999998 0.15999997 0.15999967
 0.15999979 0.15999999 0.15999806 0.16000612]"
1924,1924,"[0.15999795 0.15999957 0.15999861 0.15999997 0.15999996 0.15999977
 0.15999977 0.15999999 0.15999802 0.15999733]"
1925,1925,"[0.15999798 0.15999958 0.15999854 0.15999996 0.15999995 0.15999984
 0.15999973 0.15999999 0.15999797 0.15999734]"
1926,1926,"[0.15999776 0.15999958 0.15999847 0.15999995 0.15999994 0.16000134
 0.16000022 0.15999999 0.15999797 0.15999735]"
1927,1927,"[0.15999736 0.15999959 0.15999841 0.15999994 0.15999993 0.15999854
 0.15999999 0.15999999 0.15999797 0.15999738]"
1928,1928,"[0.15999737 0.15999959 0.15999837 0.15999992 0.15999992 0.15999859
 0.15999999 0.15999999 0.15999792 0.15999741]"
1929,1929,"[0.15999738 0.15999959 0.15999833 0.1599999  0.1599999  0.15999865
 0.15999999 0.15999999 0.15999788 0.15999746]"
1930,1930,"[0.1599974  0.1599996  0.1599983  0.15999988 0.15999989 0.1599987
 0.15999999 0.15999999 0.15999784 0.15999752]"
1931,1931,"[0.15999741 0.1599996  0.15999828 0.15999986 0.15999988 0.15999876
 0.16       0.15999999 0.1599978  0.15999759]"
1932,1932,"[0.15999743 0.1599996  0.15999827 0.15999983 0.15999987 0.15999881
 0.16       0.15999999 0.15999775 0.15999768]"
1933,1933,"[0.15999745 0.1599996  0.15999827 0.15999979 0.15999985 0.15999887
 0.16       0.15999999 0.15999771 0.15999779]"
1934,1934,"[0.15999747 0.1599996  0.15999827 0.15999975 0.15999984 0.15999892
 0.16       0.15999999 0.15999768 0.15999791]"
1935,1935,"[0.15999749 0.1599996  0.15999828 0.15999971 0.15999983 0.15999897
 0.16       0.15999999 0.15999764 0.15999805]"
1936,1936,"[0.15999752 0.15999959 0.1599983  0.15999966 0.15999982 0.15999902
 0.16       0.15999999 0.1599976  0.15999819]"
1937,1937,"[0.15999755 0.15999959 0.15999832 0.1599996  0.1599998  0.15999907
 0.16       0.15999999 0.15999757 0.15999835]"
1938,1938,"[0.15999757 0.15999959 0.15999834 0.15999954 0.15999979 0.15999912
 0.16       0.15999999 0.15999754 0.15999852]"
1939,1939,"[0.1599976  0.15999959 0.15999837 0.15999948 0.15999978 0.15999916
 0.16       0.15999998 0.15999751 0.15999868]"
1940,1940,"[0.15999763 0.15999958 0.15999841 0.1599994  0.15999976 0.15999921
 0.16       0.15999998 0.15999748 0.15999885]"
1941,1941,"[0.15999766 0.15999958 0.15999845 0.15999932 0.15999975 0.16000058
 0.16       0.15999998 0.15999743 0.159999  ]"
1942,1942,"[0.15999734 0.15999957 0.15999849 0.16043029 0.16000316 0.15999995
 0.16       0.15999998 0.15999738 0.15999915]"
1943,1943,"[0.15999734 0.15999956 0.15999854 0.15999906 0.15999838 0.15999996
 0.16       0.15999998 0.15999737 0.15999928]"
1944,1944,"[0.15999735 0.16004248 0.15999859 0.15999902 0.16000676 0.15999996
 0.16       0.15999998 0.15999735 0.1599994 ]"
1945,1945,"[0.15999736 0.15999842 0.15999864 0.15999898 0.15999753 0.16000117
 0.16000031 0.15999998 0.15999734 0.15999951]"
1946,1946,"[0.15999738 0.15999839 0.15999869 0.15999894 0.15999751 0.15999829
 0.15999896 0.15999998 0.15999734 0.1599996 ]"
1947,1947,"[0.15999739 0.15999837 0.15999875 0.1599989  0.15999748 0.15999821
 0.15999889 0.15999998 0.15999733 0.15999967]"
1948,1948,"[0.15999741 0.15999834 0.15999881 0.15999933 0.15999746 0.15999814
 0.15999882 0.15999998 0.15999733 0.15999974]"
1949,1949,"[0.15999743 0.15999825 0.15999887 0.15999955 0.15999743 0.15999806
 0.15999874 0.1600028  0.15999734 0.15999772]"
1950,1950,"[0.15999746 0.15999817 0.15999893 0.16000017 0.15999741 0.15999799
 0.15999867 0.15999991 0.15999734 0.1600014 ]"
1951,1951,"[0.15999748 0.15999813 0.15999899 0.16       0.15999739 0.15999791
 0.15999859 0.15999992 0.15999735 0.15999912]"
1952,1952,"[0.15999751 0.15999809 0.15999906 0.16       0.15999738 0.15999785
 0.15999852 0.15999993 0.15999736 0.15999814]"
1953,1953,"[0.15999754 0.15999806 0.15999912 0.16       0.15999736 0.15999778
 0.15999844 0.15999994 0.15999738 0.15999938]"
1954,1954,"[0.15999757 0.15999802 0.15999918 0.16       0.15999735 0.15999772
 0.15999836 0.15999995 0.1599974  0.15999973]"
1955,1955,"[0.16001737 0.15999798 0.15999925 0.16       0.15999723 0.15999766
 0.15999829 0.1599995  0.15999742 0.16015558]"
1956,1956,"[0.15999866 0.15999794 0.15999931 0.16       0.15999778 0.15999761
 0.15999821 0.15999769 0.15999744 0.15999766]"
1957,1957,"[0.1599987  0.1599979  0.15999937 0.15999999 0.15999773 0.15999756
 0.15999814 0.15999773 0.15999746 0.15999758]"
1958,1958,"[0.15999873 0.15999786 0.15999943 0.15999999 0.15999769 0.15999751
 0.15999807 0.15999778 0.15999749 0.15999751]"
1959,1959,"[0.15999876 0.15999781 0.15999948 0.15999999 0.15999765 0.15999747
 0.159998   0.15999782 0.15999752 0.15999745]"
1960,1960,"[0.15999879 0.16002686 0.16000776 0.15999999 0.15999761 0.15999743
 0.15999793 0.15999786 0.15999756 0.1599974 ]"
1961,1961,"[0.15999882 0.15999998 0.15999768 0.15999999 0.15999758 0.1599974
 0.15999787 0.15999791 0.15999759 0.15999736]"
1962,1962,"[0.15999736 0.15999996 0.15999777 0.15999998 0.15999754 0.15999738
 0.1599978  0.15999795 0.15999749 0.15999734]"
1963,1963,"[0.15999735 0.15999994 0.15999786 0.15999998 0.15999751 0.15999736
 0.15999775 0.15999799 0.15999747 0.15999733]"
1964,1964,"[0.15999734 0.15999992 0.15999797 0.15999998 0.15999748 0.15999734
 0.15999769 0.15999803 0.15999745 0.15999734]"
1965,1965,"[0.15999733 0.15999989 0.15999807 0.15999997 0.15999745 0.15999734
 0.15999764 0.15999807 0.15999743 0.15999737]"
1966,1966,"[0.15999733 0.15999986 0.15999818 0.15999997 0.15999743 0.15999733
 0.15999759 0.15999812 0.15999742 0.15999741]"
1967,1967,"[0.15999733 0.15999982 0.1599983  0.15999997 0.1599974  0.15999734
 0.15999755 0.15999816 0.1599974  0.15999746]"
1968,1968,"[0.15999734 0.15999978 0.15999841 0.15999996 0.15999738 0.15999735
 0.15999751 0.1599982  0.15999739 0.15999753]"
1969,1969,"[0.15999735 0.15999973 0.15999853 0.15999995 0.15999737 0.15999736
 0.15999748 0.15999824 0.15999738 0.15999761]"
1970,1970,"[0.15999736 0.15999968 0.15999864 0.15999995 0.15999735 0.15999738
 0.15999745 0.15999828 0.15999737 0.1599977 ]"
1971,1971,"[0.15999737 0.15999963 0.15999876 0.15999994 0.15999734 0.15999741
 0.15999742 0.15999832 0.15999736 0.1599978 ]"
1972,1972,"[0.15999739 0.15999957 0.15999887 0.15999994 0.15999734 0.15999744
 0.1599974  0.15999835 0.15999735 0.15999792]"
1973,1973,"[0.15999741 0.15999951 0.15999897 0.15999993 0.15999733 0.15999748
 0.15999738 0.15999839 0.15999735 0.15999804]"
1974,1974,"[0.15999743 0.15999944 0.15999907 0.15999992 0.15999733 0.15999752
 0.15999736 0.15999843 0.15999734 0.15999816]"
1975,1975,"[0.15999746 0.15999937 0.15999917 0.15999991 0.15999734 0.15999757
 0.15999735 0.15999846 0.15999734 0.1599983 ]"
1976,1976,"[0.15999749 0.1599993  0.15999926 0.1599999  0.15999734 0.15999762
 0.15999734 0.1599985  0.15999734 0.15999844]"
1977,1977,"[0.15999753 0.15999922 0.15999935 0.15999989 0.15999735 0.15999768
 0.15999734 0.15999853 0.15999733 0.15999858]"
1978,1978,"[0.15999757 0.15999914 0.15999943 0.15999988 0.15999737 0.15999774
 0.15999733 0.15999856 0.15999733 0.15999872]"
1979,1979,"[0.15999761 0.15999905 0.1599995  0.15999987 0.15999738 0.1599978
 0.15999733 0.15999859 0.15999733 0.15999886]"
1980,1980,"[0.15999766 0.15999897 0.15999957 0.15999986 0.1599974  0.15999787
 0.15999734 0.15999862 0.15999733 0.159999  ]"
1981,1981,"[0.15999771 0.15999888 0.15999964 0.15999984 0.15999743 0.16008558
 0.16001678 0.15999865 0.15999734 0.15999913]"
1982,1982,"[0.15999777 0.15999878 0.16000101 0.15999983 0.15999737 0.15999886
 0.15999979 0.15999868 0.15999734 0.15999926]"
1983,1983,"[0.15999783 0.15999869 0.15999999 0.15999981 0.15999735 0.1599989
 0.15999981 0.15999871 0.15999734 0.15999939]"
1984,1984,"[0.15999789 0.15999859 0.16       0.15999979 0.15999734 0.15999894
 0.15999984 0.15999874 0.15999734 0.1599995 ]"
1985,1985,"[0.15999796 0.1599985  0.15999999 0.15999977 0.15999733 0.15999898
 0.15999986 0.15999877 0.15999735 0.15999961]"
1986,1986,"[0.15999803 0.1599984  0.15999996 0.15999975 0.15999733 0.15999902
 0.15999989 0.15999879 0.15999735 0.1599997 ]"
1987,1987,"[0.1599981  0.1599983  0.15999992 0.15999973 0.15999734 0.15999905
 0.15999991 0.15999882 0.15999736 0.15999978]"
1988,1988,"[0.15999818 0.15999821 0.15999987 0.15999971 0.15999734 0.15999909
 0.15999993 0.15999884 0.15999736 0.15999985]"
1989,1989,"[0.15999826 0.15999812 0.15999981 0.15999968 0.15999736 0.15999912
 0.15999995 0.15999886 0.15999736 0.15999991]"
1990,1990,"[0.15999834 0.15999803 0.15999974 0.15999965 0.15999737 0.15999915
 0.15999996 0.15999889 0.15999737 0.15999995]"
1991,1991,"[0.15999842 0.15999794 0.15999968 0.15999962 0.15999739 0.15999918
 0.15999997 0.15999891 0.15999737 0.15999998]"
1992,1992,"[0.15999851 0.15999786 0.15999961 0.15999959 0.15999741 0.15999921
 0.15999998 0.15999893 0.15999738 0.16      ]"
1993,1993,"[0.15999859 0.15999778 0.15999955 0.15999956 0.15999744 0.15999923
 0.15999999 0.15999895 0.15999739 0.16      ]"
1994,1994,"[0.15999868 0.15999825 0.15999949 0.15999972 0.15999747 0.15999926
 0.16       0.15999897 0.15999739 0.15999999]"
1995,1995,"[0.15999876 0.15999819 0.15999943 0.1599997  0.1599975  0.15999928
 0.16       0.15999899 0.1599974  0.15999997]"
1996,1996,"[0.15999884 0.15999812 0.15999937 0.15999968 0.15999754 0.15999931
 0.16       0.15999901 0.1599974  0.15999994]"
1997,1997,"[0.15999892 0.15999805 0.15999932 0.15999966 0.15999758 0.15999933
 0.16       0.15999903 0.15999741 0.15999991]"
1998,1998,"[0.159999   0.15999799 0.15999928 0.15999964 0.15999762 0.15999935
 0.15999999 0.15999904 0.15999741 0.15999986]"
1999,1999,"[0.15999908 0.15999793 0.15999924 0.15999962 0.15999767 0.15999937
 0.15999999 0.15999906 0.15999742 0.15999981]"
2000,2000,"[0.15999915 0.15999787 0.1599992  0.15999959 0.15999771 0.15999939
 0.15999998 0.15999908 0.15999742 0.15999976]"
2001,2001,"[0.15999922 0.15999781 0.15999917 0.15999957 0.15999776 0.1599994
 0.15999997 0.15999909 0.15999743 0.15999971]"
2002,2002,"[0.15999929 0.15999776 0.15999914 0.15999954 0.15999781 0.15999942
 0.15999995 0.15999911 0.15999743 0.15999965]"
2003,2003,"[0.15999936 0.15999771 0.15999911 0.15999951 0.15999787 0.15999944
 0.15999994 0.15999912 0.15999744 0.1599996 ]"
2004,2004,"[0.15999942 0.15999766 0.15999909 0.15999948 0.15999792 0.15999945
 0.15999992 0.15999913 0.15999744 0.15999955]"
2005,2005,"[0.15999947 0.15999761 0.15999907 0.15999945 0.15999797 0.15999946
 0.1599999  0.15999915 0.15999745 0.15999949]"
2006,2006,"[0.15999953 0.15999757 0.15999905 0.15999942 0.15999803 0.15999948
 0.15999988 0.15999916 0.15999746 0.15999944]"
2007,2007,"[0.15999958 0.15999753 0.15999904 0.15999938 0.15999809 0.15999949
 0.15999985 0.15999917 0.15999746 0.1599994 ]"
2008,2008,"[0.15999962 0.1599975  0.15999902 0.15999934 0.15999814 0.1599995
 0.15999983 0.15999918 0.15999746 0.15999935]"
2009,2009,"[0.15999967 0.15999746 0.15999901 0.15999931 0.1599982  0.15999951
 0.1599998  0.1599992  0.15999747 0.15999932]"
2010,2010,"[0.15999971 0.15999744 0.15999901 0.15999926 0.15999826 0.15999952
 0.15999977 0.15999921 0.15999747 0.15999928]"
2011,2011,"[0.15999974 0.15999741 0.159999   0.16004565 0.15999832 0.15999953
 0.15999974 0.15999922 0.15999748 0.16004752]"
2012,2012,"[0.15999977 0.15999739 0.159999   0.15999991 0.15999837 0.15999954
 0.15999971 0.15999923 0.15999748 0.15999784]"
2013,2013,"[0.1599998  0.15999737 0.159999   0.1599999  0.15999843 0.15999955
 0.15999967 0.15999924 0.15999749 0.15999787]"
2014,2014,"[0.15999983 0.15999736 0.159999   0.15999989 0.15999849 0.15999956
 0.15999964 0.15999925 0.15999749 0.15999789]"
2015,2015,"[0.15999986 0.15999735 0.159999   0.15999989 0.15999854 0.15999957
 0.1599996  0.15999926 0.1599975  0.15999792]"
2016,2016,"[0.15999988 0.15999734 0.159999   0.15999988 0.1599986  0.15999958
 0.15999956 0.15999927 0.1599975  0.15999795]"
2017,2017,"[0.1599999  0.15999733 0.159999   0.15999987 0.15999865 0.15999959
 0.15999952 0.15999928 0.15999751 0.15999798]"
2018,2018,"[0.15999991 0.15999733 0.15999901 0.15999986 0.15999871 0.1599996
 0.15999948 0.15999929 0.15999751 0.15999802]"
2019,2019,"[0.15999993 0.15999734 0.15999901 0.15999985 0.15999876 0.1599996
 0.15999944 0.15999929 0.15999752 0.15999805]"
2020,2020,"[0.15999994 0.15999734 0.15999902 0.15999984 0.15999881 0.15999961
 0.1599994  0.1599993  0.15999752 0.15999808]"
2021,2021,"[0.15999995 0.15999752 0.15999903 0.15999983 0.15999886 0.15999962
 0.15999935 0.15999931 0.15999805 0.15999812]"
2022,2022,"[0.15999996 0.15999768 0.15999904 0.15999981 0.15999891 0.15999962
 0.15999931 0.15999932 0.15999846 0.15999816]"
2023,2023,"[0.15999997 0.15999764 0.15999905 0.1599998  0.15999896 0.15999963
 0.15999926 0.15999933 0.15999846 0.15999819]"
2024,2024,"[0.15999998 0.1599976  0.15999906 0.15999979 0.15999901 0.15999964
 0.15999922 0.15999934 0.15999845 0.15999823]"
2025,2025,"[0.15999998 0.15999758 0.15999907 0.15999977 0.15999787 0.15999965
 0.15999917 0.15999934 0.15999844 0.15999827]"
2026,2026,"[0.15999999 0.15999755 0.15999908 0.15999976 0.15999791 0.15999965
 0.15999912 0.15999935 0.15999844 0.15999831]"
2027,2027,"[0.15999999 0.15999752 0.15999909 0.15999975 0.15999795 0.15999966
 0.15999907 0.15999936 0.15999843 0.15999835]"
2028,2028,"[0.15999999 0.15999749 0.1599991  0.15999973 0.15999799 0.15999966
 0.15999902 0.15999937 0.15999842 0.15999839]"
2029,2029,"[0.16       0.15999746 0.15999911 0.15999971 0.15999803 0.15999967
 0.15999916 0.1600716  0.15999841 0.15999843]"
2030,2030,"[0.16       0.15999744 0.15999912 0.1599997  0.15999807 0.15999968
 0.15999884 0.15999765 0.1599984  0.15999847]"
2031,2031,"[0.16       0.15999742 0.15999914 0.15999968 0.15999811 0.15999968
 0.1599988  0.15999767 0.15999839 0.15999851]"
2032,2032,"[0.16       0.1599974  0.15999915 0.15999966 0.15999814 0.15999969
 0.15999877 0.1599977  0.15999837 0.15999855]"
2033,2033,"[0.16       0.15999738 0.15999916 0.15999964 0.15999818 0.15999969
 0.15999873 0.15999772 0.15999836 0.15999859]"
2034,2034,"[0.16       0.15999737 0.15999917 0.15999962 0.15999822 0.1599997
 0.15999869 0.15999775 0.15999835 0.15999863]"
2035,2035,"[0.16       0.15999736 0.15999919 0.15999959 0.15999825 0.1599997
 0.15999865 0.15999777 0.15999833 0.15999867]"
2036,2036,"[0.16       0.15999735 0.1599992  0.15999957 0.15999828 0.15999971
 0.15999918 0.1599978  0.15999832 0.15999905]"
2037,2037,"[0.15999992 0.15999734 0.15999921 0.15999955 0.15999787 0.15999971
 0.15999945 0.15999763 0.15999831 0.15999934]"
2038,2038,"[0.15999912 0.15999734 0.15999923 0.15999952 0.15999798 0.15999972
 0.15999943 0.15999734 0.15999829 0.15999937]"
2039,2039,"[0.1600004  0.15999733 0.15999924 0.1599995  0.15999887 0.15999973
 0.15999941 0.15999734 0.15999828 0.15999939]"
2040,2040,"[0.16       0.15999733 0.15999925 0.15999947 0.15999926 0.15999973
 0.15999938 0.15999735 0.15999826 0.15999942]"
2041,2041,"[0.16       0.15999733 0.15999927 0.15999944 0.15999923 0.15999974
 0.15999936 0.15999735 0.15999824 0.15999945]"
2042,2042,"[0.16       0.15999734 0.15999928 0.15999941 0.1599992  0.15999974
 0.15999934 0.15999736 0.15999823 0.15999947]"
2043,2043,"[0.16       0.15999734 0.1599993  0.15999938 0.15999917 0.15999975
 0.15999931 0.15999737 0.15999821 0.1599995 ]"
2044,2044,"[0.16       0.15999735 0.15999931 0.15999935 0.15999914 0.15999975
 0.15999929 0.15999738 0.1599982  0.15999953]"
2045,2045,"[0.16       0.15999736 0.15999932 0.15999932 0.1599991  0.15999976
 0.15999926 0.15999739 0.15999818 0.15999955]"
2046,2046,"[0.16       0.15999737 0.15999934 0.15999929 0.15999907 0.15999977
 0.15999924 0.15999741 0.15999816 0.15999957]"
2047,2047,"[0.16       0.15999738 0.15999935 0.15999926 0.15999904 0.15999977
 0.15999921 0.15999742 0.15999815 0.1599996 ]"
2048,2048,"[0.16       0.15999739 0.15999936 0.15999922 0.159999   0.15999978
 0.15999918 0.15999743 0.15999813 0.15999962]"
2049,2049,"[0.16       0.1599974  0.15999933 0.15999992 0.15999897 0.15999978
 0.15999916 0.15999744 0.15999811 0.15999964]"
2050,2050,"[0.16       0.15999741 0.15999933 0.15999992 0.15999893 0.15999979
 0.15999913 0.15999746 0.1599981  0.15999967]"
2051,2051,"[0.16       0.15999743 0.15999933 0.15999992 0.1599989  0.1599998
 0.1599991  0.15999747 0.15999808 0.15999969]"
2052,2052,"[0.16       0.15999744 0.15999933 0.15999992 0.15999886 0.1599998
 0.15999907 0.15999749 0.16000129 0.1599997 ]"
2053,2053,"[0.15999999 0.15999745 0.15999934 0.15999993 0.15999882 0.15999981
 0.15999904 0.1599975  0.15999994 0.1599974 ]"
2054,2054,"[0.15999998 0.15999746 0.15999934 0.15999993 0.15999879 0.15999982
 0.15999901 0.15999752 0.15999993 0.15999742]"
2055,2055,"[0.15999996 0.15999747 0.15999935 0.15999993 0.15999875 0.15999982
 0.15999898 0.15999753 0.15999993 0.15999745]"
2056,2056,"[0.15999993 0.15999748 0.15999935 0.15999994 0.15999871 0.15999983
 0.15999895 0.15999755 0.15999993 0.15999748]"
2057,2057,"[0.15999987 0.15999749 0.15999936 0.15999994 0.15999867 0.15999984
 0.15999892 0.15999756 0.15999993 0.15999751]"
2058,2058,"[0.15999978 0.1599975  0.15999936 0.15999994 0.15999864 0.15999985
 0.15999889 0.15999757 0.15999992 0.15999755]"
2059,2059,"[0.15999964 0.15999751 0.15999937 0.15999995 0.1599986  0.15999985
 0.15999886 0.15999759 0.15999992 0.15999759]"
2060,2060,"[0.15999944 0.15999751 0.15999937 0.15999995 0.15999856 0.15999986
 0.15999883 0.1599976  0.15999992 0.15999763]"
2061,2061,"[0.15999918 0.15999751 0.15999938 0.15999996 0.15999852 0.15999987
 0.1599988  0.15999762 0.15999991 0.15999768]"
2062,2062,"[0.15999886 0.15999751 0.15999939 0.15999997 0.15999848 0.15999988
 0.15999877 0.15999763 0.15999991 0.15999773]"
2063,2063,"[0.15999851 0.1599975  0.15999939 0.15999997 0.15999844 0.15999988
 0.15999873 0.15999764 0.15999991 0.15999778]"
2064,2064,"[0.15999818 0.15999749 0.1599994  0.15999998 0.1599984  0.15999989
 0.1599987  0.15999765 0.1599999  0.15999783]"
2065,2065,"[0.1599979  0.15999748 0.15999941 0.15999998 0.15999836 0.1599999
 0.15999867 0.15999767 0.1599999  0.15999789]"
2066,2066,"[0.15999769 0.15999747 0.15999941 0.15999999 0.15999832 0.15999991
 0.15999863 0.15999768 0.15999989 0.15999794]"
2067,2067,"[0.15999755 0.15999745 0.15999942 0.15999999 0.15999828 0.15999992
 0.1599986  0.15999769 0.15999989 0.159998  ]"
2068,2068,"[0.15999745 0.15999743 0.15999943 0.16       0.15999824 0.15999992
 0.15999856 0.1599977  0.15999988 0.15999806]"
2069,2069,"[0.1599974  0.15999741 0.15999944 0.16       0.1599982  0.15999993
 0.15999853 0.15999771 0.15999988 0.15999812]"
2070,2070,"[0.15999737 0.15999739 0.15999944 0.16       0.15999816 0.15999994
 0.1599985  0.15999772 0.15999987 0.15999818]"
2071,2071,"[0.15999735 0.15999737 0.15999945 0.16       0.15999812 0.15999995
 0.15999846 0.15999772 0.15999987 0.15999824]"
2072,2072,"[0.15999734 0.15999735 0.15999946 0.16000123 0.15999808 0.15999771
 0.15999842 0.15999834 0.15999986 0.15999911]"
2073,2073,"[0.15999734 0.15999734 0.15999947 0.1599975  0.15999804 0.15999775
 0.15999839 0.15999831 0.15999986 0.15999949]"
2074,2074,"[0.15999733 0.15999733 0.15999947 0.15999744 0.159998   0.15999779
 0.15999835 0.15999828 0.15999985 0.15999954]"
2075,2075,"[0.15999733 0.15999734 0.15999948 0.1599974  0.15999796 0.15999783
 0.15999832 0.15999825 0.15999984 0.15999959]"
2076,2076,"[0.16006011 0.15999736 0.15999949 0.15999736 0.15999792 0.15999774
 0.15999828 0.15999822 0.15999984 0.15999965]"
2077,2077,"[0.15999979 0.1599974  0.15999949 0.15999734 0.15999789 0.15999737
 0.15999824 0.1599982  0.15999983 0.1599997 ]"
2078,2078,"[0.15999979 0.15999746 0.1599995  0.15999733 0.15999785 0.1599975
 0.1599986  0.15999817 0.15999982 0.15999975]"
2079,2079,"[0.1599998  0.15999753 0.15999951 0.15999734 0.15999781 0.15999747
 0.15999856 0.15999815 0.15999982 0.1599998 ]"
2080,2080,"[0.1599998  0.15999762 0.15999951 0.15999736 0.15999777 0.15999745
 0.15999852 0.15999813 0.15999981 0.15999985]"
2081,2081,"[0.15999981 0.15999772 0.15999952 0.1599974  0.15999774 0.15999743
 0.15999848 0.1599981  0.15999981 0.15999989]"
2082,2082,"[0.15999981 0.15999783 0.15999953 0.15999745 0.1599977  0.15999741
 0.15999843 0.15999808 0.1599998  0.15999992]"
2083,2083,"[0.15999982 0.15999795 0.15999953 0.15999752 0.15999767 0.15999739
 0.15999839 0.15999806 0.15999979 0.15999995]"
2084,2084,"[0.15999983 0.15999806 0.15999954 0.15999761 0.15999763 0.15999738
 0.15999835 0.15999804 0.15999978 0.15999998]"
2085,2085,"[0.15999983 0.15999818 0.15999934 0.15999772 0.1599976  0.15999831
 0.15999831 0.15999802 0.15999978 0.15999999]"
2086,2086,"[0.15999984 0.15999829 0.15999804 0.15999784 0.15999757 0.15999884
 0.15999827 0.159998   0.15999977 0.16      ]"
2087,2087,"[0.15999985 0.15999839 0.15999808 0.15999798 0.15999754 0.15999882
 0.15999822 0.15999798 0.15999976 0.16      ]"
2088,2088,"[0.15999986 0.15999849 0.15999811 0.16019559 0.15999751 0.1599988
 0.15999818 0.15999796 0.16000375 0.15999999]"
2089,2089,"[0.15999986 0.15999857 0.15999814 0.16       0.15999749 0.15999878
 0.15999814 0.15999794 0.15999989 0.15999997]"
2090,2090,"[0.15999987 0.15999865 0.15999818 0.15999998 0.15999746 0.15999876
 0.15999809 0.15999792 0.15999988 0.15999994]"
2091,2091,"[0.15999988 0.15999872 0.15999821 0.15999991 0.15999744 0.15999874
 0.15999805 0.15999791 0.15999988 0.15999991]"
2092,2092,"[0.15999989 0.15999878 0.15999824 0.15999977 0.15999742 0.15999872
 0.15999801 0.15999789 0.15999987 0.15999987]"
2093,2093,"[0.15999989 0.15999883 0.15999827 0.15999956 0.1599974  0.1599987
 0.15999796 0.15999787 0.15999986 0.15999982]"
2094,2094,"[0.1599999  0.15999888 0.1599983  0.15999929 0.15999738 0.15999868
 0.15999792 0.15999785 0.15999985 0.15999977]"
2095,2095,"[0.15999991 0.15999892 0.15999833 0.15999896 0.15999737 0.15999867
 0.15999788 0.15999783 0.15999985 0.15999971]"
2096,2096,"[0.15999992 0.15999895 0.16000114 0.16005418 0.15999735 0.15999865
 0.15999784 0.15999782 0.15999984 0.15999965]"
2097,2097,"[0.15999992 0.15999898 0.1599992  0.15999922 0.15999735 0.15999863
 0.1599978  0.1599978  0.15999983 0.15999958]"
2098,2098,"[0.15999993 0.159999   0.15999922 0.15999923 0.15999734 0.15999861
 0.15999776 0.15999778 0.15999982 0.15999951]"
2099,2099,"[0.15999994 0.15999902 0.15999923 0.15999924 0.15999733 0.15999859
 0.15999772 0.15999776 0.15999981 0.15999943]"
2100,2100,"[0.15999995 0.15999904 0.15999925 0.15999925 0.15999739 0.15999857
 0.1599981  0.15999774 0.1599998  0.15999936]"
2101,2101,"[0.15999995 0.15999905 0.15999926 0.15999927 0.15999748 0.15999855
 0.15999841 0.15999773 0.1599998  0.15999928]"
2102,2102,"[0.15999996 0.15999905 0.15999927 0.15999929 0.1599975  0.15999853
 0.15999837 0.15999771 0.15999979 0.1599992 ]"
2103,2103,"[0.15999996 0.15999906 0.15999928 0.15999932 0.15999753 0.15999851
 0.15999832 0.15999769 0.15999978 0.15999912]"
2104,2104,"[0.15999997 0.15999906 0.15999929 0.15999935 0.15999756 0.1599985
 0.15999828 0.15999768 0.15999977 0.15999904]"
2105,2105,"[0.15999997 0.15999906 0.1599993  0.15999938 0.15999759 0.15999848
 0.15999823 0.15999766 0.15999976 0.15999896]"
2106,2106,"[0.15999998 0.15999905 0.15999931 0.15999942 0.15999762 0.15999846
 0.15999818 0.15999764 0.15999975 0.15999888]"
2107,2107,"[0.15999998 0.15999905 0.15999932 0.15999946 0.15999765 0.15999844
 0.15999814 0.15999763 0.15999974 0.1599988 ]"
2108,2108,"[0.15999999 0.15999904 0.15999932 0.1599995  0.15999769 0.15999842
 0.15999809 0.15999761 0.15999973 0.15999872]"
2109,2109,"[0.15999999 0.15999903 0.15999933 0.15999956 0.15999772 0.1599984
 0.15999805 0.1599976  0.15999972 0.15999864]"
2110,2110,"[0.15999999 0.15999901 0.15999933 0.15999961 0.15999776 0.15999839
 0.159998   0.15999758 0.1599997  0.15999857]"
2111,2111,"[0.15999999 0.15999899 0.15999933 0.15999967 0.1599978  0.15999837
 0.15999796 0.15999756 0.15999969 0.15999849]"
2112,2112,"[0.16       0.15999898 0.15999933 0.15999973 0.15999784 0.15999835
 0.15999791 0.15999755 0.15999968 0.15999842]"
2113,2113,"[0.16       0.15999896 0.15999933 0.15999979 0.15999788 0.15999833
 0.15999787 0.15999753 0.15999967 0.15999835]"
2114,2114,"[0.16       0.15999893 0.15999932 0.15999986 0.15999792 0.15999831
 0.15999783 0.15999752 0.15999965 0.15999828]"
2115,2115,"[0.16       0.15999891 0.15999932 0.15999991 0.15999796 0.1599983
 0.15999779 0.1599975  0.15999964 0.15999821]"
2116,2116,"[0.16       0.15999888 0.15999931 0.15999996 0.15999801 0.15999828
 0.15999775 0.15999749 0.15999963 0.15999815]"
2117,2117,"[0.16       0.15999885 0.15999929 0.15999999 0.15999805 0.15999826
 0.15999771 0.15999748 0.15999961 0.15999809]"
2118,2118,"[0.16       0.15999882 0.15999928 0.16       0.15999809 0.15999824
 0.15999767 0.15999746 0.1599996  0.15999803]"
2119,2119,"[0.16       0.15999878 0.15999926 0.15999998 0.15999814 0.15999822
 0.15999763 0.15999745 0.15999958 0.15999797]"
2120,2120,"[0.16       0.15999875 0.15999924 0.15999992 0.15999818 0.1599982
 0.1599976  0.15999744 0.15999956 0.15999791]"
2121,2121,"[0.15999999 0.15999871 0.15999921 0.15999981 0.15999823 0.15999818
 0.15999756 0.15999742 0.15999955 0.15999786]"
2122,2122,"[0.15999999 0.15999867 0.15999917 0.15999966 0.15999827 0.15999759
 0.15999779 0.15999741 0.15999953 0.15999781]"
2123,2123,"[0.15999999 0.15999862 0.15999913 0.15999946 0.15999832 0.15999757
 0.15999775 0.1599974  0.15999951 0.16000307]"
2124,2124,"[0.15999999 0.15999858 0.15999908 0.15999937 0.15999836 0.15999755
 0.15999771 0.15999739 0.15999949 0.15999938]"
2125,2125,"[0.15999999 0.15999853 0.15999903 0.15999931 0.15999841 0.15999753
 0.15999767 0.15999738 0.15999947 0.15999944]"
2126,2126,"[0.15999998 0.15999848 0.15999896 0.15999925 0.15999845 0.15999751
 0.15999764 0.15999737 0.15999945 0.1599995 ]"
2127,2127,"[0.15999998 0.15999843 0.15999888 0.15999918 0.15999849 0.15999749
 0.15999761 0.15999736 0.15999943 0.15999955]"
2128,2128,"[0.15999998 0.15999837 0.15999879 0.1599991  0.15999853 0.15999747
 0.15999758 0.15999736 0.15999941 0.1599996 ]"
2129,2129,"[0.15999998 0.15999831 0.15999868 0.15999903 0.15999858 0.15999746
 0.15999755 0.15999735 0.15999939 0.15999964]"
2130,2130,"[0.15999997 0.16000154 0.15999857 0.15999895 0.15999862 0.1599987
 0.15999752 0.15999734 0.15999936 0.15999968]"
2131,2131,"[0.15999997 0.15999896 0.15999844 0.15999887 0.15999866 0.15999805
 0.15999749 0.15999737 0.15999934 0.15999972]"
2132,2132,"[0.15999997 0.15999862 0.1599983  0.15999879 0.1599987  0.15999802
 0.15999747 0.15999739 0.15999931 0.15999976]"
2133,2133,"[0.15999997 0.15999856 0.15999816 0.15999871 0.15999874 0.15999799
 0.15999744 0.15999738 0.15999929 0.15999979]"
2134,2134,"[0.15999997 0.15999849 0.15999802 0.15999863 0.15999878 0.15999796
 0.15999742 0.15999737 0.15999926 0.15999982]"
2135,2135,"[0.15999996 0.15999842 0.15999788 0.15999854 0.15999881 0.15999792
 0.1599974  0.15999736 0.15999923 0.15999985]"
2136,2136,"[0.15999996 0.15999835 0.15999776 0.15999845 0.15999885 0.15999789
 0.15999765 0.15999757 0.1599992  0.15999987]"
2137,2137,"[0.15999996 0.15999828 0.15999766 0.15999837 0.15999889 0.15999786
 0.15999788 0.15999777 0.15999917 0.15999989]"
2138,2138,"[0.16006437 0.15999979 0.15999757 0.15999828 0.15999892 0.15999783
 0.15999785 0.15999773 0.15999914 0.15999991]"
2139,2139,"[0.15999973 0.15999782 0.1599975  0.1599982  0.15999896 0.1599978
 0.15999781 0.15999769 0.15999911 0.15999993]"
2140,2140,"[0.15999972 0.15999776 0.15999745 0.15999811 0.15999899 0.15999777
 0.15999777 0.15999765 0.15999907 0.15999994]"
2141,2141,"[0.1599997  0.15999771 0.15999742 0.15999803 0.15999902 0.15999774
 0.15999773 0.15999761 0.15999904 0.15999996]"
2142,2142,"[0.15999969 0.15999765 0.1599974  0.15999795 0.15999905 0.15999771
 0.1599977  0.15999758 0.159999   0.15999997]"
2143,2143,"[0.15999967 0.1599976  0.15999738 0.15999787 0.15999908 0.15999768
 0.15999767 0.15999755 0.15999897 0.15999998]"
2144,2144,"[0.16000409 0.15999755 0.15999737 0.1599978  0.15999911 0.15999794
 0.15999808 0.15999751 0.15999893 0.16000065]"
2145,2145,"[0.16       0.1599975  0.15999737 0.15999773 0.15999925 0.15999784
 0.15999867 0.15999749 0.15999889 0.15999779]"
2146,2146,"[0.16       0.15999746 0.15999737 0.15999766 0.15999878 0.1599978
 0.15999857 0.15999746 0.15999885 0.1599978 ]"
2147,2147,"[0.16       0.15999743 0.15999738 0.1599976  0.15999882 0.15999777
 0.15999854 0.15999743 0.15999881 0.1599978 ]"
2148,2148,"[0.16       0.15999739 0.15999739 0.15999755 0.15999885 0.15999773
 0.15999851 0.15999741 0.15999877 0.1599978 ]"
2149,2149,"[0.16       0.15999737 0.1599974  0.1599975  0.15999888 0.1599977
 0.15999848 0.15999739 0.15999872 0.15999781]"
2150,2150,"[0.16       0.15999735 0.15999743 0.15999745 0.15999892 0.15999767
 0.15999845 0.15999737 0.15999868 0.15999782]"
2151,2151,"[0.15999999 0.15999734 0.15999745 0.15999742 0.15999895 0.15999763
 0.15999842 0.15999736 0.15999864 0.15999782]"
2152,2152,"[0.15999999 0.15999733 0.15999749 0.15999738 0.15999898 0.1599976
 0.15999839 0.15999735 0.15999859 0.15999783]"
2153,2153,"[0.15999999 0.15999734 0.15999754 0.15999736 0.15999901 0.15999757
 0.15999836 0.15999734 0.15999855 0.15999783]"
2154,2154,"[0.15999999 0.15999735 0.15999759 0.15999735 0.15999904 0.15999755
 0.15999833 0.15999733 0.1599985  0.15999784]"
2155,2155,"[0.15999999 0.15999737 0.15999765 0.15999734 0.15999906 0.15999752
 0.1599983  0.15999733 0.15999845 0.15999784]"
2156,2156,"[0.15999999 0.1599974  0.15999773 0.15999733 0.15999909 0.15999749
 0.15999827 0.15999734 0.1599984  0.15999784]"
2157,2157,"[0.15999999 0.15999744 0.15999781 0.15999734 0.15999912 0.15999747
 0.15999824 0.15999734 0.15999836 0.15999784]"
2158,2158,"[0.15999998 0.15999748 0.1599979  0.15999735 0.15999914 0.15999745
 0.15999821 0.15999735 0.15999831 0.15999784]"
2159,2159,"[0.15999998 0.15999753 0.15999799 0.16001026 0.15999916 0.15999743
 0.15999818 0.15999736 0.15999826 0.16001966]"
2160,2160,"[0.15999998 0.15999758 0.1599981  0.15999953 0.15999919 0.15999741
 0.15999815 0.15999738 0.15999821 0.15999992]"
2161,2161,"[0.15999997 0.15999764 0.1599982  0.15999958 0.15999921 0.15999739
 0.15999813 0.1599974  0.15999816 0.15999991]"
2162,2162,"[0.15999997 0.1599977  0.15999831 0.15999963 0.15999923 0.15999738
 0.1599981  0.15999742 0.15999811 0.1599999 ]"
2163,2163,"[0.15999997 0.15999776 0.15999842 0.15999967 0.15999925 0.15999736
 0.15999807 0.15999745 0.15999806 0.15999989]"
2164,2164,"[0.15999996 0.15999783 0.15999853 0.1599997  0.15999927 0.15999735
 0.15999804 0.15999748 0.15999801 0.15999988]"
2165,2165,"[0.15999996 0.15999789 0.15999864 0.15999974 0.15999929 0.15999833
 0.16000985 0.15999754 0.15999796 0.15999986]"
2166,2166,"[0.15999995 0.15999794 0.15999875 0.15999977 0.15999931 0.15999756
 0.15999877 0.1599976  0.15999792 0.15999985]"
2167,2167,"[0.15999995 0.15999789 0.15999885 0.1599998  0.15999933 0.15999753
 0.15999878 0.15999754 0.15999787 0.15999983]"
2168,2168,"[0.15999994 0.15999778 0.15999895 0.15999982 0.15999935 0.1599975
 0.15999879 0.15999743 0.15999782 0.15999982]"
2169,2169,"[0.15999993 0.15999783 0.15999905 0.15999984 0.15999937 0.15999748
 0.1599988  0.15999746 0.15999778 0.1599998 ]"
2170,2170,"[0.15999993 0.15999787 0.15999914 0.15999986 0.15999938 0.15999745
 0.15999881 0.15999749 0.15999773 0.15999978]"
2171,2171,"[0.15999992 0.15999792 0.15999922 0.15999988 0.1599994  0.15999743
 0.15999883 0.15999753 0.15999769 0.15999975]"
2172,2172,"[0.15999991 0.15999796 0.1599993  0.1599999  0.15999942 0.15999741
 0.15999884 0.15999757 0.15999765 0.15999973]"
2173,2173,"[0.1599999  0.15999801 0.15999937 0.15999991 0.15999943 0.1599974
 0.15999886 0.15999762 0.15999761 0.1599997 ]"
2174,2174,"[0.15999989 0.15999805 0.15999943 0.15999993 0.15999945 0.15999738
 0.15999888 0.15999766 0.15999757 0.15999968]"
2175,2175,"[0.15999988 0.15999809 0.15999949 0.15999994 0.15999946 0.15999737
 0.1599989  0.15999772 0.15999753 0.15999965]"
2176,2176,"[0.15999987 0.15999812 0.15999955 0.15999995 0.15999948 0.15999736
 0.15999892 0.15999777 0.1599975  0.15999961]"
2177,2177,"[0.15999985 0.15999816 0.1599996  0.15999996 0.15999949 0.15999735
 0.15999894 0.15999782 0.15999747 0.15999958]"
2178,2178,"[0.15999984 0.15999819 0.15999964 0.15999997 0.15999951 0.15999734
 0.15999896 0.15999788 0.15999744 0.15999954]"
2179,2179,"[0.15999983 0.15999822 0.15999968 0.16000086 0.15999952 0.15999734
 0.15999898 0.15999794 0.15999782 0.15999951]"
2180,2180,"[0.15999981 0.15999826 0.15999972 0.15999877 0.15999953 0.15999733
 0.15999901 0.159998   0.15999815 0.15999946]"
2181,2181,"[0.15999979 0.15999829 0.15999976 0.15999882 0.15999955 0.15999733
 0.15999903 0.15999806 0.1599981  0.15999942]"
2182,2182,"[0.15999978 0.15999832 0.15999979 0.15999886 0.15999956 0.15999734
 0.15999906 0.15999812 0.15999805 0.15999937]"
2183,2183,"[0.15999976 0.15999835 0.15999981 0.15999889 0.15999957 0.15999734
 0.15999908 0.15999819 0.159998   0.15999933]"
2184,2184,"[0.15999974 0.15999837 0.15999984 0.15999893 0.15999958 0.15999735
 0.15999911 0.15999825 0.15999795 0.15999928]"
2185,2185,"[0.15999971 0.1599984  0.15999986 0.15999896 0.1599996  0.15999736
 0.15999914 0.15999831 0.1599979  0.15999922]"
2186,2186,"[0.15999969 0.15999843 0.15999988 0.15999899 0.15999961 0.15999737
 0.15999917 0.15999838 0.15999785 0.15999917]"
2187,2187,"[0.15999967 0.15999846 0.15999989 0.15999902 0.15999947 0.15999738
 0.15999919 0.15999854 0.1599978  0.15999911]"
2188,2188,"[0.15999964 0.15999857 0.15999991 0.15999904 0.15999894 0.1599974
 0.15999922 0.15999872 0.15999775 0.15999912]"
2189,2189,"[0.16000022 0.15999804 0.15999992 0.15999906 0.15999896 0.15999742
 0.15999925 0.15999843 0.1599977  0.1599986 ]"
2190,2190,"[0.15999999 0.15999807 0.15999993 0.15999909 0.15999898 0.15999744
 0.15999928 0.1599976  0.15999766 0.15999854]"
2191,2191,"[0.16       0.1599981  0.15999994 0.1599991  0.159999   0.15999746
 0.15999931 0.15999764 0.15999761 0.15999847]"
2192,2192,"[0.16       0.15999813 0.15999995 0.15999912 0.15999902 0.15999748
 0.15999934 0.15999769 0.15999757 0.15999841]"
2193,2193,"[0.16       0.15999816 0.15999996 0.15999914 0.15999904 0.15999751
 0.15999937 0.15999774 0.15999753 0.15999835]"
2194,2194,"[0.16       0.15999819 0.15999997 0.15999915 0.15999906 0.15999754
 0.1599994  0.15999778 0.1599975  0.15999828]"
2195,2195,"[0.16       0.15999823 0.15999997 0.15999917 0.15999908 0.15999747
 0.15999943 0.15999768 0.15999747 0.15999822]"
2196,2196,"[0.16       0.15999826 0.15999998 0.15999918 0.1599991  0.15999734
 0.15999946 0.15999749 0.15999744 0.15999815]"
2197,2197,"[0.16       0.15999829 0.160027   0.15999919 0.15999912 0.15999734
 0.160403   0.15999752 0.15999741 0.15999809]"
2198,2198,"[0.16       0.15999832 0.15999967 0.1599992  0.15999913 0.15999733
 0.15999891 0.15999755 0.15999739 0.15999803]"
2199,2199,"[0.16       0.15999835 0.1599997  0.15999921 0.15999915 0.15999733
 0.15999888 0.15999758 0.15999737 0.15999796]"
2200,2200,"[0.16       0.15999839 0.15999972 0.15999921 0.15999917 0.15999734
 0.15999885 0.15999761 0.15999735 0.1599979 ]"
2201,2201,"[0.16       0.15999842 0.15999974 0.15999922 0.15999919 0.15999734
 0.15999882 0.15999764 0.15999734 0.15999784]"
2202,2202,"[0.16       0.15999845 0.15999976 0.15999923 0.1599992  0.15999735
 0.15999878 0.15999767 0.15999734 0.15999779]"
2203,2203,"[0.16       0.15999848 0.15999978 0.15999923 0.15999922 0.15999736
 0.15999875 0.1599977  0.15999733 0.15999773]"
2204,2204,"[0.16       0.15999852 0.15999979 0.15999923 0.15999924 0.15999737
 0.15999871 0.15999772 0.15999734 0.15999768]"
2205,2205,"[0.16       0.15999855 0.15999981 0.15999923 0.15999926 0.15999738
 0.15999868 0.15999774 0.15999734 0.15999763]"
2206,2206,"[0.16       0.15999858 0.15999982 0.15999923 0.15999927 0.1599974
 0.15999864 0.15999775 0.15999736 0.15999758]"
2207,2207,"[0.16       0.1599985  0.15999984 0.15999924 0.15999929 0.15999741
 0.1599986  0.15999776 0.15999737 0.15999772]"
2208,2208,"[0.15999999 0.15999836 0.15999985 0.15999923 0.15999931 0.15999743
 0.15999856 0.15999777 0.15999739 0.15999785]"
2209,2209,"[0.15999999 0.15999838 0.15999986 0.15999923 0.15999932 0.15999745
 0.15999852 0.15999777 0.15999742 0.1599978 ]"
2210,2210,"[0.15999999 0.15999841 0.15999988 0.15999923 0.15999934 0.15999744
 0.15999848 0.15999776 0.15999745 0.15999774]"
2211,2211,"[0.15999999 0.15999843 0.15999989 0.15999923 0.15999936 0.15999741
 0.15999844 0.15999775 0.15999749 0.15999769]"
2212,2212,"[0.15999998 0.15999846 0.1599999  0.16000394 0.15999937 0.15999743
 0.15999839 0.15999774 0.15999753 0.15999764]"
2213,2213,"[0.15999983 0.15999849 0.15999991 0.15999734 0.15999939 0.15999745
 0.15999835 0.15999772 0.15999757 0.15999759]"
2214,2214,"[0.15999982 0.15999851 0.15999992 0.15999734 0.15999941 0.15999747
 0.1599983  0.15999769 0.15999762 0.15999755]"
2215,2215,"[0.1599998  0.15999854 0.15999993 0.15999733 0.15999942 0.1599975
 0.15999826 0.15999766 0.15999767 0.15999751]"
2216,2216,"[0.15999978 0.15999856 0.15999994 0.15999734 0.15999944 0.15999752
 0.15999821 0.15999763 0.15999773 0.15999747]"
2217,2217,"[0.15999977 0.15999859 0.15999995 0.15999734 0.15999946 0.15999755
 0.15999816 0.1599976  0.15999779 0.15999744]"
2218,2218,"[0.15999975 0.15999861 0.15999995 0.15999734 0.16000801 0.15999758
 0.15999812 0.15999756 0.15999785 0.15999797]"
2219,2219,"[0.15999973 0.15999863 0.15999996 0.15999736 0.15999739 0.15999761
 0.15999807 0.15999753 0.15999792 0.15999773]"
2220,2220,"[0.15999971 0.15999866 0.15999996 0.1599974  0.15999739 0.15999764
 0.15999802 0.15999749 0.15999799 0.15999768]"
2221,2221,"[0.15999968 0.15999868 0.15999997 0.15999747 0.15999738 0.15999768
 0.15999798 0.15999746 0.15999806 0.15999763]"
2222,2222,"[0.15999966 0.15999871 0.16000481 0.15999762 0.15999737 0.15999771
 0.15999793 0.16001242 0.15999814 0.15999759]"
2223,2223,"[0.15999964 0.15999873 0.15999935 0.15999787 0.15999737 0.15999775
 0.15999788 0.15999963 0.15999822 0.15999755]"
2224,2224,"[0.15999961 0.15999876 0.15999936 0.15999822 0.15999736 0.15999761
 0.15999784 0.15999963 0.1599983  0.15999772]"
2225,2225,"[0.15999958 0.15999878 0.15999937 0.15999864 0.15999735 0.15999734
 0.15999779 0.15999963 0.15999838 0.1599979 ]"
2226,2226,"[0.15999955 0.1599988  0.15999938 0.15999905 0.15999735 0.15999734
 0.15999775 0.15999963 0.15999847 0.15999785]"
2227,2227,"[0.15999952 0.15999883 0.15999938 0.15999938 0.15999734 0.15999733
 0.15999771 0.15999962 0.15999855 0.1599978 ]"
2228,2228,"[0.15999949 0.15999885 0.15999938 0.15999962 0.15999734 0.15999733
 0.15999766 0.15999961 0.15999885 0.15999766]"
2229,2229,"[0.15999946 0.15999887 0.15999938 0.15999978 0.15999733 0.15999733
 0.15999762 0.1599996  0.15999734 0.15999808]"
2230,2230,"[0.15999942 0.1599989  0.15999938 0.15999988 0.15999733 0.15999734
 0.15999758 0.15999959 0.15999735 0.15999802]"
2231,2231,"[0.15999939 0.15999892 0.15999937 0.15999993 0.15999734 0.15999734
 0.15999755 0.15999957 0.15999736 0.15999797]"
2232,2232,"[0.15999935 0.15999895 0.15999936 0.15999996 0.15999734 0.15999735
 0.15999751 0.15999956 0.15999738 0.15999792]"
2233,2233,"[0.15999931 0.15999897 0.15999935 0.15999998 0.15999735 0.15999735
 0.15999748 0.15999954 0.1599974  0.15999787]"
2234,2234,"[0.15999927 0.15999899 0.15999933 0.15999999 0.15999736 0.15999736
 0.15999745 0.15999952 0.15999743 0.15999782]"
2235,2235,"[0.15999923 0.15999902 0.16000059 0.16       0.15999737 0.15999737
 0.1599979  0.15999949 0.15999746 0.15999777]"
2236,2236,"[0.15999918 0.15999904 0.15999995 0.16       0.15999739 0.15999738
 0.15999824 0.15999947 0.15999749 0.15999772]"
2237,2237,"[0.15999914 0.15999906 0.15999995 0.16       0.15999741 0.1599974
 0.15999815 0.15999944 0.15999753 0.15999768]"
2238,2238,"[0.15999909 0.15999909 0.15999996 0.16       0.15999743 0.15999741
 0.15999807 0.15999941 0.15999758 0.15999764]"
2239,2239,"[0.15999904 0.15999911 0.15999997 0.16       0.15999745 0.15999743
 0.15999798 0.15999938 0.15999763 0.1599976 ]"
2240,2240,"[0.15999899 0.15999913 0.15999998 0.16       0.15999748 0.15999744
 0.1599979  0.15999934 0.1599977  0.15999756]"
2241,2241,"[0.15999894 0.15999916 0.15999999 0.16       0.15999751 0.15999746
 0.15999782 0.15999931 0.15999777 0.15999752]"
2242,2242,"[0.15999888 0.15999918 0.15999999 0.16       0.15999754 0.15999748
 0.15999774 0.15999927 0.15999784 0.15999749]"
2243,2243,"[0.15999883 0.1599992  0.16       0.16       0.15999757 0.15999751
 0.15999767 0.15999923 0.15999793 0.15999746]"
2244,2244,"[0.15999877 0.15999922 0.16       0.16       0.1599976  0.15999753
 0.15999761 0.1599992  0.15999803 0.15999744]"
2245,2245,"[0.15999872 0.15999925 0.16       0.16       0.15999764 0.15999755
 0.15999755 0.15999915 0.15999813 0.15999741]"
2246,2246,"[0.15999866 0.15999976 0.15999999 0.16       0.15999767 0.15999758
 0.15999749 0.15999911 0.15999825 0.15999753]"
2247,2247,"[0.1599986  0.15999989 0.15999998 0.16       0.1599977  0.15999761
 0.15999745 0.15999907 0.15999838 0.15999765]"
2248,2248,"[0.15999854 0.15999989 0.15999996 0.16       0.15999773 0.15999763
 0.15999741 0.15999903 0.15999851 0.15999762]"
2249,2249,"[0.1599996  0.16000956 0.15999993 0.15999999 0.15999776 0.15999766
 0.15999738 0.15999898 0.15999865 0.15999759]"
2250,2250,"[0.1599989  0.15999853 0.15999987 0.15999999 0.15999779 0.15999769
 0.15999735 0.15999894 0.15999879 0.15999756]"
2251,2251,"[0.15999883 0.15999856 0.15999979 0.15999999 0.15999781 0.15999772
 0.15999734 0.15999889 0.15999894 0.15999753]"
2252,2252,"[0.15999876 0.1599986  0.15999968 0.15999998 0.15999784 0.15999775
 0.15999733 0.15999884 0.15999909 0.1599975 ]"
2253,2253,"[0.15999869 0.15999864 0.15999952 0.15999998 0.15999786 0.15999778
 0.15999734 0.1599988  0.15999924 0.15999748]"
2254,2254,"[0.15999862 0.15999867 0.15999931 0.15999997 0.15999788 0.15999782
 0.15999735 0.15999875 0.15999938 0.15999745]"
2255,2255,"[0.15999855 0.15999871 0.15999907 0.15999996 0.15999789 0.15999785
 0.15999738 0.15999871 0.15999951 0.15999743]"
2256,2256,"[0.15999848 0.15999875 0.15999879 0.15999994 0.15999791 0.15999789
 0.15999741 0.15999866 0.15999962 0.15999742]"
2257,2257,"[0.1599984  0.15999879 0.1599985  0.15999993 0.15999792 0.15999792
 0.15999746 0.15999862 0.15999972 0.1599974 ]"
2258,2258,"[0.15999833 0.15999883 0.15999823 0.15999991 0.15999793 0.15999796
 0.15999751 0.15999858 0.15999981 0.15999738]"
2259,2259,"[0.15999826 0.15999887 0.15999799 0.15999989 0.15999794 0.15999799
 0.15999757 0.15999854 0.15999988 0.15999737]"
2260,2260,"[0.15999818 0.15999891 0.15999781 0.15999986 0.15999795 0.15999803
 0.15999764 0.1599985  0.15999993 0.15999736]"
2261,2261,"[0.15999811 0.15999895 0.15999767 0.15999983 0.15999795 0.15999806
 0.15999772 0.15999846 0.15999996 0.15999735]"
2262,2262,"[0.15999804 0.15999899 0.15999757 0.1599998  0.15999796 0.1599981
 0.15999781 0.15999842 0.15999998 0.15999734]"
2263,2263,"[0.15999797 0.15999903 0.1599975  0.15999975 0.15999796 0.15999814
 0.1599979  0.15999839 0.16       0.15999734]"
2264,2264,"[0.1599979  0.15999908 0.15999746 0.15999971 0.15999796 0.15999817
 0.159998   0.15999835 0.16       0.15999734]"
2265,2265,"[0.15999783 0.15999912 0.15999743 0.15999965 0.15999795 0.15999821
 0.15999811 0.15999832 0.16       0.15999733]"
2266,2266,"[0.15999777 0.15999916 0.15999742 0.15999959 0.15999795 0.15999825
 0.15999822 0.15999829 0.15999999 0.15999733]"
2267,2267,"[0.15999771 0.1599992  0.15999741 0.15999953 0.15999794 0.15999829
 0.15999833 0.15999826 0.15999998 0.15999733]"
2268,2268,"[0.15999766 0.15999925 0.15999741 0.15999945 0.15999794 0.15999833
 0.15999845 0.15999823 0.15999997 0.15999734]"
2269,2269,"[0.1599976  0.15999929 0.15999742 0.15999937 0.15999793 0.15999836
 0.15999857 0.15999821 0.15999996 0.15999734]"
2270,2270,"[0.15999756 0.15999933 0.15999742 0.15999927 0.15999792 0.1599984
 0.15999868 0.15999819 0.15999994 0.15999735]"
2271,2271,"[0.15999751 0.15999937 0.15999744 0.15999917 0.1599979  0.15999844
 0.1599988  0.15999816 0.15999993 0.15999735]"
2272,2272,"[0.15999748 0.15999941 0.15999746 0.15999906 0.15999789 0.15999921
 0.15999892 0.15999814 0.16004565 0.15999736]"
2273,2273,"[0.15999744 0.15999945 0.15999749 0.15999895 0.15999788 0.15999749
 0.15999903 0.15999812 0.15999744 0.15999737]"
2274,2274,"[0.15999741 0.15999948 0.15999752 0.15999882 0.15999786 0.15999751
 0.15999915 0.15999811 0.15999751 0.15999738]"
2275,2275,"[0.15999739 0.15999952 0.15999755 0.15999869 0.15999874 0.15999754
 0.15999925 0.15999809 0.1599976  0.15999739]"
2276,2276,"[0.15999737 0.15999955 0.15999749 0.15999855 0.15999918 0.15999756
 0.15999936 0.15999808 0.15999771 0.1599974 ]"
2277,2277,"[0.15999735 0.15999959 0.15999743 0.15999841 0.15999916 0.15999759
 0.15999946 0.15999806 0.15999783 0.15999742]"
2278,2278,"[0.15999734 0.15999962 0.15999738 0.16001223 0.15999914 0.15999761
 0.16008571 0.15999805 0.15999796 0.15999743]"
2279,2279,"[0.15999734 0.15999965 0.15999735 0.15999885 0.15999912 0.15999764
 0.15999997 0.15999804 0.1599981  0.15999745]"
2280,2280,"[0.15999733 0.15999968 0.15999733 0.15999871 0.1599991  0.15999767
 0.15999995 0.15999802 0.15999824 0.15999746]"
2281,2281,"[0.15999733 0.1599997  0.15999734 0.15999855 0.15999907 0.1599977
 0.15999993 0.15999801 0.15999838 0.15999748]"
2282,2282,"[0.15999734 0.15999973 0.15999736 0.15999839 0.15999905 0.15999773
 0.15999991 0.159998   0.15999852 0.15999749]"
2283,2283,"[0.15999734 0.15999976 0.15999739 0.15999823 0.15999903 0.15999776
 0.15999988 0.15999799 0.15999866 0.15999751]"
2284,2284,"[0.15999735 0.15999978 0.15999744 0.15999808 0.159999   0.15999779
 0.15999986 0.15999797 0.15999879 0.15999753]"
2285,2285,"[0.15999736 0.1599998  0.15999751 0.15999793 0.15999898 0.15999782
 0.15999983 0.15999796 0.15999891 0.15999754]"
2286,2286,"[0.15999737 0.15999982 0.15999759 0.15999779 0.15999896 0.15999785
 0.1599998  0.15999795 0.15999902 0.15999756]"
2287,2287,"[0.15999738 0.15999984 0.15999769 0.15999766 0.15999893 0.15999789
 0.15999977 0.15999794 0.15999913 0.15999758]"
2288,2288,"[0.15999739 0.15999986 0.15999779 0.15999755 0.1599989  0.15999792
 0.15999974 0.15999792 0.15999922 0.1599976 ]"
2289,2289,"[0.15999739 0.15999987 0.15999791 0.15999746 0.15999888 0.15999795
 0.15999972 0.15999791 0.15999931 0.15999761]"
2290,2290,"[0.1599974  0.15999989 0.15999803 0.15999739 0.15999885 0.15999798
 0.15999969 0.1599979  0.15999939 0.15999763]"
2291,2291,"[0.1599974  0.1599999  0.15999815 0.15999735 0.15999882 0.15999802
 0.15999966 0.15999788 0.15999946 0.15999765]"
2292,2292,"[0.1599974  0.15999991 0.15999828 0.15999733 0.1599988  0.15999805
 0.15999963 0.15999787 0.15999952 0.15999767]"
2293,2293,"[0.1599974  0.15999992 0.15999841 0.15999734 0.15999877 0.15999808
 0.16000198 0.15999785 0.15999958 0.15999769]"
2294,2294,"[0.15999739 0.16000189 0.15999853 0.15999736 0.15999874 0.15999788
 0.15999876 0.15999784 0.15999962 0.15999771]"
2295,2295,"[0.15999738 0.15999736 0.15999865 0.1599974  0.15999871 0.15999749
 0.15999875 0.15999782 0.15999967 0.15999772]"
2296,2296,"[0.15999737 0.15999738 0.15999877 0.15999745 0.15999868 0.15999747
 0.15999875 0.1599978  0.15999971 0.15999774]"
2297,2297,"[0.15999736 0.1599974  0.15999888 0.15999752 0.15999865 0.15999745
 0.15999875 0.15999778 0.15999974 0.15999776]"
2298,2298,"[0.15999735 0.15999743 0.15999898 0.1599976  0.15999862 0.15999743
 0.15999876 0.15999776 0.15999977 0.15999778]"
2299,2299,"[0.15999734 0.15999746 0.15999908 0.15999769 0.15999859 0.15999742
 0.15999877 0.15999774 0.1599998  0.1599978 ]"
2300,2300,"[0.15999733 0.1599975  0.15999917 0.15999779 0.15999856 0.15999741
 0.15999878 0.15999772 0.15999982 0.15999781]"
2301,2301,"[0.15999733 0.15999755 0.15999925 0.15999789 0.15999853 0.15999739
 0.15999879 0.1599977  0.15999984 0.15999783]"
2302,2302,"[0.15999734 0.15999759 0.15999933 0.159998   0.15999849 0.15999738
 0.15999881 0.15999768 0.15999986 0.15999785]"
2303,2303,"[0.15999735 0.15999765 0.1599994  0.15999812 0.15999846 0.15999737
 0.15999883 0.15999766 0.15999988 0.15999787]"
2304,2304,"[0.15999736 0.1599977  0.15999946 0.15999823 0.15999843 0.15999736
 0.15999885 0.15999764 0.15999989 0.15999788]"
2305,2305,"[0.15999738 0.15999776 0.15999933 0.15999834 0.1599984  0.16000092
 0.16000094 0.15999761 0.15999991 0.1599979 ]"
2306,2306,"[0.1599974  0.15999782 0.15999881 0.15999846 0.15999836 0.15999851
 0.15999747 0.15999759 0.15999992 0.15999792]"
2307,2307,"[0.15999741 0.15999789 0.15999887 0.15999857 0.15999833 0.15999848
 0.15999752 0.15999757 0.15999993 0.15999793]"
2308,2308,"[0.15999743 0.15999795 0.15999892 0.15999867 0.15999829 0.15999845
 0.15999758 0.15999754 0.15999993 0.15999795]"
2309,2309,"[0.15999744 0.15999802 0.15999897 0.15999878 0.15999826 0.15999842
 0.15999764 0.1599991  0.16000015 0.15999796]"
2310,2310,"[0.15999744 0.15999809 0.15999901 0.15999888 0.15999823 0.15999839
 0.15999771 0.1599995  0.15999856 0.15999798]"
2311,2311,"[0.15999744 0.15999816 0.15999905 0.15999897 0.15999819 0.15999835
 0.15999779 0.15999949 0.15999862 0.15999799]"
2312,2312,"[0.15999744 0.15999824 0.15999908 0.15999906 0.15999816 0.15999832
 0.15999787 0.15999947 0.15999868 0.15999801]"
2313,2313,"[0.15999743 0.15999831 0.15999911 0.15999914 0.15999812 0.15999829
 0.15999795 0.15999945 0.15999874 0.15999802]"
2314,2314,"[0.15999742 0.15999839 0.15999914 0.15999922 0.15999809 0.15999826
 0.15999804 0.15999944 0.1599988  0.15999803]"
2315,2315,"[0.1599974  0.15999846 0.15999916 0.15999929 0.1600041  0.15999822
 0.15999822 0.15999942 0.15999885 0.15999805]"
2316,2316,"[0.15999739 0.15999854 0.15999918 0.15999936 0.15999933 0.15999819
 0.15999733 0.1599994  0.1599989  0.15999806]"
2317,2317,"[0.15999737 0.15999861 0.1599992  0.15999942 0.15999931 0.15999815
 0.15999733 0.15999938 0.15999895 0.15999807]"
2318,2318,"[0.15999736 0.15999868 0.15999922 0.15999948 0.15999929 0.15999812
 0.15999734 0.15999935 0.159999   0.15999808]"
2319,2319,"[0.15999734 0.15999876 0.15999923 0.15999953 0.15999927 0.15999808
 0.15999736 0.15999933 0.15999904 0.15999809]"
2320,2320,"[0.15999734 0.15999883 0.15999924 0.15999958 0.15999924 0.15999805
 0.15999738 0.1599993  0.15999908 0.1599981 ]"
2321,2321,"[0.15999733 0.1599989  0.15999925 0.15999963 0.15999922 0.15999801
 0.15999742 0.15999928 0.15999912 0.15999811]"
2322,2322,"[0.15999734 0.15999897 0.15999925 0.15999967 0.1599992  0.15999798
 0.15999746 0.15999925 0.15999916 0.15999812]"
2323,2323,"[0.15999735 0.15999903 0.15999926 0.1599997  0.15999918 0.15999794
 0.15999751 0.15999922 0.15999919 0.15999813]"
2324,2324,"[0.15999736 0.1599991  0.15999926 0.15999974 0.15999915 0.15999791
 0.15999756 0.15999919 0.15999923 0.15999814]"
2325,2325,"[0.15999739 0.15999916 0.15999926 0.15999977 0.15999913 0.15999787
 0.15999762 0.15999915 0.15999926 0.15999815]"
2326,2326,"[0.15999743 0.1599988  0.15999926 0.15999979 0.1599991  0.15999784
 0.15999768 0.15999912 0.15999812 0.15999816]"
2327,2327,"[0.15999747 0.15999877 0.15999926 0.15999982 0.15999908 0.1599978
 0.15999775 0.15999908 0.15999808 0.15999817]"
2328,2328,"[0.15999752 0.15999875 0.15999926 0.15999984 0.15999905 0.15999777
 0.15999783 0.15999904 0.15999804 0.15999817]"
2329,2329,"[0.15999759 0.15999872 0.15999926 0.15999986 0.15999903 0.15999773
 0.1599979  0.159999   0.159998   0.15999818]"
2330,2330,"[0.15999766 0.1599987  0.15999926 0.15999988 0.159999   0.1599977
 0.15999798 0.15999896 0.15999797 0.15999819]"
2331,2331,"[0.15999774 0.15999869 0.15999926 0.15999989 0.15999898 0.15999767
 0.15999806 0.15999891 0.15999794 0.15999819]"
2332,2332,"[0.15999782 0.15999867 0.15999925 0.15999991 0.15999895 0.15999764
 0.15999814 0.15999887 0.15999791 0.1599982 ]"
2333,2333,"[0.15999791 0.15999866 0.15999925 0.15999992 0.15999892 0.15999761
 0.15999822 0.15999882 0.15999788 0.15999821]"
2334,2334,"[0.15999801 0.15999865 0.15999924 0.15999993 0.1599989  0.15999758
 0.1599983  0.15999877 0.15999785 0.15999821]"
2335,2335,"[0.15999811 0.15999864 0.15999924 0.15999994 0.15999887 0.15999755
 0.15999838 0.15999872 0.15999782 0.15999822]"
2336,2336,"[0.15999822 0.15999864 0.15999924 0.15999995 0.15999884 0.15999752
 0.15999845 0.15999867 0.1599978  0.15999823]"
2337,2337,"[0.15999833 0.15999865 0.15999923 0.15999996 0.15999881 0.1599975
 0.15999853 0.15999861 0.15999777 0.15999823]"
2338,2338,"[0.15999843 0.15999865 0.15999923 0.15999996 0.15999879 0.15999748
 0.1599986  0.15999855 0.15999775 0.15999824]"
2339,2339,"[0.15999854 0.15999867 0.15999922 0.15999997 0.15999876 0.15999745
 0.15999867 0.15999849 0.15999773 0.15999824]"
2340,2340,"[0.15999865 0.15999868 0.15999922 0.15999997 0.15999873 0.15999967
 0.15999874 0.15999843 0.1599977  0.15999799]"
2341,2341,"[0.15999876 0.1599987  0.15999921 0.15999998 0.1599987  0.1599998
 0.1599988  0.15999837 0.15999768 0.15999752]"
2342,2342,"[0.15999886 0.15999873 0.15999921 0.15999998 0.15999867 0.15999979
 0.15999886 0.15999831 0.15999766 0.15999753]"
2343,2343,"[0.15999896 0.15999876 0.15999921 0.15999998 0.15999864 0.15999979
 0.15999892 0.15999825 0.15999764 0.15999754]"
2344,2344,"[0.15999906 0.1599988  0.1599992  0.15999999 0.15999861 0.15999979
 0.15999897 0.15999818 0.15999762 0.15999755]"
2345,2345,"[0.15999915 0.16000125 0.1599992  0.15999999 0.15999858 0.15999979
 0.15999902 0.16001885 0.1599976  0.15999755]"
2346,2346,"[0.15999923 0.15999734 0.15999919 0.15999999 0.15999855 0.15999979
 0.15999907 0.15999996 0.15999758 0.15999755]"
2347,2347,"[0.15999932 0.15999734 0.15999919 0.15999999 0.15999852 0.15999979
 0.15999912 0.15999996 0.15999756 0.15999755]"
2348,2348,"[0.15999939 0.15999733 0.15999919 0.16       0.15999849 0.15999979
 0.15999916 0.15999996 0.15999754 0.15999754]"
2349,2349,"[0.15999946 0.15999733 0.15999919 0.16       0.15999846 0.15999979
 0.15999919 0.15999996 0.15999753 0.15999754]"
2350,2350,"[0.1600014  0.15999733 0.15999918 0.16000665 0.15999843 0.1599998
 0.15999923 0.15999996 0.15999751 0.15999753]"
2351,2351,"[0.15999899 0.15999734 0.15999918 0.15999955 0.16000157 0.1599998
 0.15999926 0.15999996 0.15999749 0.16002895]"
2352,2352,"[0.15999918 0.15999734 0.15999918 0.15999955 0.15999925 0.1599998
 0.15999929 0.15999996 0.15999747 0.15999998]"
2353,2353,"[0.15999936 0.15999735 0.15999918 0.15999956 0.15999922 0.1599998
 0.15999932 0.15999996 0.15999746 0.15999998]"
2354,2354,"[0.15999951 0.15999735 0.15999918 0.15999956 0.1599992  0.1599998
 0.15999934 0.15999996 0.15999744 0.15999997]"
2355,2355,"[0.15999964 0.15999736 0.15999917 0.15999957 0.15999918 0.1599998
 0.15999936 0.15999996 0.15999743 0.15999997]"
2356,2356,"[0.15999976 0.15999737 0.15999917 0.15999957 0.15999915 0.15999981
 0.15999938 0.15999996 0.15999742 0.15999997]"
2357,2357,"[0.15999984 0.15999737 0.15999917 0.15999957 0.15999913 0.15999981
 0.15999939 0.15999996 0.1599974  0.15999996]"
2358,2358,"[0.15999991 0.15999738 0.15999917 0.15999958 0.1599991  0.15999981
 0.1599994  0.15999996 0.15999739 0.15999996]"
2359,2359,"[0.15999996 0.15999739 0.15999917 0.15999958 0.15999908 0.15999981
 0.15999941 0.15999996 0.15999738 0.15999995]"
2360,2360,"[0.15999998 0.1599974  0.15999917 0.15999959 0.15999905 0.15999981
 0.15999942 0.15999996 0.15999737 0.15999995]"
2361,2361,"[0.16       0.15999741 0.15999917 0.15999959 0.15999902 0.15999982
 0.15999943 0.15999996 0.15999736 0.15999994]"
2362,2362,"[0.16       0.15999742 0.15999917 0.1599996  0.15999899 0.15999982
 0.15999943 0.15999996 0.15999735 0.15999994]"
2363,2363,"[0.15999999 0.15999744 0.15999917 0.1599996  0.15999897 0.15999982
 0.15999943 0.15999996 0.15999735 0.15999994]"
2364,2364,"[0.15999997 0.15999745 0.15999917 0.15999961 0.15999894 0.15999982
 0.15999943 0.15999995 0.15999734 0.15999993]"
2365,2365,"[0.15999995 0.15999746 0.15999917 0.15999961 0.15999891 0.15999982
 0.15999942 0.15999995 0.15999734 0.15999993]"
2366,2366,"[0.15999992 0.15999747 0.15999917 0.15999962 0.15999888 0.15999983
 0.15999942 0.15999995 0.15999734 0.15999992]"
2367,2367,"[0.15999989 0.15999748 0.15999917 0.15999963 0.15999885 0.15999983
 0.15999941 0.15999995 0.15999733 0.15999992]"
2368,2368,"[0.15999985 0.15999749 0.15999917 0.15999963 0.15999882 0.15999983
 0.1599994  0.15999995 0.15999733 0.15999992]"
2369,2369,"[0.15999982 0.1599975  0.15999917 0.15999964 0.15999879 0.15999983
 0.15999938 0.15999995 0.15999733 0.15999991]"
2370,2370,"[0.15999978 0.15999751 0.15999917 0.15999964 0.15999875 0.15999983
 0.15999937 0.15999995 0.15999734 0.15999991]"
2371,2371,"[0.15999975 0.15999752 0.15999917 0.15999965 0.15999872 0.15999983
 0.15999935 0.15999995 0.15999734 0.15999991]"
2372,2372,"[0.15999972 0.15999753 0.15999917 0.15999965 0.15999869 0.15999983
 0.15999933 0.15999995 0.15999735 0.1599999 ]"
2373,2373,"[0.15999969 0.15999754 0.15999917 0.15999966 0.15999865 0.15999984
 0.15999931 0.15999995 0.15999735 0.1599999 ]"
2374,2374,"[0.15999966 0.15999755 0.15999917 0.15999966 0.15999862 0.15999984
 0.15999928 0.15999995 0.15999736 0.1599999 ]"
2375,2375,"[0.15999963 0.15999756 0.15999916 0.15999967 0.15999858 0.15999984
 0.15999925 0.15999995 0.15999737 0.1599999 ]"
2376,2376,"[0.1599996  0.15999757 0.15999916 0.15999967 0.15999855 0.15999984
 0.15999922 0.15999995 0.15999738 0.1599999 ]"
2377,2377,"[0.15999958 0.15999757 0.15999915 0.15999968 0.15999851 0.15999984
 0.15999919 0.15999995 0.15999739 0.1599999 ]"
2378,2378,"[0.15999955 0.15999758 0.15999915 0.15999968 0.15999848 0.15999984
 0.15999916 0.15999995 0.1599974  0.1599999 ]"
2379,2379,"[0.15999953 0.15999759 0.15999914 0.15999969 0.15999844 0.15999983
 0.15999912 0.15999995 0.15999742 0.1599999 ]"
2380,2380,"[0.15999952 0.15999759 0.15999914 0.15999969 0.15999841 0.15999983
 0.15999908 0.15999995 0.15999743 0.1599999 ]"
2381,2381,"[0.1599995  0.1599976  0.15999913 0.1599997  0.15999837 0.15999983
 0.15999904 0.15999995 0.15999745 0.1599999 ]"
2382,2382,"[0.15999949 0.15999746 0.16000406 0.1599997  0.15999833 0.15999983
 0.159999   0.15999995 0.15999747 0.1599999 ]"
2383,2383,"[0.15999947 0.15999738 0.15999734 0.15999971 0.15999829 0.15999983
 0.15999896 0.15999995 0.15999749 0.15999991]"
2384,2384,"[0.15999946 0.15999737 0.15999734 0.15999971 0.15999826 0.15999982
 0.15999892 0.15999995 0.15999751 0.15999991]"
2385,2385,"[0.15999945 0.15999736 0.15999733 0.15999972 0.15999822 0.15999982
 0.15999888 0.15999995 0.15999753 0.15999991]"
2386,2386,"[0.15999944 0.15999736 0.15999733 0.15999972 0.15999818 0.15999982
 0.15999884 0.15999995 0.15999755 0.15999992]"
2387,2387,"[0.15999944 0.15999735 0.15999733 0.15999973 0.15999814 0.15999981
 0.1599988  0.15999995 0.15999757 0.15999992]"
2388,2388,"[0.15999943 0.15999735 0.15999733 0.15999973 0.15999811 0.15999981
 0.15999876 0.15999996 0.1599976  0.15999993]"
2389,2389,"[0.15999943 0.15999734 0.15999733 0.15999974 0.15999807 0.1599998
 0.15999872 0.15999996 0.15999762 0.15999993]"
2390,2390,"[0.15999942 0.15999734 0.15999733 0.15999974 0.15999803 0.15999979
 0.15999868 0.15999996 0.15999765 0.15999994]"
2391,2391,"[0.15999942 0.15999734 0.15999733 0.15999975 0.15999799 0.15999979
 0.15999865 0.15999996 0.15999767 0.15999994]"
2392,2392,"[0.15999942 0.15999734 0.15999734 0.15999965 0.15999832 0.15999978
 0.15999862 0.15999996 0.1599977  0.15999995]"
2393,2393,"[0.15999942 0.15999733 0.15999734 0.15999866 0.15999861 0.15999977
 0.15999859 0.15999996 0.15999773 0.15999995]"
2394,2394,"[0.15999942 0.15999733 0.15999734 0.16089213 0.15999857 0.15999976
 0.15999856 0.15999996 0.15999776 0.16001682]"
2395,2395,"[0.15999943 0.15999733 0.15999734 0.15999785 0.15999853 0.15999975
 0.15999853 0.15999996 0.15999779 0.15999997]"
2396,2396,"[0.15999943 0.15999733 0.15999735 0.15999788 0.15999848 0.15999974
 0.15999851 0.15999996 0.15999782 0.15999997]"
2397,2397,"[0.15999943 0.15999733 0.15999735 0.15999791 0.15999844 0.15999973
 0.1599985  0.15999996 0.15999785 0.15999997]"
2398,2398,"[0.15999944 0.15999734 0.15999735 0.15999793 0.1599984  0.15999971
 0.15999848 0.15999996 0.15999788 0.15999996]"
2399,2399,"[0.15999944 0.15999734 0.15999736 0.15999796 0.15999836 0.1599997
 0.15999847 0.15999997 0.15999791 0.15999996]"
2400,2400,"[0.15999945 0.15999734 0.15999736 0.15999798 0.15999832 0.15999968
 0.15999846 0.15999997 0.15999794 0.15999995]"
2401,2401,"[0.15999945 0.15999735 0.15999736 0.15999801 0.15999827 0.15999967
 0.15999845 0.15999997 0.15999797 0.15999995]"
2402,2402,"[0.15999946 0.15999735 0.15999737 0.15999803 0.15999823 0.15999965
 0.15999845 0.15999997 0.159998   0.15999994]"
2403,2403,"[0.15999946 0.15999736 0.15999737 0.15999805 0.15999819 0.15999963
 0.15999845 0.15999997 0.15999804 0.15999994]"
2404,2404,"[0.15999947 0.15999736 0.15999737 0.16000622 0.15999814 0.15999961
 0.16002766 0.15999997 0.15999807 0.15999993]"
2405,2405,"[0.15999948 0.15999737 0.15999737 0.1599995  0.1599981  0.15999959
 0.16       0.15999997 0.1599981  0.15999992]"
2406,2406,"[0.15999948 0.15999738 0.15999737 0.15999948 0.15999806 0.15999956
 0.16       0.15999998 0.15999814 0.15999992]"
2407,2407,"[0.15999949 0.15999738 0.15999738 0.15999945 0.15999801 0.15999954
 0.15999998 0.15999998 0.15999817 0.15999991]"
2408,2408,"[0.1599995  0.15999739 0.15999738 0.15999942 0.15999797 0.15999951
 0.15999995 0.15999998 0.15999821 0.1599999 ]"
2409,2409,"[0.1599995  0.1599974  0.15999738 0.15999938 0.15999793 0.15999948
 0.15999991 0.15999998 0.15999825 0.15999989]"
2410,2410,"[0.15999951 0.15999741 0.15999738 0.15999933 0.15999789 0.15999946
 0.15999986 0.15999998 0.15999828 0.15999989]"
2411,2411,"[0.15999952 0.15999742 0.15999737 0.15999928 0.15999785 0.15999942
 0.15999981 0.15999998 0.15999832 0.15999988]"
2412,2412,"[0.15999953 0.15999744 0.15999826 0.15999922 0.15999781 0.15999939
 0.15999975 0.16003066 0.15999836 0.15999987]"
2413,2413,"[0.15999954 0.15999745 0.15999785 0.15999915 0.15999777 0.15999936
 0.1599997  0.15999789 0.15999839 0.15999986]"
2414,2414,"[0.15999954 0.15999746 0.15999782 0.15999907 0.15999773 0.15999932
 0.15999964 0.15999784 0.15999843 0.15999985]"
2415,2415,"[0.15999955 0.15999748 0.15999778 0.15999897 0.15999769 0.15999928
 0.1599996  0.15999778 0.15999847 0.15999984]"
2416,2416,"[0.15999956 0.15999749 0.15999775 0.15999886 0.15999765 0.15999924
 0.15999955 0.15999773 0.15999851 0.15999983]"
2417,2417,"[0.15999957 0.15999751 0.15999772 0.15999874 0.15999762 0.1599992
 0.15999951 0.15999768 0.15999854 0.15999982]"
2418,2418,"[0.15999957 0.15999753 0.15999769 0.15999861 0.15999759 0.15999915
 0.15999948 0.15999764 0.15999858 0.15999981]"
2419,2419,"[0.15999958 0.15999755 0.15999766 0.15999846 0.15999755 0.15999911
 0.15999946 0.15999759 0.15999862 0.1599998 ]"
2420,2420,"[0.15999959 0.15999794 0.15999763 0.15999831 0.15999752 0.16004523
 0.15999944 0.15999755 0.15999866 0.15999979]"
2421,2421,"[0.1599996  0.15999735 0.1599976  0.15999815 0.1599975  0.15999983
 0.15999942 0.15999752 0.1599987  0.15999978]"
2422,2422,"[0.15999961 0.15999734 0.15999757 0.15999799 0.15999747 0.15999981
 0.15999941 0.15999748 0.15999873 0.15999978]"
2423,2423,"[0.15999961 0.15999734 0.15999754 0.15999784 0.15999745 0.15999978
 0.15999941 0.15999745 0.15999877 0.15999977]"
2424,2424,"[0.15999962 0.15999734 0.15999751 0.1599977  0.15999742 0.15999976
 0.15999941 0.15999742 0.15999881 0.15999976]"
2425,2425,"[0.15999963 0.15999733 0.15999749 0.15999759 0.1599974  0.15999973
 0.15999941 0.1599974  0.15999885 0.15999975]"
2426,2426,"[0.15999964 0.15999733 0.15999746 0.15999749 0.15999739 0.1599997
 0.15999942 0.15999738 0.15999888 0.15999974]"
2427,2427,"[0.15999964 0.15999733 0.15999744 0.15999743 0.15999737 0.15999966
 0.15999943 0.15999736 0.15999892 0.15999974]"
2428,2428,"[0.15999965 0.15999734 0.15999742 0.15999738 0.15999736 0.15999962
 0.15999944 0.15999735 0.15999896 0.15999973]"
2429,2429,"[0.15999966 0.15999734 0.1599974  0.15999735 0.15999735 0.15999958
 0.15999945 0.15999734 0.15999899 0.15999973]"
2430,2430,"[0.15999967 0.15999735 0.15999738 0.15999734 0.15999734 0.15999954
 0.15999947 0.15999734 0.15999903 0.15999972]"
2431,2431,"[0.15999968 0.15999736 0.15999737 0.15999733 0.15999734 0.15999949
 0.15999949 0.15999733 0.15999907 0.15999972]"
2432,2432,"[0.15999968 0.15999736 0.15999735 0.15999734 0.15999733 0.15999944
 0.15999951 0.15999733 0.1599991  0.15999971]"
2433,2433,"[0.15999969 0.15999738 0.15999734 0.15999735 0.15999733 0.15999939
 0.15999953 0.15999734 0.15999914 0.15999971]"
2434,2434,"[0.1599997  0.15999739 0.15999734 0.15999736 0.15999734 0.15999933
 0.15999955 0.15999735 0.15999917 0.15999971]"
2435,2435,"[0.15999971 0.1599974  0.15999733 0.15999737 0.15999734 0.15999927
 0.15999957 0.15999736 0.15999921 0.15999971]"
2436,2436,"[0.15999971 0.15999742 0.15999733 0.15999738 0.15999735 0.15999921
 0.15999959 0.15999737 0.15999924 0.15999971]"
2437,2437,"[0.15999972 0.15999744 0.15999734 0.15999739 0.15999736 0.15999914
 0.15999961 0.15999739 0.15999927 0.15999971]"
2438,2438,"[0.15999973 0.15999746 0.15999734 0.1599974  0.15999738 0.15999907
 0.15999963 0.15999741 0.1599993  0.15999971]"
2439,2439,"[0.15999974 0.15999748 0.15999735 0.1599974  0.15999739 0.159999
 0.15999966 0.15999744 0.15999934 0.15999972]"
2440,2440,"[0.15999975 0.15999751 0.15999736 0.1599974  0.15999741 0.15999892
 0.15999968 0.15999746 0.15999937 0.15999972]"
2441,2441,"[0.15999975 0.15999754 0.15999738 0.1599974  0.15999743 0.15999884
 0.1599997  0.15999749 0.1599994  0.15999973]"
2442,2442,"[0.15999976 0.15999757 0.1599974  0.1599974  0.15999746 0.15999876
 0.15999972 0.15999752 0.15999943 0.15999973]"
2443,2443,"[0.15999977 0.1599976  0.15999742 0.1599974  0.15999748 0.15999868
 0.15999974 0.15999756 0.15999946 0.15999974]"
2444,2444,"[0.15999978 0.15999763 0.15999745 0.15999739 0.15999751 0.1599986
 0.15999976 0.15999759 0.15999949 0.15999975]"
2445,2445,"[0.15999979 0.15999767 0.15999748 0.15999739 0.15999754 0.15999851
 0.15999978 0.15999763 0.15999951 0.15999976]"
2446,2446,"[0.15999979 0.15999771 0.15999752 0.15999738 0.15999757 0.15999842
 0.1599998  0.15999767 0.15999954 0.15999977]"
2447,2447,"[0.1599998  0.15999775 0.15999755 0.15999737 0.15999761 0.16000013
 0.15999981 0.15999771 0.15999941 0.15999978]"
2448,2448,"[0.15999981 0.15999779 0.1599976  0.15999737 0.15999764 0.15999995
 0.15999983 0.15999775 0.15999736 0.15999979]"
2449,2449,"[0.15999982 0.15999783 0.15999779 0.15999736 0.15999768 0.15999994
 0.15999984 0.15999804 0.15999735 0.1599998 ]"
2450,2450,"[0.15999983 0.15999788 0.15999801 0.15999735 0.15999772 0.15999993
 0.15999986 0.15999823 0.15999734 0.15999981]"
2451,2451,"[0.15999983 0.15999793 0.15999807 0.15999734 0.15999776 0.15999992
 0.15999987 0.15999816 0.15999734 0.15999983]"
2452,2452,"[0.15999984 0.15999798 0.15999814 0.15999734 0.1599978  0.15999991
 0.15999988 0.15999809 0.15999733 0.15999984]"
2453,2453,"[0.15999985 0.15999804 0.1599982  0.15999734 0.15999784 0.1599999
 0.1599999  0.15999802 0.15999733 0.15999985]"
2454,2454,"[0.15999986 0.15999809 0.15999826 0.15999733 0.15999788 0.15999988
 0.15999991 0.15999796 0.15999733 0.15999987]"
2455,2455,"[0.15999987 0.15999815 0.15999833 0.15999733 0.15999793 0.15999986
 0.15999992 0.15999789 0.15999734 0.15999988]"
2456,2456,"[0.15999987 0.15999821 0.1599984  0.15999734 0.15999797 0.15999985
 0.15999993 0.15999783 0.15999734 0.1599999 ]"
2457,2457,"[0.15999988 0.15999827 0.15999846 0.15999734 0.15999802 0.15999983
 0.15999993 0.15999776 0.15999734 0.15999991]"
2458,2458,"[0.15999989 0.15999833 0.15999853 0.15999735 0.15999806 0.1599998
 0.15999994 0.1599977  0.15999735 0.15999992]"
2459,2459,"[0.15999989 0.1599984  0.1599986  0.15999736 0.1599981  0.15999978
 0.15999995 0.15999765 0.15999736 0.15999993]"
2460,2460,"[0.1599999  0.15999846 0.15999866 0.15999737 0.15999815 0.15999975
 0.15999996 0.15999759 0.15999737 0.15999995]"
2461,2461,"[0.15999991 0.15999853 0.15999873 0.15999739 0.15999819 0.15999973
 0.15999996 0.15999755 0.15999738 0.15999996]"
2462,2462,"[0.15999991 0.1599986  0.15999879 0.1599974  0.15999824 0.1599997
 0.15999997 0.1599975  0.15999739 0.15999997]"
2463,2463,"[0.15999992 0.15999866 0.15999886 0.15999743 0.15999828 0.15999967
 0.15999997 0.15999746 0.15999741 0.15999998]"
2464,2464,"[0.15999993 0.15999873 0.15999892 0.15999745 0.15999833 0.15999963
 0.15999998 0.15999742 0.15999742 0.15999999]"
2465,2465,"[0.15999993 0.1599988  0.15999898 0.15999748 0.15999837 0.1599996
 0.15999998 0.15999739 0.15999744 0.15999999]"
2466,2466,"[0.15999994 0.15999887 0.15999904 0.15999752 0.15999841 0.15999956
 0.15999998 0.15999737 0.15999746 0.16      ]"
2467,2467,"[0.15999994 0.15999894 0.1599991  0.15999755 0.15999845 0.15999952
 0.15999999 0.15999735 0.15999747 0.16      ]"
2468,2468,"[0.15999995 0.15999901 0.15999916 0.15999812 0.1599985  0.15999948
 0.15999999 0.15999734 0.15999781 0.16      ]"
2469,2469,"[0.15999995 0.15999907 0.15999921 0.15999845 0.15999854 0.15999944
 0.15999999 0.15999733 0.15999816 0.16      ]"
2470,2470,"[0.15999996 0.15999914 0.15999926 0.15999833 0.15999858 0.15999939
 0.15999999 0.15999733 0.1599982  0.15999999]"
2471,2471,"[0.15999996 0.1599992  0.15999932 0.15999821 0.15999862 0.15999934
 0.15999999 0.15999734 0.15999825 0.15999999]"
2472,2472,"[0.15999997 0.15999926 0.15999936 0.15999809 0.15999866 0.15999929
 0.16       0.15999736 0.15999829 0.15999997]"
2473,2473,"[0.15999997 0.15999932 0.15999941 0.15999797 0.1599987  0.15999924
 0.16       0.15999738 0.15999833 0.15999996]"
2474,2474,"[0.15999998 0.15999938 0.15999932 0.15999786 0.15999837 0.15999918
 0.16       0.1599974  0.15999837 0.15999994]"
2475,2475,"[0.15999998 0.15999943 0.15999907 0.15999776 0.15999751 0.15999912
 0.16       0.15999744 0.15999842 0.15999992]"
2476,2476,"[0.15999998 0.15999948 0.15999914 0.15999767 0.15999754 0.15999906
 0.16       0.15999747 0.15999846 0.1599999 ]"
2477,2477,"[0.15999998 0.15999953 0.15999921 0.15999813 0.15999756 0.159999
 0.16000038 0.15999752 0.1599985  0.15999987]"
2478,2478,"[0.15999999 0.15999957 0.15999927 0.15999838 0.15999758 0.15999893
 0.15999912 0.1599993  0.15999854 0.16000002]"
2479,2479,"[0.15999999 0.15999961 0.15999933 0.15999817 0.1599976  0.15999887
 0.15999918 0.15999962 0.15999858 0.15999999]"
2480,2480,"[0.15999999 0.15999965 0.15999939 0.15999796 0.15999763 0.15999879
 0.15999924 0.15999959 0.15999863 0.15999999]"
2481,2481,"[0.15999999 0.15999969 0.15999944 0.15999777 0.15999765 0.15999872
 0.1599993  0.15999956 0.15999867 0.15999998]"
2482,2482,"[0.16       0.15999972 0.15999949 0.15999761 0.15999768 0.15999864
 0.15999935 0.15999952 0.15999871 0.15999997]"
2483,2483,"[0.16       0.15999975 0.15999954 0.15999748 0.1599977  0.15999857
 0.1599994  0.15999949 0.15999875 0.15999995]"
2484,2484,"[0.16       0.15999977 0.15999958 0.15999739 0.15999772 0.15999848
 0.15999945 0.15999946 0.15999878 0.15999994]"
2485,2485,"[0.16       0.1599998  0.15999963 0.15999734 0.15999775 0.1599984
 0.1599995  0.15999942 0.15999882 0.15999992]"
2486,2486,"[0.16       0.15999982 0.15999967 0.15999734 0.15999778 0.15999831
 0.15999954 0.15999938 0.15999886 0.1599999 ]"
2487,2487,"[0.16       0.15999984 0.1599997  0.15999737 0.1599978  0.15999823
 0.15999958 0.15999934 0.1599989  0.15999988]"
2488,2488,"[0.16       0.15999985 0.15999974 0.15999745 0.15999783 0.15999813
 0.15999962 0.16000162 0.15999891 0.15999985]"
2489,2489,"[0.16       0.15999987 0.15999977 0.15999755 0.15999785 0.15999804
 0.15999966 0.15999976 0.15999867 0.15999982]"
2490,2490,"[0.16       0.15999988 0.1599998  0.15999768 0.15999788 0.15999795
 0.1599997  0.15999974 0.15999872 0.15999979]"
2491,2491,"[0.16       0.15999989 0.15999982 0.15999783 0.1599979  0.15999785
 0.15999973 0.15999972 0.15999878 0.15999976]"
2492,2492,"[0.16       0.1599999  0.15999985 0.15999799 0.15999793 0.15999776
 0.15999976 0.1599997  0.15999883 0.15999972]"
2493,2493,"[0.16018794 0.15999991 0.15999987 0.15999816 0.16024465 0.15999766
 0.15999979 0.15999968 0.15999888 0.15999968]"
2494,2494,"[0.15999871 0.15999991 0.15999989 0.15999832 0.15999999 0.15999757
 0.15999981 0.15999965 0.15999893 0.15999963]"
2495,2495,"[0.15999876 0.15999992 0.15999991 0.15999849 0.16000005 0.15999749
 0.15999984 0.15999963 0.15999899 0.1599995 ]"
2496,2496,"[0.15999882 0.15999992 0.15999993 0.15999865 0.15999956 0.15999742
 0.15999986 0.1599996  0.15999904 0.15999926]"
2497,2497,"[0.15999887 0.16000332 0.16000222 0.15999881 0.15999953 0.15999736
 0.15999988 0.15999957 0.15999909 0.1599992 ]"
2498,2498,"[0.15999893 0.15999995 0.15999996 0.15999895 0.15999949 0.15999734
 0.1599999  0.15999954 0.15999914 0.15999914]"
2499,2499,"[0.15999898 0.15999995 0.15999995 0.15999909 0.15999946 0.15999735
 0.15999992 0.15999951 0.15999919 0.15999907]"
2500,2500,"[0.15999903 0.15999995 0.15999994 0.15999921 0.15999942 0.15999742
 0.15999993 0.15999948 0.15999923 0.15999901]"
2501,2501,"[0.15999908 0.15999995 0.15999992 0.15999932 0.15999939 0.15999758
 0.15999995 0.15999944 0.15999928 0.15999894]"
2502,2502,"[0.15999913 0.16000164 0.15999991 0.15999942 0.15999935 0.15999785
 0.15999996 0.16000116 0.15999933 0.15999887]"
2503,2503,"[0.15999918 0.15999761 0.15999989 0.15999951 0.1599993  0.15999824
 0.15999997 0.15999964 0.15999938 0.15999879]"
2504,2504,"[0.15999922 0.15999765 0.15999987 0.15999959 0.15999926 0.15999873
 0.15999998 0.15999963 0.15999942 0.15999872]"
2505,2505,"[0.15999927 0.15999768 0.15999985 0.15999966 0.15999922 0.15999924
 0.15999998 0.15999961 0.15999947 0.15999864]"
2506,2506,"[0.15999932 0.15999772 0.15999982 0.15999972 0.15999917 0.15999966
 0.15999999 0.1599996  0.15999952 0.15999857]"
2507,2507,"[0.15999936 0.15999782 0.1599998  0.15999977 0.15999912 0.15999991
 0.15999999 0.15999958 0.15999956 0.1599987 ]"
2508,2508,"[0.1599994  0.15999784 0.15999977 0.15999982 0.15999907 0.16
 0.16       0.15999956 0.15999961 0.15999884]"
2509,2509,"[0.15999945 0.15999781 0.15999974 0.15999986 0.15999902 0.15999996
 0.16       0.15999955 0.15999965 0.15999877]"
2510,2510,"[0.15999949 0.15999777 0.15999971 0.15999989 0.15999896 0.15999986
 0.16       0.15999953 0.1599997  0.1599987 ]"
2511,2511,"[0.15999958 0.15999774 0.15999968 0.15999992 0.15999891 0.15999974
 0.16       0.15999951 0.15999974 0.15999872]"
2512,2512,"[0.15999971 0.15999771 0.15999964 0.15999994 0.15999885 0.15999961
 0.16       0.15999949 0.15999978 0.15999875]"
2513,2513,"[0.15999978 0.15999769 0.15999961 0.15999996 0.15999879 0.1599995
 0.16       0.15999947 0.15999982 0.15999867]"
2514,2514,"[0.15999984 0.15999766 0.15999957 0.15999997 0.15999873 0.15999941
 0.15999999 0.15999945 0.15999986 0.1599986 ]"
2515,2515,"[0.1599999  0.15999967 0.15999953 0.15999998 0.15999867 0.15999933
 0.15999999 0.15999942 0.1600004  0.15999852]"
2516,2516,"[0.15999994 0.1599998  0.15999949 0.15999999 0.15999861 0.15999927
 0.15999999 0.1599994  0.15999974 0.15999845]"
2517,2517,"[0.15999997 0.1599998  0.15999945 0.15999999 0.15999854 0.15999922
 0.15999998 0.15999938 0.15999971 0.15999837]"
2518,2518,"[0.15999999 0.1599998  0.1599994  0.16       0.15999848 0.15999919
 0.15999998 0.15999935 0.15999968 0.1599983 ]"
2519,2519,"[0.16       0.15999979 0.15999936 0.16       0.15999841 0.15999916
 0.15999998 0.15999933 0.15999966 0.15999822]"
2520,2520,"[0.16       0.15999979 0.15999931 0.16       0.15999835 0.15999914
 0.15999997 0.1599993  0.15999963 0.15999815]"
2521,2521,"[0.15999999 0.15999979 0.15999926 0.16       0.15999828 0.15999913
 0.15999996 0.15999928 0.15999959 0.15999808]"
2522,2522,"[0.15999997 0.15999979 0.15999921 0.16       0.15999821 0.15999912
 0.15999996 0.15999925 0.15999956 0.15999801]"
2523,2523,"[0.15999994 0.15999978 0.15999916 0.15999999 0.15999815 0.15999912
 0.15999995 0.15999922 0.15999952 0.15999794]"
2524,2524,"[0.15999991 0.15999978 0.1599991  0.15999999 0.15999808 0.15999912
 0.15999995 0.15999919 0.15999949 0.15999788]"
2525,2525,"[0.15999987 0.15999978 0.15999905 0.15999999 0.15999802 0.15999912
 0.15999994 0.15999916 0.15999945 0.15999782]"
2526,2526,"[0.15999983 0.15999977 0.159999   0.15999998 0.15999796 0.15999913
 0.15999994 0.15999913 0.15999941 0.15999776]"
2527,2527,"[0.15999978 0.15999977 0.15999894 0.16000007 0.15999789 0.16000404
 0.15999993 0.1599991  0.15999937 0.15999771]"
2528,2528,"[0.15999974 0.15999976 0.15999889 0.15999997 0.15999783 0.15999736
 0.15999993 0.15999906 0.15999932 0.15999765]"
2529,2529,"[0.15999969 0.15999976 0.15999883 0.15999998 0.15999778 0.15999733
 0.15999992 0.15999903 0.15999927 0.15999761]"
2530,2530,"[0.15999965 0.15999976 0.15999878 0.15999999 0.15999772 0.15999735
 0.15999992 0.15999899 0.15999923 0.15999756]"
2531,2531,"[0.15999961 0.15999975 0.15999872 0.16       0.15999767 0.15999742
 0.15999991 0.15999896 0.15999918 0.15999752]"
2532,2532,"[0.15999957 0.15999975 0.15999867 0.16       0.15999762 0.15999754
 0.15999991 0.15999892 0.15999912 0.15999749]"
2533,2533,"[0.15999954 0.15999974 0.15999861 0.16       0.15999757 0.15999771
 0.1599999  0.15999888 0.15999907 0.15999746]"
2534,2534,"[0.1599995  0.15999974 0.15999856 0.16       0.15999752 0.15999794
 0.1599999  0.15999884 0.15999902 0.15999743]"
2535,2535,"[0.15999948 0.15999973 0.15999851 0.16       0.15999748 0.15999822
 0.15999989 0.1599988  0.15999896 0.1599974 ]"
2536,2536,"[0.15999945 0.15999973 0.15999846 0.15999999 0.15999745 0.15999853
 0.15999989 0.15999876 0.1599989  0.15999738]"
2537,2537,"[0.15999943 0.15999972 0.15999841 0.15999999 0.15999742 0.15999884
 0.15999988 0.15999871 0.15999884 0.15999737]"
2538,2538,"[0.15999941 0.15999972 0.15999837 0.15999998 0.15999739 0.15999914
 0.15999988 0.15999867 0.15999878 0.15999735]"
2539,2539,"[0.1599994  0.15999971 0.15999832 0.15999998 0.15999737 0.1599994
 0.15999988 0.15999863 0.15999871 0.15999734]"
2540,2540,"[0.15999939 0.1599997  0.15999828 0.15999997 0.15999735 0.15999961
 0.15999987 0.15999858 0.15999865 0.15999734]"
2541,2541,"[0.15999938 0.1599997  0.15999923 0.16000097 0.15999734 0.15999977
 0.15999987 0.15999853 0.15999858 0.15999733]"
2542,2542,"[0.15999937 0.15999969 0.15999952 0.15999879 0.15999733 0.15999989
 0.15999987 0.15999849 0.15999851 0.15999733]"
2543,2543,"[0.15999937 0.15999968 0.15999945 0.15999894 0.15999733 0.15999996
 0.15999986 0.15999844 0.15999845 0.15999734]"
2544,2544,"[0.15999937 0.15999968 0.15999937 0.15999907 0.15999734 0.15999999
 0.15999986 0.15999839 0.15999838 0.15999734]"
2545,2545,"[0.15999937 0.15999967 0.15999928 0.15999921 0.15999735 0.16
 0.15999986 0.15999834 0.15999831 0.15999735]"
2546,2546,"[0.15999937 0.15999966 0.1599992  0.15999933 0.15999736 0.15999999
 0.15999986 0.1599983  0.15999824 0.15999736]"
2547,2547,"[0.15999938 0.16000064 0.15999911 0.15999944 0.15999738 0.15999997
 0.15999986 0.16000219 0.15999817 0.15999737]"
2548,2548,"[0.15999939 0.15999982 0.15999902 0.15999954 0.15999741 0.15999994
 0.15999986 0.1599996  0.1599981  0.15999738]"
2549,2549,"[0.15999939 0.15999982 0.15999893 0.15999962 0.15999744 0.1599999
 0.15999985 0.15999958 0.15999803 0.1599974 ]"
2550,2550,"[0.1599994  0.15999982 0.15999885 0.1599997  0.15999747 0.15999987
 0.15999985 0.15999955 0.15999796 0.15999741]"
2551,2551,"[0.15999942 0.15999982 0.15999876 0.15999977 0.15999751 0.15999983
 0.15999985 0.15999952 0.1599979  0.15999743]"
2552,2552,"[0.15999943 0.15999982 0.15999869 0.15999982 0.15999766 0.15999979
 0.15999993 0.15999949 0.15999783 0.15999745]"
2553,2553,"[0.15999944 0.15999982 0.15999835 0.15999987 0.15999775 0.15999965
 0.15999816 0.15999945 0.15999777 0.15999747]"
2554,2554,"[0.15999946 0.15999983 0.1599978  0.15999991 0.1599977  0.15999869
 0.1599982  0.15999942 0.15999771 0.15999749]"
2555,2555,"[0.15999948 0.15999983 0.15999779 0.15999994 0.15999765 0.15999859
 0.15999824 0.15999939 0.15999765 0.15999751]"
2556,2556,"[0.15999949 0.15999983 0.15999778 0.15999996 0.15999761 0.15999848
 0.15999827 0.15999935 0.1599976  0.15999753]"
2557,2557,"[0.15999951 0.15999983 0.15999776 0.15999998 0.15999757 0.15999838
 0.15999831 0.15999932 0.15999755 0.15999755]"
2558,2558,"[0.15999953 0.15999983 0.15999775 0.15999999 0.15999754 0.15999828
 0.15999835 0.15999928 0.1599975  0.15999758]"
2559,2559,"[0.15999955 0.15999984 0.15999773 0.16       0.15999751 0.15999817
 0.15999838 0.15999925 0.15999746 0.1599976 ]"
2560,2560,"[0.15999957 0.15999984 0.15999771 0.16       0.15999749 0.15999807
 0.15999842 0.15999921 0.15999743 0.15999762]"
2561,2561,"[0.16005938 0.15999984 0.15999769 0.16       0.15999747 0.15999798
 0.15999845 0.15999917 0.15999739 0.15999747]"
2562,2562,"[0.15999786 0.15999984 0.15999767 0.16       0.15999745 0.15999788
 0.15999849 0.15999914 0.15999737 0.15999734]"
2563,2563,"[0.15999793 0.15999984 0.15999764 0.15999999 0.15999743 0.15999779
 0.15999853 0.1599991  0.15999735 0.15999734]"
2564,2564,"[0.159998   0.15999985 0.15999762 0.15999999 0.15999742 0.15999771
 0.15999856 0.15999906 0.15999734 0.15999734]"
2565,2565,"[0.15999807 0.15999985 0.15999759 0.15999998 0.15999742 0.15999763
 0.1599986  0.15999902 0.15999733 0.15999734]"
2566,2566,"[0.15999815 0.15999985 0.15999757 0.15999997 0.15999741 0.15999756
 0.15999863 0.15999899 0.15999734 0.15999735]"
2567,2567,"[0.15999822 0.15999985 0.15999755 0.15999996 0.15999741 0.1599975
 0.15999867 0.15999895 0.15999734 0.15999735]"
2568,2568,"[0.15999829 0.15999985 0.15999752 0.15999995 0.15999741 0.15999745
 0.1599987  0.15999891 0.15999736 0.15999735]"
2569,2569,"[0.15999836 0.15999985 0.1599975  0.15999994 0.15999742 0.15999741
 0.15999874 0.15999887 0.15999739 0.15999736]"
2570,2570,"[0.15999843 0.15999986 0.15999748 0.15999993 0.15999743 0.15999737
 0.15999877 0.15999884 0.15999742 0.15999736]"
2571,2571,"[0.1599985  0.15999986 0.15999746 0.16000058 0.15999744 0.15999751
 0.15999881 0.1599988  0.15999746 0.15999737]"
2572,2572,"[0.15999857 0.15999986 0.15999744 0.15999955 0.15999747 0.15999763
 0.15999884 0.15999877 0.1599975  0.15999737]"
2573,2573,"[0.15999864 0.15999986 0.15999742 0.15999957 0.1599975  0.15999758
 0.15999887 0.15999873 0.15999756 0.15999737]"
2574,2574,"[0.1599987  0.15999987 0.1599974  0.1599996  0.15999754 0.15999753
 0.15999891 0.15999869 0.15999762 0.15999738]"
2575,2575,"[0.15999876 0.15999987 0.15999739 0.15999962 0.15999759 0.15999748
 0.15999894 0.15999866 0.15999769 0.15999738]"
2576,2576,"[0.15999882 0.15999987 0.15999737 0.15999964 0.15999765 0.15999744
 0.15999897 0.15999862 0.15999776 0.15999739]"
2577,2577,"[0.15999887 0.15999987 0.15999736 0.15999966 0.15999773 0.15999741
 0.159999   0.15999859 0.15999784 0.15999739]"
2578,2578,"[0.15999893 0.15999988 0.15999735 0.15999968 0.15999782 0.15999738
 0.15999903 0.15999856 0.15999793 0.1599974 ]"
2579,2579,"[0.15999898 0.15999988 0.15999734 0.1599997  0.15999791 0.15999736
 0.15999906 0.15999852 0.15999802 0.1599974 ]"
2580,2580,"[0.15999903 0.15999988 0.15999734 0.15999971 0.15999801 0.15999734
 0.15999909 0.16000156 0.15999797 0.15999741]"
2581,2581,"[0.1599993  0.15999989 0.15999733 0.15999973 0.15999811 0.15999734
 0.15999912 0.1599998  0.15999774 0.15999741]"
2582,2582,"[0.1599974  0.15999989 0.15999733 0.15999974 0.1599982  0.15999733
 0.15999915 0.15999979 0.1599976  0.15999741]"
2583,2583,"[0.15999738 0.1599999  0.15999733 0.15999976 0.15999829 0.15999734
 0.15999918 0.15999978 0.15999757 0.15999742]"
2584,2584,"[0.15999736 0.1599999  0.15999734 0.16000087 0.15999838 0.15999761
 0.1599992  0.15999978 0.15999753 0.15999743]"
2585,2585,"[0.15999735 0.15999991 0.15999734 0.15999949 0.15999845 0.15999796
 0.15999923 0.15999977 0.1599975  0.15999743]"
2586,2586,"[0.15999734 0.15999991 0.15999735 0.15999948 0.15999851 0.15999805
 0.15999926 0.15999977 0.15999748 0.15999744]"
2587,2587,"[0.15999867 0.15999991 0.15999736 0.15999925 0.15999856 0.15999814
 0.15999928 0.15999976 0.15999745 0.15999744]"
2588,2588,"[0.15999919 0.15999992 0.15999738 0.15999741 0.15999859 0.15999823
 0.15999931 0.15999975 0.15999743 0.15999745]"
2589,2589,"[0.15999915 0.15999993 0.15999739 0.15999739 0.15999862 0.15999832
 0.15999933 0.15999974 0.15999741 0.15999745]"
2590,2590,"[0.15999912 0.15999993 0.15999741 0.15999738 0.15999864 0.15999841
 0.15999936 0.15999974 0.15999739 0.15999746]"
2591,2591,"[0.15999909 0.15999994 0.15999743 0.15999737 0.15999864 0.15999851
 0.15999938 0.15999973 0.15999737 0.15999747]"
2592,2592,"[0.15999905 0.15999994 0.15999745 0.15999736 0.15999864 0.1599986
 0.15999941 0.15999972 0.15999736 0.15999748]"
2593,2593,"[0.15999901 0.15999995 0.15999748 0.15999735 0.15999862 0.15999868
 0.15999943 0.15999971 0.15999735 0.15999748]"
2594,2594,"[0.15999898 0.15999996 0.1599975  0.15999735 0.1599986  0.15999877
 0.15999946 0.1599997  0.15999734 0.15999749]"
2595,2595,"[0.15999894 0.15999996 0.15999753 0.15999734 0.15999857 0.15999885
 0.15999948 0.15999968 0.15999733 0.1599975 ]"
2596,2596,"[0.1599989  0.15999997 0.15999756 0.15999734 0.15999853 0.15999894
 0.1599995  0.15999967 0.15999733 0.15999751]"
2597,2597,"[0.15999886 0.15999997 0.15999759 0.15999733 0.15999849 0.15999901
 0.15999952 0.15999966 0.15999733 0.15999752]"
2598,2598,"[0.15999882 0.15999998 0.15999763 0.15999733 0.15999843 0.15999909
 0.15999955 0.15999964 0.15999734 0.15999753]"
2599,2599,"[0.15999877 0.15999999 0.15999766 0.15999733 0.15999837 0.15999916
 0.15999957 0.15999962 0.15999735 0.15999755]"
2600,2600,"[0.15999873 0.15999999 0.1599977  0.15999734 0.15999831 0.15999923
 0.15999959 0.1599996  0.15999736 0.15999756]"
2601,2601,"[0.15999869 0.16       0.15999774 0.15999734 0.15999824 0.1599993
 0.15999961 0.15999958 0.15999737 0.15999758]"
2602,2602,"[0.15999864 0.16       0.15999777 0.15999734 0.15999816 0.15999936
 0.15999963 0.15999956 0.15999739 0.15999759]"
2603,2603,"[0.1599986  0.16       0.15999781 0.15999735 0.15999808 0.15999942
 0.15999965 0.15999953 0.15999741 0.15999761]"
2604,2604,"[0.15999855 0.16       0.15999785 0.15999736 0.15999799 0.15999947
 0.15999967 0.15999951 0.15999744 0.15999763]"
2605,2605,"[0.1599985  0.16       0.15999789 0.15999736 0.15999791 0.15999952
 0.15999969 0.15999948 0.15999746 0.15999765]"
2606,2606,"[0.15999846 0.15999999 0.15999793 0.15999738 0.15999782 0.15999957
 0.15999971 0.15999944 0.15999749 0.15999767]"
2607,2607,"[0.15999841 0.15999998 0.15999798 0.15999739 0.15999773 0.15999961
 0.15999973 0.15999941 0.15999783 0.15999758]"
2608,2608,"[0.15999836 0.15999997 0.15999802 0.1599974  0.15999765 0.15999966
 0.15999975 0.15999937 0.1599981  0.1599974 ]"
2609,2609,"[0.15999831 0.15999995 0.15999806 0.15999742 0.15999757 0.15999969
 0.15999977 0.15999933 0.15999808 0.15999738]"
2610,2610,"[0.15999827 0.15999992 0.1599981  0.15999747 0.15999778 0.15999973
 0.15999979 0.15999929 0.15999805 0.15999777]"
2611,2611,"[0.15999822 0.15999989 0.15999815 0.15999817 0.15999797 0.15999976
 0.1599998  0.15999924 0.15999803 0.15999901]"
2612,2612,"[0.15999817 0.15999984 0.15999819 0.15999812 0.15999779 0.15999979
 0.15999982 0.15999919 0.159998   0.15999891]"
2613,2613,"[0.15999812 0.15999979 0.15999823 0.15999807 0.15999763 0.15999982
 0.15999984 0.15999913 0.15999798 0.15999881]"
2614,2614,"[0.15999807 0.15999972 0.15999828 0.15999802 0.1599975  0.15999984
 0.15999985 0.15999908 0.15999796 0.1599987 ]"
2615,2615,"[0.15999802 0.15999964 0.15999832 0.15999797 0.1599974  0.15999986
 0.15999987 0.15999901 0.15999793 0.15999858]"
2616,2616,"[0.15999798 0.15999955 0.15999836 0.15999792 0.15999735 0.15999988
 0.15999988 0.15999895 0.15999791 0.15999846]"
2617,2617,"[0.15999793 0.15999944 0.1599984  0.15999787 0.15999734 0.1599999
 0.1599999  0.15999888 0.15999788 0.15999834]"
2618,2618,"[0.15999789 0.15999932 0.15999844 0.15999782 0.15999737 0.15999992
 0.15999991 0.15999881 0.15999786 0.15999822]"
2619,2619,"[0.15999784 0.15999918 0.15999848 0.15999777 0.15999746 0.15999993
 0.15999993 0.15999873 0.15999783 0.1599981 ]"
2620,2620,"[0.1599978  0.15999903 0.15999852 0.15999773 0.15999759 0.15999994
 0.15999994 0.15999865 0.15999781 0.15999798]"
2621,2621,"[0.15999775 0.15999887 0.15999856 0.15999768 0.15999777 0.15999996
 0.15999995 0.15999857 0.15999779 0.15999786]"
2622,2622,"[0.15999771 0.1599987  0.1599986  0.15999764 0.15999798 0.15999996
 0.15999996 0.15999848 0.15999776 0.15999775]"
2623,2623,"[0.15999767 0.15999853 0.15999864 0.1599976  0.15999822 0.15999997
 0.15999997 0.15999839 0.15999774 0.15999765]"
2624,2624,"[0.16002124 0.15999835 0.15999868 0.15999756 0.15999847 0.15999998
 0.15999998 0.1599983  0.16001406 0.15999756]"
2625,2625,"[0.15999992 0.15999819 0.15999872 0.15999753 0.15999872 0.15999998
 0.15999998 0.15999821 0.15999979 0.15999748]"
2626,2626,"[0.15999992 0.15999803 0.15999876 0.1599975  0.15999897 0.15999999
 0.15999999 0.15999812 0.1599998  0.15999742]"
2627,2627,"[0.15999992 0.15999788 0.15999879 0.15999747 0.15999919 0.15999999
 0.15999999 0.15999803 0.15999981 0.15999737]"
2628,2628,"[0.15999993 0.15999775 0.15999883 0.15999744 0.1599994  0.16
 0.16       0.15999794 0.15999982 0.15999734]"
2629,2629,"[0.15999993 0.15999764 0.15999886 0.15999741 0.15999957 0.16
 0.16       0.15999785 0.15999983 0.15999733]"
2630,2630,"[0.15999993 0.15999755 0.1599989  0.15999739 0.15999971 0.16
 0.16       0.15999777 0.15999985 0.15999735]"
2631,2631,"[0.15999993 0.15999748 0.15999893 0.16000478 0.15999983 0.16008071
 0.16       0.15999769 0.15999986 0.15999729]"
2632,2632,"[0.15999994 0.15999738 0.15999897 0.15999799 0.15999991 0.15999941
 0.16       0.15999762 0.15999987 0.15999769]"
2633,2633,"[0.15999994 0.15999735 0.159999   0.15999792 0.15999996 0.15999945
 0.15999999 0.15999755 0.15999988 0.15999762]"
2634,2634,"[0.15999994 0.15999734 0.15999903 0.15999786 0.15999999 0.15999949
 0.15999999 0.15999749 0.15999989 0.15999755]"
2635,2635,"[0.15999995 0.15999733 0.15999906 0.1599978  0.16       0.15999953
 0.15999998 0.15999744 0.1599999  0.15999749]"
2636,2636,"[0.15999995 0.15999734 0.1599991  0.15999775 0.15999999 0.15999957
 0.15999997 0.1599974  0.15999991 0.15999744]"
2637,2637,"[0.15999995 0.15999735 0.15999913 0.15999769 0.15999997 0.1599996
 0.15999997 0.15999737 0.15999992 0.1599974 ]"
2638,2638,"[0.15999996 0.15999737 0.15999916 0.15999764 0.15999993 0.15999963
 0.15999995 0.15999735 0.15999993 0.15999737]"
2639,2639,"[0.15999996 0.15999739 0.15999919 0.15999759 0.15999989 0.15999967
 0.16000018 0.15999733 0.15999994 0.15999735]"
2640,2640,"[0.15999997 0.15999742 0.15999922 0.15999755 0.15999984 0.15999969
 0.15999835 0.15999733 0.15999995 0.15999734]"
2641,2641,"[0.15999997 0.15999745 0.15999924 0.15999751 0.15999979 0.15999972
 0.15999833 0.15999735 0.15999995 0.15999733]"
2642,2642,"[0.15999998 0.15999749 0.15999927 0.15999747 0.15999973 0.15999975
 0.15999831 0.15999737 0.15999996 0.15999734]"
2643,2643,"[0.15999998 0.15999753 0.1599993  0.15999744 0.15999967 0.15999977
 0.1599983  0.1599974  0.15999997 0.15999736]"
2644,2644,"[0.15999998 0.15999757 0.15999932 0.15999741 0.15999961 0.15999979
 0.1599983  0.15999744 0.15999997 0.15999738]"
2645,2645,"[0.15999999 0.15999761 0.15999935 0.15999739 0.15999956 0.15999981
 0.15999831 0.15999749 0.15999998 0.15999741]"
2646,2646,"[0.15999999 0.15999765 0.15999937 0.15999737 0.1599995  0.15999983
 0.15999832 0.15999754 0.15999999 0.15999744]"
2647,2647,"[0.15999999 0.15999769 0.1599994  0.15999735 0.15999944 0.15999985
 0.15999833 0.15999761 0.15999999 0.15999748]"
2648,2648,"[0.16       0.15999773 0.15999942 0.15999734 0.15999939 0.15999987
 0.15999835 0.15999768 0.15999999 0.15999752]"
2649,2649,"[0.16       0.15999777 0.15999944 0.15999734 0.15999934 0.15999988
 0.15999838 0.15999775 0.16       0.15999757]"
2650,2650,"[0.16       0.15999781 0.15999946 0.15999733 0.15999929 0.1599999
 0.1599984  0.15999783 0.16       0.15999761]"
2651,2651,"[0.16       0.15999785 0.15999948 0.15999733 0.15999925 0.15999991
 0.15999844 0.15999791 0.16       0.15999765]"
2652,2652,"[0.16       0.15999788 0.15999949 0.15999734 0.15999921 0.15999992
 0.15999847 0.15999799 0.16       0.1599977 ]"
2653,2653,"[0.1599999  0.15999792 0.15999806 0.15999734 0.15999917 0.15999993
 0.15999851 0.15999808 0.16       0.15999774]"
2654,2654,"[0.1599999  0.15999795 0.159998   0.15999735 0.15999913 0.15999994
 0.15999855 0.15999816 0.16       0.15999777]"
2655,2655,"[0.1599999  0.15999799 0.15999794 0.15999736 0.1599991  0.15999995
 0.15999859 0.15999825 0.15999999 0.15999781]"
2656,2656,"[0.1599999  0.15999802 0.15999788 0.15999738 0.15999906 0.15999996
 0.15999864 0.15999833 0.15999999 0.15999783]"
2657,2657,"[0.1599999  0.15999806 0.15999782 0.15999739 0.15999903 0.15999996
 0.15999868 0.15999842 0.15999998 0.15999786]"
2658,2658,"[0.1599999  0.15999809 0.15999777 0.1599974  0.15999901 0.15999997
 0.15999873 0.1599985  0.15999997 0.15999787]"
2659,2659,"[0.1599999  0.15999812 0.15999772 0.15999741 0.15999898 0.15999998
 0.15999878 0.15999858 0.15999996 0.15999788]"
2660,2660,"[0.1599999  0.15999815 0.15999767 0.15999778 0.15999896 0.15999998
 0.15999883 0.15999836 0.15999995 0.15999788]"
2661,2661,"[0.1599999  0.15999818 0.15999763 0.15999808 0.15999894 0.15999999
 0.15999887 0.1599978  0.15999993 0.15999787]"
2662,2662,"[0.1599999  0.15999821 0.15999759 0.15999806 0.15999896 0.15999998
 0.15999892 0.15999785 0.15999992 0.15999785]"
2663,2663,"[0.1599999  0.15999824 0.15999755 0.15999804 0.15999895 0.15999996
 0.15999897 0.15999791 0.1599999  0.15999782]"
2664,2664,"[0.1599999  0.15999827 0.15999752 0.15999803 0.15999889 0.15999997
 0.15999902 0.15999796 0.15999988 0.15999778]"
2665,2665,"[0.1599999  0.1599983  0.15999749 0.15999801 0.15999883 0.15999998
 0.15999907 0.15999801 0.15999986 0.15999773]"
2666,2666,"[0.1599999  0.15999833 0.15999746 0.159998   0.15999877 0.15999999
 0.15999911 0.15999806 0.15999983 0.15999767]"
2667,2667,"[0.15999989 0.15999836 0.15999744 0.15999799 0.15999872 0.15999999
 0.15999916 0.15999811 0.15999981 0.15999761]"
2668,2668,"[0.15999989 0.15999839 0.15999743 0.15999798 0.15999866 0.16
 0.1599992  0.15999817 0.15999978 0.15999754]"
2669,2669,"[0.15999989 0.15999842 0.15999741 0.15999797 0.15999861 0.16
 0.15999925 0.15999822 0.15999975 0.15999748]"
2670,2670,"[0.15999989 0.15999845 0.1599974  0.15999796 0.15999856 0.16
 0.15999929 0.15999827 0.15999971 0.15999742]"
2671,2671,"[0.16000083 0.15999847 0.15999739 0.15999795 0.15999852 0.16
 0.15999933 0.15999831 0.15999968 0.16000241]"
2672,2672,"[0.15999929 0.1599985  0.15999738 0.15999795 0.15999847 0.16
 0.15999937 0.15999836 0.15999964 0.15999975]"
2673,2673,"[0.15999926 0.15999853 0.15999737 0.15999795 0.15999843 0.16
 0.15999941 0.15999841 0.1599996  0.15999975]"
2674,2674,"[0.15999922 0.15999856 0.15999736 0.15999794 0.15999839 0.15999999
 0.15999945 0.15999846 0.15999956 0.15999974]"
2675,2675,"[0.15999919 0.15999859 0.15999736 0.15999794 0.15999836 0.15999999
 0.15999948 0.1599985  0.15999951 0.15999974]"
2676,2676,"[0.15999915 0.15999862 0.15999735 0.15999794 0.15999832 0.15999999
 0.15999951 0.15999855 0.15999947 0.15999973]"
2677,2677,"[0.15999912 0.15999865 0.15999735 0.15999794 0.15999829 0.15999998
 0.15999955 0.15999859 0.15999942 0.15999973]"
2678,2678,"[0.15999908 0.15999868 0.15999735 0.15999794 0.15999826 0.15999998
 0.15999958 0.15999863 0.15999937 0.15999972]"
2679,2679,"[0.15999904 0.15999871 0.15999776 0.15999794 0.15999798 0.15999997
 0.15999961 0.15999868 0.15999933 0.15999972]"
2680,2680,"[0.159999   0.15999874 0.15999809 0.15999794 0.15999754 0.15999996
 0.15999964 0.15999872 0.15999927 0.15999971]"
2681,2681,"[0.15999896 0.15999878 0.15999806 0.15999795 0.15999756 0.15999996
 0.15999966 0.15999876 0.15999922 0.15999971]"
2682,2682,"[0.15999892 0.15999881 0.15999803 0.15999795 0.15999758 0.15999995
 0.15999969 0.1599988  0.15999917 0.1599997 ]"
2683,2683,"[0.15999888 0.15999884 0.159998   0.15999795 0.1599976  0.15999994
 0.15999971 0.15999884 0.15999912 0.1599997 ]"
2684,2684,"[0.15999884 0.15999887 0.15999797 0.15999795 0.15999761 0.15999994
 0.15999973 0.15999888 0.15999906 0.15999969]"
2685,2685,"[0.15999879 0.1599989  0.15999793 0.15999795 0.15999762 0.15999993
 0.15999976 0.15999891 0.15999901 0.15999969]"
2686,2686,"[0.15999875 0.15999893 0.1599979  0.15999796 0.15999763 0.15999992
 0.15999978 0.15999895 0.15999895 0.15999968]"
2687,2687,"[0.15999871 0.15999896 0.15999787 0.15999796 0.15999764 0.15999992
 0.15999979 0.15999898 0.1599989  0.15999968]"
2688,2688,"[0.15999866 0.159999   0.15999784 0.15999796 0.15999764 0.15999991
 0.15999981 0.15999902 0.15999884 0.15999967]"
2689,2689,"[0.15999862 0.15999903 0.15999781 0.15999796 0.15999764 0.1599999
 0.15999983 0.15999905 0.15999879 0.15999967]"
2690,2690,"[0.15999857 0.15999906 0.15999778 0.15999796 0.15999764 0.1599999
 0.15999984 0.15999908 0.15999873 0.15999966]"
2691,2691,"[0.15999852 0.15999909 0.15999775 0.15999796 0.15999764 0.15999989
 0.15999986 0.15999911 0.15999867 0.15999966]"
2692,2692,"[0.15999848 0.15999912 0.15999772 0.15999795 0.15999764 0.15999989
 0.15999987 0.15999914 0.15999862 0.15999965]"
2693,2693,"[0.15999843 0.15999916 0.15999769 0.15999795 0.15999763 0.15999988
 0.15999988 0.15999917 0.15999857 0.15999965]"
2694,2694,"[0.15999839 0.15999885 0.15999766 0.15999787 0.15999762 0.15999988
 0.15999989 0.1599992  0.15999851 0.15999964]"
2695,2695,"[0.15999834 0.15999756 0.15999763 0.15999774 0.15999762 0.15999987
 0.1599999  0.15999922 0.15999846 0.15999964]"
2696,2696,"[0.15999829 0.15999758 0.1599976  0.15999773 0.15999761 0.15999987
 0.15999991 0.15999925 0.15999841 0.15999963]"
2697,2697,"[0.15999825 0.1599976  0.15999758 0.15999771 0.1599976  0.15999987
 0.15999992 0.15999928 0.15999835 0.15999963]"
2698,2698,"[0.1599982  0.15999762 0.15999755 0.1599977  0.15999759 0.15999986
 0.15999993 0.1599993  0.1599983  0.15999962]"
2699,2699,"[0.15999815 0.15999763 0.15999753 0.15999768 0.15999758 0.15999986
 0.15999994 0.15999932 0.15999826 0.15999962]"
2700,2700,"[0.15999811 0.15999766 0.1599975  0.15999767 0.15999757 0.15999986
 0.15999995 0.15999935 0.15999821 0.15999962]"
2701,2701,"[0.15999806 0.15999768 0.15999748 0.15999765 0.15999756 0.15999986
 0.15999995 0.15999937 0.15999816 0.15999961]"
2702,2702,"[0.15999802 0.1599977  0.15999746 0.15999763 0.16000492 0.15999986
 0.15999996 0.15999912 0.15999812 0.15999961]"
2703,2703,"[0.15999797 0.15999772 0.15999744 0.15999762 0.1599985  0.15999986
 0.15999996 0.15999777 0.15999807 0.15999961]"
2704,2704,"[0.15999793 0.15999774 0.15999742 0.1599976  0.15999858 0.15999986
 0.15999997 0.15999778 0.15999803 0.15999961]"
2705,2705,"[0.15999789 0.15999776 0.15999741 0.15999759 0.15999866 0.15999986
 0.15999997 0.15999779 0.15999799 0.1599996 ]"
2706,2706,"[0.15999785 0.15999779 0.15999739 0.15999757 0.15999874 0.15999986
 0.15999998 0.15999779 0.15999795 0.1599996 ]"
2707,2707,"[0.15999781 0.15999781 0.15999738 0.15999755 0.15999881 0.15999986
 0.15999998 0.1599978  0.15999792 0.1599996 ]"
2708,2708,"[0.15999777 0.15999783 0.15999737 0.15999754 0.15999888 0.15999987
 0.15999998 0.1599978  0.15999788 0.1599996 ]"
2709,2709,"[0.15999773 0.15999786 0.15999736 0.15999752 0.15999895 0.15999987
 0.15999999 0.15999781 0.15999785 0.1599996 ]"
2710,2710,"[0.15999769 0.15999788 0.15999735 0.1599975  0.15999901 0.15999987
 0.15999999 0.15999781 0.15999782 0.1599996 ]"
2711,2711,"[0.15999766 0.15999791 0.15999734 0.15999749 0.15999906 0.15999987
 0.15999999 0.15999781 0.15999779 0.15999961]"
2712,2712,"[0.15999763 0.15999793 0.15999734 0.15999747 0.15999911 0.15999988
 0.15999999 0.1599978  0.15999776 0.15999961]"
2713,2713,"[0.15999759 0.15999796 0.15999733 0.15999746 0.15999915 0.15999988
 0.15999999 0.1599978  0.15999773 0.15999961]"
2714,2714,"[0.15999756 0.15999798 0.15999733 0.15999744 0.15999919 0.15999989
 0.16       0.1599978  0.15999771 0.15999962]"
2715,2715,"[0.15999753 0.159998   0.15999733 0.15999743 0.15999922 0.15999989
 0.16       0.15999779 0.15999769 0.15999962]"
2716,2716,"[0.15999751 0.15999803 0.15999734 0.15999742 0.15999925 0.15999989
 0.16       0.15999778 0.15999766 0.15999963]"
2717,2717,"[0.15999748 0.15999805 0.15999734 0.1599974  0.15999928 0.1599999
 0.16       0.15999777 0.15999764 0.15999963]"
2718,2718,"[0.15999809 0.15999734 0.15999735 0.15999739 0.1599993  0.1599999
 0.16       0.15999776 0.15999762 0.15999964]"
2719,2719,"[0.15999805 0.15999734 0.15999735 0.15999738 0.15999931 0.15999991
 0.16       0.15999774 0.1599976  0.15999965]"
2720,2720,"[0.15999802 0.15999734 0.15999736 0.15999737 0.15999933 0.15999992
 0.16       0.15999772 0.15999758 0.15999966]"
2721,2721,"[0.15999798 0.15999734 0.15999737 0.15999736 0.15999934 0.15999992
 0.16       0.15999771 0.15999757 0.15999967]"
2722,2722,"[0.15999795 0.15999733 0.15999739 0.15999735 0.15999934 0.15999993
 0.16       0.15999769 0.15999755 0.15999968]"
2723,2723,"[0.15999792 0.15999733 0.1599974  0.15999735 0.15999935 0.15999993
 0.16       0.15999767 0.15999754 0.15999969]"
2724,2724,"[0.15999788 0.15999733 0.15999742 0.15999734 0.15999935 0.15999994
 0.16       0.15999765 0.15999752 0.15999971]"
2725,2725,"[0.15999785 0.15999733 0.15999743 0.15999734 0.15999935 0.15999994
 0.16       0.15999763 0.15999751 0.15999972]"
2726,2726,"[0.15999782 0.15999733 0.15999745 0.15999733 0.15999934 0.15999995
 0.16       0.1599976  0.1599975  0.15999974]"
2727,2727,"[0.15999779 0.15999733 0.15999747 0.15999733 0.15999934 0.15999995
 0.16       0.15999758 0.15999748 0.15999975]"
2728,2728,"[0.15999776 0.15999733 0.15999749 0.15999733 0.15999933 0.15999996
 0.15999999 0.15999756 0.15999747 0.15999977]"
2729,2729,"[0.15999773 0.15999733 0.15999751 0.15999734 0.15999932 0.15999996
 0.15999999 0.15999753 0.15999746 0.15999979]"
2730,2730,"[0.1599977  0.15999733 0.15999753 0.15999734 0.1599993  0.15999997
 0.15999999 0.15999751 0.15999745 0.15999981]"
2731,2731,"[0.15999767 0.15999733 0.15999755 0.15999734 0.15999929 0.15999997
 0.15999999 0.15999749 0.15999744 0.15999983]"
2732,2732,"[0.15999764 0.16000055 0.15999758 0.15999735 0.15999927 0.15999998
 0.15999999 0.15999747 0.15999743 0.1600096 ]"
2733,2733,"[0.15999761 0.15999847 0.1599976  0.15999736 0.15999925 0.15999998
 0.15999999 0.15999745 0.15999742 0.15999831]"
2734,2734,"[0.15999759 0.15999846 0.15999763 0.15999737 0.15999923 0.15999998
 0.15999998 0.15999743 0.15999741 0.15999833]"
2735,2735,"[0.15999756 0.1600004  0.15999765 0.15999737 0.15999921 0.15999999
 0.15999998 0.15999741 0.1599974  0.15999836]"
2736,2736,"[0.15999754 0.16       0.15999768 0.15999734 0.15999919 0.15999999
 0.15999998 0.1599974  0.15999739 0.1599984 ]"
2737,2737,"[0.15999751 0.1600003  0.1599977  0.15999767 0.15999916 0.16000085
 0.15999998 0.16000193 0.15999738 0.15999844]"
2738,2738,"[0.15999749 0.15999938 0.15999773 0.15999797 0.15999913 0.15999873
 0.15999997 0.15999984 0.15999737 0.15999848]"
2739,2739,"[0.15999747 0.15999936 0.15999776 0.15999796 0.1599991  0.15999924
 0.15999997 0.15999948 0.15999736 0.15999854]"
2740,2740,"[0.15999745 0.15999933 0.15999998 0.15999795 0.15999907 0.15999926
 0.15999997 0.15999949 0.15999736 0.1601115 ]"
2741,2741,"[0.15999743 0.15999931 0.15999735 0.15999794 0.15999904 0.15999927
 0.15999996 0.1599995  0.15999735 0.15999995]"
2742,2742,"[0.15999742 0.15999929 0.15999736 0.15999793 0.15999901 0.15999929
 0.15999996 0.1599995  0.15999734 0.15999997]"
2743,2743,"[0.1599974  0.15999926 0.15999736 0.15999793 0.15999897 0.15999969
 0.15999996 0.15999998 0.15999734 0.15999998]"
2744,2744,"[0.15999739 0.15999924 0.15999737 0.15999793 0.15999893 0.15999966
 0.15999995 0.15999998 0.15999734 0.15999999]"
2745,2745,"[0.15999737 0.15999921 0.15999738 0.15999793 0.1599989  0.15999964
 0.15999995 0.15999998 0.15999733 0.16      ]"
2746,2746,"[0.15999736 0.15999919 0.15999738 0.15999793 0.15999886 0.15999961
 0.15999995 0.15999999 0.15999733 0.16      ]"
2747,2747,"[0.15999735 0.15999916 0.15999739 0.15999793 0.15999882 0.15999959
 0.15999994 0.15999999 0.15999734 0.16      ]"
2748,2748,"[0.15999734 0.15999913 0.1599974  0.15999794 0.15999734 0.15999956
 0.15999861 0.15999999 0.15999734 0.15999998]"
2749,2749,"[0.15999734 0.1599991  0.15999741 0.15999795 0.15999735 0.15999954
 0.15999863 0.15999999 0.15999735 0.15999997]"
2750,2750,"[0.15999734 0.15999907 0.15999742 0.15999796 0.15999735 0.15999951
 0.15999866 0.15999999 0.15999736 0.15999994]"
2751,2751,"[0.15999733 0.15999904 0.15999742 0.15999798 0.15999736 0.15999949
 0.15999868 0.16       0.15999737 0.1599999 ]"
2752,2752,"[0.15999733 0.15999901 0.15999743 0.159998   0.15999737 0.15999946
 0.1599987  0.16       0.15999739 0.15999985]"
2753,2753,"[0.15999734 0.15999897 0.15999744 0.15999802 0.15999738 0.15999944
 0.15999872 0.16       0.15999742 0.15999979]"
2754,2754,"[0.15999734 0.15999894 0.15999745 0.15999804 0.15999739 0.15999942
 0.15999874 0.16       0.15999745 0.15999972]"
2755,2755,"[0.15999735 0.15999891 0.15999746 0.15999807 0.1599974  0.15999939
 0.15999876 0.16       0.15999748 0.15999964]"
2756,2756,"[0.15999736 0.15999887 0.15999747 0.15999811 0.15999742 0.15999937
 0.15999878 0.16       0.15999752 0.15999954]"
2757,2757,"[0.15999737 0.15999883 0.15999748 0.15999815 0.15999743 0.15999935
 0.15999879 0.16       0.15999756 0.15999943]"
2758,2758,"[0.15999738 0.15999879 0.15999749 0.15999819 0.15999745 0.15999934
 0.15999881 0.16       0.15999762 0.15999931]"
2759,2759,"[0.1599974  0.15999875 0.1599975  0.15999824 0.15999746 0.15999932
 0.15999882 0.15999999 0.15999768 0.15999917]"
2760,2760,"[0.15999741 0.15999871 0.15999751 0.1599983  0.15999748 0.1599993
 0.15999883 0.15999999 0.15999774 0.15999902]"
2761,2761,"[0.15999736 0.15999867 0.15999752 0.1599983  0.1599975  0.15999929
 0.15999884 0.15999998 0.15999789 0.15999892]"
2762,2762,"[0.15999773 0.15999862 0.15999753 0.15999825 0.15999752 0.15999928
 0.15999885 0.15999997 0.1599975  0.15999886]"
2763,2763,"[0.15999769 0.15999858 0.15999754 0.15999825 0.15999746 0.15999927
 0.15999885 0.15999996 0.15999756 0.15999944]"
2764,2764,"[0.15999766 0.15999853 0.15999755 0.15999825 0.15999735 0.15999926
 0.15999885 0.15999995 0.15999764 0.15999962]"
2765,2765,"[0.15999763 0.15999848 0.15999756 0.15999826 0.15999734 0.15999925
 0.16000229 0.15999994 0.15999759 0.15999956]"
2766,2766,"[0.15999759 0.15999843 0.15999757 0.15999826 0.15999734 0.15999924
 0.15999928 0.15999992 0.15999746 0.1599995 ]"
2767,2767,"[0.15999756 0.15999837 0.15999758 0.15999827 0.15999765 0.15999924
 0.15999894 0.1599999  0.15999754 0.15999943]"
2768,2768,"[0.15999753 0.15999832 0.1599976  0.15999827 0.15999792 0.15999924
 0.15999771 0.15999987 0.15999763 0.15999937]"
2769,2769,"[0.15999751 0.15999826 0.15999761 0.15999828 0.15999787 0.15999924
 0.15999772 0.15999985 0.15999774 0.1599993 ]"
2770,2770,"[0.15999748 0.15999821 0.15999762 0.15999829 0.15999783 0.15999924
 0.15999773 0.15999981 0.15999785 0.15999923]"
2771,2771,"[0.15999745 0.15999815 0.15999763 0.1599983  0.15999779 0.15999924
 0.15999774 0.15999977 0.15999798 0.15999916]"
2772,2772,"[0.15999743 0.15999808 0.15999765 0.15999831 0.15999774 0.15999925
 0.15999775 0.15999973 0.15999811 0.15999909]"
2773,2773,"[0.15999741 0.15999802 0.15999766 0.15999832 0.1599977  0.15999896
 0.15999823 0.15999968 0.15999824 0.15999902]"
2774,2774,"[0.15999739 0.15999796 0.15999767 0.15999833 0.15999766 0.15999795
 0.15999858 0.15999962 0.15999838 0.15999896]"
2775,2775,"[0.15999738 0.15999789 0.15999769 0.15999834 0.15999762 0.15999793
 0.15999857 0.15999956 0.15999851 0.1599989 ]"
2776,2776,"[0.15999736 0.15999783 0.1599977  0.15999835 0.15999758 0.15999792
 0.15999856 0.15999949 0.15999864 0.15999884]"
2777,2777,"[0.15999735 0.15999777 0.15999772 0.15999837 0.15999755 0.15999791
 0.15999854 0.15999941 0.15999877 0.15999879]"
2778,2778,"[0.15999734 0.15999771 0.15999774 0.15999838 0.15999751 0.15999789
 0.15999853 0.15999932 0.15999889 0.15999875]"
2779,2779,"[0.15999734 0.15999765 0.15999775 0.1599984  0.15999748 0.15999788
 0.15999851 0.15999922 0.15999901 0.15999871]"
2780,2780,"[0.15999733 0.15999759 0.15999777 0.15999842 0.15999745 0.15999787
 0.1599985  0.15999912 0.15999912 0.15999868]"
2781,2781,"[0.15999733 0.15999753 0.15999779 0.15999843 0.15999743 0.15999786
 0.15999848 0.15999901 0.15999922 0.15999866]"
2782,2782,"[0.15999734 0.15999748 0.1599978  0.15999845 0.1599974  0.15999785
 0.15999847 0.15999889 0.15999931 0.15999865]"
2783,2783,"[0.15999735 0.15999744 0.15999782 0.15999847 0.15999738 0.15999785
 0.15999845 0.15999876 0.1599994  0.15999865]"
2784,2784,"[0.15999736 0.1599974  0.15999784 0.1599985  0.15999737 0.15999784
 0.15999843 0.15999863 0.15999948 0.15999865]"
2785,2785,"[0.15999738 0.15999737 0.15999786 0.15999852 0.15999735 0.15999783
 0.15999841 0.15999849 0.15999955 0.15999867]"
2786,2786,"[0.1599974  0.15999735 0.15999788 0.15999854 0.15999734 0.15999783
 0.1599984  0.15999836 0.15999961 0.15999869]"
2787,2787,"[0.15999742 0.15999734 0.1599979  0.15999857 0.15999734 0.15999782
 0.15999838 0.15999822 0.15999967 0.15999873]"
2788,2788,"[0.15999745 0.15999733 0.15999792 0.15999859 0.15999733 0.15999782
 0.15999836 0.15999809 0.15999972 0.15999877]"
2789,2789,"[0.15999748 0.15999734 0.15999794 0.15999862 0.15999733 0.15999782
 0.15999834 0.15999796 0.15999977 0.15999883]"
2790,2790,"[0.15999752 0.15999736 0.15999797 0.15999865 0.15999734 0.15999782
 0.15999832 0.15999784 0.1599998  0.15999889]"
2791,2791,"[0.15999756 0.15999739 0.15999799 0.15999868 0.15999735 0.15999781
 0.15999829 0.15999773 0.15999984 0.15999896]"
2792,2792,"[0.15999761 0.15999743 0.15999801 0.15999872 0.15999736 0.15999781
 0.15999827 0.15999763 0.15999987 0.15999904]"
2793,2793,"[0.15999766 0.15999748 0.15999803 0.15999875 0.15999737 0.15999781
 0.15999825 0.15999754 0.15999989 0.15999912]"
2794,2794,"[0.15999772 0.15999754 0.15999806 0.15999879 0.15999739 0.15999781
 0.15999823 0.15999747 0.15999991 0.15999921]"
2795,2795,"[0.15999778 0.15999761 0.15999808 0.15999882 0.15999742 0.15999781
 0.1599982  0.15999741 0.15999993 0.15999929]"
2796,2796,"[0.15999784 0.15999768 0.1599981  0.15999886 0.15999744 0.15999781
 0.15999818 0.15999737 0.15999995 0.15999938]"
2797,2797,"[0.15999791 0.15999777 0.15999813 0.1599989  0.15999747 0.15999782
 0.15999815 0.15999735 0.15999996 0.15999946]"
2798,2798,"[0.15999799 0.15999785 0.15999815 0.15999894 0.1599975  0.15999782
 0.15999813 0.15999733 0.15999997 0.15999954]"
2799,2799,"[0.15999807 0.15999794 0.15999817 0.15999899 0.15999754 0.15999782
 0.15999811 0.15999734 0.15999998 0.15999961]"
2800,2800,"[0.15999946 0.15999804 0.15999792 0.15999903 0.15999758 0.15999782
 0.15999808 0.15999735 0.15999999 0.15999968]"
2801,2801,"[0.15999983 0.15999814 0.15999746 0.15999908 0.15999762 0.15999782
 0.15999805 0.15999737 0.15999999 0.15999974]"
2802,2802,"[0.15999992 0.15999823 0.15999748 0.15999912 0.15999766 0.15999782
 0.15999803 0.1599974  0.15999999 0.15999979]"
2803,2803,"[0.15999997 0.15999833 0.1599975  0.15999917 0.15999771 0.15999782
 0.159998   0.15999743 0.16       0.15999984]"
2804,2804,"[0.16       0.15999842 0.15999752 0.15999922 0.15999776 0.15999783
 0.15999798 0.15999747 0.16       0.15999987]"
2805,2805,"[0.16       0.15999852 0.15999754 0.15999927 0.15999781 0.15999783
 0.15999795 0.1599975  0.16       0.15999991]"
2806,2806,"[0.15999997 0.15999861 0.15999756 0.15999932 0.15999786 0.15999783
 0.15999792 0.15999752 0.16       0.15999993]"
2807,2807,"[0.15999994 0.1599987  0.15999758 0.15999937 0.15999791 0.15999782
 0.15999789 0.15999753 0.16       0.15999995]"
2808,2808,"[0.15999989 0.15999891 0.15999761 0.15999942 0.15999796 0.15999782
 0.15999787 0.15999753 0.15999979 0.15999997]"
2809,2809,"[0.15999984 0.15999814 0.15999763 0.15999946 0.15999802 0.15999854
 0.15999784 0.15999751 0.15999822 0.15999998]"
2810,2810,"[0.15999978 0.15999821 0.15999766 0.15999951 0.15999807 0.15999822
 0.15999781 0.15999746 0.1599977  0.15999999]"
2811,2811,"[0.15999972 0.15999828 0.15999769 0.16000013 0.15999812 0.15999821
 0.15999779 0.1599974  0.16000227 0.16      ]"
2812,2812,"[0.15999967 0.15999835 0.15999772 0.15999976 0.15999818 0.1599982
 0.15999776 0.15999735 0.15999898 0.16      ]"
2813,2813,"[0.15999962 0.15999842 0.15999775 0.15999978 0.15999824 0.15999818
 0.15999774 0.15999735 0.15999899 0.16      ]"
2814,2814,"[0.15999957 0.15999849 0.15999778 0.1599998  0.15999829 0.15999816
 0.15999771 0.1599975  0.159999   0.16      ]"
2815,2815,"[0.15999953 0.15999855 0.15999781 0.15999982 0.15999834 0.15999814
 0.15999769 0.15999783 0.15999901 0.16      ]"
2816,2816,"[0.1599995  0.15999862 0.15999784 0.15999983 0.1599984  0.15999812
 0.15999767 0.15999829 0.15999901 0.15999999]"
2817,2817,"[0.15999947 0.15999868 0.15999788 0.15999985 0.15999845 0.1599981
 0.15999764 0.15999874 0.15999901 0.15999999]"
2818,2818,"[0.15999944 0.15999874 0.15999791 0.15999987 0.1599984  0.15999808
 0.15999762 0.15999937 0.15999901 0.15999998]"
2819,2819,"[0.15999942 0.1599988  0.15999794 0.15999988 0.1599976  0.15999806
 0.1599976  0.15999753 0.159999   0.15999997]"
2820,2820,"[0.1599994  0.15999885 0.15999798 0.1599999  0.15999764 0.15999804
 0.15999759 0.15999757 0.159999   0.15999996]"
2821,2821,"[0.15999939 0.15999891 0.15999802 0.15999991 0.15999767 0.15999801
 0.15999757 0.15999761 0.15999899 0.15999996]"
2822,2822,"[0.15999937 0.15999896 0.15999805 0.15999993 0.15999771 0.15999798
 0.15999756 0.15999764 0.15999898 0.15999995]"
2823,2823,"[0.15999937 0.15999901 0.15999809 0.15999994 0.15999774 0.15999795
 0.15999755 0.15999768 0.15999897 0.15999993]"
2824,2824,"[0.15999936 0.15999906 0.15999813 0.15999995 0.15999778 0.15999793
 0.15999754 0.15999771 0.15999896 0.15999992]"
2825,2825,"[0.15999936 0.15999911 0.15999817 0.15999996 0.15999781 0.15999789
 0.15999754 0.15999774 0.15999894 0.15999991]"
2826,2826,"[0.15999935 0.15999916 0.15999821 0.15999997 0.15999785 0.15999786
 0.15999753 0.15999777 0.15999893 0.1599999 ]"
2827,2827,"[0.15999935 0.1599992  0.15999825 0.15999998 0.15999788 0.15999783
 0.15999753 0.1599978  0.15999891 0.15999988]"
2828,2828,"[0.15999936 0.15999924 0.15999829 0.15999999 0.15999792 0.1599978
 0.15999754 0.15999782 0.15999889 0.15999987]"
2829,2829,"[0.15999936 0.15999928 0.15999833 0.15999999 0.15999795 0.15999776
 0.15999754 0.15999784 0.15999887 0.15999985]"
2830,2830,"[0.15999936 0.15999999 0.15999837 0.16       0.15999791 0.15999773
 0.15999755 0.15999786 0.15999884 0.15999983]"
2831,2831,"[0.15999937 0.15999877 0.15999841 0.16       0.15999741 0.1599977
 0.15999756 0.15999788 0.15999882 0.15999981]"
2832,2832,"[0.15999938 0.15999882 0.15999845 0.16       0.15999742 0.15999766
 0.15999758 0.1599979  0.15999879 0.1599998 ]"
2833,2833,"[0.15999939 0.15999887 0.15999849 0.16       0.15999743 0.15999763
 0.1599976  0.15999792 0.15999876 0.15999977]"
2834,2834,"[0.15999939 0.15999891 0.15999853 0.15999999 0.15999744 0.15999759
 0.15999763 0.15999793 0.15999873 0.15999975]"
2835,2835,"[0.1599994  0.15999896 0.15999857 0.15999998 0.15999745 0.15999756
 0.15999766 0.15999795 0.1599987  0.15999973]"
2836,2836,"[0.15999941 0.159999   0.15999861 0.15999997 0.15999747 0.15999753
 0.1599977  0.15999796 0.15999867 0.1599997 ]"
2837,2837,"[0.15999942 0.15999904 0.15999865 0.15999996 0.15999748 0.1599975
 0.15999774 0.15999797 0.15999864 0.15999968]"
2838,2838,"[0.15999943 0.15999908 0.15999869 0.15999994 0.15999749 0.15999747
 0.15999779 0.15999798 0.1599986  0.15999965]"
2839,2839,"[0.15999944 0.15999912 0.15999873 0.15999992 0.1599975  0.15999744
 0.15999784 0.15999799 0.15999857 0.15999962]"
2840,2840,"[0.15999945 0.15999916 0.15999877 0.1599999  0.15999751 0.15999742
 0.1599979  0.159998   0.15999853 0.15999959]"
2841,2841,"[0.15999946 0.1599992  0.15999882 0.15999987 0.15999752 0.15999739
 0.15999796 0.15999801 0.15999849 0.15999956]"
2842,2842,"[0.15999947 0.15999924 0.15999885 0.15999983 0.15999753 0.15999737
 0.15999801 0.15999802 0.15999845 0.15999952]"
2843,2843,"[0.15999949 0.15999927 0.15999889 0.15999979 0.15999753 0.15999736
 0.15999986 0.15999802 0.16000271 0.1600003 ]"
2844,2844,"[0.1599995  0.1599993  0.15999893 0.15999975 0.15999754 0.15999735
 0.15999895 0.15999803 0.15999938 0.15999999]"
2845,2845,"[0.15999951 0.15999934 0.15999897 0.1599997  0.15999755 0.15999734
 0.15999895 0.15999803 0.15999935 0.16      ]"
2846,2846,"[0.15999879 0.15999937 0.15999804 0.15999964 0.15999755 0.15999733
 0.15999894 0.15999804 0.15999931 0.16      ]"
2847,2847,"[0.15999883 0.1599994  0.15999808 0.15999958 0.15999756 0.15999733
 0.15999893 0.15999804 0.15999928 0.16      ]"
2848,2848,"[0.15999887 0.15999943 0.15999812 0.15999951 0.15999756 0.15999734
 0.15999892 0.15999805 0.15999924 0.16      ]"
2849,2849,"[0.15999891 0.15999946 0.15999817 0.15999943 0.15999757 0.15999735
 0.1599989  0.15999805 0.1599992  0.16      ]"
2850,2850,"[0.15999894 0.15999949 0.15999821 0.15999934 0.15999896 0.15999737
 0.15999902 0.15999805 0.15999916 0.16      ]"
2851,2851,"[0.15999898 0.15999952 0.15999825 0.15999925 0.15999895 0.15999739
 0.15999899 0.15999805 0.15999912 0.16      ]"
2852,2852,"[0.15999902 0.15999962 0.1599983  0.15999914 0.15999894 0.15999743
 0.15999896 0.15999849 0.15999908 0.16000093]"
2853,2853,"[0.15999905 0.15999911 0.15999834 0.15999903 0.15999893 0.15999733
 0.15999892 0.15999832 0.15999904 0.15999991]"
2854,2854,"[0.15999909 0.15999914 0.15999839 0.15999891 0.15999892 0.15999734
 0.15999888 0.15999831 0.15999899 0.1599999 ]"
2855,2855,"[0.15999912 0.15999918 0.15999843 0.15999878 0.15999891 0.15999735
 0.15999883 0.15999904 0.15999894 0.16      ]"
2856,2856,"[0.15999915 0.15999922 0.15999848 0.15999865 0.1599989  0.15999736
 0.15999877 0.15999904 0.1599989  0.16      ]"
2857,2857,"[0.15999918 0.15999925 0.15999852 0.1599985  0.15999889 0.15999738
 0.15999871 0.16000584 0.16000731 0.16      ]"
2858,2858,"[0.15999921 0.15999929 0.15999857 0.15999835 0.15999887 0.15999741
 0.15999864 0.15999989 0.15999987 0.16      ]"
2859,2859,"[0.15999924 0.15999932 0.15999861 0.1599982  0.15999886 0.15999744
 0.15999856 0.15999989 0.15999985 0.16      ]"
2860,2860,"[0.15999927 0.15999936 0.15999866 0.15999805 0.15999885 0.15999748
 0.15999847 0.15999989 0.15999983 0.16      ]"
2861,2861,"[0.1599993  0.15999939 0.1599987  0.1599979  0.15999883 0.15999753
 0.15999837 0.15999989 0.15999981 0.16      ]"
2862,2862,"[0.15999932 0.15999942 0.15999875 0.15999776 0.15999882 0.15999758
 0.15999827 0.15999989 0.15999979 0.16      ]"
2863,2863,"[0.15999935 0.15999945 0.15999879 0.15999763 0.1599988  0.15999764
 0.15999816 0.15999989 0.15999977 0.16      ]"
2864,2864,"[0.15999938 0.15999948 0.15999883 0.15999752 0.15999878 0.1599977
 0.15999805 0.15999989 0.15999974 0.16      ]"
2865,2865,"[0.1599994  0.1599995  0.15999888 0.15999743 0.15999877 0.15999776
 0.15999793 0.15999989 0.15999972 0.16      ]"
2866,2866,"[0.15999942 0.15999953 0.15999892 0.15999737 0.15999875 0.15999783
 0.15999782 0.15999989 0.15999969 0.16      ]"
2867,2867,"[0.15999945 0.15999956 0.15999897 0.15999734 0.15999873 0.1599979
 0.15999771 0.15999989 0.15999966 0.16      ]"
2868,2868,"[0.15999947 0.15999958 0.15999901 0.15999734 0.15999872 0.15999798
 0.15999761 0.1599999  0.15999963 0.15999999]"
2869,2869,"[0.15999949 0.15999961 0.15999868 0.15999737 0.15999834 0.15999806
 0.15999752 0.1599999  0.15999959 0.15999999]"
2870,2870,"[0.15999951 0.15999963 0.15999741 0.15999743 0.15999743 0.15999814
 0.15999745 0.1599999  0.15999956 0.15999999]"
2871,2871,"[0.15999953 0.15999966 0.15999742 0.15999753 0.1599974  0.15999822
 0.15999739 0.1599999  0.15999952 0.15999999]"
2872,2872,"[0.15999955 0.16       0.15999744 0.15999764 0.15999737 0.1599983
 0.15999735 0.1599999  0.15999948 0.15999989]"
2873,2873,"[0.15999957 0.16       0.15999747 0.15999776 0.15999735 0.15999838
 0.15999734 0.1599999  0.15999944 0.1599999 ]"
2874,2874,"[0.15999959 0.16       0.15999749 0.1599979  0.15999734 0.15999819
 0.15999734 0.15999989 0.1599994  0.1599999 ]"
2875,2875,"[0.1599996  0.16       0.15999751 0.15999804 0.15999733 0.15999773
 0.15999735 0.15999931 0.15999936 0.1599999 ]"
2876,2876,"[0.15999962 0.16       0.15999754 0.15999817 0.15999734 0.15999779
 0.15999739 0.15999931 0.15999931 0.1599999 ]"
2877,2877,"[0.15999964 0.16       0.15999757 0.1599983  0.15999735 0.15999787
 0.15999743 0.15999931 0.15999926 0.1599999 ]"
2878,2878,"[0.15999965 0.16       0.1599976  0.15999842 0.15999736 0.15999794
 0.15999749 0.15999932 0.15999921 0.1599999 ]"
2879,2879,"[0.15999967 0.16005102 0.15999763 0.15999852 0.15999739 0.15999802
 0.15999755 0.15999932 0.16006027 0.1599999 ]"
2880,2880,"[0.16000573 0.15999954 0.15999768 0.15999861 0.15999742 0.1599981
 0.15999762 0.15999933 0.15999993 0.1599999 ]"
2881,2881,"[0.15999999 0.15999928 0.15999771 0.15999869 0.15999746 0.15999834
 0.15999769 0.15999934 0.15999992 0.1599999 ]"
2882,2882,"[0.15999999 0.15999928 0.15999773 0.15999875 0.15999751 0.15999844
 0.15999777 0.15999934 0.15999991 0.1599999 ]"
2883,2883,"[0.15999999 0.15999929 0.15999776 0.15999879 0.15999756 0.15999854
 0.15999784 0.15999935 0.1599999  0.15999991]"
2884,2884,"[0.16       0.1599993  0.15999779 0.15999882 0.15999762 0.15999863
 0.15999792 0.15999936 0.15999988 0.15999991]"
2885,2885,"[0.16       0.1599993  0.15999783 0.15999883 0.15999769 0.15999873
 0.15999799 0.15999937 0.15999986 0.15999991]"
2886,2886,"[0.16       0.15999931 0.15999788 0.15999883 0.15999777 0.15999883
 0.15999806 0.15999938 0.15999985 0.15999991]"
2887,2887,"[0.16       0.15999932 0.15999793 0.15999882 0.15999785 0.15999892
 0.15999813 0.15999939 0.15999983 0.15999991]"
2888,2888,"[0.16       0.15999932 0.15999798 0.15999879 0.15999794 0.15999901
 0.15999819 0.1599994  0.1599998  0.15999991]"
2889,2889,"[0.16       0.15999933 0.15999804 0.15999876 0.15999804 0.1599991
 0.15999826 0.15999941 0.15999978 0.15999992]"
2890,2890,"[0.16       0.15999934 0.15999811 0.15999871 0.15999815 0.15999918
 0.15999832 0.15999943 0.15999976 0.15999992]"
2891,2891,"[0.16       0.15999934 0.15999818 0.15999866 0.15999826 0.15999926
 0.15999837 0.15999944 0.15999973 0.15999992]"
2892,2892,"[0.16       0.15999909 0.15999826 0.1599986  0.16000483 0.15999934
 0.15999831 0.15999981 0.1599997  0.15999992]"
2893,2893,"[0.16       0.1599982  0.15999835 0.15999854 0.15999771 0.15999941
 0.15999819 0.15999991 0.15999967 0.15999992]"
2894,2894,"[0.16       0.15999823 0.15999844 0.15999848 0.1599977  0.15999948
 0.15999824 0.15999992 0.15999964 0.15999993]"
2895,2895,"[0.16       0.15999825 0.15999854 0.15999842 0.15999768 0.15999954
 0.15999828 0.15999992 0.15999961 0.15999993]"
2896,2896,"[0.16       0.15999828 0.15999864 0.15999837 0.15999767 0.1599996
 0.15999833 0.15999993 0.15999957 0.15999993]"
2897,2897,"[0.16       0.1599983  0.15999875 0.15999833 0.15999765 0.15999965
 0.15999837 0.15999994 0.15999953 0.15999993]"
2898,2898,"[0.16       0.15999833 0.15999885 0.15999829 0.15999763 0.15999969
 0.1599984  0.15999995 0.15999949 0.15999993]"
2899,2899,"[0.16       0.15999835 0.15999896 0.15999826 0.1599976  0.15999974
 0.15999844 0.15999996 0.15999944 0.15999994]"
2900,2900,"[0.16       0.15999838 0.15999881 0.15999795 0.15999758 0.15999978
 0.15999847 0.15999996 0.1599994  0.15999994]"
2901,2901,"[0.16       0.15999841 0.15999822 0.15999742 0.15999755 0.15999981
 0.15999851 0.15999997 0.15999935 0.15999994]"
2902,2902,"[0.16       0.15999844 0.1599982  0.15999743 0.15999752 0.15999984
 0.15999854 0.15999998 0.15999929 0.15999994]"
2903,2903,"[0.16       0.15999847 0.15999819 0.15999745 0.15999749 0.15999987
 0.15999857 0.15999999 0.15999924 0.15999994]"
2904,2904,"[0.16       0.1599985  0.15999818 0.15999748 0.15999747 0.15999989
 0.15999859 0.15999999 0.15999918 0.15999995]"
2905,2905,"[0.16       0.15999853 0.15999816 0.15999751 0.15999744 0.15999991
 0.15999862 0.16       0.15999912 0.15999995]"
2906,2906,"[0.16       0.15999856 0.15999815 0.15999755 0.15999741 0.15999993
 0.15999864 0.16       0.15999906 0.15999995]"
2907,2907,"[0.16       0.15999859 0.15999814 0.15999759 0.15999739 0.15999994
 0.15999867 0.16       0.15999899 0.15999995]"
2908,2908,"[0.16       0.15999862 0.15999812 0.15999765 0.15999737 0.15999996
 0.15999869 0.16       0.15999893 0.15999995]"
2909,2909,"[0.15999999 0.15999866 0.15999811 0.1599977  0.15999736 0.15999997
 0.15999871 0.16       0.15999886 0.15999996]"
2910,2910,"[0.15999999 0.15999869 0.15999809 0.15999777 0.15999734 0.15999998
 0.15999873 0.15999999 0.15999879 0.15999996]"
2911,2911,"[0.15999999 0.15999872 0.15999807 0.15999784 0.15999734 0.16000023
 0.15999919 0.15999998 0.15999872 0.15999996]"
2912,2912,"[0.15999999 0.15999875 0.15999806 0.15999792 0.15999733 0.159999
 0.15999947 0.15999997 0.15999865 0.15999996]"
2913,2913,"[0.15999999 0.15999878 0.15999804 0.15999801 0.15999734 0.15999908
 0.15999948 0.15999995 0.15999857 0.15999996]"
2914,2914,"[0.15999999 0.15999882 0.15999803 0.1599981  0.15999734 0.15999916
 0.15999948 0.15999993 0.1599985  0.15999996]"
2915,2915,"[0.15999999 0.15999885 0.15999801 0.1599982  0.15999736 0.15999923
 0.15999949 0.1599999  0.15999843 0.15999997]"
2916,2916,"[0.15999999 0.15999888 0.15999799 0.1599983  0.15999738 0.1599993
 0.1599995  0.15999987 0.15999836 0.15999997]"
2917,2917,"[0.15999999 0.15999891 0.15999798 0.1599984  0.1599974  0.15999937
 0.15999951 0.15999983 0.15999829 0.15999997]"
2918,2918,"[0.15999999 0.15999895 0.15999796 0.15999851 0.15999744 0.15999943
 0.15999951 0.15999979 0.15999822 0.15999997]"
2919,2919,"[0.15999999 0.15999898 0.15999794 0.15999862 0.15999747 0.15999948
 0.15999952 0.15999974 0.15999815 0.15999997]"
2920,2920,"[0.15999999 0.15999901 0.15999792 0.15999873 0.15999752 0.15999954
 0.15999953 0.15999968 0.15999809 0.15999997]"
2921,2921,"[0.15999999 0.15999904 0.15999791 0.15999884 0.15999757 0.15999958
 0.15999953 0.15999962 0.15999802 0.15999997]"
2922,2922,"[0.15999999 0.15999907 0.15999789 0.15999894 0.15999762 0.15999963
 0.15999954 0.15999955 0.15999796 0.15999997]"
2923,2923,"[0.15999999 0.1599991  0.15999787 0.15999905 0.15999768 0.15999967
 0.15999954 0.15999948 0.15999791 0.15999997]"
2924,2924,"[0.15999999 0.15999913 0.15999785 0.15999915 0.15999774 0.1599997
 0.15999955 0.1599994  0.15999786 0.15999998]"
2925,2925,"[0.15999999 0.15999916 0.15999783 0.15999925 0.15999781 0.15999974
 0.15999955 0.15999931 0.15999781 0.15999998]"
2926,2926,"[0.15999999 0.15999919 0.15999782 0.15999934 0.15999788 0.15999977
 0.15999955 0.15999922 0.15999776 0.15999998]"
2927,2927,"[0.15999999 0.15999921 0.1599978  0.15999943 0.15999795 0.15999979
 0.15999956 0.15999912 0.15999774 0.16000006]"
2928,2928,"[0.15999999 0.15999924 0.15999778 0.15999951 0.15999802 0.15999982
 0.15999956 0.15999902 0.15999772 0.15999998]"
2929,2929,"[0.15999999 0.15999927 0.15999776 0.15999959 0.15999809 0.15999984
 0.15999957 0.15999892 0.15999768 0.15999998]"
2930,2930,"[0.15999999 0.15999929 0.15999774 0.15999966 0.15999817 0.15999985
 0.15999957 0.15999881 0.15999765 0.15999997]"
2931,2931,"[0.15999999 0.15999932 0.15999772 0.15999972 0.15999824 0.15999987
 0.15999958 0.1599987  0.15999762 0.15999997]"
2932,2932,"[0.15999999 0.15999934 0.15999771 0.15999978 0.15999831 0.15999989
 0.15999958 0.15999859 0.15999759 0.15999997]"
2933,2933,"[0.15999999 0.15999937 0.15999769 0.15999983 0.15999838 0.1599999
 0.15999958 0.15999848 0.15999757 0.15999997]"
2934,2934,"[0.15999999 0.15999939 0.15999767 0.15999987 0.15999845 0.15999991
 0.15999959 0.15999837 0.15999755 0.15999996]"
2935,2935,"[0.15999999 0.15999941 0.15999765 0.1599999  0.15999852 0.15999992
 0.15999959 0.15999826 0.15999752 0.15999996]"
2936,2936,"[0.15999999 0.15999944 0.15999764 0.15999993 0.15999859 0.15999993
 0.1599996  0.15999815 0.1599975  0.15999996]"
2937,2937,"[0.15999999 0.15999946 0.15999762 0.15999996 0.15999865 0.15999993
 0.1599996  0.15999805 0.15999749 0.15999996]"
2938,2938,"[0.15999999 0.15999948 0.1599976  0.15999998 0.15999873 0.15999994
 0.15999999 0.15999795 0.15999747 0.15999996]"
2939,2939,"[0.15999999 0.1599995  0.15999759 0.15999999 0.15999881 0.15999994
 0.15999999 0.15999786 0.15999746 0.15999996]"
2940,2940,"[0.15999999 0.15999952 0.15999815 0.16       0.15999889 0.16000007
 0.15999999 0.15999777 0.15999744 0.15999995]"
2941,2941,"[0.15999999 0.15999953 0.15999859 0.16       0.15999897 0.15999896
 0.15999999 0.15999769 0.15999743 0.15999995]"
2942,2942,"[0.15999999 0.15999955 0.15999858 0.16       0.15999904 0.159999
 0.15999999 0.15999762 0.15999742 0.15999995]"
2943,2943,"[0.15999999 0.15999957 0.15999857 0.15999999 0.1599991  0.15999904
 0.15999999 0.15999755 0.15999741 0.15999995]"
2944,2944,"[0.15999999 0.15999958 0.15999856 0.15999999 0.15999916 0.15999907
 0.15999999 0.15999749 0.1599974  0.15999995]"
2945,2945,"[0.15999999 0.1599996  0.15999855 0.15999997 0.15999921 0.15999911
 0.15999999 0.15999745 0.15999739 0.15999995]"
2946,2946,"[0.15999999 0.15999962 0.15999855 0.15999996 0.15999926 0.15999914
 0.15999999 0.15999741 0.15999738 0.15999995]"
2947,2947,"[0.15999999 0.15999963 0.15999854 0.15999994 0.1599993  0.15999916
 0.15999999 0.15999737 0.15999737 0.15999994]"
2948,2948,"[0.15999999 0.15999964 0.15999853 0.15999993 0.15999934 0.15999919
 0.15999999 0.15999735 0.15999737 0.15999994]"
2949,2949,"[0.15999999 0.15999966 0.15999852 0.1599999  0.15999937 0.15999921
 0.15999999 0.15999734 0.15999736 0.15999994]"
2950,2950,"[0.15999998 0.15999967 0.15999851 0.15999988 0.1599994  0.15999923
 0.15999999 0.15999733 0.15999735 0.15999994]"
2951,2951,"[0.15999998 0.15999968 0.1599985  0.15999986 0.15999942 0.15999925
 0.15999999 0.15999734 0.15999735 0.15999994]"
2952,2952,"[0.15999998 0.1599997  0.15999951 0.15999984 0.1600463  0.15999927
 0.15999999 0.15999735 0.15999734 0.15999994]"
2953,2953,"[0.15999998 0.15999971 0.15999893 0.15999981 0.15999846 0.15999929
 0.15999999 0.15999736 0.15999734 0.15999994]"
2954,2954,"[0.15999998 0.1600038  0.1599999  0.15999979 0.15999827 0.1599993
 0.15999999 0.15999778 0.15999734 0.15999994]"
2955,2955,"[0.15999998 0.15999874 0.15999993 0.15999976 0.15999806 0.15999931
 0.15999999 0.15999806 0.15999734 0.15999994]"
2956,2956,"[0.15999998 0.15999878 0.15999993 0.15999973 0.15999785 0.15999932
 0.15999999 0.15999803 0.15999733 0.15999995]"
2957,2957,"[0.15999998 0.15999882 0.15999993 0.15999971 0.15999764 0.15999933
 0.15999999 0.15999799 0.15999733 0.15999995]"
2958,2958,"[0.15999998 0.15999886 0.15999994 0.15999968 0.15999746 0.15999934
 0.15999999 0.15999796 0.15999733 0.15999995]"
2959,2959,"[0.15999998 0.1599989  0.15999994 0.15999965 0.15999736 0.15999935
 0.15999999 0.15999793 0.15999734 0.15999995]"
2960,2960,"[0.15999998 0.15999894 0.15999994 0.15999963 0.15999735 0.15999935
 0.15999999 0.15999791 0.15999734 0.15999995]"
2961,2961,"[0.15999998 0.15999898 0.15999994 0.1599996  0.15999745 0.15999936
 0.15999999 0.15999788 0.15999734 0.15999995]"
2962,2962,"[0.15999998 0.15999902 0.15999994 0.15999958 0.15999765 0.15999936
 0.15999999 0.15999786 0.15999735 0.15999996]"
2963,2963,"[0.15999998 0.15999905 0.15999994 0.15999955 0.1599979  0.15999936
 0.15999999 0.15999784 0.15999735 0.15999996]"
2964,2964,"[0.15999998 0.15999909 0.15999995 0.15999953 0.15999817 0.15999936
 0.15999999 0.15999783 0.15999736 0.15999996]"
2965,2965,"[0.15999998 0.15999912 0.15999995 0.1599995  0.15999842 0.15999936
 0.15999999 0.15999781 0.15999737 0.15999996]"
2966,2966,"[0.15999998 0.15999915 0.15999995 0.15999948 0.15999865 0.15999936
 0.16       0.1599978  0.15999738 0.15999996]"
2967,2967,"[0.15999998 0.15999919 0.15999995 0.15999945 0.15999885 0.15999936
 0.16       0.15999778 0.1599974  0.15999997]"
2968,2968,"[0.15999998 0.15999922 0.15999995 0.15999943 0.15999902 0.15999936
 0.16       0.15999777 0.15999741 0.15999997]"
2969,2969,"[0.15999998 0.15999925 0.15999995 0.1599994  0.15999916 0.15999935
 0.16       0.15999777 0.15999743 0.15999997]"
2970,2970,"[0.15999998 0.15999928 0.15999996 0.15999938 0.15999928 0.15999935
 0.16       0.15999776 0.15999745 0.15999998]"
2971,2971,"[0.15999998 0.1599993  0.15999996 0.15999936 0.15999938 0.15999935
 0.16       0.15999776 0.15999747 0.15999998]"
2972,2972,"[0.15999998 0.15999933 0.15999996 0.15999934 0.15999946 0.15999934
 0.16       0.15999775 0.15999749 0.15999998]"
2973,2973,"[0.15999998 0.15999936 0.15999996 0.15999932 0.15999953 0.15999934
 0.16       0.15999775 0.15999751 0.15999998]"
2974,2974,"[0.15999998 0.15999938 0.15999996 0.15999929 0.15999959 0.15999933
 0.16       0.15999775 0.15999754 0.15999999]"
2975,2975,"[0.15999998 0.15999941 0.15999996 0.15999927 0.15999964 0.15999932
 0.16       0.15999775 0.15999757 0.15999999]"
2976,2976,"[0.15999998 0.15999943 0.15999996 0.15999925 0.15999969 0.15999932
 0.16       0.15999775 0.1599976  0.15999999]"
2977,2977,"[0.15999998 0.15999946 0.15999996 0.15999924 0.15999973 0.15999931
 0.16       0.15999776 0.15999763 0.15999999]"
2978,2978,"[0.16000001 0.15999948 0.15999997 0.15999922 0.15999976 0.1599993
 0.16000004 0.15999776 0.15999766 0.15999999]"
2979,2979,"[0.16       0.1599995  0.15999997 0.1599992  0.15999979 0.15999929
 0.15999995 0.15999777 0.1599977  0.16      ]"
2980,2980,"[0.16000082 0.15999952 0.15999997 0.15999918 0.15999982 0.15999898
 0.15999997 0.15999777 0.15999774 0.16      ]"
2981,2981,"[0.15999815 0.15999954 0.15999997 0.15999917 0.15999984 0.15999767
 0.15999998 0.15999778 0.15999777 0.16      ]"
2982,2982,"[0.15999814 0.15999956 0.15999997 0.15999916 0.15999986 0.15999765
 0.15999999 0.15999779 0.15999781 0.16000013]"
2983,2983,"[0.15999811 0.15999958 0.15999997 0.15999914 0.15999993 0.15999763
 0.16       0.15999923 0.15999786 0.15999965]"
2984,2984,"[0.15999807 0.1599996  0.15999997 0.15999913 0.15999858 0.15999762
 0.16       0.15999964 0.1599979  0.15999965]"
2985,2985,"[0.15999802 0.15999962 0.15999997 0.15999912 0.15999857 0.15999761
 0.16       0.15999969 0.15999794 0.15999965]"
2986,2986,"[0.15999795 0.15999964 0.15999998 0.15999912 0.15999855 0.1599976
 0.15999999 0.15999974 0.15999799 0.15999965]"
2987,2987,"[0.15999787 0.15999965 0.15999998 0.15999911 0.15999853 0.1599976
 0.15999998 0.15999978 0.15999803 0.15999965]"
2988,2988,"[0.15999777 0.15999967 0.15999998 0.15999911 0.15999851 0.15999759
 0.15999996 0.15999982 0.15999808 0.15999965]"
2989,2989,"[0.15999767 0.15999969 0.15999998 0.15999911 0.15999849 0.15999759
 0.15999994 0.15999985 0.15999813 0.15999966]"
2990,2990,"[0.15999761 0.15999971 0.15999998 0.1599988  0.15999847 0.15999759
 0.15999991 0.15999988 0.15999818 0.15999966]"
2991,2991,"[0.15999765 0.15999972 0.15999998 0.15999785 0.15999845 0.15999759
 0.15999987 0.1599999  0.15999822 0.15999966]"
2992,2992,"[0.15999766 0.15999974 0.15999998 0.15999788 0.15999842 0.1599976
 0.15999983 0.15999992 0.15999827 0.15999966]"
2993,2993,"[0.15999766 0.15999975 0.15999998 0.1599979  0.1599984  0.1599976
 0.15999977 0.15999994 0.15999832 0.15999967]"
2994,2994,"[0.15999767 0.15999977 0.15999998 0.15999793 0.15999837 0.15999761
 0.15999971 0.15999995 0.15999837 0.15999967]"
2995,2995,"[0.15999767 0.15999978 0.15999999 0.15999795 0.15999834 0.15999761
 0.15999964 0.15999996 0.15999842 0.15999967]"
2996,2996,"[0.15999767 0.1599998  0.15999999 0.15999797 0.15999831 0.15999762
 0.15999957 0.15999997 0.15999847 0.15999968]"
2997,2997,"[0.15999767 0.15999981 0.15999999 0.15999799 0.15999828 0.15999763
 0.15999949 0.15999998 0.15999852 0.15999968]"
2998,2998,"[0.15999766 0.15999982 0.15999999 0.15999801 0.15999825 0.15999764
 0.1599994  0.15999999 0.15999857 0.15999969]"
2999,2999,"[0.15999756 0.15999984 0.15999999 0.15999802 0.15999821 0.15999765
 0.15999931 0.15999999 0.15999862 0.15999992]"
