,iteration,speed
0,0,"[0.15999988 0.15999917 0.1599997  0.1600007  0.1600465  0.15999736
 0.15999922 0.15999906 0.16       0.1600032 ]"
1,1,"[0.1599978  0.15999862 0.15999971 0.15999983 0.15999815 0.15999735
 0.15999922 0.15999814 0.15999999 0.15999969]"
2,2,"[0.15999781 0.15999865 0.15999972 0.15999984 0.15999811 0.15999734
 0.15999922 0.15999817 0.15999999 0.1599997 ]"
3,3,"[0.15999782 0.15999868 0.15999973 0.15999984 0.15999806 0.15999734
 0.15999923 0.15999819 0.15999999 0.15999971]"
4,4,"[0.15999784 0.15999871 0.15999974 0.15999984 0.15999802 0.15999734
 0.15999923 0.15999822 0.15999999 0.15999972]"
5,5,"[0.15999785 0.15999874 0.15999975 0.15999984 0.15999797 0.15999734
 0.15999923 0.15999825 0.15999999 0.15999972]"
6,6,"[0.15999787 0.15999877 0.15999976 0.15999984 0.15999793 0.15999733
 0.15999923 0.15999828 0.15999999 0.15999973]"
7,7,"[0.15999788 0.1599988  0.15999977 0.15999984 0.15999788 0.15999733
 0.15999923 0.1599983  0.15999999 0.15999974]"
8,8,"[0.1599979  0.15999883 0.15999977 0.15999984 0.15999783 0.15999733
 0.15999923 0.15999833 0.15999999 0.15999975]"
9,9,"[0.15999791 0.15999885 0.15999978 0.15999984 0.15999779 0.15999734
 0.15999922 0.15999836 0.15999999 0.15999975]"
10,10,"[0.15999793 0.15999888 0.15999979 0.15999984 0.15999918 0.15999734
 0.15999922 0.15999894 0.15999999 0.15999976]"
11,11,"[0.15999795 0.15999891 0.1599998  0.15999985 0.15999954 0.15999734
 0.15999921 0.15999931 0.15999999 0.15999977]"
12,12,"[0.15999796 0.15999893 0.15999981 0.15999985 0.15999954 0.15999734
 0.15999921 0.15999932 0.15999999 0.15999977]"
13,13,"[0.15999798 0.15999896 0.15999982 0.15999985 0.15999953 0.15999735
 0.1599992  0.15999934 0.15999999 0.15999978]"
14,14,"[0.159998   0.15999898 0.15999983 0.15999985 0.15999953 0.15999735
 0.15999919 0.15999935 0.15999999 0.15999979]"
15,15,"[0.15999801 0.15999901 0.15999983 0.15999985 0.15999952 0.15999736
 0.15999919 0.15999936 0.15999999 0.15999979]"
16,16,"[0.15999803 0.15999903 0.15999984 0.15999985 0.15999952 0.15999737
 0.15999918 0.15999937 0.15999999 0.1599998 ]"
17,17,"[0.15999805 0.15999905 0.15999985 0.15999985 0.15999951 0.15999737
 0.15999916 0.15999939 0.15999999 0.1599998 ]"
18,18,"[0.15999807 0.15999908 0.15999986 0.15999985 0.15999931 0.15999738
 0.15999915 0.15999917 0.15999999 0.15999981]"
19,19,"[0.15999808 0.1599991  0.15999986 0.15999985 0.15999734 0.15999739
 0.15999914 0.15999846 0.15999999 0.15999982]"
20,20,"[0.1599981  0.15999912 0.15999987 0.15999985 0.15999899 0.1599974
 0.15999912 0.1599991  0.15999999 0.15999982]"
21,21,"[0.15999812 0.15999914 0.15999988 0.15999985 0.15999944 0.15999741
 0.15999911 0.15999945 0.15999999 0.15999983]"
22,22,"[0.15999814 0.15999916 0.15999988 0.15999985 0.15999944 0.15999741
 0.15999909 0.15999945 0.15999999 0.15999983]"
23,23,"[0.15999816 0.15999918 0.15999989 0.15999986 0.15999943 0.15999742
 0.15999907 0.15999945 0.15999999 0.15999984]"
24,24,"[0.15999818 0.1599992  0.15999989 0.15999986 0.15999942 0.15999743
 0.15999905 0.15999946 0.15999999 0.15999984]"
25,25,"[0.15999819 0.15999922 0.1599999  0.15999986 0.15999941 0.15999744
 0.15999903 0.15999946 0.15999999 0.15999985]"
26,26,"[0.15999821 0.15999924 0.1599999  0.15999986 0.15999941 0.15999744
 0.15999901 0.15999945 0.15999999 0.15999985]"
27,27,"[0.15999823 0.15999926 0.15999991 0.15999986 0.1599994  0.15999744
 0.15999899 0.15999944 0.15999999 0.15999986]"
28,28,"[0.15999825 0.15999928 0.15999991 0.15999986 0.15999939 0.15999744
 0.15999896 0.15999942 0.15999999 0.15999986]"
29,29,"[0.15999827 0.1599993  0.15999991 0.15999986 0.15999938 0.15999742
 0.15999894 0.15999939 0.15999999 0.15999987]"
30,30,"[0.15999829 0.15999931 0.15999992 0.15999986 0.15999938 0.15999738
 0.15999891 0.15999932 0.15999999 0.15999987]"
31,31,"[0.15999831 0.15999933 0.15999992 0.15999987 0.15999937 0.15999734
 0.15999889 0.15999918 0.15999998 0.15999988]"
32,32,"[0.15999833 0.15999935 0.15999992 0.15999987 0.15999936 0.15999737
 0.15999886 0.15999896 0.15999998 0.15999988]"
33,33,"[0.15999835 0.15999936 0.15999992 0.15999987 0.15999798 0.15999773
 0.15999883 0.15999873 0.15999998 0.15999989]"
34,34,"[0.15999837 0.15999938 0.15999993 0.15999987 0.15999803 0.15999756
 0.1599988  0.15999862 0.15999998 0.15999989]"
35,35,"[0.15999839 0.15999939 0.15999993 0.15999987 0.15999808 0.15999751
 0.15999877 0.15999858 0.15999998 0.1599999 ]"
36,36,"[0.15999841 0.15999941 0.15999993 0.15999987 0.15999813 0.15999751
 0.15999874 0.15999858 0.15999998 0.1599999 ]"
37,37,"[0.15999843 0.15999942 0.15999993 0.15999988 0.15999818 0.15999751
 0.15999871 0.1599986  0.15999998 0.15999991]"
38,38,"[0.15999845 0.15999944 0.15999993 0.15999988 0.15999823 0.15999752
 0.15999868 0.15999862 0.15999998 0.15999991]"
39,39,"[0.15999846 0.15999945 0.15999994 0.15999988 0.15999828 0.15999753
 0.15999865 0.15999864 0.15999998 0.15999991]"
40,40,"[0.15999848 0.15999946 0.15999994 0.15999988 0.15999833 0.15999754
 0.15999862 0.15999866 0.15999998 0.15999992]"
41,41,"[0.1599985  0.15999948 0.15999994 0.15999989 0.15999838 0.15999755
 0.15999858 0.15999869 0.15999998 0.15999992]"
42,42,"[0.15999852 0.15999949 0.15999994 0.15999989 0.15999843 0.15999757
 0.15999855 0.15999872 0.15999998 0.15999993]"
43,43,"[0.15999854 0.1599995  0.15999994 0.15999989 0.15999848 0.15999758
 0.15999852 0.15999874 0.15999998 0.15999993]"
44,44,"[0.15999856 0.15999951 0.15999994 0.15999989 0.15999853 0.15999759
 0.15999848 0.15999877 0.15999998 0.15999993]"
45,45,"[0.15999858 0.15999952 0.15999994 0.1599999  0.15999858 0.1599976
 0.15999845 0.1599988  0.15999998 0.15999994]"
46,46,"[0.1599986  0.15999953 0.15999994 0.1599999  0.15999863 0.15999761
 0.15999841 0.15999883 0.15999998 0.15999994]"
47,47,"[0.15999862 0.15999955 0.15999994 0.1599999  0.15999868 0.15999762
 0.15999838 0.15999886 0.15999998 0.15999995]"
48,48,"[0.15999863 0.15999956 0.15999994 0.15999991 0.15999873 0.15999763
 0.15999834 0.15999888 0.15999997 0.15999995]"
49,49,"[0.15999865 0.15999957 0.15999994 0.15999991 0.15999878 0.15999764
 0.15999831 0.15999891 0.15999997 0.15999995]"
50,50,"[0.15999867 0.15999958 0.15999994 0.15999991 0.15999883 0.15999765
 0.15999827 0.15999894 0.15999997 0.15999996]"
51,51,"[0.15999869 0.15999959 0.15999994 0.15999991 0.15999888 0.15999766
 0.15999824 0.15999897 0.15999997 0.15999996]"
52,52,"[0.1599987  0.15999959 0.15999994 0.15999992 0.15999893 0.15999767
 0.1599982  0.15999899 0.15999997 0.15999996]"
53,53,"[0.15999872 0.1599996  0.15999994 0.15999992 0.15999898 0.15999768
 0.15999817 0.15999902 0.15999997 0.15999996]"
54,54,"[0.15999874 0.15999961 0.15999995 0.15999992 0.15999902 0.15999769
 0.15999813 0.15999905 0.15999997 0.15999997]"
55,55,"[0.15999876 0.15999962 0.15999995 0.15999992 0.15999907 0.1599977
 0.1599981  0.15999908 0.15999997 0.15999997]"
56,56,"[0.15999877 0.15999963 0.15999995 0.15999993 0.15999911 0.15999771
 0.15999807 0.1599991  0.15999997 0.15999997]"
57,57,"[0.15999879 0.15999964 0.15999995 0.15999993 0.15999916 0.15999772
 0.15999803 0.15999913 0.15999997 0.15999997]"
58,58,"[0.1599988  0.15999964 0.15999995 0.15999993 0.1599992  0.15999773
 0.159998   0.15999915 0.15999997 0.15999998]"
59,59,"[0.15999882 0.15999965 0.15999995 0.15999993 0.15999924 0.15999774
 0.15999796 0.15999918 0.15999997 0.15999998]"
60,60,"[0.15999884 0.15999966 0.15999995 0.15999994 0.15999928 0.15999775
 0.15999793 0.15999921 0.15999997 0.15999998]"
61,61,"[0.15999885 0.15999967 0.15999995 0.15999994 0.15999932 0.15999776
 0.1599979  0.15999923 0.15999996 0.15999998]"
62,62,"[0.15999887 0.15999967 0.15999995 0.15999994 0.15999936 0.15999777
 0.15999787 0.15999926 0.15999996 0.15999999]"
63,63,"[0.15999888 0.15999968 0.15999995 0.15999994 0.1599994  0.15999778
 0.15999783 0.15999928 0.15999996 0.15999999]"
64,64,"[0.15999889 0.15999969 0.15999995 0.15999995 0.15999943 0.15999779
 0.1599978  0.1599993  0.15999996 0.15999999]"
65,65,"[0.15999891 0.15999969 0.15999995 0.15999995 0.15999947 0.1599978
 0.15999761 0.15999933 0.15999996 0.16000014]"
66,66,"[0.15999892 0.1599997  0.15999995 0.15999995 0.1599995  0.15999782
 0.15999736 0.15999935 0.15999996 0.15999984]"
67,67,"[0.15999894 0.1599997  0.15999995 0.15999995 0.15999953 0.15999783
 0.15999735 0.15999937 0.15999996 0.15999984]"
68,68,"[0.15999895 0.15999971 0.15999995 0.15999995 0.15999956 0.15999784
 0.15999734 0.1599994  0.15999996 0.15999984]"
69,69,"[0.15999896 0.15999971 0.15999995 0.15999995 0.15999959 0.15999785
 0.15999734 0.15999942 0.15999996 0.15999985]"
70,70,"[0.15999897 0.15999972 0.15999995 0.15999995 0.15999962 0.15999786
 0.15999734 0.15999944 0.15999996 0.15999985]"
71,71,"[0.15999899 0.15999972 0.15999996 0.15999996 0.15999964 0.15999788
 0.15999733 0.15999946 0.15999995 0.15999985]"
72,72,"[0.159999   0.15999973 0.15999996 0.15999996 0.15999967 0.15999789
 0.15999733 0.15999948 0.15999995 0.15999985]"
73,73,"[0.15999901 0.15999973 0.15999996 0.15999996 0.15999969 0.1599979
 0.15999733 0.1599995  0.15999995 0.15999985]"
74,74,"[0.15999902 0.15999974 0.15999996 0.15999996 0.15999971 0.15999792
 0.15999734 0.15999952 0.15999995 0.15999985]"
75,75,"[0.15999903 0.15999974 0.15999996 0.15999996 0.15999973 0.15999793
 0.15999734 0.15999954 0.15999995 0.15999985]"
76,76,"[0.15999904 0.15999975 0.15999996 0.15999996 0.15999975 0.15999794
 0.15999735 0.15999956 0.15999995 0.15999985]"
77,77,"[0.15999905 0.15999975 0.15999996 0.15999996 0.15999977 0.15999796
 0.15999735 0.15999958 0.15999995 0.15999985]"
78,78,"[0.15999906 0.15999975 0.15999996 0.15999996 0.15999979 0.15999797
 0.15999736 0.15999959 0.15999995 0.15999986]"
79,79,"[0.15999907 0.15999976 0.15999997 0.15999996 0.1599998  0.15999798
 0.15999737 0.15999961 0.15999995 0.15999986]"
80,80,"[0.15999908 0.15999976 0.16000003 0.15999996 0.15999982 0.159998
 0.15999738 0.15999963 0.15999994 0.1599998 ]"
81,81,"[0.15999909 0.15999976 0.16       0.15999996 0.15999983 0.15999801
 0.15999739 0.15999964 0.15999994 0.15999957]"
82,82,"[0.15999909 0.15999977 0.16       0.15999997 0.15999985 0.15999803
 0.1599974  0.15999966 0.15999994 0.15999958]"
83,83,"[0.1599991  0.15999977 0.16       0.15999997 0.15999986 0.15999804
 0.15999742 0.15999968 0.15999994 0.15999959]"
84,84,"[0.15999911 0.15999977 0.16       0.15999997 0.15999987 0.15999805
 0.15999743 0.15999969 0.15999994 0.1599996 ]"
85,85,"[0.15999911 0.15999978 0.16       0.15999997 0.15999988 0.15999807
 0.15999745 0.15999971 0.15999994 0.1599996 ]"
86,86,"[0.15999912 0.15999978 0.16       0.15999997 0.15999989 0.15999808
 0.15999747 0.15999972 0.15999994 0.15999961]"
87,87,"[0.15999913 0.15999978 0.16       0.15999997 0.1599999  0.1599981
 0.15999748 0.15999973 0.15999993 0.15999962]"
88,88,"[0.15999913 0.15999978 0.16       0.15999997 0.15999991 0.15999811
 0.1599975  0.15999975 0.15999993 0.15999963]"
89,89,"[0.15999914 0.15999978 0.16       0.15999997 0.15999992 0.15999812
 0.15999752 0.15999976 0.15999993 0.15999964]"
90,90,"[0.15999914 0.15999979 0.16       0.15999997 0.15999993 0.15999813
 0.15999755 0.15999977 0.15999993 0.15999964]"
91,91,"[0.15999914 0.15999979 0.16       0.15999997 0.15999994 0.15999815
 0.15999757 0.15999979 0.15999993 0.15999965]"
92,92,"[0.15999915 0.15999979 0.16       0.15999997 0.15999994 0.15999816
 0.15999759 0.1599998  0.15999992 0.15999966]"
93,93,"[0.15999915 0.15999979 0.16       0.15999997 0.15999995 0.15999817
 0.15999761 0.15999981 0.15999992 0.15999966]"
94,94,"[0.15999915 0.15999979 0.16       0.15999997 0.15999996 0.15999818
 0.15999764 0.15999982 0.15999992 0.15999967]"
95,95,"[0.15999915 0.15999979 0.16       0.15999997 0.15999996 0.15999819
 0.15999766 0.15999983 0.15999992 0.15999968]"
96,96,"[0.15999915 0.15999979 0.16       0.15999997 0.15999997 0.1599982
 0.15999769 0.15999984 0.15999992 0.15999968]"
97,97,"[0.15999915 0.15999979 0.16       0.15999997 0.15999997 0.15999821
 0.15999772 0.15999985 0.15999991 0.15999969]"
98,98,"[0.15999915 0.15999979 0.16       0.15999997 0.15999997 0.15999822
 0.15999774 0.15999986 0.15999991 0.1599997 ]"
99,99,"[0.15999915 0.15999979 0.16       0.15999997 0.15999998 0.15999823
 0.15999777 0.15999987 0.15999991 0.1599997 ]"
100,100,"[0.15999914 0.15999979 0.15999999 0.15999996 0.15999998 0.15999824
 0.1599978  0.15999988 0.15999991 0.15999971]"
101,101,"[0.15999914 0.15999979 0.15999999 0.15999996 0.15999999 0.15999825
 0.15999783 0.15999989 0.1599999  0.15999971]"
102,102,"[0.15999913 0.15999979 0.15999999 0.15999996 0.15999999 0.15999826
 0.15999786 0.1599999  0.1599999  0.15999972]"
103,103,"[0.15999913 0.15999979 0.15999999 0.15999996 0.15999999 0.15999826
 0.15999789 0.15999991 0.1599999  0.15999972]"
104,104,"[0.15999912 0.15999979 0.15999999 0.15999996 0.15999999 0.15999827
 0.15999792 0.15999992 0.1599999  0.15999973]"
105,105,"[0.15999911 0.15999979 0.15999999 0.15999996 0.15999999 0.15999827
 0.15999795 0.15999992 0.15999989 0.15999973]"
106,106,"[0.1599991  0.15999979 0.15999999 0.15999996 0.16       0.15999827
 0.15999798 0.15999993 0.15999989 0.15999974]"
107,107,"[0.15999908 0.15999978 0.15999999 0.15999996 0.16       0.15999828
 0.15999801 0.15999994 0.15999989 0.15999974]"
108,108,"[0.15999907 0.15999978 0.15999999 0.15999996 0.16003113 0.15999828
 0.15999804 0.16001522 0.15999988 0.15999975]"
109,109,"[0.15999905 0.15999978 0.15999999 0.15999996 0.15999769 0.15999828
 0.15999807 0.1599981  0.15999988 0.15999975]"
110,110,"[0.15999903 0.15999977 0.15999999 0.15999996 0.15999768 0.15999828
 0.1599981  0.15999808 0.15999987 0.15999976]"
111,111,"[0.15999901 0.15999977 0.15999999 0.15999996 0.15999766 0.15999828
 0.15999814 0.15999805 0.15999987 0.15999976]"
112,112,"[0.15999898 0.15999976 0.15999999 0.15999996 0.15999764 0.15999827
 0.15999817 0.15999801 0.15999987 0.15999976]"
113,113,"[0.15999896 0.15999975 0.15999999 0.15999996 0.15999763 0.15999827
 0.1599982  0.15999795 0.15999986 0.15999977]"
114,114,"[0.15999892 0.15999974 0.15999998 0.15999996 0.15999761 0.15999826
 0.15999823 0.15999788 0.15999986 0.15999977]"
115,115,"[0.15999889 0.15999973 0.15999998 0.15999995 0.1599976  0.15999825
 0.15999826 0.1599978  0.15999985 0.15999977]"
116,116,"[0.15999885 0.15999972 0.15999998 0.15999995 0.15999758 0.15999824
 0.15999829 0.15999771 0.15999984 0.15999978]"
117,117,"[0.15999881 0.15999971 0.15999998 0.15999995 0.15999756 0.15999823
 0.15999832 0.15999762 0.15999984 0.15999978]"
118,118,"[0.15999877 0.15999969 0.15999998 0.15999995 0.15999755 0.15999822
 0.15999836 0.15999753 0.15999983 0.15999978]"
119,119,"[0.15999872 0.15999967 0.15999997 0.15999995 0.15999753 0.15999821
 0.15999839 0.15999746 0.15999983 0.15999979]"
120,120,"[0.15999867 0.15999965 0.15999997 0.15999995 0.15999752 0.15999819
 0.15999842 0.1599974  0.15999982 0.15999979]"
121,121,"[0.15999862 0.16000783 0.15999997 0.15999995 0.15999752 0.15999818
 0.15999845 0.15999736 0.15999981 0.15999979]"
122,122,"[0.15999857 0.15999998 0.15999997 0.15999995 0.15999754 0.15999816
 0.15999848 0.15999734 0.1599998  0.15999979]"
123,123,"[0.15999852 0.15999998 0.15999996 0.15999995 0.15999756 0.15999814
 0.15999851 0.15999734 0.15999979 0.1599998 ]"
124,124,"[0.15999847 0.15999998 0.15999996 0.15999994 0.15999758 0.15999812
 0.15999854 0.15999733 0.15999978 0.1599998 ]"
125,125,"[0.15999843 0.15999999 0.15999996 0.15999994 0.1599976  0.1599981
 0.15999857 0.15999733 0.15999977 0.1599998 ]"
126,126,"[0.15999838 0.15999999 0.15999995 0.15999994 0.15999762 0.15999808
 0.1599986  0.15999734 0.15999976 0.1599998 ]"
127,127,"[0.15999877 0.15999999 0.15999995 0.15999994 0.15999784 0.15999806
 0.15999863 0.15999734 0.15999975 0.15999981]"
128,128,"[0.15999906 0.15999999 0.15999995 0.15999994 0.15999809 0.15999803
 0.15999865 0.15999734 0.15999973 0.15999981]"
129,129,"[0.15999903 0.15999999 0.15999994 0.15999994 0.15999813 0.15999801
 0.15999868 0.15999733 0.15999972 0.15999981]"
130,130,"[0.159999   0.15999999 0.15999994 0.15999994 0.15999816 0.15999799
 0.15999871 0.15999733 0.1599997  0.15999981]"
131,131,"[0.15999898 0.15999998 0.15999993 0.15999993 0.15999819 0.15999797
 0.15999874 0.15999733 0.15999968 0.15999981]"
132,132,"[0.15999896 0.15999998 0.15999993 0.15999993 0.15999822 0.15999794
 0.15999877 0.15999733 0.15999966 0.15999982]"
133,133,"[0.15999894 0.15999998 0.15999992 0.15999993 0.15999825 0.15999792
 0.15999879 0.15999733 0.15999964 0.15999982]"
134,134,"[0.15999892 0.15999998 0.15999992 0.15999993 0.15999828 0.1599979
 0.15999882 0.15999734 0.15999962 0.15999982]"
135,135,"[0.1599989  0.15999998 0.15999991 0.15999993 0.15999832 0.15999788
 0.15999884 0.15999734 0.15999959 0.15999982]"
136,136,"[0.15999889 0.15999998 0.15999991 0.15999992 0.15999835 0.15999787
 0.15999887 0.15999734 0.15999956 0.15999982]"
137,137,"[0.15999888 0.15999997 0.1599999  0.15999992 0.15999838 0.15999785
 0.15999889 0.15999735 0.15999953 0.15999982]"
138,138,"[0.15999887 0.15999997 0.15999989 0.15999992 0.15999841 0.15999784
 0.15999892 0.15999735 0.1599995  0.15999982]"
139,139,"[0.15999886 0.15999997 0.15999989 0.15999992 0.15999858 0.15999782
 0.15999894 0.15999735 0.15999931 0.15999982]"
140,140,"[0.15999885 0.15999997 0.15999988 0.15999992 0.15999876 0.15999781
 0.15999897 0.15999736 0.15999892 0.15999983]"
141,141,"[0.15999885 0.15999997 0.15999988 0.15999991 0.15999879 0.1599978
 0.15999899 0.15999736 0.1599989  0.15999983]"
142,142,"[0.15999884 0.15999996 0.15999987 0.15999991 0.15999882 0.15999779
 0.15999901 0.15999736 0.15999887 0.15999983]"
143,143,"[0.15999883 0.15999996 0.15999987 0.15999991 0.15999885 0.15999778
 0.15999903 0.15999736 0.15999884 0.15999983]"
144,144,"[0.15999883 0.15999996 0.15999986 0.1599999  0.15999887 0.15999777
 0.15999906 0.15999736 0.1599988  0.15999983]"
145,145,"[0.15999882 0.15999996 0.15999985 0.1599999  0.1599989  0.15999776
 0.15999908 0.15999736 0.15999877 0.15999983]"
146,146,"[0.15999882 0.15999996 0.15999985 0.1599999  0.15999893 0.15999775
 0.1599991  0.15999736 0.15999872 0.15999983]"
147,147,"[0.15999882 0.15999995 0.15999984 0.15999989 0.15999895 0.15999774
 0.15999912 0.15999735 0.15999867 0.15999983]"
148,148,"[0.15999881 0.15999995 0.15999984 0.15999989 0.15999898 0.15999773
 0.15999914 0.15999734 0.15999861 0.15999983]"
149,149,"[0.15999881 0.15999995 0.15999983 0.15999988 0.15999901 0.15999772
 0.15999916 0.15999734 0.15999855 0.15999983]"
150,150,"[0.1599988  0.15999994 0.15999982 0.15999988 0.15999903 0.15999771
 0.15999918 0.15999733 0.15999849 0.15999983]"
151,151,"[0.1599988  0.15999993 0.15999982 0.15999987 0.15999906 0.1599977
 0.15999919 0.15999733 0.15999842 0.15999983]"
152,152,"[0.15999879 0.15999993 0.15999981 0.15999986 0.15999908 0.15999769
 0.15999921 0.15999734 0.15999835 0.15999983]"
153,153,"[0.15999878 0.15999992 0.1599998  0.15999986 0.1599991  0.15999768
 0.15999923 0.15999734 0.15999829 0.15999983]"
154,154,"[0.15999878 0.1599999  0.15999979 0.15999985 0.15999913 0.15999767
 0.15999925 0.15999734 0.15999822 0.15999983]"
155,155,"[0.15999877 0.15999989 0.15999978 0.15999984 0.15999915 0.15999765
 0.15999926 0.15999735 0.15999817 0.15999983]"
156,156,"[0.15999876 0.15999987 0.15999977 0.15999983 0.15999917 0.15999764
 0.15999928 0.15999735 0.15999811 0.15999984]"
157,157,"[0.15999875 0.15999985 0.15999976 0.15999982 0.15999919 0.15999762
 0.1599993  0.15999735 0.15999806 0.15999984]"
158,158,"[0.15999874 0.15999983 0.15999975 0.15999981 0.15999921 0.1599976
 0.15999931 0.15999735 0.15999802 0.15999984]"
159,159,"[0.15999872 0.1599998  0.15999973 0.15999979 0.15999923 0.15999758
 0.15999933 0.15999735 0.15999798 0.15999984]"
160,160,"[0.15999871 0.15999977 0.15999972 0.15999977 0.15999926 0.15999755
 0.15999934 0.15999734 0.15999794 0.15999984]"
161,161,"[0.15999869 0.15999973 0.1599997  0.15999975 0.15999928 0.15999753
 0.15999935 0.15999734 0.1599979  0.15999984]"
162,162,"[0.15999868 0.15999969 0.15999968 0.15999973 0.15999929 0.1599975
 0.15999937 0.15999734 0.15999787 0.15999984]"
163,163,"[0.15999866 0.15999966 0.15999966 0.1599997  0.15999931 0.15999746
 0.15999938 0.15999734 0.15999784 0.15999984]"
164,164,"[0.15999864 0.15999962 0.15999963 0.15999967 0.15999933 0.15999743
 0.15999939 0.15999734 0.15999781 0.15999984]"
165,165,"[0.15999861 0.1599996  0.15999961 0.15999964 0.15999935 0.15999739
 0.1599994  0.15999734 0.15999778 0.15999984]"
166,166,"[0.15999859 0.15999957 0.15999958 0.1599996  0.15999937 0.15999736
 0.15999941 0.15999734 0.15999775 0.15999984]"
167,167,"[0.15999856 0.15999954 0.15999954 0.15999956 0.15999938 0.15999734
 0.15999942 0.15999734 0.15999772 0.15999984]"
168,168,"[0.15999853 0.15999946 0.15999951 0.15999951 0.1599994  0.15999734
 0.15999943 0.15999734 0.15999769 0.15999984]"
169,169,"[0.1599985  0.15999895 0.15999947 0.15999948 0.15999942 0.15999738
 0.15999944 0.15999734 0.15999767 0.15999984]"
170,170,"[0.15999846 0.15999936 0.15999944 0.15999944 0.15999943 0.1599975
 0.15999945 0.15999735 0.15999764 0.15999984]"
171,171,"[0.15999843 0.15999992 0.1599994  0.15999942 0.15999945 0.15999771
 0.15999946 0.15999736 0.15999762 0.15999984]"
172,172,"[0.15999839 0.15999997 0.15999935 0.15999941 0.15999946 0.15999801
 0.15999947 0.15999737 0.15999759 0.15999984]"
173,173,"[0.15999835 0.15999997 0.15999931 0.15999942 0.15999948 0.15999838
 0.15999947 0.15999738 0.15999757 0.15999984]"
174,174,"[0.15999831 0.15999998 0.15999927 0.15999945 0.15999949 0.15999875
 0.15999948 0.15999741 0.15999754 0.15999984]"
175,175,"[0.15999827 0.15999999 0.15999923 0.1599995  0.15999951 0.15999906
 0.15999948 0.15999744 0.15999752 0.15999984]"
176,176,"[0.15999822 0.16       0.15999918 0.15999957 0.15999952 0.15999928
 0.15999949 0.15999747 0.1599975  0.15999984]"
177,177,"[0.15999817 0.16       0.15999914 0.15999965 0.15999953 0.15999943
 0.15999949 0.1599975  0.15999748 0.15999984]"
178,178,"[0.15999812 0.15999999 0.15999909 0.15999971 0.15999955 0.15999954
 0.15999949 0.15999753 0.15999746 0.15999984]"
179,179,"[0.15999803 0.15999997 0.15999901 0.15999975 0.15999956 0.15999961
 0.15999949 0.15999756 0.15999744 0.15999984]"
180,180,"[0.1599979  0.15999994 0.15999883 0.15999976 0.15999957 0.15999966
 0.15999949 0.15999759 0.15999742 0.15999984]"
181,181,"[0.15999772 0.15999991 0.15999846 0.15999972 0.15999958 0.1599997
 0.15999949 0.15999762 0.15999741 0.15999984]"
182,182,"[0.15999757 0.15999987 0.15999809 0.15999957 0.1599996  0.15999973
 0.15999949 0.15999766 0.15999739 0.15999984]"
183,183,"[0.1599975  0.15999983 0.15999791 0.15999845 0.15999961 0.15999977
 0.15999948 0.15999769 0.15999738 0.15999984]"
184,184,"[0.15999746 0.1599998  0.15999782 0.16000009 0.15999962 0.15999979
 0.15999947 0.15999773 0.15999737 0.15999984]"
185,185,"[0.15999744 0.15999977 0.15999776 0.15999995 0.15999963 0.15999982
 0.15999946 0.15999778 0.15999736 0.15999984]"
186,186,"[0.15999743 0.15999974 0.15999771 0.1599999  0.15999964 0.15999984
 0.15999945 0.15999783 0.15999735 0.15999984]"
187,187,"[0.15999742 0.15999971 0.15999767 0.15999986 0.15999965 0.15999986
 0.15999943 0.15999789 0.15999734 0.15999984]"
188,188,"[0.15999741 0.15999968 0.15999762 0.15999983 0.15999966 0.15999988
 0.15999941 0.15999796 0.15999734 0.15999984]"
189,189,"[0.1599974  0.15999966 0.15999757 0.1599998  0.15999967 0.15999989
 0.15999938 0.15999805 0.15999733 0.15999984]"
190,190,"[0.1599974  0.15999964 0.15999752 0.15999978 0.15999967 0.15999991
 0.15999935 0.15999814 0.15999733 0.15999984]"
191,191,"[0.1599974  0.15999962 0.15999747 0.15999977 0.15999968 0.15999992
 0.15999931 0.15999823 0.15999734 0.15999984]"
192,192,"[0.1599974  0.1599996  0.15999743 0.15999976 0.15999969 0.15999993
 0.15999927 0.15999833 0.15999734 0.15999984]"
193,193,"[0.1599974  0.15999959 0.15999739 0.15999975 0.1599997  0.15999994
 0.15999922 0.15999841 0.15999735 0.15999983]"
194,194,"[0.1599974  0.15999958 0.15999736 0.15999974 0.15999971 0.15999995
 0.15999918 0.15999848 0.15999736 0.15999983]"
195,195,"[0.1599974  0.15999957 0.15999735 0.15999974 0.15999971 0.15999996
 0.15999914 0.15999853 0.15999737 0.15999983]"
196,196,"[0.1599974  0.15999956 0.15999734 0.15999973 0.15999972 0.15999997
 0.1599991  0.15999857 0.15999738 0.15999983]"
197,197,"[0.1599974  0.15999956 0.15999733 0.15999973 0.15999973 0.15999997
 0.15999908 0.15999858 0.15999739 0.15999983]"
198,198,"[0.1599974  0.15999955 0.15999733 0.15999972 0.15999973 0.15999998
 0.15999906 0.15999859 0.1599974  0.15999983]"
199,199,"[0.1599974  0.15999955 0.15999733 0.15999972 0.15999974 0.15999998
 0.15999905 0.15999859 0.15999741 0.15999983]"
200,200,"[0.1599974  0.15999955 0.15999733 0.15999971 0.15999975 0.15999999
 0.15999905 0.15999858 0.15999742 0.15999983]"
201,201,"[0.1599974  0.15999955 0.15999734 0.1599997  0.15999975 0.15999999
 0.15999906 0.15999858 0.15999743 0.15999983]"
202,202,"[0.1599974  0.15999955 0.15999734 0.1599997  0.15999976 0.15999999
 0.15999908 0.15999857 0.15999743 0.15999983]"
203,203,"[0.1599974  0.15999955 0.15999734 0.15999969 0.15999984 0.15999999
 0.1599991  0.15999856 0.15999743 0.15999982]"
204,204,"[0.1599974  0.15999955 0.15999734 0.15999969 0.15999989 0.16
 0.15999914 0.15999854 0.15999744 0.15999982]"
205,205,"[0.1599974  0.15999956 0.15999734 0.1599997  0.15999989 0.16
 0.15999918 0.15999853 0.15999744 0.15999982]"
206,206,"[0.15999739 0.15999956 0.15999734 0.15999973 0.15999989 0.16
 0.15999921 0.15999853 0.15999744 0.15999982]"
207,207,"[0.15999739 0.15999956 0.15999735 0.15999977 0.15999989 0.16
 0.15999922 0.15999852 0.15999744 0.15999982]"
208,208,"[0.15999739 0.15999956 0.15999735 0.15999983 0.1599999  0.16
 0.15999918 0.15999851 0.15999744 0.15999982]"
209,209,"[0.15999738 0.15999957 0.15999735 0.15999988 0.1599999  0.16
 0.15999906 0.15999851 0.15999744 0.15999982]"
210,210,"[0.15999738 0.15999957 0.15999735 0.15999992 0.1599999  0.16
 0.15999888 0.15999852 0.15999744 0.15999982]"
211,211,"[0.15999737 0.15999959 0.15999736 0.15999994 0.1599999  0.16
 0.15999866 0.15999853 0.15999744 0.15999982]"
212,212,"[0.15999736 0.15999961 0.15999736 0.15999996 0.1599999  0.16
 0.15999842 0.15999857 0.15999744 0.15999982]"
213,213,"[0.15999735 0.15999965 0.15999737 0.15999997 0.1599999  0.16
 0.15999817 0.15999864 0.15999744 0.15999982]"
214,214,"[0.15999734 0.15999969 0.15999738 0.15999998 0.15999991 0.16
 0.15999791 0.15999876 0.15999743 0.15999982]"
215,215,"[0.15999734 0.15999975 0.1599974  0.15999998 0.15999991 0.15999999
 0.15999766 0.15999892 0.15999743 0.15999982]"
216,216,"[0.15999733 0.1599998  0.15999741 0.15999998 0.15999991 0.15999999
 0.15999743 0.15999908 0.15999743 0.15999982]"
217,217,"[0.15999734 0.15999984 0.15999744 0.15999999 0.15999991 0.15999999
 0.15999734 0.15999922 0.15999742 0.15999982]"
218,218,"[0.15999736 0.15999986 0.15999746 0.15999999 0.15999991 0.15999999
 0.15999753 0.15999931 0.15999742 0.15999982]"
219,219,"[0.15999739 0.15999988 0.1599975  0.15999999 0.15999991 0.15999998
 0.15999801 0.15999938 0.15999742 0.15999982]"
220,220,"[0.15999744 0.15999989 0.15999754 0.15999999 0.15999991 0.15999998
 0.15999857 0.15999943 0.15999741 0.15999982]"
221,221,"[0.15999751 0.15999989 0.15999758 0.15999999 0.15999991 0.15999998
 0.15999902 0.15999947 0.15999741 0.15999982]"
222,222,"[0.1599976  0.1599999  0.15999762 0.15999999 0.15999992 0.15999997
 0.15999931 0.15999951 0.15999741 0.15999982]"
223,223,"[0.15999771 0.1599999  0.15999767 0.15999999 0.15999992 0.15999997
 0.15999949 0.15999953 0.1599974  0.15999982]"
224,224,"[0.15999781 0.1599999  0.15999772 0.15999999 0.15999992 0.15999996
 0.1599996  0.15999956 0.1599974  0.15999982]"
225,225,"[0.15999792 0.1599999  0.15999776 0.15999999 0.15999992 0.15999996
 0.15999967 0.15999958 0.15999739 0.15999982]"
226,226,"[0.15999803 0.1599999  0.1599978  0.15999999 0.15999992 0.15999995
 0.15999971 0.15999959 0.15999739 0.15999982]"
227,227,"[0.15999812 0.1599999  0.15999784 0.15999999 0.15999992 0.15999994
 0.15999974 0.15999961 0.15999739 0.15999982]"
228,228,"[0.15999821 0.15999989 0.15999787 0.15999999 0.15999992 0.15999994
 0.15999975 0.15999962 0.15999738 0.15999982]"
229,229,"[0.15999828 0.15999989 0.1599979  0.15999999 0.15999992 0.15999993
 0.15999977 0.15999963 0.15999738 0.15999982]"
230,230,"[0.15999835 0.15999989 0.15999793 0.15999999 0.15999992 0.15999992
 0.15999978 0.15999964 0.15999737 0.15999982]"
231,231,"[0.15999841 0.15999989 0.15999795 0.15999999 0.15999992 0.15999991
 0.15999978 0.15999964 0.15999737 0.15999982]"
232,232,"[0.15999846 0.15999988 0.15999798 0.15999999 0.15999992 0.1599999
 0.15999979 0.15999965 0.15999737 0.15999982]"
233,233,"[0.1599985  0.15999988 0.159998   0.15999999 0.15999992 0.15999988
 0.15999979 0.15999965 0.15999736 0.15999982]"
234,234,"[0.15999853 0.15999988 0.15999801 0.15999999 0.15999993 0.15999987
 0.15999979 0.15999966 0.15999736 0.15999982]"
235,235,"[0.15999856 0.15999988 0.15999803 0.15999999 0.15999993 0.15999985
 0.1599998  0.15999966 0.15999736 0.15999983]"
236,236,"[0.15999859 0.15999987 0.15999804 0.15999999 0.15999993 0.15999982
 0.1599998  0.15999966 0.15999735 0.15999984]"
237,237,"[0.15999861 0.15999987 0.15999805 0.15999999 0.15999993 0.15999979
 0.1599998  0.15999966 0.15999735 0.15999986]"
238,238,"[0.15999863 0.15999987 0.15999806 0.15999999 0.15999993 0.15999977
 0.1599998  0.15999966 0.15999735 0.15999988]"
239,239,"[0.15999864 0.15999986 0.15999807 0.15999999 0.15999993 0.15999977
 0.1599998  0.15999966 0.15999734 0.15999988]"
240,240,"[0.15999865 0.15999986 0.15999808 0.15999998 0.15999993 0.15999981
 0.1599998  0.15999966 0.15999734 0.15999985]"
241,241,"[0.15999866 0.15999986 0.15999808 0.15999998 0.15999993 0.15999984
 0.1599998  0.15999966 0.15999734 0.15999979]"
242,242,"[0.15999867 0.15999985 0.15999808 0.15999998 0.15999993 0.15999986
 0.1599998  0.15999965 0.15999734 0.15999974]"
243,243,"[0.15999867 0.15999985 0.15999808 0.15999998 0.15999993 0.15999987
 0.1599998  0.15999965 0.15999734 0.1599997 ]"
244,244,"[0.15999868 0.15999985 0.15999808 0.15999998 0.15999993 0.15999987
 0.1599998  0.15999965 0.15999734 0.15999967]"
245,245,"[0.15999868 0.15999984 0.15999808 0.15999997 0.15999993 0.15999988
 0.1599998  0.15999965 0.15999733 0.15999964]"
246,246,"[0.15999868 0.15999984 0.15999807 0.15999997 0.15999993 0.15999987
 0.1599998  0.15999964 0.15999733 0.15999962]"
247,247,"[0.15999867 0.15999983 0.15999807 0.15999997 0.15999993 0.15999987
 0.1599998  0.15999964 0.15999733 0.1599996 ]"
248,248,"[0.15999867 0.15999983 0.15999806 0.15999997 0.15999993 0.15999987
 0.1599998  0.15999964 0.15999733 0.15999959]"
249,249,"[0.15999867 0.15999982 0.15999805 0.15999996 0.15999993 0.15999987
 0.15999979 0.15999963 0.15999733 0.15999957]"
250,250,"[0.15999866 0.15999982 0.15999803 0.15999996 0.15999993 0.15999986
 0.15999979 0.15999963 0.15999734 0.15999956]"
251,251,"[0.15999866 0.15999982 0.15999802 0.15999996 0.15999993 0.15999986
 0.15999979 0.15999963 0.15999734 0.15999955]"
252,252,"[0.15999865 0.15999981 0.159998   0.15999995 0.15999993 0.15999985
 0.15999979 0.15999962 0.15999734 0.15999954]"
253,253,"[0.15999864 0.15999981 0.15999798 0.15999995 0.15999993 0.15999985
 0.15999978 0.15999962 0.15999734 0.15999952]"
254,254,"[0.15999863 0.1599998  0.15999796 0.15999994 0.15999993 0.15999984
 0.15999978 0.15999961 0.15999734 0.15999951]"
255,255,"[0.15999863 0.1599998  0.15999794 0.15999994 0.15999993 0.15999983
 0.15999978 0.15999961 0.15999735 0.15999951]"
256,256,"[0.15999862 0.15999979 0.15999792 0.15999993 0.15999993 0.15999983
 0.15999977 0.15999961 0.15999735 0.1599995 ]"
257,257,"[0.15999861 0.15999978 0.1599979  0.15999992 0.15999993 0.15999982
 0.15999977 0.1599996  0.15999736 0.15999949]"
258,258,"[0.1599986  0.15999978 0.15999788 0.15999992 0.15999993 0.15999981
 0.15999976 0.1599996  0.15999736 0.15999948]"
259,259,"[0.15999859 0.15999977 0.15999786 0.15999991 0.15999993 0.1599998
 0.15999976 0.1599996  0.15999736 0.15999948]"
260,260,"[0.15999858 0.15999977 0.15999783 0.1599999  0.15999993 0.1599998
 0.15999975 0.1599996  0.15999737 0.15999947]"
261,261,"[0.15999857 0.15999976 0.15999781 0.15999989 0.15999993 0.15999979
 0.15999974 0.1599996  0.15999737 0.15999946]"
262,262,"[0.15999856 0.15999975 0.15999779 0.15999989 0.15999993 0.15999978
 0.15999974 0.1599996  0.15999738 0.15999946]"
263,263,"[0.15999854 0.15999975 0.15999777 0.15999988 0.15999993 0.15999977
 0.15999973 0.1599996  0.15999738 0.15999945]"
264,264,"[0.15999853 0.15999974 0.15999774 0.15999987 0.15999993 0.15999976
 0.15999972 0.1599996  0.15999739 0.15999944]"
265,265,"[0.15999852 0.15999973 0.15999772 0.15999986 0.15999993 0.15999975
 0.15999972 0.1599996  0.15999739 0.15999944]"
266,266,"[0.15999851 0.15999973 0.1599977  0.15999985 0.15999993 0.15999974
 0.15999971 0.1599996  0.1599974  0.15999943]"
267,267,"[0.1599985  0.15999972 0.15999768 0.15999984 0.15999993 0.15999973
 0.1599997  0.1599996  0.1599974  0.15999943]"
268,268,"[0.15999849 0.15999971 0.15999766 0.15999982 0.15999993 0.15999972
 0.15999969 0.1599996  0.1599974  0.15999942]"
269,269,"[0.15999848 0.1599997  0.15999764 0.15999981 0.15999993 0.15999971
 0.15999968 0.15999961 0.15999741 0.15999942]"
270,270,"[0.15999847 0.1599997  0.15999762 0.1599998  0.15999993 0.1599997
 0.15999967 0.15999961 0.15999741 0.15999941]"
271,271,"[0.15999846 0.15999969 0.1599976  0.15999979 0.15999993 0.15999969
 0.15999966 0.15999961 0.15999741 0.15999941]"
272,272,"[0.15999845 0.15999968 0.15999758 0.15999977 0.15999993 0.15999968
 0.15999965 0.15999962 0.1599974  0.1599994 ]"
273,273,"[0.15999844 0.15999967 0.15999757 0.15999976 0.15999993 0.15999966
 0.15999964 0.15999962 0.1599974  0.15999939]"
274,274,"[0.15999843 0.15999966 0.15999755 0.15999974 0.15999993 0.15999965
 0.15999963 0.15999963 0.1599974  0.15999939]"
275,275,"[0.15999842 0.15999965 0.15999753 0.15999973 0.15999993 0.15999964
 0.15999961 0.15999963 0.1599974  0.15999938]"
276,276,"[0.15999841 0.15999964 0.15999752 0.15999972 0.15999993 0.15999962
 0.1599996  0.15999964 0.1599974  0.15999937]"
277,277,"[0.15999841 0.15999963 0.1599975  0.1599997  0.15999993 0.15999961
 0.15999959 0.15999964 0.15999739 0.15999937]"
278,278,"[0.1599984  0.15999962 0.15999749 0.15999968 0.15999993 0.1599996
 0.15999958 0.15999965 0.15999739 0.15999936]"
279,279,"[0.15999839 0.15999961 0.15999747 0.15999967 0.15999993 0.15999958
 0.15999956 0.15999965 0.15999739 0.15999935]"
280,280,"[0.15999839 0.1599996  0.15999746 0.15999965 0.15999993 0.15999957
 0.15999955 0.15999965 0.15999738 0.15999934]"
281,281,"[0.15999838 0.15999959 0.15999744 0.15999964 0.15999993 0.15999955
 0.15999953 0.15999965 0.15999738 0.15999934]"
282,282,"[0.15999838 0.15999957 0.15999743 0.15999962 0.15999993 0.15999954
 0.15999952 0.15999966 0.15999738 0.15999933]"
283,283,"[0.15999838 0.15999956 0.15999742 0.1599996  0.15999992 0.15999952
 0.1599995  0.15999966 0.15999738 0.15999932]"
284,284,"[0.15999838 0.15999955 0.15999741 0.15999959 0.15999992 0.1599995
 0.15999949 0.15999966 0.15999738 0.15999931]"
285,285,"[0.15999837 0.15999954 0.1599974  0.15999957 0.15999992 0.15999949
 0.15999947 0.15999966 0.15999738 0.1599993 ]"
286,286,"[0.15999837 0.15999952 0.15999739 0.15999955 0.15999992 0.15999947
 0.15999946 0.15999966 0.15999738 0.1599993 ]"
287,287,"[0.15999838 0.15999951 0.15999738 0.15999954 0.15999992 0.15999945
 0.15999944 0.15999965 0.15999738 0.15999929]"
288,288,"[0.15999838 0.1599995  0.15999737 0.15999952 0.15999992 0.15999943
 0.15999942 0.15999965 0.15999738 0.15999928]"
289,289,"[0.15999838 0.15999948 0.15999736 0.1599995  0.15999992 0.15999941
 0.15999941 0.15999965 0.15999738 0.15999927]"
290,290,"[0.15999839 0.15999947 0.15999735 0.15999949 0.15999992 0.15999939
 0.15999939 0.15999965 0.15999738 0.15999926]"
291,291,"[0.1599984  0.15999945 0.15999734 0.15999947 0.15999992 0.15999937
 0.15999937 0.15999964 0.15999738 0.15999926]"
292,292,"[0.15999843 0.15999944 0.15999734 0.15999946 0.15999992 0.15999935
 0.15999935 0.15999964 0.15999739 0.15999925]"
293,293,"[0.15999912 0.15999942 0.15999759 0.15999944 0.15999992 0.15999933
 0.15999933 0.15999963 0.15999739 0.15999924]"
294,294,"[0.15999954 0.1599994  0.15999798 0.15999942 0.15999992 0.15999931
 0.15999931 0.15999963 0.1599974  0.15999923]"
295,295,"[0.15999959 0.15999939 0.15999799 0.15999941 0.15999992 0.15999929
 0.1599993  0.15999962 0.1599974  0.15999922]"
296,296,"[0.15999962 0.15999937 0.15999797 0.15999939 0.15999992 0.15999927
 0.15999928 0.15999961 0.15999741 0.15999922]"
297,297,"[0.15999964 0.15999935 0.15999795 0.15999938 0.15999992 0.15999924
 0.15999926 0.15999961 0.15999741 0.15999921]"
298,298,"[0.15999966 0.15999934 0.15999792 0.15999936 0.15999991 0.15999922
 0.15999924 0.1599996  0.15999742 0.1599992 ]"
299,299,"[0.15999967 0.15999932 0.1599979  0.15999934 0.15999991 0.1599992
 0.15999921 0.15999959 0.15999743 0.15999919]"
300,300,"[0.15999969 0.1599993  0.15999787 0.15999933 0.15999991 0.15999917
 0.15999919 0.15999958 0.15999743 0.15999919]"
301,301,"[0.15999971 0.15999928 0.15999785 0.15999931 0.15999991 0.15999915
 0.15999917 0.15999958 0.15999744 0.15999918]"
302,302,"[0.15999972 0.15999926 0.15999783 0.1599993  0.15999991 0.15999912
 0.15999915 0.15999957 0.15999745 0.15999917]"
303,303,"[0.15999973 0.15999924 0.1599978  0.15999928 0.15999991 0.15999909
 0.15999913 0.15999956 0.15999746 0.15999917]"
304,304,"[0.15999975 0.15999922 0.15999778 0.15999926 0.15999991 0.15999907
 0.15999911 0.15999955 0.15999747 0.15999916]"
305,305,"[0.15999976 0.1599992  0.15999776 0.15999925 0.15999991 0.15999904
 0.15999908 0.15999954 0.15999748 0.15999915]"
306,306,"[0.15999977 0.15999918 0.15999773 0.15999923 0.1599999  0.15999901
 0.15999906 0.15999953 0.15999749 0.15999915]"
307,307,"[0.15999978 0.15999915 0.15999771 0.15999921 0.1599999  0.15999898
 0.15999904 0.15999952 0.1599975  0.15999914]"
308,308,"[0.15999979 0.15999913 0.15999769 0.1599992  0.1599999  0.15999896
 0.15999902 0.15999951 0.15999752 0.15999913]"
309,309,"[0.1599998  0.15999911 0.15999767 0.15999918 0.1599999  0.15999893
 0.15999899 0.1599995  0.15999753 0.15999913]"
310,310,"[0.15999981 0.15999909 0.15999764 0.15999916 0.1599999  0.1599989
 0.15999897 0.15999949 0.15999755 0.15999912]"
311,311,"[0.15999982 0.15999906 0.15999762 0.15999915 0.1599999  0.15999887
 0.15999894 0.15999949 0.15999756 0.15999911]"
312,312,"[0.15999983 0.15999904 0.1599976  0.15999913 0.1599999  0.15999884
 0.15999892 0.15999948 0.15999758 0.1599991 ]"
313,313,"[0.15999984 0.15999902 0.15999759 0.15999911 0.1599999  0.1599988
 0.15999889 0.15999947 0.15999759 0.1599991 ]"
314,314,"[0.15999985 0.15999899 0.15999757 0.15999909 0.1599999  0.15999877
 0.15999887 0.15999946 0.15999761 0.15999909]"
315,315,"[0.15999985 0.15999897 0.15999755 0.15999907 0.1599999  0.15999874
 0.15999884 0.15999945 0.15999763 0.15999908]"
316,316,"[0.15999986 0.15999894 0.15999753 0.15999905 0.1599999  0.15999871
 0.15999882 0.15999945 0.15999764 0.15999907]"
317,317,"[0.15999986 0.15999892 0.15999752 0.15999903 0.1599999  0.15999868
 0.15999879 0.15999944 0.15999766 0.15999906]"
318,318,"[0.15999987 0.15999889 0.1599975  0.15999901 0.1599999  0.15999864
 0.15999877 0.15999943 0.15999768 0.15999905]"
319,319,"[0.15999988 0.15999886 0.15999749 0.15999899 0.1599999  0.15999861
 0.15999874 0.15999943 0.1599977  0.15999904]"
320,320,"[0.15999988 0.15999884 0.15999747 0.15999897 0.1599999  0.15999858
 0.15999871 0.15999942 0.15999772 0.15999903]"
321,321,"[0.15999988 0.15999881 0.15999746 0.15999895 0.1599999  0.15999854
 0.15999869 0.15999942 0.15999774 0.15999902]"
322,322,"[0.15999989 0.15999878 0.15999745 0.15999893 0.1599999  0.15999851
 0.15999866 0.15999941 0.15999776 0.15999901]"
323,323,"[0.15999989 0.15999876 0.15999744 0.1599989  0.1599999  0.15999847
 0.15999863 0.15999941 0.15999778 0.159999  ]"
324,324,"[0.1599999  0.15999873 0.15999743 0.15999888 0.1599999  0.15999844
 0.1599986  0.1599994  0.1599978  0.15999898]"
325,325,"[0.1599999  0.1599987  0.15999742 0.15999886 0.1599999  0.1599984
 0.15999858 0.1599994  0.15999782 0.15999897]"
326,326,"[0.1599999  0.15999868 0.15999741 0.15999883 0.15999991 0.15999837
 0.15999855 0.15999939 0.15999784 0.15999895]"
327,327,"[0.15999991 0.15999865 0.1599974  0.15999881 0.15999991 0.15999833
 0.15999852 0.15999939 0.15999786 0.15999893]"
328,328,"[0.15999991 0.15999862 0.1599974  0.15999878 0.15999991 0.1599983
 0.15999849 0.15999938 0.15999788 0.15999891]"
329,329,"[0.15999991 0.15999859 0.15999739 0.15999876 0.15999991 0.15999826
 0.15999847 0.15999938 0.15999791 0.15999889]"
330,330,"[0.15999991 0.15999857 0.15999739 0.15999873 0.15999991 0.15999823
 0.15999844 0.15999937 0.15999793 0.15999887]"
331,331,"[0.15999991 0.15999854 0.15999738 0.15999871 0.15999992 0.15999819
 0.15999841 0.15999937 0.15999795 0.15999885]"
332,332,"[0.15999992 0.15999851 0.15999738 0.15999868 0.15999992 0.15999816
 0.15999838 0.15999936 0.15999797 0.15999882]"
333,333,"[0.15999992 0.15999848 0.15999738 0.15999866 0.15999992 0.15999812
 0.15999835 0.15999935 0.15999799 0.1599988 ]"
334,334,"[0.15999992 0.15999846 0.15999737 0.15999863 0.15999992 0.15999809
 0.15999832 0.15999935 0.15999801 0.15999877]"
335,335,"[0.15999992 0.15999843 0.15999737 0.1599986  0.15999992 0.15999805
 0.1599983  0.15999934 0.15999803 0.15999874]"
336,336,"[0.15999992 0.1599984  0.15999737 0.15999858 0.15999992 0.15999802
 0.15999827 0.15999933 0.15999805 0.1599987 ]"
337,337,"[0.15999992 0.15999837 0.15999737 0.15999855 0.15999993 0.15999798
 0.15999824 0.15999933 0.15999807 0.15999867]"
338,338,"[0.15999992 0.15999835 0.15999737 0.15999852 0.15999993 0.15999795
 0.15999821 0.15999932 0.15999808 0.15999863]"
339,339,"[0.15999993 0.15999832 0.15999737 0.1599985  0.15999993 0.15999791
 0.15999818 0.15999931 0.1599981  0.1599986 ]"
340,340,"[0.15999993 0.15999829 0.15999737 0.15999847 0.15999993 0.15999788
 0.15999815 0.1599993  0.15999811 0.15999855]"
341,341,"[0.15999993 0.15999826 0.15999738 0.15999844 0.15999993 0.15999785
 0.15999813 0.15999929 0.15999811 0.15999851]"
342,342,"[0.15999993 0.15999824 0.15999738 0.15999841 0.15999993 0.15999782
 0.1599981  0.15999928 0.15999811 0.15999847]"
343,343,"[0.15999993 0.15999821 0.15999739 0.15999838 0.15999993 0.15999779
 0.15999807 0.15999927 0.15999811 0.15999842]"
344,344,"[0.15999993 0.15999818 0.15999739 0.15999835 0.15999993 0.15999776
 0.15999804 0.15999926 0.15999809 0.15999838]"
345,345,"[0.15999993 0.15999815 0.1599974  0.15999833 0.15999993 0.15999773
 0.15999801 0.15999925 0.15999805 0.15999833]"
346,346,"[0.15999993 0.15999812 0.15999741 0.1599983  0.15999993 0.1599977
 0.15999798 0.15999924 0.159998   0.15999828]"
347,347,"[0.15999993 0.1599981  0.15999743 0.15999827 0.15999993 0.15999767
 0.15999796 0.15999922 0.15999791 0.15999823]"
348,348,"[0.15999993 0.15999807 0.15999745 0.15999824 0.15999993 0.15999764
 0.15999793 0.15999921 0.1599978  0.15999818]"
349,349,"[0.15999993 0.15999804 0.15999747 0.15999821 0.15999993 0.15999761
 0.1599979  0.1599992  0.15999766 0.15999813]"
350,350,"[0.15999993 0.15999802 0.15999749 0.15999818 0.15999993 0.15999759
 0.15999788 0.15999918 0.15999751 0.15999808]"
351,351,"[0.15999993 0.15999799 0.15999752 0.15999816 0.15999993 0.15999756
 0.15999785 0.15999917 0.15999738 0.15999804]"
352,352,"[0.15999993 0.15999796 0.15999754 0.15999813 0.15999992 0.15999748
 0.15999782 0.15999997 0.15999734 0.15999799]"
353,353,"[0.15999993 0.15999793 0.15999757 0.1599981  0.15999992 0.15999746
 0.1599978  0.15999946 0.15999741 0.15999794]"
354,354,"[0.15999993 0.15999791 0.1599976  0.15999807 0.15999992 0.15999744
 0.15999777 0.15999946 0.15999758 0.1599979 ]"
355,355,"[0.15999993 0.15999788 0.15999762 0.15999804 0.15999992 0.15999743
 0.15999775 0.15999945 0.15999782 0.15999785]"
356,356,"[0.15999993 0.15999785 0.15999765 0.15999802 0.15999992 0.15999741
 0.15999772 0.15999945 0.15999807 0.15999781]"
357,357,"[0.15999993 0.15999783 0.15999767 0.15999799 0.15999992 0.1599974
 0.1599977  0.15999944 0.1599983  0.15999777]"
358,358,"[0.15999993 0.1599978  0.15999769 0.15999796 0.15999991 0.15999739
 0.15999767 0.15999943 0.15999849 0.15999774]"
359,359,"[0.15999993 0.15999777 0.1599977  0.15999794 0.15999991 0.15999738
 0.15999765 0.15999942 0.15999866 0.15999771]"
360,360,"[0.15999993 0.15999775 0.15999772 0.15999791 0.15999991 0.15999737
 0.15999763 0.15999941 0.1599988  0.15999767]"
361,361,"[0.15999993 0.15999772 0.15999773 0.15999788 0.15999991 0.15999736
 0.1599976  0.15999941 0.15999892 0.15999765]"
362,362,"[0.15999993 0.1599977  0.15999774 0.15999786 0.15999991 0.15999735
 0.15999758 0.1599994  0.15999903 0.15999762]"
363,363,"[0.15999993 0.15999767 0.15999775 0.15999783 0.1599999  0.15999734
 0.15999756 0.15999939 0.15999912 0.1599976 ]"
364,364,"[0.15999993 0.15999765 0.15999775 0.15999781 0.1599999  0.15999734
 0.15999754 0.15999938 0.15999921 0.15999757]"
365,365,"[0.15999993 0.15999763 0.15999776 0.15999778 0.1599999  0.15999734
 0.15999752 0.15999937 0.15999928 0.15999755]"
366,366,"[0.15999993 0.1599976  0.15999776 0.15999776 0.1599999  0.15999733
 0.1599975  0.15999936 0.15999935 0.15999753]"
367,367,"[0.15999993 0.15999758 0.15999777 0.15999774 0.1599999  0.15999733
 0.15999748 0.15999934 0.15999941 0.15999752]"
368,368,"[0.15999993 0.15999756 0.15999777 0.15999771 0.15999989 0.15999733
 0.15999747 0.15999933 0.15999947 0.1599975 ]"
369,369,"[0.15999993 0.15999754 0.15999778 0.15999769 0.15999989 0.15999734
 0.15999745 0.15999932 0.15999952 0.15999748]"
370,370,"[0.15999993 0.15999752 0.15999778 0.15999767 0.15999989 0.15999734
 0.15999744 0.15999931 0.15999957 0.15999747]"
371,371,"[0.15999993 0.1599975  0.15999779 0.15999765 0.15999989 0.15999734
 0.15999742 0.1599993  0.15999961 0.15999745]"
372,372,"[0.15999993 0.15999748 0.1599978  0.15999763 0.15999988 0.15999735
 0.15999741 0.15999928 0.15999965 0.15999743]"
373,373,"[0.15999993 0.15999746 0.15999781 0.15999761 0.15999988 0.15999735
 0.1599974  0.15999927 0.15999969 0.15999741]"
374,374,"[0.15999993 0.15999744 0.15999782 0.15999759 0.15999988 0.15999736
 0.15999739 0.15999925 0.15999972 0.15999739]"
375,375,"[0.15999993 0.15999743 0.15999783 0.15999757 0.15999988 0.15999737
 0.15999737 0.15999924 0.15999975 0.15999737]"
376,376,"[0.15999994 0.15999741 0.15999785 0.15999755 0.15999988 0.15999738
 0.15999737 0.15999922 0.15999978 0.15999735]"
377,377,"[0.15999994 0.1599974  0.15999786 0.15999753 0.15999987 0.15999739
 0.15999736 0.15999921 0.1599998  0.15999734]"
378,378,"[0.15999994 0.15999739 0.15999788 0.15999751 0.15999987 0.1599974
 0.15999735 0.15999919 0.15999983 0.15999733]"
379,379,"[0.15999994 0.15999738 0.1599979  0.1599975  0.15999987 0.15999741
 0.15999735 0.15999917 0.15999985 0.15999735]"
380,380,"[0.15999994 0.15999737 0.15999792 0.15999748 0.15999987 0.15999742
 0.15999734 0.15999916 0.15999987 0.15999738]"
381,381,"[0.15999994 0.15999736 0.15999794 0.15999747 0.15999987 0.15999744
 0.15999734 0.15999914 0.15999988 0.15999742]"
382,382,"[0.15999994 0.15999735 0.15999796 0.15999745 0.15999986 0.15999745
 0.15999733 0.15999912 0.1599999  0.15999748]"
383,383,"[0.15999994 0.15999734 0.15999798 0.15999744 0.15999986 0.15999747
 0.15999733 0.1599991  0.15999991 0.15999754]"
384,384,"[0.15999994 0.15999734 0.15999799 0.15999743 0.15999986 0.15999748
 0.15999733 0.15999908 0.15999993 0.15999761]"
385,385,"[0.15999994 0.15999734 0.15999801 0.15999741 0.15999986 0.1599975
 0.15999733 0.15999906 0.15999994 0.15999766]"
386,386,"[0.15999994 0.15999733 0.15999802 0.1599974  0.15999986 0.15999752
 0.15999734 0.15999904 0.15999995 0.1599977 ]"
387,387,"[0.15999994 0.15999733 0.15999802 0.15999739 0.15999986 0.15999754
 0.15999734 0.15999902 0.15999996 0.15999774]"
388,388,"[0.15999994 0.15999733 0.15999802 0.15999738 0.15999985 0.15999756
 0.15999735 0.159999   0.15999996 0.15999776]"
389,389,"[0.15999994 0.15999734 0.15999802 0.15999737 0.15999985 0.15999757
 0.15999735 0.15999898 0.15999997 0.15999778]"
390,390,"[0.15999994 0.15999734 0.15999802 0.15999737 0.15999985 0.15999759
 0.15999736 0.15999896 0.15999998 0.15999778]"
391,391,"[0.15999994 0.15999735 0.15999802 0.15999736 0.15999985 0.15999761
 0.15999737 0.15999893 0.15999998 0.15999779]"
392,392,"[0.15999994 0.15999735 0.15999801 0.15999735 0.15999985 0.15999763
 0.15999738 0.15999891 0.15999999 0.15999778]"
393,393,"[0.15999995 0.15999736 0.159998   0.15999735 0.15999985 0.15999765
 0.15999739 0.15999889 0.15999999 0.15999777]"
394,394,"[0.15999995 0.15999737 0.15999799 0.15999734 0.15999985 0.15999767
 0.1599974  0.15999886 0.15999999 0.15999776]"
395,395,"[0.15999995 0.15999738 0.15999798 0.15999734 0.15999984 0.15999769
 0.15999741 0.15999884 0.15999999 0.15999775]"
396,396,"[0.15999995 0.15999739 0.15999797 0.15999734 0.15999984 0.15999771
 0.15999743 0.15999881 0.16       0.15999773]"
397,397,"[0.15999995 0.15999741 0.15999795 0.15999734 0.15999984 0.15999773
 0.15999744 0.15999879 0.16       0.15999771]"
398,398,"[0.15999996 0.15999742 0.15999794 0.15999733 0.15999984 0.15999775
 0.15999746 0.15999876 0.16       0.15999769]"
399,399,"[0.15999996 0.15999744 0.15999793 0.15999733 0.15999984 0.15999777
 0.15999747 0.15999874 0.16       0.15999767]"
400,400,"[0.15999996 0.15999745 0.15999791 0.15999733 0.15999984 0.15999779
 0.15999749 0.15999871 0.16       0.15999765]"
401,401,"[0.15999996 0.15999747 0.1599979  0.15999733 0.15999984 0.15999781
 0.15999751 0.15999868 0.16       0.15999763]"
402,402,"[0.15999997 0.15999748 0.15999788 0.15999733 0.15999984 0.15999783
 0.15999753 0.15999866 0.16       0.15999761]"
403,403,"[0.15999997 0.15999747 0.15999787 0.15999733 0.15999984 0.15999784
 0.15999755 0.15999863 0.16       0.15999759]"
404,404,"[0.15999997 0.15999741 0.15999785 0.15999734 0.15999984 0.15999786
 0.15999756 0.1599986  0.16       0.15999758]"
405,405,"[0.15999998 0.15999736 0.15999784 0.15999736 0.15999984 0.15999787
 0.15999759 0.15999858 0.16       0.15999756]"
406,406,"[0.15999998 0.15999734 0.15999783 0.15999739 0.15999985 0.15999789
 0.15999761 0.15999855 0.15999999 0.15999754]"
407,407,"[0.15999998 0.15999734 0.15999781 0.1599974  0.15999985 0.1599979
 0.15999763 0.15999852 0.15999999 0.15999752]"
408,408,"[0.15999999 0.15999734 0.1599978  0.1599974  0.15999985 0.15999791
 0.15999765 0.1599985  0.15999999 0.1599975 ]"
409,409,"[0.15999999 0.15999734 0.15999779 0.15999739 0.15999985 0.15999792
 0.15999767 0.15999847 0.15999999 0.15999749]"
410,410,"[0.15999999 0.15999735 0.15999777 0.15999739 0.15999986 0.15999793
 0.15999769 0.15999844 0.15999999 0.15999747]"
411,411,"[0.15999999 0.15999736 0.15999776 0.15999738 0.15999986 0.15999794
 0.15999771 0.15999842 0.15999998 0.15999746]"
412,412,"[0.16       0.15999736 0.15999775 0.15999737 0.15999987 0.15999795
 0.15999773 0.15999839 0.15999998 0.15999744]"
413,413,"[0.16       0.15999737 0.15999774 0.15999737 0.15999987 0.15999795
 0.15999776 0.15999836 0.15999998 0.15999743]"
414,414,"[0.16       0.15999738 0.15999773 0.15999736 0.15999988 0.15999796
 0.15999778 0.15999834 0.15999997 0.15999742]"
415,415,"[0.16       0.1599974  0.15999772 0.15999736 0.15999988 0.15999803
 0.1599978  0.15999816 0.15999997 0.15999741]"
416,416,"[0.16       0.15999741 0.1599977  0.15999735 0.15999989 0.15999812
 0.15999782 0.15999791 0.15999996 0.1599974 ]"
417,417,"[0.16       0.15999742 0.15999769 0.15999735 0.1599999  0.15999813
 0.15999784 0.15999788 0.15999996 0.15999739]"
418,418,"[0.16       0.15999744 0.15999768 0.15999734 0.15999991 0.15999815
 0.15999786 0.15999786 0.15999996 0.15999738]"
419,419,"[0.16       0.15999746 0.15999767 0.15999734 0.15999992 0.15999818
 0.15999788 0.15999783 0.15999995 0.15999737]"
420,420,"[0.16       0.15999748 0.15999766 0.15999734 0.15999993 0.1599982
 0.15999789 0.15999781 0.15999995 0.15999736]"
421,421,"[0.16       0.1599975  0.15999765 0.15999734 0.15999993 0.15999822
 0.15999791 0.15999779 0.15999994 0.15999736]"
422,422,"[0.16       0.15999752 0.15999764 0.15999733 0.15999994 0.15999825
 0.15999793 0.15999776 0.15999993 0.15999735]"
423,423,"[0.16       0.15999754 0.15999763 0.15999733 0.15999995 0.15999828
 0.15999794 0.15999774 0.15999993 0.15999735]"
424,424,"[0.16       0.15999757 0.15999762 0.15999733 0.15999996 0.15999831
 0.15999796 0.15999772 0.15999992 0.15999735]"
425,425,"[0.16       0.15999759 0.15999761 0.15999733 0.15999997 0.15999834
 0.15999798 0.1599977  0.15999992 0.15999734]"
426,426,"[0.16       0.15999762 0.1599976  0.15999734 0.15999998 0.15999837
 0.15999799 0.15999768 0.15999991 0.15999734]"
427,427,"[0.16       0.15999764 0.15999759 0.15999734 0.15999998 0.1599984
 0.15999801 0.15999766 0.1599999  0.15999734]"
428,428,"[0.16       0.15999767 0.15999758 0.15999734 0.15999999 0.15999843
 0.15999802 0.15999764 0.1599999  0.15999734]"
429,429,"[0.16       0.1599977  0.15999757 0.15999734 0.15999999 0.15999847
 0.15999803 0.15999762 0.15999989 0.15999733]"
430,430,"[0.16       0.15999773 0.15999756 0.15999735 0.16       0.1599985
 0.15999805 0.1599976  0.15999988 0.15999733]"
431,431,"[0.16       0.15999776 0.15999755 0.15999735 0.16       0.15999853
 0.15999806 0.15999773 0.15999987 0.15999733]"
432,432,"[0.16       0.15999779 0.15999754 0.15999735 0.16       0.15999856
 0.15999808 0.15999787 0.15999986 0.15999733]"
433,433,"[0.16       0.15999782 0.15999753 0.15999736 0.16       0.15999859
 0.15999809 0.15999784 0.15999986 0.15999733]"
434,434,"[0.16       0.15999785 0.15999752 0.15999736 0.16       0.15999862
 0.1599981  0.15999782 0.15999985 0.15999733]"
435,435,"[0.16       0.15999789 0.15999751 0.15999737 0.15999999 0.15999865
 0.15999812 0.1599978  0.15999984 0.15999733]"
436,436,"[0.16       0.15999792 0.1599975  0.15999738 0.15999999 0.15999868
 0.15999813 0.15999777 0.15999983 0.15999733]"
437,437,"[0.16       0.15999795 0.15999749 0.15999738 0.15999998 0.15999871
 0.15999815 0.15999775 0.15999982 0.15999734]"
438,438,"[0.16       0.15999799 0.15999748 0.15999739 0.15999997 0.15999874
 0.15999816 0.15999773 0.15999981 0.15999734]"
439,439,"[0.16       0.15999802 0.15999747 0.1599974  0.15999996 0.15999876
 0.15999818 0.15999771 0.1599998  0.15999734]"
440,440,"[0.16       0.15999806 0.15999746 0.15999741 0.15999995 0.15999879
 0.15999819 0.15999768 0.15999979 0.15999734]"
441,441,"[0.16       0.15999809 0.15999745 0.15999741 0.15999994 0.15999882
 0.15999821 0.15999766 0.15999978 0.15999734]"
442,442,"[0.16       0.15999813 0.15999744 0.15999742 0.15999993 0.15999884
 0.15999823 0.15999764 0.15999977 0.15999734]"
443,443,"[0.16       0.15999817 0.15999743 0.15999743 0.15999991 0.15999887
 0.15999824 0.15999762 0.15999976 0.15999734]"
444,444,"[0.16       0.1599982  0.15999742 0.15999744 0.1599999  0.15999889
 0.15999826 0.15999759 0.15999975 0.15999735]"
445,445,"[0.15999999 0.15999824 0.15999741 0.15999745 0.15999988 0.15999891
 0.15999828 0.15999757 0.15999973 0.15999735]"
446,446,"[0.15999999 0.15999827 0.15999741 0.15999746 0.15999986 0.15999893
 0.15999829 0.15999755 0.15999972 0.15999735]"
447,447,"[0.15999999 0.15999831 0.1599974  0.15999747 0.15999984 0.15999895
 0.15999831 0.15999753 0.15999971 0.15999736]"
448,448,"[0.15999999 0.15999835 0.15999739 0.15999748 0.15999982 0.15999897
 0.15999833 0.15999751 0.1599997  0.15999736]"
449,449,"[0.15999999 0.15999838 0.15999739 0.1599975  0.1599998  0.15999899
 0.15999835 0.15999749 0.15999969 0.15999737]"
450,450,"[0.15999999 0.15999842 0.15999738 0.15999751 0.15999978 0.15999901
 0.15999837 0.15999747 0.15999967 0.15999737]"
451,451,"[0.15999999 0.15999845 0.15999737 0.15999752 0.15999976 0.15999903
 0.15999838 0.15999746 0.15999966 0.15999738]"
452,452,"[0.15999999 0.15999849 0.15999737 0.15999754 0.15999974 0.15999905
 0.1599984  0.15999744 0.15999965 0.15999738]"
453,453,"[0.15999999 0.15999852 0.15999736 0.15999755 0.15999972 0.15999906
 0.15999842 0.15999743 0.15999963 0.15999739]"
454,454,"[0.15999999 0.15999856 0.15999736 0.15999756 0.1599997  0.15999908
 0.15999844 0.15999741 0.15999962 0.1599974 ]"
455,455,"[0.15999999 0.1599986  0.15999735 0.15999758 0.15999967 0.15999909
 0.15999846 0.1599974  0.15999961 0.15999741]"
456,456,"[0.15999999 0.15999863 0.15999735 0.15999759 0.15999965 0.15999911
 0.15999847 0.15999738 0.15999959 0.15999742]"
457,457,"[0.15999998 0.15999866 0.15999735 0.15999761 0.15999963 0.15999912
 0.15999849 0.15999737 0.15999958 0.15999743]"
458,458,"[0.15999998 0.1599987  0.15999734 0.15999763 0.1599996  0.15999913
 0.15999851 0.15999736 0.15999957 0.15999744]"
459,459,"[0.15999998 0.15999873 0.15999734 0.15999764 0.15999958 0.15999915
 0.15999853 0.15999736 0.15999955 0.15999745]"
460,460,"[0.15999998 0.15999876 0.15999734 0.15999766 0.15999955 0.15999916
 0.15999855 0.15999735 0.15999954 0.15999747]"
461,461,"[0.15999998 0.1599988  0.15999734 0.15999768 0.15999953 0.15999917
 0.15999856 0.15999734 0.15999953 0.15999748]"
462,462,"[0.15999998 0.15999883 0.15999734 0.15999769 0.1599995  0.15999918
 0.15999858 0.15999734 0.15999952 0.1599975 ]"
463,463,"[0.15999998 0.15999886 0.15999734 0.15999771 0.15999947 0.15999919
 0.1599986  0.15999733 0.1599995  0.15999751]"
464,464,"[0.15999998 0.15999889 0.15999733 0.15999773 0.15999945 0.15999919
 0.15999862 0.15999733 0.15999949 0.15999753]"
465,465,"[0.15999997 0.15999892 0.15999733 0.15999775 0.15999942 0.1599992
 0.15999863 0.15999733 0.15999948 0.15999755]"
466,466,"[0.15999997 0.15999895 0.15999733 0.15999777 0.15999939 0.15999921
 0.15999865 0.15999734 0.15999947 0.15999757]"
467,467,"[0.15999997 0.15999898 0.15999733 0.15999779 0.15999937 0.15999922
 0.15999867 0.15999734 0.15999946 0.15999759]"
468,468,"[0.16000004 0.15999901 0.15999733 0.15999781 0.15999934 0.15999922
 0.15999994 0.15999734 0.15999945 0.15999761]"
469,469,"[0.15999999 0.15999904 0.15999733 0.15999783 0.15999931 0.15999923
 0.15999917 0.15999735 0.15999945 0.15999764]"
470,470,"[0.15999999 0.15999907 0.15999734 0.15999785 0.15999928 0.15999923
 0.15999918 0.15999736 0.15999944 0.15999766]"
471,471,"[0.15999999 0.15999909 0.15999734 0.15999787 0.15999925 0.15999924
 0.15999918 0.15999737 0.15999943 0.15999768]"
472,472,"[0.15999998 0.15999912 0.15999734 0.15999789 0.15999922 0.15999924
 0.15999919 0.15999738 0.15999943 0.15999771]"
473,473,"[0.15999998 0.15999914 0.15999734 0.15999791 0.15999919 0.15999925
 0.15999919 0.15999739 0.15999942 0.15999773]"
474,474,"[0.15999998 0.15999917 0.15999735 0.15999793 0.15999916 0.15999925
 0.15999919 0.1599974  0.15999942 0.15999776]"
475,475,"[0.15999998 0.15999919 0.15999735 0.15999795 0.15999912 0.15999926
 0.1599992  0.15999742 0.15999942 0.15999779]"
476,476,"[0.15999998 0.15999922 0.15999735 0.15999797 0.15999909 0.15999926
 0.1599992  0.15999744 0.15999942 0.15999781]"
477,477,"[0.15999998 0.15999924 0.15999736 0.15999799 0.15999906 0.15999927
 0.15999921 0.15999746 0.15999942 0.15999784]"
478,478,"[0.15999998 0.15999926 0.15999736 0.15999802 0.15999903 0.15999927
 0.15999921 0.15999748 0.15999943 0.15999787]"
479,479,"[0.15999998 0.15999928 0.15999737 0.15999804 0.15999899 0.15999928
 0.15999922 0.1599975  0.15999943 0.1599979 ]"
480,480,"[0.15999997 0.1599993  0.15999737 0.15999806 0.15999896 0.15999928
 0.15999922 0.15999752 0.15999944 0.15999792]"
481,481,"[0.15999997 0.15999932 0.15999738 0.15999808 0.15999893 0.15999929
 0.15999923 0.15999754 0.15999944 0.15999795]"
482,482,"[0.15999997 0.15999934 0.15999739 0.1599981  0.15999889 0.1599993
 0.15999923 0.15999757 0.15999945 0.15999798]"
483,483,"[0.15999997 0.15999936 0.1599974  0.15999812 0.15999886 0.15999931
 0.15999924 0.1599976  0.15999946 0.159998  ]"
484,484,"[0.15999997 0.15999938 0.15999741 0.15999815 0.15999883 0.15999931
 0.15999925 0.15999762 0.15999947 0.15999803]"
485,485,"[0.15999997 0.15999939 0.15999742 0.15999817 0.1599988  0.15999932
 0.15999925 0.15999765 0.15999948 0.15999805]"
486,486,"[0.15999996 0.15999941 0.15999743 0.15999819 0.15999876 0.15999933
 0.15999926 0.15999768 0.15999948 0.15999808]"
487,487,"[0.15999996 0.15999943 0.15999744 0.15999821 0.15999873 0.15999933
 0.15999926 0.15999771 0.15999949 0.1599981 ]"
488,488,"[0.15999996 0.15999944 0.15999745 0.15999824 0.1599987  0.15999934
 0.15999927 0.15999774 0.1599995  0.15999812]"
489,489,"[0.15999996 0.15999946 0.15999747 0.15999826 0.15999867 0.15999935
 0.15999928 0.15999778 0.15999951 0.15999813]"
490,490,"[0.15999996 0.15999947 0.15999748 0.15999828 0.15999864 0.15999935
 0.15999928 0.15999781 0.15999952 0.15999814]"
491,491,"[0.15999995 0.15999949 0.15999749 0.1599983  0.15999861 0.15999936
 0.15999929 0.15999785 0.15999953 0.15999815]"
492,492,"[0.15999995 0.1599995  0.15999751 0.15999833 0.15999859 0.15999936
 0.1599993  0.15999788 0.15999954 0.15999815]"
493,493,"[0.15999995 0.15999952 0.15999753 0.15999835 0.15999856 0.15999936
 0.15999931 0.15999792 0.15999955 0.15999813]"
494,494,"[0.15999995 0.15999955 0.15999755 0.15999837 0.15999853 0.15999936
 0.15999931 0.15999795 0.15999956 0.1599981 ]"
495,495,"[0.15999995 0.15999957 0.15999756 0.15999839 0.15999851 0.15999936
 0.15999932 0.15999799 0.15999957 0.15999804]"
496,496,"[0.15999994 0.15999961 0.15999758 0.15999842 0.15999848 0.15999936
 0.15999933 0.15999803 0.15999958 0.15999795]"
497,497,"[0.15999994 0.15999966 0.1599976  0.15999844 0.15999846 0.15999935
 0.15999933 0.15999806 0.15999959 0.1599978 ]"
498,498,"[0.15999994 0.15999973 0.15999763 0.15999846 0.15999844 0.15999934
 0.15999934 0.1599981  0.1599996  0.1599976 ]"
499,499,"[0.15999994 0.15999981 0.15999765 0.15999849 0.15999842 0.15999933
 0.15999935 0.15999814 0.15999961 0.15999741]"
500,500,"[0.15999993 0.15999989 0.15999767 0.15999851 0.15999839 0.15999931
 0.15999936 0.15999818 0.15999962 0.15999734]"
501,501,"[0.15999993 0.15999995 0.15999769 0.15999853 0.15999837 0.15999929
 0.15999936 0.15999822 0.15999963 0.15999734]"
502,502,"[0.15999993 0.15999998 0.15999772 0.15999855 0.15999835 0.15999927
 0.15999937 0.15999826 0.15999964 0.15999735]"
503,503,"[0.15999992 0.15999999 0.15999774 0.15999858 0.15999833 0.15999924
 0.15999938 0.1599983  0.15999964 0.15999735]"
504,504,"[0.15999992 0.15999999 0.15999777 0.1599986  0.1599983  0.15999921
 0.15999939 0.15999833 0.15999965 0.15999735]"
505,505,"[0.15999992 0.15999999 0.1599978  0.15999862 0.15999828 0.15999918
 0.15999939 0.15999837 0.15999966 0.15999736]"
506,506,"[0.15999992 0.15999998 0.15999782 0.15999865 0.15999825 0.15999914
 0.1599994  0.15999841 0.15999967 0.15999736]"
507,507,"[0.15999991 0.15999997 0.15999785 0.15999867 0.15999822 0.15999909
 0.15999941 0.15999845 0.15999968 0.15999737]"
508,508,"[0.15999991 0.15999995 0.15999788 0.15999869 0.1599982  0.15999904
 0.15999941 0.15999849 0.15999968 0.15999739]"
509,509,"[0.15999991 0.15999991 0.15999791 0.15999872 0.15999816 0.15999899
 0.15999942 0.15999853 0.15999969 0.1599974 ]"
510,510,"[0.1599999  0.15999986 0.15999794 0.15999874 0.15999813 0.15999894
 0.15999943 0.15999856 0.1599997  0.15999742]"
511,511,"[0.1599999  0.15999979 0.15999797 0.15999876 0.15999809 0.15999889
 0.15999943 0.1599986  0.15999971 0.15999744]"
512,512,"[0.15999989 0.15999968 0.159998   0.15999878 0.15999805 0.15999885
 0.15999944 0.15999864 0.15999971 0.15999745]"
513,513,"[0.15999989 0.15999953 0.15999803 0.15999881 0.15999801 0.1599988
 0.15999945 0.15999868 0.15999972 0.15999746]"
514,514,"[0.15999989 0.15999933 0.15999806 0.15999883 0.15999796 0.15999876
 0.15999945 0.15999871 0.15999973 0.15999747]"
515,515,"[0.15999988 0.15999907 0.15999809 0.15999885 0.15999792 0.15999873
 0.15999946 0.15999875 0.15999973 0.15999748]"
516,516,"[0.15999988 0.15999876 0.15999812 0.15999887 0.15999787 0.1599987
 0.15999947 0.15999878 0.15999974 0.15999748]"
517,517,"[0.15999987 0.1599984  0.15999815 0.15999889 0.15999782 0.15999867
 0.15999947 0.15999882 0.15999975 0.15999748]"
518,518,"[0.15999987 0.15999801 0.15999818 0.15999892 0.15999777 0.15999865
 0.15999948 0.15999885 0.15999975 0.15999748]"
519,519,"[0.15999987 0.15999765 0.15999822 0.15999894 0.15999772 0.15999862
 0.15999948 0.15999889 0.15999976 0.15999747]"
520,520,"[0.15999986 0.1599974  0.15999825 0.15999896 0.15999767 0.1599986
 0.15999949 0.15999892 0.15999977 0.15999747]"
521,521,"[0.15999986 0.15999735 0.15999828 0.15999898 0.15999763 0.15999858
 0.15999949 0.15999895 0.15999977 0.15999747]"
522,522,"[0.15999985 0.15999754 0.15999831 0.159999   0.15999758 0.15999854
 0.1599995  0.15999899 0.15999978 0.15999746]"
523,523,"[0.15999985 0.15999794 0.15999834 0.15999902 0.15999752 0.1599985
 0.15999951 0.15999902 0.15999978 0.15999746]"
524,524,"[0.15999984 0.15999842 0.15999837 0.15999905 0.15999745 0.15999843
 0.15999951 0.15999905 0.15999979 0.15999745]"
525,525,"[0.15999984 0.15999888 0.1599984  0.15999907 0.15999737 0.15999832
 0.15999952 0.15999908 0.15999979 0.15999745]"
526,526,"[0.15999983 0.15999926 0.15999844 0.15999909 0.15999734 0.15999816
 0.15999952 0.15999911 0.1599998  0.15999744]"
527,527,"[0.15999982 0.15999953 0.15999847 0.15999911 0.15999738 0.159998
 0.15999952 0.15999914 0.1599998  0.15999744]"
528,528,"[0.15999982 0.15999972 0.1599985  0.15999913 0.15999743 0.15999789
 0.15999953 0.15999917 0.15999981 0.15999743]"
529,529,"[0.15999981 0.15999985 0.15999853 0.15999915 0.15999746 0.15999784
 0.15999953 0.1599992  0.15999981 0.15999743]"
530,530,"[0.15999981 0.15999992 0.15999856 0.15999917 0.15999746 0.15999782
 0.15999954 0.15999922 0.15999981 0.15999742]"
531,531,"[0.1599998  0.15999997 0.15999859 0.15999919 0.15999746 0.15999782
 0.15999954 0.15999925 0.15999982 0.15999742]"
532,532,"[0.15999979 0.15999999 0.15999862 0.15999921 0.15999745 0.15999782
 0.15999955 0.15999928 0.15999982 0.15999741]"
533,533,"[0.15999979 0.16       0.15999865 0.15999922 0.15999745 0.15999783
 0.15999955 0.1599993  0.15999983 0.1599974 ]"
534,534,"[0.15999978 0.16       0.15999868 0.15999924 0.15999744 0.15999784
 0.15999955 0.15999933 0.15999983 0.1599974 ]"
535,535,"[0.15999977 0.15999999 0.15999871 0.15999926 0.15999744 0.15999786
 0.15999956 0.15999935 0.15999983 0.15999739]"
536,536,"[0.15999977 0.15999999 0.15999873 0.15999928 0.15999743 0.15999788
 0.15999956 0.15999937 0.15999984 0.15999739]"
537,537,"[0.15999976 0.15999998 0.15999876 0.1599993  0.15999742 0.1599979
 0.15999956 0.1599994  0.15999984 0.15999738]"
538,538,"[0.15999975 0.15999997 0.15999879 0.15999931 0.15999742 0.15999792
 0.15999956 0.15999942 0.15999984 0.15999737]"
539,539,"[0.15999974 0.15999997 0.15999882 0.15999933 0.15999741 0.15999794
 0.15999957 0.15999944 0.15999985 0.15999737]"
540,540,"[0.15999973 0.15999996 0.15999885 0.15999935 0.1599974  0.15999796
 0.15999957 0.15999946 0.15999985 0.15999736]"
541,541,"[0.15999973 0.15999996 0.15999887 0.15999937 0.1599974  0.15999798
 0.15999957 0.15999948 0.15999985 0.15999736]"
542,542,"[0.15999972 0.15999995 0.1599989  0.15999938 0.15999739 0.15999801
 0.15999957 0.1599995  0.15999986 0.15999735]"
543,543,"[0.15999971 0.15999995 0.15999893 0.1599994  0.15999739 0.15999803
 0.15999957 0.15999952 0.15999986 0.15999735]"
544,544,"[0.1599997  0.15999995 0.15999895 0.15999941 0.15999738 0.15999806
 0.15999957 0.15999954 0.15999986 0.15999734]"
545,545,"[0.15999969 0.15999995 0.15999898 0.15999943 0.15999738 0.15999808
 0.15999958 0.15999956 0.15999986 0.15999734]"
546,546,"[0.15999968 0.15999996 0.159999   0.15999945 0.15999737 0.15999811
 0.15999958 0.15999958 0.15999987 0.15999734]"
547,547,"[0.15999967 0.15999996 0.15999903 0.15999946 0.15999737 0.15999813
 0.15999958 0.1599996  0.15999987 0.15999734]"
548,548,"[0.15999966 0.15999996 0.15999905 0.15999947 0.15999736 0.15999816
 0.15999958 0.15999961 0.15999987 0.15999733]"
549,549,"[0.15999965 0.15999996 0.15999907 0.15999949 0.15999736 0.15999819
 0.15999958 0.15999963 0.15999987 0.15999733]"
550,550,"[0.15999964 0.15999997 0.1599991  0.1599995  0.15999736 0.15999821
 0.15999958 0.15999964 0.15999988 0.15999733]"
551,551,"[0.15999963 0.15999997 0.15999912 0.15999952 0.15999735 0.15999824
 0.15999958 0.15999966 0.15999988 0.15999733]"
552,552,"[0.15999962 0.15999998 0.15999914 0.15999953 0.15999735 0.15999827
 0.15999958 0.15999967 0.15999988 0.15999734]"
553,553,"[0.15999961 0.15999998 0.15999916 0.15999954 0.15999735 0.1599983
 0.15999958 0.15999969 0.15999988 0.15999734]"
554,554,"[0.1599996  0.15999998 0.15999919 0.15999956 0.15999734 0.15999832
 0.15999957 0.1599997  0.15999989 0.15999734]"
555,555,"[0.15999959 0.15999998 0.15999921 0.15999957 0.15999734 0.15999835
 0.15999957 0.15999972 0.15999989 0.15999735]"
556,556,"[0.15999958 0.15999999 0.15999923 0.15999958 0.15999734 0.15999838
 0.15999957 0.15999973 0.15999989 0.15999736]"
557,557,"[0.15999957 0.15999999 0.15999925 0.15999959 0.15999734 0.15999841
 0.15999957 0.15999974 0.15999989 0.15999736]"
558,558,"[0.15999955 0.15999999 0.15999927 0.1599996  0.15999734 0.15999843
 0.15999957 0.15999975 0.15999989 0.15999737]"
559,559,"[0.15999954 0.15999999 0.15999929 0.15999962 0.15999733 0.15999846
 0.15999957 0.15999976 0.15999989 0.15999738]"
560,560,"[0.15999953 0.16       0.1599993  0.15999963 0.15999733 0.15999849
 0.15999956 0.15999978 0.1599999  0.15999739]"
561,561,"[0.15999952 0.16       0.15999932 0.15999964 0.15999733 0.15999851
 0.15999956 0.15999979 0.1599999  0.1599974 ]"
562,562,"[0.1599995  0.16       0.15999934 0.15999965 0.15999733 0.15999854
 0.15999956 0.1599998  0.1599999  0.15999742]"
563,563,"[0.15999949 0.16       0.15999936 0.15999966 0.15999733 0.15999856
 0.15999955 0.15999981 0.1599999  0.15999743]"
564,564,"[0.15999947 0.16       0.15999937 0.15999967 0.15999733 0.15999859
 0.15999955 0.15999982 0.1599999  0.15999745]"
565,565,"[0.15999946 0.16       0.15999939 0.15999968 0.15999733 0.15999861
 0.15999955 0.15999983 0.1599999  0.15999746]"
566,566,"[0.15999945 0.16       0.15999941 0.15999969 0.15999734 0.15999864
 0.15999954 0.15999984 0.1599999  0.15999748]"
567,567,"[0.15999943 0.16       0.15999942 0.1599997  0.15999734 0.15999866
 0.15999954 0.15999984 0.15999991 0.1599975 ]"
568,568,"[0.15999942 0.16       0.15999943 0.1599997  0.15999734 0.15999869
 0.15999953 0.15999985 0.15999991 0.15999752]"
569,569,"[0.1599994  0.16       0.15999945 0.15999971 0.15999734 0.15999871
 0.15999953 0.15999986 0.15999991 0.15999754]"
570,570,"[0.15999939 0.16       0.15999946 0.15999972 0.15999734 0.15999873
 0.15999952 0.15999987 0.15999991 0.15999756]"
571,571,"[0.15999937 0.16       0.15999948 0.15999973 0.15999735 0.15999875
 0.15999952 0.15999988 0.15999991 0.15999758]"
572,572,"[0.15999935 0.16       0.15999949 0.15999974 0.15999735 0.15999877
 0.15999951 0.15999988 0.15999991 0.15999761]"
573,573,"[0.15999934 0.16       0.1599995  0.15999974 0.15999735 0.15999879
 0.1599995  0.15999989 0.15999991 0.15999763]"
574,574,"[0.15999932 0.16       0.15999951 0.15999975 0.15999735 0.1599988
 0.1599995  0.1599999  0.15999991 0.15999766]"
575,575,"[0.1599993  0.16       0.15999952 0.15999976 0.15999736 0.15999882
 0.15999949 0.1599999  0.15999991 0.15999768]"
576,576,"[0.15999929 0.16       0.15999953 0.15999977 0.15999736 0.15999883
 0.15999948 0.15999991 0.15999991 0.15999771]"
577,577,"[0.15999927 0.16       0.15999954 0.15999977 0.15999737 0.15999884
 0.15999948 0.15999992 0.15999991 0.15999774]"
578,578,"[0.15999925 0.16       0.15999954 0.15999978 0.15999737 0.15999885
 0.15999947 0.15999992 0.15999991 0.15999776]"
579,579,"[0.15999923 0.16       0.15999954 0.15999979 0.15999738 0.15999886
 0.15999946 0.15999993 0.15999991 0.15999779]"
580,580,"[0.15999921 0.15999999 0.15999953 0.15999979 0.15999738 0.15999887
 0.15999945 0.15999993 0.15999992 0.15999781]"
581,581,"[0.1599992  0.15999995 0.15999948 0.1599998  0.15999739 0.15999887
 0.15999944 0.15999994 0.15999992 0.15999783]"
582,582,"[0.15999918 0.15999966 0.15999916 0.15999981 0.15999739 0.15999887
 0.15999943 0.15999994 0.15999992 0.15999785]"
583,583,"[0.15999916 0.15999981 0.15999872 0.15999981 0.1599974  0.15999887
 0.15999942 0.15999995 0.15999992 0.15999785]"
584,584,"[0.15999914 0.15999993 0.15999902 0.15999982 0.1599974  0.15999887
 0.15999941 0.15999995 0.15999992 0.15999785]"
585,585,"[0.15999912 0.15999996 0.15999917 0.15999982 0.15999741 0.15999886
 0.1599994  0.15999995 0.15999992 0.15999782]"
586,586,"[0.1599991  0.15999997 0.15999923 0.15999983 0.15999741 0.15999885
 0.15999939 0.15999996 0.15999992 0.15999775]"
587,587,"[0.15999908 0.15999998 0.15999911 0.15999984 0.15999742 0.15999883
 0.15999938 0.15999996 0.15999992 0.15999765]"
588,588,"[0.15999906 0.15999998 0.15999796 0.15999984 0.15999742 0.15999881
 0.15999937 0.15999996 0.15999992 0.15999751]"
589,589,"[0.15999903 0.15999999 0.15999838 0.15999985 0.15999743 0.15999879
 0.15999936 0.15999997 0.15999992 0.15999739]"
590,590,"[0.15999901 0.15999999 0.15999904 0.15999986 0.15999744 0.15999876
 0.15999935 0.15999997 0.15999992 0.15999734]"
591,591,"[0.15999899 0.15999999 0.15999913 0.15999986 0.15999744 0.15999873
 0.15999934 0.15999997 0.15999992 0.15999734]"
592,592,"[0.15999897 0.16       0.15999916 0.15999987 0.15999745 0.15999869
 0.15999933 0.15999998 0.15999991 0.15999736]"
593,593,"[0.15999895 0.16       0.15999919 0.15999988 0.15999746 0.15999864
 0.15999932 0.15999998 0.15999991 0.15999739]"
594,594,"[0.15999892 0.16       0.15999925 0.15999988 0.15999746 0.1599986
 0.15999931 0.15999998 0.15999991 0.15999744]"
595,595,"[0.1599989  0.16       0.15999931 0.15999989 0.15999747 0.15999855
 0.1599993  0.15999998 0.15999991 0.15999749]"
596,596,"[0.15999888 0.16       0.15999939 0.1599999  0.15999747 0.15999849
 0.15999929 0.15999999 0.15999991 0.15999756]"
597,597,"[0.15999885 0.16       0.15999946 0.1599999  0.15999748 0.15999844
 0.15999928 0.15999999 0.15999991 0.15999764]"
598,598,"[0.15999883 0.15999999 0.15999954 0.15999991 0.15999748 0.15999838
 0.15999926 0.15999999 0.15999991 0.15999773]"
599,599,"[0.1599988  0.15999999 0.15999961 0.15999992 0.15999749 0.15999832
 0.15999925 0.15999999 0.15999991 0.15999783]"
600,600,"[0.15999878 0.15999999 0.15999967 0.15999993 0.1599975  0.15999826
 0.15999924 0.15999999 0.15999991 0.15999793]"
601,601,"[0.15999875 0.15999999 0.15999973 0.15999994 0.1599975  0.15999821
 0.15999923 0.15999999 0.15999991 0.15999803]"
602,602,"[0.15999873 0.15999998 0.15999979 0.15999994 0.15999751 0.15999816
 0.15999922 0.16       0.15999991 0.15999814]"
603,603,"[0.1599987  0.15999998 0.15999983 0.15999995 0.15999751 0.15999811
 0.15999921 0.16       0.15999991 0.15999823]"
604,604,"[0.15999868 0.15999998 0.15999987 0.15999996 0.15999752 0.15999806
 0.1599992  0.16       0.15999991 0.15999833]"
605,605,"[0.15999865 0.15999998 0.1599999  0.15999997 0.15999752 0.15999802
 0.15999918 0.16       0.1599999  0.15999842]"
606,606,"[0.15999863 0.15999997 0.15999993 0.15999997 0.15999753 0.15999798
 0.15999917 0.16       0.1599999  0.15999851]"
607,607,"[0.1599986  0.15999997 0.15999995 0.15999998 0.15999753 0.15999795
 0.15999916 0.16       0.1599999  0.1599986 ]"
608,608,"[0.15999857 0.15999997 0.15999997 0.15999999 0.15999754 0.15999792
 0.15999915 0.16       0.1599999  0.15999869]"
609,609,"[0.15999855 0.15999997 0.15999998 0.15999999 0.15999754 0.15999788
 0.15999914 0.16       0.1599999  0.15999879]"
610,610,"[0.15999852 0.15999997 0.15999999 0.16       0.15999755 0.15999785
 0.15999913 0.16       0.1599999  0.15999889]"
611,611,"[0.15999849 0.15999997 0.15999999 0.16       0.15999755 0.15999779
 0.15999912 0.16       0.1599999  0.159999  ]"
612,612,"[0.15999846 0.15999997 0.16       0.16       0.15999756 0.1599977
 0.15999911 0.16       0.15999989 0.15999912]"
613,613,"[0.15999844 0.15999998 0.16       0.16       0.15999756 0.15999757
 0.1599991  0.16       0.15999989 0.15999925]"
614,614,"[0.15999841 0.15999998 0.16       0.16       0.15999757 0.15999742
 0.15999909 0.16       0.15999989 0.15999937]"
615,615,"[0.15999838 0.15999998 0.16       0.15999999 0.15999757 0.15999734
 0.15999908 0.16       0.15999989 0.15999949]"
616,616,"[0.15999835 0.15999998 0.16       0.15999998 0.15999758 0.15999743
 0.15999907 0.16       0.15999989 0.15999959]"
617,617,"[0.15999832 0.15999998 0.15999999 0.15999997 0.15999759 0.15999765
 0.15999905 0.15999999 0.15999988 0.15999967]"
618,618,"[0.15999829 0.15999998 0.15999999 0.15999996 0.15999759 0.1599979
 0.15999904 0.15999999 0.15999988 0.15999974]"
619,619,"[0.15999827 0.15999999 0.15999999 0.15999995 0.1599976  0.1599981
 0.15999903 0.15999999 0.15999988 0.15999979]"
620,620,"[0.15999824 0.15999999 0.15999998 0.15999993 0.15999761 0.15999825
 0.15999902 0.15999999 0.15999988 0.15999984]"
621,621,"[0.15999821 0.15999999 0.15999998 0.15999992 0.15999762 0.15999835
 0.15999901 0.15999999 0.15999988 0.15999987]"
622,622,"[0.15999818 0.15999999 0.15999997 0.15999991 0.15999762 0.15999843
 0.159999   0.15999998 0.15999987 0.1599999 ]"
623,623,"[0.15999815 0.15999999 0.15999996 0.15999989 0.15999763 0.15999848
 0.15999898 0.15999998 0.15999987 0.15999993]"
624,624,"[0.15999812 0.15999999 0.15999996 0.15999988 0.15999764 0.15999852
 0.15999897 0.15999998 0.15999987 0.15999994]"
625,625,"[0.15999809 0.16       0.15999995 0.15999987 0.15999765 0.15999855
 0.15999896 0.15999998 0.15999986 0.15999996]"
626,626,"[0.15999806 0.16       0.15999994 0.15999985 0.15999767 0.15999858
 0.15999894 0.15999997 0.15999986 0.15999997]"
627,627,"[0.15999803 0.16       0.15999994 0.15999984 0.15999768 0.15999859
 0.15999893 0.15999997 0.15999986 0.15999998]"
628,628,"[0.15999806 0.16       0.15999993 0.15999983 0.15999769 0.15999861
 0.15999877 0.15999996 0.15999986 0.15999999]"
629,629,"[0.15999772 0.16       0.15999992 0.15999982 0.1599977  0.15999862
 0.15999947 0.15999996 0.15999985 0.15999999]"
630,630,"[0.15999769 0.16       0.15999992 0.15999981 0.15999771 0.15999863
 0.15999946 0.15999995 0.15999985 0.16      ]"
631,631,"[0.15999767 0.16       0.15999991 0.15999979 0.15999773 0.15999864
 0.15999946 0.15999995 0.15999985 0.16      ]"
632,632,"[0.1599979  0.16       0.1599999  0.15999978 0.15999774 0.15999865
 0.15999945 0.15999994 0.15999984 0.15999998]"
633,633,"[0.15999787 0.16       0.15999989 0.15999977 0.15999776 0.15999866
 0.15999945 0.15999994 0.15999984 0.15999999]"
634,634,"[0.15999784 0.16       0.15999988 0.15999975 0.15999777 0.15999866
 0.15999944 0.15999993 0.15999984 0.16      ]"
635,635,"[0.15999782 0.16       0.15999988 0.15999973 0.15999779 0.15999866
 0.15999944 0.15999992 0.15999983 0.16      ]"
636,636,"[0.15999779 0.16       0.15999987 0.15999972 0.1599978  0.15999867
 0.15999943 0.15999992 0.15999983 0.16      ]"
637,637,"[0.15999776 0.16       0.15999986 0.15999969 0.15999782 0.15999867
 0.15999943 0.15999991 0.15999982 0.16      ]"
638,638,"[0.15999774 0.16       0.15999985 0.15999967 0.15999784 0.15999867
 0.15999943 0.15999991 0.15999982 0.15999999]"
639,639,"[0.15999771 0.16       0.15999984 0.15999965 0.15999785 0.15999866
 0.15999943 0.1599999  0.15999982 0.15999999]"
640,640,"[0.15999769 0.15999999 0.15999983 0.15999962 0.15999787 0.15999866
 0.15999942 0.1599999  0.15999981 0.15999998]"
641,641,"[0.15999767 0.15999999 0.15999982 0.15999959 0.15999789 0.15999866
 0.15999942 0.15999989 0.15999981 0.15999998]"
642,642,"[0.15999764 0.15999999 0.15999981 0.15999956 0.15999791 0.15999865
 0.15999942 0.15999988 0.1599998  0.15999997]"
643,643,"[0.15999762 0.15999998 0.1599998  0.15999952 0.15999792 0.15999864
 0.15999942 0.15999988 0.1599998  0.15999996]"
644,644,"[0.1599976  0.15999998 0.15999978 0.15999948 0.15999794 0.15999863
 0.15999942 0.15999987 0.15999979 0.15999995]"
645,645,"[0.15999758 0.15999998 0.15999977 0.15999944 0.15999796 0.15999862
 0.15999942 0.15999987 0.15999979 0.15999995]"
646,646,"[0.15999755 0.15999997 0.15999976 0.15999939 0.15999798 0.15999861
 0.15999941 0.15999987 0.15999978 0.15999994]"
647,647,"[0.15999753 0.15999997 0.15999975 0.15999933 0.159998   0.1599986
 0.15999941 0.15999986 0.15999978 0.15999993]"
648,648,"[0.15999751 0.15999996 0.15999974 0.15999927 0.15999802 0.15999858
 0.15999941 0.15999985 0.15999977 0.15999993]"
649,649,"[0.1599975  0.15999995 0.15999972 0.1599992  0.15999804 0.15999857
 0.15999941 0.15999985 0.15999977 0.15999992]"
650,650,"[0.15999748 0.15999995 0.15999971 0.15999912 0.15999806 0.15999855
 0.15999941 0.15999984 0.15999976 0.15999992]"
651,651,"[0.15999746 0.15999994 0.1599997  0.15999904 0.15999808 0.15999854
 0.1599994  0.15999983 0.15999975 0.15999991]"
652,652,"[0.15999745 0.15999993 0.15999968 0.15999894 0.1599981  0.15999852
 0.1599994  0.15999981 0.15999975 0.15999991]"
653,653,"[0.15999739 0.15999992 0.15999967 0.15999883 0.15999811 0.1599985
 0.15999939 0.15999972 0.15999974 0.15999991]"
654,654,"[0.15999733 0.15999992 0.15999965 0.15999871 0.15999813 0.15999849
 0.15999939 0.15999941 0.15999973 0.15999991]"
655,655,"[0.15999733 0.15999991 0.15999964 0.15999858 0.15999815 0.15999848
 0.15999939 0.15999939 0.15999973 0.15999991]"
656,656,"[0.15999733 0.1599999  0.15999962 0.15999843 0.15999817 0.15999846
 0.15999938 0.15999936 0.15999972 0.15999991]"
657,657,"[0.15999734 0.15999989 0.1599996  0.15999826 0.15999819 0.15999845
 0.15999937 0.15999934 0.15999971 0.15999991]"
658,658,"[0.15999734 0.15999988 0.15999959 0.15999807 0.15999821 0.15999845
 0.15999937 0.15999931 0.15999971 0.15999991]"
659,659,"[0.15999734 0.15999987 0.15999957 0.15999788 0.15999823 0.15999844
 0.15999936 0.15999929 0.1599997  0.15999991]"
660,660,"[0.15999735 0.15999986 0.15999955 0.15999768 0.15999824 0.15999845
 0.15999935 0.15999926 0.15999969 0.15999991]"
661,661,"[0.15999736 0.15999985 0.15999954 0.1599975  0.15999825 0.15999847
 0.15999934 0.15999923 0.15999968 0.15999991]"
662,662,"[0.15999737 0.15999984 0.15999952 0.15999738 0.15999825 0.1599985
 0.15999933 0.1599992  0.15999967 0.1599999 ]"
663,663,"[0.15999738 0.15999983 0.1599995  0.15999734 0.15999822 0.15999854
 0.15999932 0.15999917 0.15999967 0.1599999 ]"
664,664,"[0.15999739 0.15999982 0.15999948 0.15999737 0.15999815 0.15999861
 0.15999931 0.15999914 0.15999966 0.1599999 ]"
665,665,"[0.1599974  0.1599998  0.15999946 0.15999744 0.15999801 0.1599987
 0.15999929 0.15999911 0.15999965 0.1599999 ]"
666,666,"[0.15999741 0.15999979 0.15999944 0.15999749 0.15999781 0.1599988
 0.15999928 0.15999908 0.15999964 0.1599999 ]"
667,667,"[0.15999743 0.15999978 0.15999942 0.15999751 0.15999757 0.1599989
 0.15999926 0.15999905 0.15999963 0.1599999 ]"
668,668,"[0.15999745 0.15999977 0.1599994  0.15999755 0.15999739 0.15999898
 0.15999925 0.15999902 0.15999962 0.15999989]"
669,669,"[0.15999746 0.15999976 0.15999938 0.15999768 0.15999735 0.15999906
 0.15999923 0.159999   0.15999961 0.15999989]"
670,670,"[0.15999748 0.15999975 0.15999936 0.15999798 0.15999754 0.15999912
 0.15999921 0.15999897 0.1599996  0.15999989]"
671,671,"[0.1599975  0.15999973 0.15999934 0.15999843 0.1599979  0.15999916
 0.15999919 0.15999894 0.15999959 0.15999988]"
672,672,"[0.15999753 0.15999972 0.15999932 0.15999887 0.15999825 0.1599992
 0.15999917 0.15999891 0.15999958 0.15999988]"
673,673,"[0.15999755 0.15999971 0.1599993  0.15999921 0.15999849 0.15999924
 0.15999915 0.15999888 0.15999957 0.15999988]"
674,674,"[0.15999757 0.15999969 0.15999928 0.15999944 0.15999865 0.15999927
 0.15999912 0.15999885 0.15999955 0.15999987]"
675,675,"[0.1599976  0.15999968 0.15999926 0.15999961 0.15999876 0.15999929
 0.1599991  0.15999882 0.15999954 0.15999987]"
676,676,"[0.15999762 0.15999967 0.15999923 0.15999973 0.15999884 0.15999932
 0.15999907 0.15999879 0.15999953 0.15999986]"
677,677,"[0.15999765 0.15999965 0.15999921 0.15999982 0.1599989  0.15999934
 0.15999904 0.15999876 0.15999952 0.15999986]"
678,678,"[0.15999767 0.15999964 0.15999919 0.15999989 0.15999895 0.15999936
 0.15999902 0.15999873 0.15999951 0.15999985]"
679,679,"[0.1599977  0.15999963 0.15999916 0.15999993 0.159999   0.15999938
 0.15999899 0.1599987  0.15999949 0.15999985]"
680,680,"[0.15999773 0.15999961 0.15999914 0.15999996 0.15999904 0.1599994
 0.15999896 0.15999867 0.15999948 0.15999984]"
681,681,"[0.15999776 0.1599996  0.15999911 0.15999998 0.15999908 0.15999942
 0.15999892 0.15999864 0.15999946 0.15999984]"
682,682,"[0.15999779 0.15999958 0.15999909 0.15999999 0.15999911 0.15999943
 0.15999889 0.1599986  0.15999945 0.15999983]"
683,683,"[0.15999782 0.15999948 0.15999906 0.16       0.15999915 0.15999944
 0.15999886 0.15999857 0.15999933 0.15999982]"
684,684,"[0.15999785 0.15999929 0.15999904 0.16       0.15999918 0.15999945
 0.15999883 0.15999853 0.15999912 0.15999982]"
685,685,"[0.15999788 0.15999927 0.15999901 0.16       0.15999922 0.15999946
 0.15999879 0.1599985  0.1599991  0.15999981]"
686,686,"[0.15999792 0.15999924 0.15999898 0.15999999 0.15999925 0.15999947
 0.15999876 0.15999846 0.15999908 0.1599998 ]"
687,687,"[0.15999868 0.15999922 0.15999896 0.15999998 0.15999929 0.15999948
 0.15999873 0.15999843 0.15999849 0.1599998 ]"
688,688,"[0.15999871 0.15999919 0.15999893 0.15999998 0.15999932 0.15999949
 0.1599987  0.15999839 0.15999846 0.15999979]"
689,689,"[0.15999874 0.15999917 0.1599989  0.15999997 0.15999936 0.15999949
 0.15999866 0.15999836 0.15999843 0.15999978]"
690,690,"[0.15999877 0.15999914 0.15999888 0.15999996 0.15999939 0.1599995
 0.15999863 0.15999832 0.1599984  0.15999977]"
691,691,"[0.1599988  0.15999911 0.15999885 0.15999995 0.15999942 0.1599995
 0.1599986  0.15999829 0.15999837 0.15999977]"
692,692,"[0.15999883 0.15999908 0.15999882 0.15999994 0.15999946 0.15999951
 0.15999857 0.15999826 0.15999834 0.15999976]"
693,693,"[0.15999885 0.15999905 0.15999879 0.15999993 0.15999949 0.15999951
 0.15999855 0.15999823 0.15999831 0.15999975]"
694,694,"[0.15999888 0.15999903 0.15999876 0.15999992 0.15999953 0.15999951
 0.15999852 0.1599982  0.15999828 0.15999974]"
695,695,"[0.15999891 0.159999   0.15999873 0.15999991 0.15999956 0.15999951
 0.1599985  0.15999817 0.15999825 0.15999973]"
696,696,"[0.15999894 0.15999897 0.1599987  0.1599999  0.15999959 0.15999951
 0.15999847 0.15999814 0.15999821 0.15999972]"
697,697,"[0.15999896 0.15999894 0.15999867 0.15999989 0.15999962 0.15999952
 0.15999845 0.15999812 0.15999818 0.15999971]"
698,698,"[0.15999899 0.15999891 0.15999864 0.15999988 0.15999965 0.15999952
 0.15999843 0.1599981  0.15999815 0.1599997 ]"
699,699,"[0.15999901 0.15999888 0.15999861 0.15999986 0.15999968 0.15999952
 0.15999841 0.15999808 0.15999812 0.15999969]"
700,700,"[0.15999904 0.15999884 0.15999858 0.15999985 0.1599997  0.15999952
 0.1599984  0.15999806 0.15999809 0.15999968]"
701,701,"[0.15999906 0.15999881 0.15999855 0.15999984 0.15999973 0.15999952
 0.15999838 0.15999804 0.15999806 0.15999967]"
702,702,"[0.15999909 0.15999878 0.15999852 0.15999983 0.15999975 0.15999952
 0.15999837 0.15999803 0.15999803 0.15999966]"
703,703,"[0.15999911 0.15999875 0.15999848 0.15999982 0.15999977 0.15999953
 0.15999836 0.15999801 0.159998   0.15999965]"
704,704,"[0.15999914 0.15999871 0.15999845 0.15999981 0.15999979 0.15999953
 0.15999835 0.159998   0.15999797 0.15999964]"
705,705,"[0.15999916 0.15999868 0.15999842 0.15999979 0.15999981 0.15999953
 0.15999834 0.15999799 0.15999794 0.15999963]"
706,706,"[0.15999918 0.15999865 0.15999839 0.15999978 0.15999982 0.15999953
 0.15999833 0.15999798 0.15999791 0.15999961]"
707,707,"[0.1599992  0.15999861 0.15999836 0.15999977 0.15999984 0.15999954
 0.15999832 0.15999797 0.15999788 0.1599996 ]"
708,708,"[0.15999922 0.15999858 0.15999832 0.15999976 0.15999985 0.15999954
 0.15999832 0.15999796 0.15999785 0.15999959]"
709,709,"[0.15999924 0.15999854 0.15999829 0.15999975 0.15999986 0.15999954
 0.15999831 0.15999796 0.15999783 0.15999958]"
710,710,"[0.15999927 0.15999851 0.15999826 0.15999973 0.15999987 0.15999955
 0.15999831 0.15999795 0.1599978  0.15999956]"
711,711,"[0.15999929 0.15999847 0.15999823 0.15999972 0.15999988 0.15999955
 0.15999831 0.15999795 0.15999777 0.15999955]"
712,712,"[0.15999931 0.15999844 0.1599982  0.15999971 0.15999989 0.15999955
 0.1599983  0.15999794 0.15999774 0.15999954]"
713,713,"[0.15999932 0.1599984  0.15999816 0.1599997  0.1599999  0.15999956
 0.15999829 0.15999794 0.15999772 0.15999952]"
714,714,"[0.15999934 0.15999837 0.15999813 0.15999968 0.15999991 0.15999956
 0.15999828 0.15999794 0.15999769 0.15999951]"
715,715,"[0.15999936 0.15999833 0.1599981  0.15999967 0.15999992 0.15999957
 0.15999825 0.15999793 0.15999767 0.15999949]"
716,716,"[0.15999938 0.15999829 0.15999807 0.15999983 0.15999992 0.15999958
 0.1599982  0.15999793 0.15999735 0.15999948]"
717,717,"[0.1599994  0.15999826 0.15999804 0.15999982 0.15999993 0.15999958
 0.1599981  0.15999793 0.15999734 0.15999946]"
718,718,"[0.15999941 0.15999822 0.15999801 0.15999981 0.15999993 0.15999959
 0.1599978  0.15999793 0.15999734 0.15999945]"
719,719,"[0.15999943 0.15999819 0.15999798 0.1599998  0.15999994 0.15999959
 0.15999967 0.15999793 0.15999733 0.15999943]"
720,720,"[0.15999945 0.15999815 0.15999795 0.15999979 0.15999994 0.1599996
 0.15999939 0.15999794 0.15999733 0.15999942]"
721,721,"[0.15999946 0.15999811 0.15999792 0.15999978 0.15999995 0.15999961
 0.15999892 0.15999794 0.15999733 0.1599994 ]"
722,722,"[0.15999948 0.15999808 0.15999789 0.15999977 0.15999995 0.15999961
 0.15999875 0.15999794 0.15999733 0.15999938]"
723,723,"[0.15999949 0.15999804 0.15999786 0.15999976 0.15999996 0.15999962
 0.15999864 0.15999795 0.15999734 0.15999937]"
724,724,"[0.15999951 0.15999801 0.15999783 0.15999975 0.15999996 0.15999963
 0.15999857 0.15999796 0.15999734 0.15999935]"
725,725,"[0.15999952 0.15999797 0.1599978  0.15999974 0.15999996 0.15999963
 0.1599985  0.15999796 0.15999734 0.15999933]"
726,726,"[0.15999954 0.15999794 0.15999777 0.15999973 0.15999997 0.15999964
 0.15999845 0.15999797 0.15999735 0.15999931]"
727,727,"[0.15999955 0.15999791 0.15999774 0.15999972 0.15999997 0.15999964
 0.1599984  0.15999798 0.15999736 0.15999929]"
728,728,"[0.15999956 0.15999787 0.15999772 0.15999971 0.15999997 0.15999965
 0.15999836 0.159998   0.15999736 0.15999927]"
729,729,"[0.15999958 0.15999784 0.15999769 0.1599997  0.15999998 0.15999966
 0.15999832 0.15999801 0.15999737 0.15999926]"
730,730,"[0.15999959 0.15999781 0.15999766 0.15999969 0.15999998 0.15999966
 0.15999828 0.15999802 0.15999738 0.15999924]"
731,731,"[0.1599996  0.15999777 0.15999764 0.15999967 0.15999998 0.15999967
 0.15999824 0.15999804 0.15999739 0.15999922]"
732,732,"[0.15999961 0.15999774 0.15999762 0.15999966 0.15999998 0.15999968
 0.15999821 0.15999806 0.15999741 0.1599992 ]"
733,733,"[0.15999962 0.15999771 0.15999759 0.15999965 0.15999998 0.15999968
 0.15999818 0.15999807 0.15999742 0.15999918]"
734,734,"[0.15999964 0.15999768 0.15999757 0.15999964 0.15999999 0.15999969
 0.15999814 0.15999809 0.15999743 0.15999916]"
735,735,"[0.15999965 0.15999765 0.15999755 0.15999962 0.15999999 0.1599997
 0.15999811 0.15999811 0.15999745 0.15999913]"
736,736,"[0.15999966 0.15999763 0.15999753 0.15999961 0.15999999 0.1599997
 0.15999808 0.15999813 0.15999746 0.15999911]"
737,737,"[0.15999967 0.1599976  0.15999751 0.1599996  0.15999999 0.15999971
 0.15999805 0.15999816 0.15999748 0.15999909]"
738,738,"[0.15999968 0.15999757 0.15999749 0.15999958 0.15999999 0.15999972
 0.15999803 0.15999818 0.15999749 0.15999907]"
739,739,"[0.15999969 0.15999755 0.15999747 0.15999957 0.15999999 0.15999972
 0.159998   0.1599982  0.15999751 0.15999905]"
740,740,"[0.1599997  0.15999753 0.15999745 0.15999956 0.15999999 0.15999973
 0.15999797 0.15999823 0.15999753 0.15999902]"
741,741,"[0.1599997  0.1599975  0.15999743 0.15999954 0.15999999 0.15999974
 0.16       0.15999825 0.15999924 0.1599988 ]"
742,742,"[0.15999971 0.15999748 0.15999742 0.15999953 0.15999999 0.15999974
 0.16       0.15999828 0.15999957 0.15999837]"
743,743,"[0.15999972 0.15999746 0.15999741 0.15999951 0.16       0.15999975
 0.16       0.15999831 0.15999959 0.15999833]"
744,744,"[0.15999973 0.15999744 0.15999739 0.1599995  0.16       0.15999976
 0.16       0.15999833 0.15999961 0.1599983 ]"
745,745,"[0.15999974 0.15999743 0.15999738 0.15999948 0.16       0.15999977
 0.15999999 0.15999836 0.15999962 0.15999827]"
746,746,"[0.15999974 0.15999741 0.15999737 0.15999947 0.16       0.15999977
 0.15999999 0.15999839 0.15999964 0.15999824]"
747,747,"[0.15999975 0.15999739 0.15999736 0.15999945 0.16       0.15999978
 0.15999998 0.15999842 0.15999965 0.15999821]"
748,748,"[0.15999976 0.15999738 0.15999735 0.15999944 0.16       0.15999979
 0.15999997 0.15999845 0.15999966 0.15999818]"
749,749,"[0.15999977 0.15999737 0.15999735 0.15999942 0.16       0.15999979
 0.15999996 0.15999848 0.15999968 0.15999814]"
750,750,"[0.15999977 0.15999736 0.15999734 0.15999941 0.16       0.1599998
 0.15999995 0.15999851 0.15999969 0.15999811]"
751,751,"[0.15999978 0.15999735 0.15999734 0.15999939 0.16       0.15999981
 0.15999993 0.15999854 0.1599997  0.15999808]"
752,752,"[0.15999979 0.15999735 0.15999733 0.15999938 0.16       0.15999982
 0.15999992 0.15999857 0.15999972 0.15999805]"
753,753,"[0.15999979 0.15999734 0.15999733 0.15999936 0.16       0.15999982
 0.1599999  0.1599986  0.15999973 0.15999802]"
754,754,"[0.1599998  0.15999734 0.15999733 0.15999935 0.16       0.15999983
 0.15999988 0.15999863 0.15999974 0.15999799]"
755,755,"[0.15999981 0.15999733 0.15999734 0.15999934 0.16       0.15999984
 0.15999986 0.15999866 0.15999975 0.15999796]"
756,756,"[0.15999981 0.15999733 0.15999734 0.15999932 0.16       0.15999985
 0.15999985 0.15999869 0.15999977 0.15999793]"
757,757,"[0.15999982 0.15999733 0.15999734 0.15999931 0.16       0.15999985
 0.15999983 0.15999872 0.15999978 0.1599979 ]"
758,758,"[0.15999982 0.15999734 0.15999735 0.15999929 0.16       0.15999986
 0.15999981 0.15999876 0.15999979 0.15999787]"
759,759,"[0.15999983 0.15999734 0.15999736 0.15999928 0.16       0.15999987
 0.15999979 0.15999879 0.1599998  0.15999784]"
760,760,"[0.15999983 0.15999735 0.15999736 0.15999926 0.16       0.15999987
 0.15999977 0.15999882 0.15999981 0.15999781]"
761,761,"[0.15999984 0.15999735 0.15999737 0.15999925 0.16       0.15999988
 0.15999975 0.15999885 0.15999982 0.15999779]"
762,762,"[0.15999984 0.15999736 0.15999739 0.15999924 0.16       0.15999989
 0.15999973 0.15999888 0.15999983 0.15999776]"
763,763,"[0.15999985 0.15999737 0.1599974  0.15999922 0.16       0.15999989
 0.15999971 0.15999891 0.15999984 0.15999773]"
764,764,"[0.15999985 0.15999739 0.15999741 0.15999921 0.16       0.1599999
 0.15999969 0.15999894 0.15999985 0.15999771]"
765,765,"[0.15999986 0.1599974  0.15999743 0.15999919 0.16       0.15999991
 0.15999968 0.15999898 0.15999986 0.15999768]"
766,766,"[0.15999986 0.15999741 0.15999745 0.15999918 0.16       0.15999991
 0.15999966 0.15999901 0.15999987 0.15999766]"
767,767,"[0.15999987 0.15999743 0.15999746 0.15999917 0.15999999 0.15999992
 0.15999964 0.15999904 0.15999988 0.15999763]"
768,768,"[0.15999987 0.15999745 0.15999748 0.15999915 0.15999999 0.15999992
 0.15999962 0.15999907 0.15999989 0.15999761]"
769,769,"[0.15999987 0.15999747 0.15999751 0.15999914 0.15999999 0.15999993
 0.15999961 0.1599991  0.1599999  0.15999759]"
770,770,"[0.15999988 0.15999749 0.15999753 0.15999913 0.15999999 0.15999993
 0.15999959 0.15999913 0.15999991 0.15999756]"
771,771,"[0.15999988 0.15999751 0.15999755 0.15999911 0.15999999 0.15999994
 0.15999957 0.15999916 0.15999991 0.15999754]"
772,772,"[0.15999989 0.15999753 0.15999758 0.1599991  0.15999999 0.15999994
 0.15999956 0.15999919 0.15999992 0.15999752]"
773,773,"[0.15999989 0.15999756 0.1599976  0.15999909 0.15999999 0.15999995
 0.15999954 0.15999921 0.15999993 0.1599975 ]"
774,774,"[0.15999989 0.15999758 0.15999763 0.15999907 0.15999999 0.15999995
 0.15999952 0.15999924 0.15999994 0.15999749]"
775,775,"[0.1599999  0.15999761 0.15999766 0.15999906 0.15999999 0.15999996
 0.15999951 0.15999927 0.15999994 0.15999747]"
776,776,"[0.1599999  0.15999763 0.15999769 0.15999905 0.15999998 0.15999996
 0.15999949 0.1599993  0.15999995 0.15999745]"
777,777,"[0.15999991 0.15999766 0.15999772 0.15999904 0.15999998 0.15999996
 0.15999948 0.15999932 0.15999996 0.15999744]"
778,778,"[0.15999991 0.15999769 0.15999775 0.15999902 0.15999998 0.15999997
 0.15999946 0.15999935 0.15999996 0.15999742]"
779,779,"[0.15999991 0.15999772 0.15999778 0.15999901 0.15999998 0.15999997
 0.15999945 0.1599993  0.16000047 0.15999741]"
780,780,"[0.15999992 0.15999775 0.15999781 0.159999   0.15999998 0.15999997
 0.15999943 0.15999919 0.15999946 0.1599974 ]"
781,781,"[0.15999992 0.15999778 0.15999785 0.15999898 0.15999998 0.15999997
 0.15999942 0.15999922 0.15999946 0.15999738]"
782,782,"[0.15999998 0.15999781 0.15999788 0.15999897 0.15999997 0.15999998
 0.1599994  0.15999925 0.15999946 0.15999737]"
783,783,"[0.15999999 0.15999785 0.15999792 0.15999896 0.15999997 0.15999998
 0.15999938 0.15999927 0.15999946 0.15999736]"
784,784,"[0.15999999 0.15999788 0.15999795 0.15999894 0.15999997 0.15999998
 0.15999937 0.1599993  0.15999946 0.15999735]"
785,785,"[0.15999999 0.15999791 0.15999799 0.15999893 0.15999997 0.15999998
 0.15999935 0.15999933 0.15999946 0.15999734]"
786,786,"[0.15999999 0.15999795 0.15999802 0.15999892 0.15999997 0.15999998
 0.15999933 0.15999935 0.15999946 0.15999734]"
787,787,"[0.16       0.15999798 0.15999806 0.15999891 0.15999996 0.15999999
 0.15999931 0.15999938 0.15999946 0.15999734]"
788,788,"[0.16       0.15999802 0.1599981  0.15999889 0.15999996 0.15999999
 0.15999929 0.1599994  0.15999946 0.15999733]"
789,789,"[0.16       0.15999805 0.15999814 0.15999888 0.15999996 0.15999999
 0.15999926 0.15999943 0.15999946 0.15999733]"
790,790,"[0.16       0.15999809 0.15999818 0.15999887 0.15999996 0.15999999
 0.15999924 0.15999945 0.15999945 0.15999733]"
791,791,"[0.16       0.15999812 0.15999822 0.15999885 0.15999996 0.15999999
 0.15999921 0.15999947 0.15999945 0.15999734]"
792,792,"[0.16       0.15999816 0.15999826 0.15999884 0.15999995 0.15999999
 0.15999918 0.1599995  0.15999945 0.15999734]"
793,793,"[0.16       0.1599982  0.1599983  0.15999883 0.15999995 0.15999999
 0.15999915 0.15999952 0.15999945 0.15999735]"
794,794,"[0.16       0.15999823 0.15999834 0.15999881 0.15999995 0.15999999
 0.15999912 0.15999954 0.15999945 0.15999735]"
795,795,"[0.16       0.15999827 0.15999838 0.1599988  0.15999995 0.15999999
 0.15999908 0.15999956 0.15999944 0.15999736]"
796,796,"[0.16       0.15999831 0.15999841 0.15999878 0.16000131 0.15999999
 0.15999904 0.15999958 0.15999984 0.15999737]"
797,797,"[0.16       0.15999834 0.15999845 0.15999877 0.15999964 0.15999999
 0.15999899 0.1599996  0.15999904 0.15999738]"
798,798,"[0.16       0.15999838 0.15999849 0.15999875 0.15999963 0.15999999
 0.15999894 0.15999962 0.15999905 0.15999739]"
799,799,"[0.16       0.15999841 0.15999853 0.15999874 0.15999962 0.15999999
 0.15999888 0.15999964 0.15999906 0.15999741]"
800,800,"[0.16       0.15999845 0.15999857 0.15999873 0.15999961 0.15999999
 0.15999882 0.15999966 0.15999907 0.15999742]"
801,801,"[0.16       0.15999849 0.15999861 0.15999871 0.15999959 0.16
 0.15999874 0.15999968 0.15999908 0.15999744]"
802,802,"[0.16       0.15999852 0.15999865 0.1599987  0.15999958 0.16
 0.15999866 0.15999969 0.1599991  0.15999745]"
803,803,"[0.16       0.15999856 0.15999869 0.15999868 0.15999957 0.16000011
 0.15999857 0.15999971 0.15999902 0.15999747]"
804,804,"[0.16       0.15999859 0.15999873 0.15999867 0.15999955 0.15999984
 0.15999847 0.15999973 0.1599989  0.15999749]"
805,805,"[0.15999999 0.15999863 0.15999877 0.15999865 0.15999954 0.15999984
 0.15999836 0.15999974 0.15999892 0.15999751]"
806,806,"[0.15999999 0.15999866 0.15999881 0.15999864 0.15999952 0.15999983
 0.15999824 0.15999976 0.15999894 0.15999753]"
807,807,"[0.15999999 0.1599987  0.15999885 0.15999862 0.15999951 0.15999983
 0.15999811 0.15999978 0.15999896 0.15999755]"
808,808,"[0.15999998 0.15999873 0.15999888 0.15999861 0.15999949 0.15999982
 0.15999797 0.15999979 0.15999898 0.15999758]"
809,809,"[0.15999998 0.15999877 0.15999892 0.1599986  0.15999948 0.15999982
 0.15999783 0.15999981 0.159999   0.1599976 ]"
810,810,"[0.15999998 0.1599988  0.15999896 0.15999859 0.15999946 0.15999981
 0.15999769 0.15999982 0.15999902 0.15999763]"
811,811,"[0.15999997 0.15999883 0.15999899 0.15999857 0.15999945 0.1599998
 0.15999756 0.15999984 0.15999904 0.15999766]"
812,812,"[0.15999996 0.15999886 0.15999903 0.15999856 0.15999943 0.1599998
 0.15999746 0.15999985 0.15999905 0.15999768]"
813,813,"[0.15999996 0.1599989  0.15999906 0.15999856 0.15999941 0.15999979
 0.15999738 0.15999986 0.15999907 0.15999771]"
814,814,"[0.15999995 0.15999893 0.1599991  0.15999855 0.15999939 0.15999979
 0.15999734 0.15999988 0.15999909 0.15999774]"
815,815,"[0.15999994 0.15999896 0.15999913 0.15999854 0.15999938 0.15999978
 0.15999734 0.15999989 0.15999911 0.15999777]"
816,816,"[0.15999993 0.15999899 0.15999916 0.15999854 0.15999936 0.15999977
 0.15999738 0.1599999  0.15999912 0.1599978 ]"
817,817,"[0.15999992 0.15999902 0.1599992  0.15999854 0.15999934 0.15999977
 0.15999746 0.15999991 0.15999914 0.15999783]"
818,818,"[0.15999991 0.15999905 0.15999923 0.15999854 0.15999932 0.15999976
 0.15999756 0.15999992 0.15999916 0.15999786]"
819,819,"[0.1599999  0.15999907 0.15999926 0.15999854 0.1599993  0.15999975
 0.15999767 0.15999994 0.15999917 0.15999789]"
820,820,"[0.15999989 0.1599991  0.15999929 0.15999854 0.15999928 0.15999974
 0.15999779 0.15999995 0.15999919 0.15999792]"
821,821,"[0.15999988 0.15999913 0.15999932 0.15999855 0.15999927 0.15999974
 0.1599979  0.15999995 0.15999921 0.15999796]"
822,822,"[0.15999986 0.15999916 0.15999935 0.15999856 0.15999925 0.15999973
 0.15999801 0.15999996 0.15999922 0.15999799]"
823,823,"[0.15999985 0.15999918 0.15999938 0.15999856 0.15999922 0.15999962
 0.15999811 0.15999997 0.15999924 0.15999796]"
824,824,"[0.15999983 0.15999921 0.1599994  0.15999857 0.1599992  0.15999931
 0.15999819 0.15999998 0.15999925 0.15999792]"
825,825,"[0.15999981 0.15999923 0.15999943 0.15999858 0.15999918 0.15999929
 0.15999826 0.15999998 0.15999926 0.15999795]"
826,826,"[0.15999979 0.15999925 0.15999946 0.15999858 0.15999904 0.15999905
 0.15999832 0.15999999 0.15999928 0.15999798]"
827,827,"[0.15999975 0.15999928 0.15999948 0.15999859 0.1599988  0.15999843
 0.15999838 0.15999999 0.15999929 0.15999801]"
828,828,"[0.1599997  0.1599993  0.15999951 0.15999859 0.15999878 0.15999841
 0.15999843 0.16       0.15999931 0.15999804]"
829,829,"[0.15999963 0.15999932 0.15999953 0.1599986  0.15999875 0.15999838
 0.15999849 0.16       0.15999932 0.15999807]"
830,830,"[0.15999952 0.15999934 0.15999955 0.1599986  0.15999873 0.15999836
 0.15999859 0.16       0.15999933 0.1599981 ]"
831,831,"[0.15999937 0.15999936 0.15999957 0.1599986  0.1599987  0.15999833
 0.15999874 0.16       0.15999935 0.15999814]"
832,832,"[0.15999918 0.15999938 0.15999959 0.1599986  0.15999867 0.1599983
 0.15999895 0.16       0.15999936 0.15999817]"
833,833,"[0.15999898 0.1599994  0.15999961 0.1599986  0.15999864 0.15999827
 0.15999919 0.16       0.15999937 0.1599982 ]"
834,834,"[0.15999883 0.15999941 0.15999963 0.1599986  0.15999862 0.15999825
 0.1599994  0.15999999 0.15999938 0.15999823]"
835,835,"[0.15999873 0.15999943 0.15999965 0.15999859 0.15999859 0.15999822
 0.15999956 0.15999999 0.15999939 0.15999827]"
836,836,"[0.15999868 0.15999945 0.15999966 0.15999859 0.15999856 0.15999819
 0.15999967 0.15999999 0.15999941 0.1599983 ]"
837,837,"[0.15999864 0.15999946 0.15999968 0.15999858 0.15999853 0.15999816
 0.15999974 0.15999998 0.15999942 0.15999833]"
838,838,"[0.15999858 0.15999947 0.1599997  0.15999858 0.15999851 0.15999813
 0.1599998  0.15999998 0.15999943 0.15999836]"
839,839,"[0.15999849 0.15999949 0.15999971 0.15999857 0.15999848 0.1599981
 0.15999983 0.15999997 0.15999944 0.1599984 ]"
840,840,"[0.15999832 0.1599995  0.15999972 0.15999856 0.15999845 0.15999806
 0.15999986 0.15999997 0.15999945 0.15999843]"
841,841,"[0.15999798 0.15999951 0.15999974 0.15999856 0.15999842 0.15999803
 0.15999989 0.15999997 0.15999946 0.15999846]"
842,842,"[0.15999745 0.15999952 0.15999975 0.15999855 0.15999839 0.159998
 0.1599999  0.15999997 0.15999947 0.1599985 ]"
843,843,"[0.15999822 0.15999953 0.15999976 0.15999854 0.15999836 0.15999797
 0.15999992 0.15999998 0.15999948 0.15999853]"
844,844,"[0.15999972 0.15999954 0.15999977 0.15999853 0.15999833 0.15999794
 0.15999993 0.15999999 0.15999949 0.15999856]"
845,845,"[0.15999998 0.15999955 0.15999979 0.15999852 0.1599983  0.15999791
 0.15999994 0.16       0.1599995  0.15999859]"
846,846,"[0.16       0.15999955 0.15999989 0.15999851 0.15999827 0.15999787
 0.15999995 0.16       0.15999951 0.15999862]"
847,847,"[0.15999999 0.15999956 0.15999994 0.1599985  0.15999824 0.15999784
 0.15999995 0.15999995 0.15999952 0.15999866]"
848,848,"[0.15999995 0.15999956 0.15999994 0.15999848 0.15999821 0.15999781
 0.15999996 0.15999982 0.15999953 0.15999869]"
849,849,"[0.15999983 0.15999957 0.15999995 0.15999847 0.15999819 0.15999778
 0.15999996 0.15999965 0.15999954 0.15999872]"
850,850,"[0.15999969 0.15999957 0.15999995 0.15999846 0.15999816 0.15999775
 0.15999997 0.1599995  0.15999955 0.15999875]"
851,851,"[0.15999957 0.15999957 0.15999995 0.15999845 0.15999813 0.15999772
 0.15999997 0.1599994  0.15999956 0.15999878]"
852,852,"[0.15999949 0.15999957 0.15999995 0.15999844 0.1599981  0.15999769
 0.15999997 0.15999933 0.15999957 0.15999881]"
853,853,"[0.15999943 0.15999957 0.15999996 0.15999828 0.15999792 0.15999767
 0.15999998 0.15999928 0.15999958 0.15999884]"
854,854,"[0.15999939 0.15999956 0.15999996 0.15999805 0.15999769 0.15999764
 0.15999998 0.15999923 0.15999959 0.15999887]"
855,855,"[0.15999937 0.15999956 0.15999996 0.15999804 0.15999766 0.15999761
 0.15999998 0.15999916 0.1599996  0.1599989 ]"
856,856,"[0.15999935 0.15999955 0.15999997 0.15999804 0.15999764 0.15999759
 0.15999998 0.15999904 0.1599996  0.15999893]"
857,857,"[0.15999935 0.15999955 0.15999997 0.15999803 0.15999762 0.15999756
 0.15999998 0.15999883 0.15999961 0.15999896]"
858,858,"[0.15999935 0.15999954 0.15999997 0.15999803 0.1599976  0.15999754
 0.15999998 0.15999845 0.15999962 0.15999899]"
859,859,"[0.15999936 0.15999954 0.15999997 0.15999802 0.15999758 0.15999752
 0.15999998 0.15999782 0.15999963 0.15999901]"
860,860,"[0.15999937 0.15999953 0.15999997 0.15999802 0.15999756 0.1599975
 0.15999998 0.15999738 0.15999964 0.15999904]"
861,861,"[0.15999939 0.15999953 0.15999998 0.15999802 0.15999754 0.15999748
 0.15999998 0.15999809 0.15999965 0.15999907]"
862,862,"[0.1599994  0.15999953 0.15999998 0.15999802 0.15999752 0.15999746
 0.15999998 0.159999   0.15999966 0.15999909]"
863,863,"[0.15999942 0.15999952 0.15999998 0.15999801 0.15999751 0.15999744
 0.15999998 0.15999946 0.15999966 0.15999912]"
864,864,"[0.15999943 0.15999952 0.15999998 0.15999801 0.15999749 0.15999743
 0.15999998 0.15999966 0.15999967 0.15999915]"
865,865,"[0.15999945 0.15999953 0.15999998 0.15999801 0.15999737 0.15999741
 0.15999997 0.15999976 0.15999968 0.15999917]"
866,866,"[0.15999947 0.15999953 0.15999998 0.15999801 0.15999735 0.1599974
 0.15999997 0.1599998  0.15999969 0.1599992 ]"
867,867,"[0.15999948 0.15999954 0.15999999 0.15999801 0.15999736 0.15999739
 0.15999996 0.15999981 0.15999969 0.15999922]"
868,868,"[0.1599995  0.15999957 0.15999999 0.15999802 0.15999736 0.15999738
 0.15999995 0.15999977 0.1599997  0.15999924]"
869,869,"[0.15999951 0.15999977 0.15999999 0.15999802 0.15999737 0.15999737
 0.15999994 0.15999938 0.15999971 0.15999927]"
870,870,"[0.15999952 0.15999955 0.15999999 0.15999802 0.15999738 0.15999736
 0.15999993 0.16000025 0.15999971 0.15999929]"
871,871,"[0.15999954 0.15999857 0.15999999 0.15999803 0.15999738 0.15999735
 0.15999991 0.15999993 0.15999972 0.15999931]"
872,872,"[0.15999955 0.15999824 0.15999999 0.15999804 0.15999739 0.15999735
 0.15999989 0.15999992 0.15999973 0.15999933]"
873,873,"[0.15999955 0.15999792 0.16000014 0.15999805 0.1599982  0.15999734
 0.15999986 0.15999992 0.15999973 0.15999936]"
874,874,"[0.15999956 0.15999759 0.15999982 0.15999806 0.15999877 0.15999734
 0.15999983 0.15999992 0.15999974 0.15999938]"
875,875,"[0.15999957 0.15999736 0.15999983 0.15999807 0.15999878 0.15999733
 0.1599998  0.15999993 0.15999974 0.1599994 ]"
876,876,"[0.15999958 0.1599975  0.15999983 0.15999808 0.1599988  0.15999733
 0.15999976 0.15999993 0.15999975 0.15999942]"
877,877,"[0.15999958 0.15999819 0.15999983 0.1599981  0.15999881 0.15999733
 0.15999972 0.15999994 0.15999976 0.15999944]"
878,878,"[0.15999958 0.15999901 0.15999983 0.15999811 0.15999882 0.15999733
 0.15999967 0.15999994 0.15999976 0.15999946]"
879,879,"[0.15999959 0.15999956 0.15999983 0.15999813 0.15999883 0.15999734
 0.15999962 0.15999994 0.15999977 0.15999947]"
880,880,"[0.15999959 0.15999984 0.15999983 0.15999816 0.15999884 0.15999734
 0.15999956 0.15999995 0.15999977 0.15999949]"
881,881,"[0.15999959 0.15999995 0.15999983 0.15999818 0.15999885 0.15999734
 0.15999951 0.15999995 0.15999978 0.15999951]"
882,882,"[0.15999959 0.15999999 0.15999983 0.1599982  0.15999886 0.15999735
 0.15999945 0.15999995 0.15999978 0.15999953]"
883,883,"[0.15999959 0.16       0.15999984 0.15999823 0.15999887 0.15999736
 0.15999939 0.15999996 0.15999979 0.15999955]"
884,884,"[0.15999959 0.15999998 0.15999984 0.15999826 0.15999888 0.15999736
 0.15999934 0.15999996 0.15999979 0.15999956]"
885,885,"[0.15999959 0.15999996 0.15999984 0.15999829 0.15999888 0.15999737
 0.15999929 0.15999996 0.1599998  0.15999958]"
886,886,"[0.15999958 0.15999993 0.15999984 0.15999832 0.15999889 0.15999738
 0.15999924 0.15999997 0.1599998  0.15999959]"
887,887,"[0.15999958 0.15999991 0.15999984 0.15999836 0.15999889 0.15999739
 0.15999919 0.15999997 0.15999981 0.15999961]"
888,888,"[0.15999958 0.15999988 0.15999984 0.15999839 0.1599989  0.1599974
 0.15999915 0.15999997 0.15999981 0.15999962]"
889,889,"[0.15999957 0.15999985 0.15999984 0.15999842 0.1599989  0.15999741
 0.15999912 0.15999997 0.15999981 0.15999964]"
890,890,"[0.15999957 0.15999982 0.15999984 0.15999845 0.1599989  0.15999735
 0.15999909 0.15999998 0.15999982 0.16000012]"
891,891,"[0.15999956 0.15999979 0.15999984 0.15999848 0.15999891 0.15999733
 0.15999907 0.15999998 0.15999982 0.15999982]"
892,892,"[0.15999956 0.15999976 0.15999984 0.15999851 0.15999891 0.15999733
 0.15999905 0.15999998 0.15999983 0.15999982]"
893,893,"[0.15999955 0.15999973 0.15999984 0.15999854 0.15999891 0.15999733
 0.15999903 0.15999998 0.15999983 0.15999983]"
894,894,"[0.15999954 0.1599997  0.15999983 0.15999857 0.15999891 0.15999734
 0.15999902 0.15999999 0.15999983 0.15999984]"
895,895,"[0.15999953 0.15999967 0.15999983 0.1599986  0.1599989  0.15999734
 0.15999901 0.15999999 0.15999984 0.15999985]"
896,896,"[0.15999953 0.15999964 0.15999983 0.15999863 0.1599989  0.15999734
 0.159999   0.15999999 0.15999984 0.15999985]"
897,897,"[0.15999952 0.15999961 0.15999983 0.15999866 0.1599989  0.15999735
 0.15999899 0.15999999 0.15999984 0.15999986]"
898,898,"[0.15999951 0.15999958 0.15999983 0.15999868 0.15999889 0.15999735
 0.15999898 0.15999999 0.15999985 0.15999987]"
899,899,"[0.1599995  0.15999955 0.15999983 0.15999871 0.15999888 0.15999736
 0.15999898 0.15999999 0.15999985 0.15999987]"
900,900,"[0.15999949 0.15999952 0.15999983 0.15999873 0.15999887 0.15999736
 0.15999898 0.15999999 0.15999985 0.15999988]"
901,901,"[0.15999948 0.15999949 0.15999983 0.15999876 0.15999886 0.15999737
 0.15999897 0.16       0.15999986 0.15999988]"
902,902,"[0.15999946 0.15999945 0.15999983 0.15999878 0.15999885 0.15999738
 0.15999897 0.16       0.15999986 0.15999989]"
903,903,"[0.15999945 0.15999942 0.15999982 0.15999881 0.15999884 0.15999739
 0.15999897 0.16       0.15999986 0.15999989]"
904,904,"[0.15999944 0.15999939 0.15999982 0.15999883 0.15999883 0.1599974
 0.15999897 0.16       0.15999986 0.1599999 ]"
905,905,"[0.15999943 0.15999935 0.15999982 0.15999886 0.15999881 0.15999741
 0.15999897 0.16       0.15999987 0.1599999 ]"
906,906,"[0.15999942 0.15999932 0.15999982 0.15999888 0.15999879 0.15999742
 0.15999897 0.16       0.15999987 0.15999991]"
907,907,"[0.1599994  0.15999928 0.15999982 0.1599989  0.15999877 0.15999743
 0.15999897 0.16       0.15999987 0.15999991]"
908,908,"[0.15999939 0.15999924 0.15999982 0.15999893 0.15999875 0.15999744
 0.15999898 0.16       0.15999987 0.15999992]"
909,909,"[0.15999938 0.1599992  0.15999982 0.15999895 0.15999873 0.15999745
 0.15999898 0.16       0.15999988 0.15999992]"
910,910,"[0.15999936 0.15999916 0.15999982 0.15999897 0.15999871 0.15999747
 0.15999898 0.16       0.15999988 0.15999993]"
911,911,"[0.15999935 0.15999912 0.15999982 0.15999899 0.15999868 0.15999748
 0.15999899 0.16       0.15999988 0.15999993]"
912,912,"[0.15999933 0.15999908 0.15999982 0.15999901 0.15999865 0.15999749
 0.15999899 0.16       0.15999988 0.15999993]"
913,913,"[0.15999932 0.15999903 0.15999982 0.15999904 0.15999862 0.1599975
 0.15999899 0.16       0.15999988 0.15999994]"
914,914,"[0.1599993  0.15999899 0.15999982 0.15999906 0.15999859 0.15999752
 0.159999   0.16       0.15999988 0.15999994]"
915,915,"[0.15999929 0.15999894 0.15999982 0.15999908 0.15999856 0.15999753
 0.159999   0.16       0.15999989 0.15999995]"
916,916,"[0.15999927 0.15999888 0.15999982 0.1599991  0.15999852 0.15999754
 0.15999901 0.16       0.15999989 0.15999995]"
917,917,"[0.15999925 0.15999883 0.15999983 0.15999912 0.15999848 0.15999756
 0.15999902 0.16       0.15999989 0.15999995]"
918,918,"[0.15999924 0.15999877 0.15999983 0.15999913 0.15999844 0.15999757
 0.15999902 0.15999999 0.15999989 0.15999995]"
919,919,"[0.15999922 0.1599987  0.15999984 0.15999915 0.1599984  0.15999759
 0.15999903 0.15999999 0.15999989 0.15999996]"
920,920,"[0.1599992  0.15999863 0.15999985 0.15999917 0.15999836 0.1599976
 0.15999904 0.15999999 0.15999989 0.15999996]"
921,921,"[0.15999919 0.15999855 0.15999986 0.15999918 0.15999832 0.15999762
 0.15999905 0.15999999 0.15999989 0.15999996]"
922,922,"[0.15999917 0.1599981  0.15999987 0.1599992  0.16000513 0.15999763
 0.15999906 0.15999999 0.1599999  0.15999997]"
923,923,"[0.15999915 0.15999735 0.15999989 0.15999921 0.15999762 0.15999764
 0.15999907 0.15999999 0.1599999  0.15999997]"
924,924,"[0.15999914 0.15999735 0.1599999  0.15999922 0.15999761 0.15999766
 0.15999909 0.15999998 0.1599999  0.15999997]"
925,925,"[0.15999912 0.15999735 0.15999991 0.15999924 0.15999761 0.15999767
 0.1599991  0.15999998 0.1599999  0.15999997]"
926,926,"[0.1599991  0.15999738 0.15999989 0.15999925 0.15999759 0.15999769
 0.15999911 0.15999998 0.1599999  0.15999998]"
927,927,"[0.15999909 0.15999744 0.15999975 0.15999926 0.15999758 0.1599977
 0.15999913 0.15999998 0.1599999  0.15999998]"
928,928,"[0.15999907 0.15999752 0.15999948 0.15999927 0.15999757 0.15999772
 0.15999914 0.15999997 0.1599999  0.15999998]"
929,929,"[0.15999905 0.15999757 0.15999922 0.15999927 0.15999756 0.15999773
 0.15999916 0.15999997 0.1599999  0.15999998]"
930,930,"[0.15999904 0.1599976  0.15999905 0.15999928 0.15999754 0.15999774
 0.15999918 0.15999997 0.1599999  0.15999998]"
931,931,"[0.15999902 0.15999761 0.15999893 0.15999929 0.15999753 0.15999776
 0.1599992  0.15999997 0.1599999  0.15999999]"
932,932,"[0.159999   0.15999761 0.15999886 0.15999929 0.15999751 0.15999777
 0.15999922 0.15999996 0.1599999  0.15999999]"
933,933,"[0.15999899 0.1599976  0.15999881 0.1599993  0.15999749 0.15999778
 0.15999924 0.15999996 0.1599999  0.15999999]"
934,934,"[0.15999897 0.15999759 0.15999877 0.1599993  0.15999748 0.15999779
 0.15999927 0.15999996 0.1599999  0.15999999]"
935,935,"[0.15999896 0.15999758 0.15999874 0.1599993  0.15999746 0.15999781
 0.15999929 0.15999995 0.1599999  0.15999999]"
936,936,"[0.15999895 0.15999756 0.15999872 0.15999931 0.15999744 0.15999782
 0.15999932 0.15999995 0.1599999  0.15999999]"
937,937,"[0.15999893 0.15999754 0.15999871 0.15999931 0.15999743 0.15999783
 0.15999934 0.15999995 0.1599999  0.15999999]"
938,938,"[0.15999892 0.15999753 0.15999869 0.15999931 0.15999741 0.15999784
 0.15999937 0.15999994 0.1599999  0.16      ]"
939,939,"[0.15999891 0.15999751 0.15999868 0.15999931 0.1599974  0.15999785
 0.1599994  0.15999994 0.1599999  0.16      ]"
940,940,"[0.1599989  0.15999749 0.15999867 0.15999931 0.15999739 0.15999786
 0.15999942 0.15999994 0.1599999  0.16      ]"
941,941,"[0.15999889 0.15999748 0.15999866 0.15999931 0.15999738 0.15999786
 0.15999945 0.15999993 0.1599999  0.16      ]"
942,942,"[0.15999888 0.15999746 0.15999866 0.15999931 0.15999737 0.15999787
 0.15999947 0.15999993 0.1599999  0.16      ]"
943,943,"[0.15999887 0.15999745 0.15999865 0.15999931 0.15999736 0.15999788
 0.1599995  0.15999993 0.1599999  0.16      ]"
944,944,"[0.15999886 0.15999743 0.15999864 0.15999931 0.15999735 0.15999789
 0.15999952 0.15999992 0.1599999  0.16      ]"
945,945,"[0.15999886 0.15999742 0.15999864 0.1599993  0.15999734 0.1599979
 0.15999954 0.15999992 0.1599999  0.16      ]"
946,946,"[0.15999885 0.15999741 0.15999863 0.1599993  0.15999734 0.1599979
 0.15999956 0.15999992 0.1599999  0.16      ]"
947,947,"[0.15999885 0.1599974  0.15999862 0.1599993  0.15999734 0.15999791
 0.15999958 0.15999992 0.1599999  0.16      ]"
948,948,"[0.15999885 0.15999739 0.15999861 0.1599993  0.15999733 0.15999792
 0.15999959 0.15999991 0.1599999  0.16      ]"
949,949,"[0.15999885 0.15999738 0.15999861 0.1599993  0.15999733 0.15999793
 0.15999961 0.15999991 0.1599999  0.16      ]"
950,950,"[0.15999885 0.15999737 0.1599986  0.1599993  0.15999733 0.15999794
 0.15999962 0.15999991 0.1599999  0.16      ]"
951,951,"[0.15999885 0.15999736 0.15999858 0.1599993  0.15999744 0.15999795
 0.15999962 0.1600002  0.1599999  0.16      ]"
952,952,"[0.15999885 0.15999736 0.15999857 0.1599993  0.15999759 0.15999796
 0.15999963 0.15999993 0.1599999  0.15999999]"
953,953,"[0.15999885 0.15999735 0.15999856 0.15999929 0.1599976  0.15999797
 0.15999963 0.15999992 0.1599999  0.15999999]"
954,954,"[0.15999885 0.15999735 0.15999854 0.15999929 0.15999761 0.15999799
 0.15999964 0.15999992 0.1599999  0.15999999]"
955,955,"[0.15999885 0.15999735 0.15999852 0.15999929 0.15999762 0.159998
 0.15999964 0.15999992 0.1599999  0.15999998]"
956,956,"[0.15999885 0.15999734 0.1599985  0.15999929 0.15999764 0.15999802
 0.15999964 0.15999991 0.1599999  0.15999998]"
957,957,"[0.15999885 0.15999734 0.15999847 0.1599993  0.15999765 0.15999804
 0.15999964 0.15999991 0.1599999  0.15999998]"
958,958,"[0.15999884 0.15999734 0.15999844 0.1599993  0.15999766 0.15999806
 0.15999964 0.15999991 0.1599999  0.15999997]"
959,959,"[0.15999883 0.15999734 0.15999841 0.1599993  0.15999768 0.15999807
 0.15999963 0.1599999  0.1599999  0.15999997]"
960,960,"[0.15999882 0.15999734 0.15999837 0.1599993  0.15999769 0.1599981
 0.15999963 0.1599999  0.1599999  0.15999996]"
961,961,"[0.15999881 0.15999734 0.15999833 0.1599993  0.15999771 0.15999812
 0.15999963 0.15999989 0.15999989 0.15999996]"
962,962,"[0.15999879 0.15999734 0.15999828 0.1599993  0.15999772 0.15999814
 0.15999962 0.15999989 0.15999989 0.15999996]"
963,963,"[0.15999877 0.15999734 0.15999822 0.15999931 0.15999774 0.15999816
 0.15999962 0.15999988 0.15999989 0.15999995]"
964,964,"[0.15999875 0.15999734 0.15999816 0.15999931 0.15999776 0.15999819
 0.15999961 0.15999987 0.15999989 0.15999995]"
965,965,"[0.15999872 0.15999733 0.15999808 0.15999931 0.15999777 0.15999821
 0.15999961 0.15999987 0.15999989 0.15999995]"
966,966,"[0.1599987  0.15999733 0.15999801 0.15999931 0.15999779 0.15999824
 0.1599996  0.15999986 0.15999989 0.15999995]"
967,967,"[0.15999867 0.15999733 0.15999792 0.15999931 0.15999781 0.15999826
 0.1599996  0.15999985 0.15999989 0.15999994]"
968,968,"[0.15999864 0.15999733 0.15999783 0.15999931 0.15999783 0.15999829
 0.15999959 0.15999985 0.15999989 0.15999994]"
969,969,"[0.15999861 0.15999733 0.15999773 0.15999931 0.15999784 0.15999831
 0.15999958 0.15999984 0.15999988 0.15999994]"
970,970,"[0.15999858 0.15999733 0.15999763 0.15999931 0.15999786 0.15999834
 0.15999958 0.15999983 0.15999988 0.15999994]"
971,971,"[0.15999855 0.15999733 0.15999754 0.1599993  0.15999788 0.15999837
 0.15999957 0.15999982 0.15999988 0.15999994]"
972,972,"[0.15999852 0.15999733 0.15999746 0.1599993  0.1599979  0.15999839
 0.15999957 0.15999981 0.15999987 0.15999995]"
973,973,"[0.15999849 0.15999733 0.15999739 0.1599993  0.15999792 0.15999842
 0.15999956 0.1599998  0.15999987 0.15999995]"
974,974,"[0.15999846 0.15999733 0.15999735 0.15999929 0.15999794 0.15999845
 0.15999956 0.15999979 0.15999986 0.15999995]"
975,975,"[0.15999843 0.15999733 0.15999733 0.15999929 0.15999796 0.15999847
 0.15999955 0.15999978 0.15999986 0.15999995]"
976,976,"[0.1599984  0.15999733 0.15999735 0.15999928 0.15999799 0.1599985
 0.15999955 0.15999977 0.15999985 0.15999995]"
977,977,"[0.15999837 0.15999733 0.1599974  0.15999928 0.15999801 0.15999853
 0.15999954 0.15999976 0.15999985 0.15999995]"
978,978,"[0.15999834 0.15999733 0.15999748 0.15999927 0.15999803 0.15999855
 0.15999953 0.15999975 0.15999984 0.15999995]"
979,979,"[0.15999831 0.15999733 0.15999758 0.15999926 0.15999805 0.15999858
 0.15999953 0.15999974 0.15999983 0.15999996]"
980,980,"[0.15999828 0.15999733 0.15999769 0.15999925 0.15999808 0.15999861
 0.15999952 0.15999973 0.15999982 0.15999996]"
981,981,"[0.15999825 0.15999734 0.1599978  0.15999924 0.1599981  0.15999864
 0.15999952 0.15999971 0.15999981 0.15999996]"
982,982,"[0.15999822 0.15999734 0.15999792 0.15999923 0.15999812 0.15999866
 0.15999952 0.1599997  0.1599998  0.15999996]"
983,983,"[0.15999819 0.15999734 0.15999802 0.15999922 0.15999815 0.15999869
 0.15999951 0.15999969 0.15999979 0.15999996]"
984,984,"[0.15999816 0.15999734 0.15999813 0.15999921 0.15999817 0.15999871
 0.15999951 0.15999967 0.15999978 0.15999996]"
985,985,"[0.15999813 0.15999734 0.15999822 0.1599992  0.1599982  0.15999874
 0.1599995  0.15999966 0.15999977 0.15999997]"
986,986,"[0.15999811 0.15999734 0.1599983  0.15999919 0.15999822 0.15999877
 0.1599995  0.15999965 0.15999975 0.15999997]"
987,987,"[0.15999808 0.15999734 0.15999837 0.15999917 0.15999825 0.15999879
 0.15999949 0.15999963 0.15999974 0.15999997]"
988,988,"[0.15999805 0.15999734 0.15999843 0.15999916 0.15999827 0.15999882
 0.15999949 0.15999962 0.15999972 0.15999997]"
989,989,"[0.15999802 0.15999735 0.15999849 0.15999915 0.1599983  0.15999884
 0.15999948 0.1599996  0.1599997  0.15999997]"
990,990,"[0.15999799 0.15999735 0.15999853 0.15999913 0.15999833 0.15999887
 0.15999948 0.15999959 0.15999969 0.15999998]"
991,991,"[0.15999796 0.15999735 0.15999857 0.15999912 0.15999835 0.1599989
 0.15999948 0.15999957 0.15999967 0.15999998]"
992,992,"[0.15999794 0.15999735 0.1599986  0.1599991  0.15999838 0.15999892
 0.15999947 0.15999956 0.15999965 0.15999998]"
993,993,"[0.15999791 0.15999735 0.15999862 0.15999908 0.15999841 0.15999895
 0.15999947 0.15999954 0.15999963 0.15999998]"
994,994,"[0.15999788 0.15999735 0.15999864 0.15999907 0.15999843 0.15999897
 0.15999946 0.15999952 0.1599996  0.15999998]"
995,995,"[0.15999785 0.15999736 0.15999866 0.15999905 0.15999846 0.159999
 0.15999946 0.15999951 0.15999958 0.15999998]"
996,996,"[0.15999783 0.15999736 0.15999867 0.15999903 0.15999849 0.15999902
 0.15999945 0.15999949 0.15999956 0.15999999]"
997,997,"[0.1599978  0.15999736 0.15999867 0.15999901 0.15999851 0.15999905
 0.15999945 0.15999947 0.15999953 0.15999999]"
998,998,"[0.15999777 0.15999736 0.15999868 0.159999   0.15999854 0.15999908
 0.15999945 0.15999945 0.1599995  0.15999999]"
999,999,"[0.15999775 0.15999736 0.15999867 0.15999898 0.15999857 0.1599991
 0.15999944 0.15999943 0.15999948 0.15999999]"
1000,1000,"[0.15999772 0.15999736 0.15999867 0.15999896 0.1599986  0.15999913
 0.15999944 0.15999941 0.15999945 0.15999999]"
1001,1001,"[0.1599977  0.15999737 0.15999866 0.15999894 0.15999862 0.15999916
 0.15999943 0.15999939 0.15999942 0.15999999]"
1002,1002,"[0.15999767 0.15999737 0.15999866 0.15999892 0.15999865 0.15999919
 0.15999942 0.15999937 0.15999938 0.15999999]"
1003,1003,"[0.15999765 0.15999737 0.15999864 0.1599989  0.15999868 0.15999922
 0.15999942 0.15999935 0.15999935 0.15999999]"
1004,1004,"[0.15999763 0.15999737 0.15999863 0.15999887 0.15999931 0.15999925
 0.15999941 0.15999933 0.1599985  0.16      ]"
1005,1005,"[0.1599976  0.15999738 0.15999862 0.15999885 0.15999933 0.15999928
 0.15999941 0.15999931 0.1599985  0.16      ]"
1006,1006,"[0.15999758 0.15999738 0.1599986  0.15999883 0.15999934 0.15999931
 0.1599994  0.15999929 0.1599985  0.16      ]"
1007,1007,"[0.15999756 0.15999738 0.15999858 0.15999881 0.15999936 0.15999934
 0.15999939 0.15999927 0.1599985  0.16      ]"
1008,1008,"[0.15999754 0.15999739 0.15999856 0.15999879 0.15999938 0.15999938
 0.15999938 0.15999925 0.1599985  0.16      ]"
1009,1009,"[0.15999752 0.15999739 0.15999854 0.15999876 0.1599994  0.15999942
 0.15999938 0.15999922 0.15999849 0.16      ]"
1010,1010,"[0.1599975  0.15999739 0.15999853 0.15999874 0.15999942 0.15999946
 0.15999937 0.1599992  0.15999849 0.16      ]"
1011,1011,"[0.15999748 0.1599974  0.15999851 0.15999872 0.15999943 0.15999951
 0.15999936 0.15999918 0.15999849 0.16      ]"
1012,1012,"[0.15999746 0.1599974  0.1599985  0.15999869 0.15999945 0.15999956
 0.15999935 0.15999915 0.15999849 0.16      ]"
1013,1013,"[0.15999745 0.15999741 0.1599985  0.15999867 0.15999946 0.15999962
 0.15999934 0.15999913 0.15999849 0.16      ]"
1014,1014,"[0.15999743 0.15999741 0.15999851 0.15999864 0.15999948 0.15999969
 0.15999933 0.1599991  0.15999849 0.16      ]"
1015,1015,"[0.15999742 0.15999742 0.15999854 0.15999862 0.1599995  0.15999975
 0.15999932 0.15999908 0.15999848 0.16      ]"
1016,1016,"[0.1599974  0.15999742 0.15999861 0.15999859 0.15999951 0.15999982
 0.15999931 0.15999905 0.15999848 0.16      ]"
1017,1017,"[0.15999739 0.15999743 0.15999872 0.15999857 0.15999953 0.15999987
 0.1599993  0.15999902 0.15999848 0.16      ]"
1018,1018,"[0.15999738 0.15999744 0.15999886 0.15999854 0.15999954 0.15999989
 0.15999929 0.159999   0.15999848 0.16      ]"
1019,1019,"[0.15999737 0.15999744 0.15999902 0.15999851 0.15999955 0.15999988
 0.15999927 0.15999897 0.15999848 0.16      ]"
1020,1020,"[0.15999736 0.15999745 0.15999917 0.15999849 0.15999957 0.15999981
 0.15999926 0.15999894 0.15999848 0.16      ]"
1021,1021,"[0.15999735 0.15999746 0.15999928 0.15999846 0.15999958 0.15999965
 0.15999925 0.15999892 0.15999848 0.16      ]"
1022,1022,"[0.15999735 0.15999747 0.15999936 0.15999843 0.15999959 0.1599994
 0.15999924 0.15999889 0.15999848 0.15999999]"
1023,1023,"[0.15999734 0.15999748 0.15999942 0.15999841 0.15999961 0.15999911
 0.15999922 0.15999886 0.15999848 0.15999999]"
1024,1024,"[0.15999734 0.15999749 0.15999946 0.15999838 0.15999962 0.15999882
 0.15999921 0.15999883 0.15999848 0.15999999]"
1025,1025,"[0.15999734 0.1599975  0.15999948 0.15999835 0.15999974 0.15999856
 0.15999919 0.1599988  0.15999848 0.16      ]"
1026,1026,"[0.15999733 0.15999751 0.1599995  0.15999833 0.15999982 0.15999834
 0.15999918 0.15999877 0.15999848 0.16      ]"
1027,1027,"[0.15999733 0.15999752 0.15999952 0.1599983  0.15999983 0.15999815
 0.15999916 0.15999874 0.15999848 0.16      ]"
1028,1028,"[0.15999733 0.15999753 0.15999952 0.15999827 0.15999983 0.15999799
 0.15999915 0.15999871 0.15999848 0.16      ]"
1029,1029,"[0.15999734 0.15999755 0.15999953 0.15999824 0.15999984 0.15999786
 0.15999913 0.15999868 0.15999849 0.16      ]"
1030,1030,"[0.15999734 0.15999756 0.15999953 0.15999822 0.15999984 0.15999774
 0.15999911 0.15999865 0.15999849 0.15999999]"
1031,1031,"[0.15999734 0.15999757 0.15999953 0.15999819 0.15999985 0.15999764
 0.1599991  0.15999862 0.15999849 0.15999999]"
1032,1032,"[0.15999735 0.15999759 0.15999952 0.15999816 0.15999985 0.15999756
 0.15999908 0.15999859 0.1599985  0.15999999]"
1033,1033,"[0.15999736 0.1599976  0.15999952 0.15999813 0.15999986 0.15999749
 0.15999906 0.15999856 0.15999851 0.15999999]"
1034,1034,"[0.15999737 0.15999762 0.15999951 0.15999811 0.15999986 0.15999743
 0.15999904 0.15999852 0.15999851 0.15999999]"
1035,1035,"[0.15999738 0.15999763 0.15999951 0.15999808 0.15999987 0.15999738
 0.15999902 0.15999849 0.15999852 0.15999999]"
1036,1036,"[0.15999739 0.15999765 0.1599995  0.15999805 0.15999987 0.15999735
 0.159999   0.15999846 0.15999853 0.15999999]"
1037,1037,"[0.1599974  0.15999767 0.15999949 0.15999803 0.15999988 0.15999733
 0.15999898 0.15999843 0.15999853 0.15999999]"
1038,1038,"[0.15999741 0.15999769 0.15999949 0.159998   0.15999988 0.15999734
 0.15999896 0.15999839 0.15999854 0.15999999]"
1039,1039,"[0.15999743 0.15999771 0.15999948 0.15999797 0.15999989 0.15999738
 0.15999894 0.15999836 0.15999855 0.15999999]"
1040,1040,"[0.15999744 0.15999772 0.15999947 0.15999795 0.15999989 0.15999744
 0.15999892 0.15999833 0.15999856 0.15999999]"
1041,1041,"[0.15999746 0.15999774 0.15999946 0.15999792 0.15999989 0.15999753
 0.1599989  0.1599983  0.15999857 0.15999999]"
1042,1042,"[0.15999748 0.15999776 0.15999945 0.15999789 0.1599999  0.15999765
 0.15999887 0.15999826 0.15999858 0.15999999]"
1043,1043,"[0.1599975  0.15999779 0.15999944 0.15999787 0.1599999  0.1599978
 0.15999885 0.15999823 0.15999859 0.15999998]"
1044,1044,"[0.15999752 0.15999781 0.15999943 0.15999784 0.15999991 0.15999797
 0.15999883 0.1599982  0.1599986  0.15999998]"
1045,1045,"[0.15999754 0.15999783 0.15999942 0.15999782 0.15999991 0.15999816
 0.15999881 0.15999816 0.15999861 0.15999998]"
1046,1046,"[0.15999773 0.15999785 0.15999942 0.15999779 0.15999994 0.15999835
 0.15999878 0.15999813 0.15999862 0.15999998]"
1047,1047,"[0.15999794 0.15999787 0.15999941 0.15999777 0.15999996 0.15999854
 0.15999876 0.1599981  0.15999863 0.15999998]"
1048,1048,"[0.15999798 0.1599979  0.1599994  0.15999774 0.15999997 0.15999873
 0.15999873 0.15999807 0.15999864 0.15999998]"
1049,1049,"[0.15999801 0.15999792 0.1599994  0.15999772 0.15999997 0.1599989
 0.15999871 0.15999803 0.15999866 0.15999998]"
1050,1050,"[0.15999804 0.15999794 0.15999939 0.1599977  0.15999997 0.15999906
 0.15999868 0.159998   0.15999867 0.15999998]"
1051,1051,"[0.15999807 0.15999797 0.15999939 0.15999767 0.15999997 0.1599992
 0.15999866 0.15999797 0.15999868 0.15999998]"
1052,1052,"[0.1599981  0.15999799 0.15999939 0.15999765 0.15999997 0.15999932
 0.15999863 0.15999794 0.15999869 0.15999998]"
1053,1053,"[0.15999813 0.15999801 0.15999939 0.15999763 0.15999997 0.15999943
 0.15999853 0.15999795 0.1599987  0.15999998]"
1054,1054,"[0.15999817 0.15999803 0.15999939 0.15999761 0.15999997 0.15999952
 0.15999822 0.15999792 0.15999871 0.15999998]"
1055,1055,"[0.1599982  0.15999805 0.15999939 0.15999759 0.15999997 0.1599996
 0.1599982  0.15999789 0.15999872 0.15999998]"
1056,1056,"[0.15999823 0.15999807 0.1599994  0.15999757 0.15999998 0.15999966
 0.15999817 0.15999786 0.15999872 0.15999998]"
1057,1057,"[0.15999826 0.15999808 0.15999941 0.15999755 0.15999998 0.15999971
 0.15999814 0.15999784 0.15999873 0.15999997]"
1058,1058,"[0.15999829 0.15999808 0.15999942 0.15999753 0.15999998 0.15999975
 0.15999811 0.15999781 0.15999874 0.15999997]"
1059,1059,"[0.15999833 0.15999808 0.15999944 0.15999752 0.15999998 0.15999979
 0.15999809 0.15999778 0.15999874 0.15999997]"
1060,1060,"[0.15999836 0.15999807 0.15999946 0.1599975  0.15999998 0.15999981
 0.15999806 0.15999776 0.15999875 0.15999997]"
1061,1061,"[0.15999839 0.15999806 0.15999948 0.15999748 0.15999998 0.15999983
 0.15999804 0.15999773 0.15999875 0.15999997]"
1062,1062,"[0.15999842 0.15999803 0.1599995  0.15999747 0.15999998 0.15999985
 0.15999801 0.1599977  0.15999875 0.15999997]"
1063,1063,"[0.15999845 0.159998   0.15999952 0.15999745 0.15999998 0.15999986
 0.15999798 0.15999768 0.15999875 0.15999997]"
1064,1064,"[0.15999848 0.15999797 0.15999954 0.15999744 0.15999998 0.15999986
 0.15999796 0.15999766 0.15999874 0.15999997]"
1065,1065,"[0.15999851 0.15999793 0.15999956 0.15999742 0.15999998 0.15999986
 0.15999793 0.15999763 0.15999873 0.15999997]"
1066,1066,"[0.15999854 0.15999788 0.15999958 0.15999741 0.15999998 0.15999985
 0.15999791 0.15999761 0.15999872 0.15999997]"
1067,1067,"[0.15999857 0.15999784 0.1599996  0.1599974  0.15999999 0.15999984
 0.15999788 0.15999759 0.1599987  0.15999996]"
1068,1068,"[0.1599986  0.15999779 0.15999962 0.15999739 0.15999999 0.15999981
 0.15999786 0.15999757 0.15999867 0.15999996]"
1069,1069,"[0.15999863 0.15999775 0.15999964 0.15999738 0.15999999 0.15999978
 0.15999783 0.15999755 0.15999863 0.15999996]"
1070,1070,"[0.15999866 0.15999771 0.15999965 0.15999737 0.15999999 0.15999973
 0.15999781 0.15999753 0.15999858 0.15999996]"
1071,1071,"[0.15999869 0.15999767 0.15999966 0.15999736 0.15999999 0.15999968
 0.15999778 0.15999751 0.15999851 0.15999996]"
1072,1072,"[0.15999871 0.15999764 0.15999967 0.15999736 0.15999999 0.15999961
 0.15999776 0.15999749 0.15999842 0.15999995]"
1073,1073,"[0.15999874 0.15999761 0.15999968 0.15999735 0.15999999 0.15999957
 0.15999774 0.15999747 0.15999831 0.15999995]"
1074,1074,"[0.15999877 0.15999759 0.15999969 0.15999735 0.15999999 0.15999956
 0.15999772 0.15999746 0.15999818 0.15999995]"
1075,1075,"[0.1599988  0.15999757 0.1599997  0.15999734 0.15999999 0.1599996
 0.15999769 0.15999744 0.15999806 0.15999994]"
1076,1076,"[0.15999882 0.15999755 0.15999971 0.15999734 0.15999999 0.15999967
 0.15999767 0.15999743 0.15999797 0.15999994]"
1077,1077,"[0.15999885 0.15999753 0.15999971 0.15999734 0.15999999 0.15999975
 0.15999765 0.15999741 0.15999791 0.15999994]"
1078,1078,"[0.15999887 0.15999752 0.15999972 0.15999733 0.15999999 0.15999981
 0.15999763 0.1599974  0.15999789 0.15999993]"
1079,1079,"[0.1599989  0.15999751 0.15999972 0.15999733 0.15999999 0.15999986
 0.15999761 0.15999739 0.15999789 0.15999993]"
1080,1080,"[0.15999892 0.1599975  0.15999973 0.15999733 0.15999999 0.15999989
 0.15999759 0.15999738 0.15999789 0.15999992]"
1081,1081,"[0.15999895 0.15999749 0.15999973 0.15999734 0.15999999 0.15999992
 0.15999757 0.15999737 0.15999791 0.15999991]"
1082,1082,"[0.15999897 0.15999748 0.15999974 0.15999734 0.15999999 0.15999993
 0.15999755 0.15999736 0.15999793 0.15999991]"
1083,1083,"[0.15999899 0.15999747 0.15999974 0.15999734 0.15999999 0.15999995
 0.15999754 0.15999736 0.15999794 0.1599999 ]"
1084,1084,"[0.15999902 0.15999746 0.15999974 0.15999735 0.15999999 0.15999995
 0.15999752 0.15999735 0.15999796 0.1599999 ]"
1085,1085,"[0.15999904 0.15999746 0.15999975 0.15999735 0.15999999 0.15999996
 0.1599975  0.15999734 0.15999797 0.15999989]"
1086,1086,"[0.15999906 0.15999745 0.15999975 0.15999736 0.15999999 0.15999996
 0.15999749 0.15999734 0.15999798 0.15999988]"
1087,1087,"[0.15999908 0.15999745 0.15999975 0.15999736 0.15999999 0.15999996
 0.15999747 0.15999734 0.15999799 0.15999988]"
1088,1088,"[0.1599991  0.15999744 0.15999975 0.15999737 0.15999999 0.15999996
 0.15999746 0.15999733 0.15999799 0.15999988]"
1089,1089,"[0.15999912 0.15999744 0.15999976 0.15999738 0.15999999 0.15999996
 0.15999744 0.15999733 0.159998   0.15999988]"
1090,1090,"[0.15999914 0.15999743 0.15999976 0.15999739 0.15999999 0.15999996
 0.15999743 0.15999733 0.159998   0.15999988]"
1091,1091,"[0.15999916 0.15999743 0.15999976 0.1599974  0.15999999 0.15999996
 0.15999742 0.15999733 0.159998   0.15999988]"
1092,1092,"[0.15999918 0.15999742 0.15999976 0.15999742 0.15999999 0.15999995
 0.15999741 0.15999734 0.15999799 0.15999989]"
1093,1093,"[0.1599992  0.15999742 0.15999977 0.15999743 0.15999999 0.15999995
 0.1599974  0.15999734 0.15999799 0.15999989]"
1094,1094,"[0.15999922 0.15999741 0.15999977 0.15999744 0.15999999 0.15999994
 0.15999739 0.15999734 0.15999798 0.1599999 ]"
1095,1095,"[0.15999924 0.15999741 0.15999977 0.15999746 0.15999999 0.15999994
 0.15999738 0.15999735 0.15999797 0.15999991]"
1096,1096,"[0.15999926 0.1599974  0.15999977 0.15999747 0.15999999 0.15999993
 0.15999737 0.15999735 0.15999796 0.15999992]"
1097,1097,"[0.15999928 0.1599974  0.15999977 0.15999749 0.15999999 0.15999992
 0.15999736 0.15999736 0.15999795 0.15999993]"
1098,1098,"[0.15999929 0.15999739 0.15999978 0.15999751 0.15999999 0.15999992
 0.15999736 0.15999737 0.15999793 0.15999994]"
1099,1099,"[0.15999931 0.15999739 0.15999978 0.15999752 0.15999999 0.15999991
 0.15999735 0.15999738 0.15999791 0.15999995]"
1100,1100,"[0.15999933 0.15999739 0.15999978 0.15999754 0.15999999 0.15999991
 0.15999735 0.15999739 0.15999789 0.15999995]"
1101,1101,"[0.15999934 0.15999738 0.15999978 0.15999756 0.15999999 0.1599999
 0.15999734 0.1599974  0.15999787 0.15999996]"
1102,1102,"[0.15999936 0.15999738 0.15999978 0.15999758 0.15999999 0.15999989
 0.15999734 0.15999741 0.15999785 0.15999997]"
1103,1103,"[0.15999937 0.15999737 0.15999978 0.1599976  0.15999999 0.15999989
 0.15999734 0.15999742 0.15999782 0.15999998]"
1104,1104,"[0.15999939 0.15999737 0.15999978 0.15999763 0.15999999 0.15999988
 0.15999733 0.15999743 0.1599978  0.15999998]"
1105,1105,"[0.1599994  0.15999736 0.15999978 0.15999765 0.15999999 0.15999987
 0.15999733 0.15999745 0.15999777 0.15999999]"
1106,1106,"[0.15999941 0.15999736 0.15999978 0.15999767 0.15999999 0.15999986
 0.15999733 0.15999746 0.15999774 0.15999999]"
1107,1107,"[0.15999943 0.15999735 0.15999978 0.15999769 0.15999999 0.15999986
 0.15999733 0.15999748 0.1599977  0.16      ]"
1108,1108,"[0.15999944 0.15999735 0.15999978 0.15999772 0.15999999 0.15999985
 0.15999734 0.15999749 0.15999767 0.16      ]"
1109,1109,"[0.15999946 0.15999735 0.15999977 0.15999774 0.15999999 0.15999984
 0.15999734 0.15999751 0.15999764 0.16      ]"
1110,1110,"[0.15999947 0.15999734 0.15999977 0.15999777 0.15999998 0.15999984
 0.15999734 0.15999753 0.1599976  0.16      ]"
1111,1111,"[0.15999948 0.15999734 0.15999977 0.15999779 0.15999998 0.15999983
 0.15999735 0.15999754 0.15999757 0.16      ]"
1112,1112,"[0.15999949 0.15999734 0.15999976 0.15999782 0.15999998 0.15999982
 0.15999735 0.15999756 0.15999753 0.15999999]"
1113,1113,"[0.1599995  0.15999734 0.15999976 0.15999784 0.15999998 0.15999981
 0.15999736 0.15999758 0.1599975  0.15999998]"
1114,1114,"[0.15999952 0.15999733 0.15999975 0.15999787 0.15999998 0.1599998
 0.15999737 0.1599976  0.15999747 0.15999997]"
1115,1115,"[0.15999953 0.15999733 0.15999974 0.1599979  0.15999998 0.1599998
 0.15999737 0.15999762 0.15999743 0.15999996]"
1116,1116,"[0.15999954 0.15999733 0.15999974 0.15999793 0.15999998 0.15999979
 0.15999738 0.15999764 0.15999741 0.15999994]"
1117,1117,"[0.15999955 0.15999734 0.15999973 0.15999795 0.15999999 0.15999978
 0.15999739 0.15999767 0.15999738 0.15999993]"
1118,1118,"[0.15999956 0.15999734 0.15999972 0.15999798 0.15999999 0.15999977
 0.1599974  0.15999769 0.15999736 0.1599999 ]"
1119,1119,"[0.15999957 0.15999734 0.15999971 0.15999801 0.15999999 0.15999976
 0.15999741 0.15999771 0.15999734 0.15999988]"
1120,1120,"[0.15999958 0.15999735 0.1599997  0.15999804 0.15999999 0.15999975
 0.15999743 0.15999773 0.15999734 0.15999984]"
1121,1121,"[0.15999959 0.15999736 0.15999969 0.15999807 0.15999999 0.15999974
 0.15999744 0.15999776 0.15999733 0.15999981]"
1122,1122,"[0.1599996  0.15999737 0.15999968 0.1599981  0.15999999 0.15999973
 0.15999745 0.15999778 0.15999734 0.15999976]"
1123,1123,"[0.15999961 0.15999738 0.15999967 0.15999813 0.15999999 0.15999972
 0.15999747 0.15999781 0.15999736 0.15999972]"
1124,1124,"[0.15999962 0.15999739 0.15999966 0.15999815 0.15999999 0.15999971
 0.15999748 0.15999783 0.15999739 0.15999966]"
1125,1125,"[0.15999962 0.15999741 0.15999965 0.15999818 0.15999999 0.1599997
 0.1599975  0.15999786 0.15999742 0.1599996 ]"
1126,1126,"[0.15999963 0.15999742 0.15999963 0.15999821 0.15999999 0.15999969
 0.15999751 0.15999788 0.15999747 0.15999953]"
1127,1127,"[0.15999964 0.15999744 0.15999962 0.15999824 0.15999999 0.15999968
 0.15999753 0.15999791 0.15999753 0.15999946]"
1128,1128,"[0.15999965 0.15999746 0.15999961 0.15999827 0.15999999 0.15999967
 0.15999755 0.15999794 0.1599976  0.15999937]"
1129,1129,"[0.15999965 0.15999749 0.1599996  0.1599983  0.15999999 0.15999965
 0.15999757 0.15999796 0.15999768 0.15999928]"
1130,1130,"[0.15999966 0.15999751 0.15999958 0.15999833 0.16       0.15999964
 0.15999759 0.15999799 0.15999777 0.15999918]"
1131,1131,"[0.15999967 0.15999754 0.15999957 0.15999836 0.16       0.15999963
 0.15999761 0.15999802 0.15999787 0.15999907]"
1132,1132,"[0.15999968 0.15999757 0.15999955 0.15999839 0.16       0.15999962
 0.15999763 0.15999804 0.15999798 0.15999895]"
1133,1133,"[0.15999968 0.1599976  0.15999954 0.15999842 0.16       0.1599996
 0.15999765 0.15999807 0.15999809 0.15999883]"
1134,1134,"[0.15999969 0.15999763 0.15999953 0.15999845 0.16       0.15999959
 0.15999767 0.1599981  0.1599982  0.1599987 ]"
1135,1135,"[0.15999969 0.15999767 0.15999951 0.15999847 0.16       0.15999958
 0.1599977  0.15999813 0.15999832 0.15999857]"
1136,1136,"[0.1599997  0.1599977  0.1599995  0.1599985  0.16       0.15999956
 0.15999772 0.15999815 0.15999844 0.15999844]"
1137,1137,"[0.15999971 0.15999773 0.15999948 0.15999853 0.16       0.15999955
 0.15999774 0.15999818 0.15999855 0.1599983 ]"
1138,1138,"[0.15999971 0.15999777 0.15999947 0.15999856 0.16       0.15999953
 0.15999777 0.15999821 0.15999867 0.15999816]"
1139,1139,"[0.15999972 0.1599978  0.15999945 0.15999859 0.16       0.15999952
 0.15999779 0.15999858 0.15999878 0.15999803]"
1140,1140,"[0.15999972 0.15999783 0.15999943 0.15999862 0.16       0.1599995
 0.15999782 0.15999861 0.15999888 0.15999791]"
1141,1141,"[0.15999973 0.15999787 0.15999942 0.15999864 0.16       0.15999948
 0.15999785 0.15999863 0.15999898 0.15999779]"
1142,1142,"[0.15999973 0.1599979  0.1599994  0.15999867 0.16       0.15999947
 0.15999788 0.15999866 0.15999908 0.15999769]"
1143,1143,"[0.15999973 0.15999793 0.15999938 0.1599987  0.16       0.15999945
 0.15999791 0.15999869 0.15999917 0.15999759]"
1144,1144,"[0.15999974 0.15999796 0.15999937 0.15999873 0.16       0.15999943
 0.15999793 0.15999871 0.15999925 0.15999751]"
1145,1145,"[0.15999974 0.15999798 0.15999935 0.15999875 0.16       0.15999942
 0.15999796 0.15999874 0.15999933 0.15999745]"
1146,1146,"[0.15999975 0.15999801 0.15999933 0.15999878 0.16       0.1599994
 0.15999799 0.15999876 0.1599994  0.1599974 ]"
1147,1147,"[0.15999975 0.15999803 0.15999931 0.1599988  0.16       0.15999938
 0.15999802 0.15999879 0.15999947 0.15999736]"
1148,1148,"[0.15999975 0.15999806 0.1599993  0.15999883 0.16       0.15999936
 0.15999805 0.15999881 0.15999953 0.15999734]"
1149,1149,"[0.15999976 0.15999808 0.15999928 0.15999886 0.16       0.15999934
 0.15999808 0.15999883 0.15999958 0.15999733]"
1150,1150,"[0.15999976 0.1599981  0.15999926 0.15999888 0.16       0.15999932
 0.15999812 0.15999886 0.15999963 0.15999734]"
1151,1151,"[0.15999976 0.15999812 0.15999924 0.15999891 0.16       0.1599993
 0.15999815 0.15999888 0.15999968 0.15999735]"
1152,1152,"[0.15999977 0.15999813 0.15999922 0.15999893 0.16       0.15999928
 0.15999818 0.1599989  0.15999972 0.15999737]"
1153,1153,"[0.15999977 0.15999814 0.1599992  0.15999895 0.16       0.15999926
 0.15999821 0.15999893 0.15999975 0.1599974 ]"
1154,1154,"[0.15999977 0.15999816 0.15999918 0.15999898 0.15999999 0.15999923
 0.15999824 0.15999895 0.15999978 0.15999743]"
1155,1155,"[0.15999978 0.15999817 0.15999916 0.159999   0.15999999 0.15999921
 0.15999827 0.15999897 0.15999981 0.15999747]"
1156,1156,"[0.15999978 0.15999817 0.15999914 0.15999903 0.15999999 0.15999919
 0.1599983  0.15999899 0.15999983 0.15999751]"
1157,1157,"[0.15999978 0.15999818 0.15999912 0.15999905 0.15999999 0.15999917
 0.15999833 0.15999901 0.15999986 0.15999756]"
1158,1158,"[0.15999979 0.15999818 0.1599991  0.15999907 0.15999999 0.15999914
 0.15999836 0.15999903 0.15999987 0.1599976 ]"
1159,1159,"[0.15999979 0.15999818 0.15999907 0.15999909 0.15999999 0.15999912
 0.15999839 0.15999905 0.15999989 0.15999765]"
1160,1160,"[0.15999979 0.15999818 0.15999905 0.15999911 0.15999999 0.1599991
 0.15999842 0.15999907 0.15999991 0.1599977 ]"
1161,1161,"[0.1599998  0.15999818 0.15999903 0.15999913 0.15999998 0.15999907
 0.15999845 0.15999909 0.15999992 0.15999775]"
1162,1162,"[0.1599998  0.15999817 0.15999901 0.15999915 0.15999998 0.15999905
 0.15999848 0.15999911 0.15999993 0.1599978 ]"
1163,1163,"[0.1599998  0.15999816 0.15999898 0.15999917 0.15999998 0.15999902
 0.15999851 0.15999913 0.15999994 0.15999785]"
1164,1164,"[0.15999981 0.15999816 0.15999896 0.159999   0.15999998 0.15999923
 0.15999854 0.15999915 0.15999994 0.1599979 ]"
1165,1165,"[0.15999981 0.15999814 0.15999893 0.15999877 0.15999997 0.15999939
 0.15999857 0.15999916 0.15999995 0.15999795]"
1166,1166,"[0.15999982 0.15999813 0.15999891 0.1599988  0.15999997 0.15999937
 0.1599986  0.15999918 0.15999996 0.159998  ]"
1167,1167,"[0.15999982 0.15999812 0.15999888 0.15999883 0.15999997 0.15999935
 0.15999863 0.1599992  0.15999996 0.15999806]"
1168,1168,"[0.15999983 0.1599981  0.15999886 0.15999886 0.15999996 0.15999933
 0.15999866 0.15999921 0.15999996 0.15999811]"
1169,1169,"[0.15999983 0.15999808 0.15999883 0.15999888 0.15999996 0.15999931
 0.15999869 0.15999923 0.15999997 0.15999817]"
1170,1170,"[0.15999984 0.15999806 0.15999881 0.15999891 0.15999996 0.15999929
 0.15999872 0.15999924 0.15999997 0.15999822]"
1171,1171,"[0.15999984 0.15999804 0.15999878 0.15999893 0.15999995 0.15999927
 0.15999875 0.15999926 0.15999997 0.15999828]"
1172,1172,"[0.15999985 0.15999802 0.15999876 0.15999896 0.15999995 0.15999925
 0.15999878 0.15999927 0.15999997 0.15999835]"
1173,1173,"[0.15999985 0.159998   0.15999873 0.15999898 0.15999994 0.15999922
 0.1599988  0.15999929 0.15999997 0.15999841]"
1174,1174,"[0.15999986 0.15999798 0.1599987  0.159999   0.15999993 0.1599992
 0.15999883 0.1599993  0.15999997 0.15999849]"
1175,1175,"[0.15999986 0.15999795 0.15999867 0.15999903 0.15999993 0.15999918
 0.15999886 0.15999931 0.15999998 0.15999857]"
1176,1176,"[0.15999987 0.15999793 0.15999865 0.15999905 0.15999992 0.15999916
 0.15999888 0.15999933 0.15999998 0.15999867]"
1177,1177,"[0.15999987 0.1599979  0.15999862 0.15999907 0.15999991 0.15999913
 0.15999891 0.15999934 0.15999998 0.15999878]"
1178,1178,"[0.15999988 0.15999788 0.15999859 0.15999909 0.15999989 0.15999911
 0.15999893 0.15999935 0.15999998 0.1599989 ]"
1179,1179,"[0.15999989 0.15999785 0.15999856 0.15999912 0.15999988 0.15999908
 0.15999896 0.15999936 0.15999998 0.15999905]"
1180,1180,"[0.15999989 0.15999783 0.15999853 0.15999914 0.15999985 0.15999906
 0.15999899 0.15999937 0.15999998 0.15999921]"
1181,1181,"[0.1599999  0.1599978  0.1599985  0.15999916 0.15999981 0.15999903
 0.15999901 0.15999938 0.15999998 0.15999937]"
1182,1182,"[0.1599999  0.15999777 0.15999847 0.15999918 0.15999975 0.15999901
 0.15999903 0.15999939 0.15999998 0.15999952]"
1183,1183,"[0.15999991 0.15999775 0.15999844 0.1599992  0.15999967 0.15999898
 0.15999906 0.1599994  0.15999998 0.15999963]"
1184,1184,"[0.15999991 0.15999772 0.15999841 0.15999922 0.15999958 0.15999895
 0.15999908 0.15999941 0.15999998 0.15999967]"
1185,1185,"[0.15999992 0.1599977  0.15999838 0.15999924 0.15999951 0.15999893
 0.1599991  0.15999942 0.15999998 0.15999966]"
1186,1186,"[0.15999992 0.15999768 0.15999835 0.15999926 0.15999946 0.1599989
 0.15999913 0.15999943 0.15999998 0.15999962]"
1187,1187,"[0.15999993 0.15999765 0.15999832 0.15999927 0.15999944 0.15999887
 0.15999915 0.15999943 0.15999998 0.15999957]"
1188,1188,"[0.15999993 0.15999763 0.15999829 0.15999929 0.15999945 0.15999884
 0.15999917 0.15999944 0.15999999 0.15999952]"
1189,1189,"[0.15999994 0.15999761 0.15999826 0.15999931 0.15999947 0.15999882
 0.15999919 0.15999945 0.15999999 0.15999947]"
1190,1190,"[0.15999994 0.15999758 0.15999823 0.15999933 0.15999949 0.15999879
 0.15999921 0.15999945 0.15999999 0.15999944]"
1191,1191,"[0.15999994 0.15999756 0.1599982  0.15999934 0.15999952 0.15999876
 0.15999923 0.15999946 0.15999999 0.15999941]"
1192,1192,"[0.15999995 0.15999754 0.15999816 0.15999936 0.15999955 0.15999873
 0.15999925 0.15999946 0.15999999 0.15999938]"
1193,1193,"[0.15999995 0.15999752 0.15999813 0.15999937 0.15999958 0.1599987
 0.15999927 0.15999947 0.15999999 0.15999936]"
1194,1194,"[0.15999995 0.1599975  0.1599981  0.15999939 0.15999962 0.15999867
 0.15999929 0.15999947 0.16       0.15999933]"
1195,1195,"[0.15999996 0.15999749 0.15999807 0.1599994  0.15999965 0.15999864
 0.15999931 0.15999947 0.16       0.15999932]"
1196,1196,"[0.15999996 0.15999747 0.15999804 0.15999942 0.15999968 0.15999861
 0.15999932 0.15999948 0.16       0.1599993 ]"
1197,1197,"[0.15999996 0.15999745 0.15999801 0.15999943 0.1599997  0.15999858
 0.15999934 0.15999948 0.16       0.15999929]"
1198,1198,"[0.15999996 0.15999744 0.15999798 0.15999945 0.15999973 0.15999855
 0.15999936 0.15999948 0.16       0.15999927]"
1199,1199,"[0.15999996 0.15999743 0.15999795 0.15999946 0.15999976 0.15999852
 0.15999938 0.15999948 0.16       0.15999926]"
1200,1200,"[0.15999996 0.15999741 0.15999792 0.15999947 0.15999979 0.15999849
 0.15999939 0.15999948 0.16       0.15999925]"
1201,1201,"[0.15999996 0.1599974  0.15999789 0.15999949 0.15999981 0.15999846
 0.15999941 0.15999948 0.16       0.15999924]"
1202,1202,"[0.15999996 0.15999739 0.15999786 0.1599995  0.15999984 0.15999843
 0.15999942 0.15999948 0.16       0.15999923]"
1203,1203,"[0.15999996 0.15999738 0.15999783 0.15999951 0.15999986 0.15999839
 0.15999944 0.15999949 0.16       0.15999922]"
1204,1204,"[0.15999996 0.15999737 0.1599978  0.15999952 0.15999988 0.15999836
 0.15999945 0.15999949 0.16       0.15999921]"
1205,1205,"[0.15999996 0.15999736 0.15999778 0.15999953 0.15999991 0.15999833
 0.15999946 0.15999949 0.16       0.1599992 ]"
1206,1206,"[0.15999996 0.15999736 0.15999775 0.15999954 0.15999993 0.1599983
 0.15999948 0.1599995  0.16       0.15999919]"
1207,1207,"[0.15999996 0.15999735 0.15999772 0.15999955 0.15999994 0.15999827
 0.15999949 0.1599995  0.16       0.15999918]"
1208,1208,"[0.15999996 0.15999735 0.15999769 0.15999956 0.15999996 0.15999824
 0.1599995  0.15999951 0.16       0.15999917]"
1209,1209,"[0.15999996 0.15999734 0.15999767 0.15999956 0.15999997 0.15999821
 0.15999951 0.15999952 0.16       0.15999916]"
1210,1210,"[0.15999995 0.15999734 0.15999764 0.15999957 0.15999999 0.15999818
 0.15999952 0.15999953 0.16       0.15999915]"
1211,1211,"[0.15999995 0.15999734 0.15999762 0.15999958 0.15999999 0.15999815
 0.15999953 0.15999954 0.16       0.15999914]"
1212,1212,"[0.15999994 0.15999734 0.15999759 0.15999958 0.16       0.15999812
 0.15999954 0.15999956 0.16       0.15999913]"
1213,1213,"[0.15999994 0.15999733 0.15999757 0.15999958 0.16       0.15999809
 0.15999955 0.15999957 0.16       0.15999912]"
1214,1214,"[0.15999993 0.15999733 0.15999755 0.15999958 0.15999999 0.15999806
 0.15999956 0.15999959 0.16       0.1599991 ]"
1215,1215,"[0.15999992 0.15999733 0.15999753 0.15999958 0.15999998 0.15999803
 0.15999957 0.15999961 0.16       0.15999909]"
1216,1216,"[0.15999991 0.15999733 0.15999751 0.15999957 0.15999996 0.159998
 0.15999958 0.15999963 0.16       0.15999907]"
1217,1217,"[0.15999989 0.15999733 0.15999749 0.15999955 0.15999991 0.15999798
 0.15999959 0.15999965 0.16       0.15999905]"
1218,1218,"[0.15999987 0.15999734 0.15999747 0.15999953 0.15999983 0.15999795
 0.15999959 0.15999967 0.16       0.15999902]"
1219,1219,"[0.15999984 0.15999734 0.15999745 0.15999949 0.15999965 0.15999792
 0.1599996  0.1599997  0.16       0.15999898]"
1220,1220,"[0.1599998  0.15999736 0.15999744 0.15999944 0.15999921 0.15999789
 0.15999961 0.15999974 0.16       0.15999894]"
1221,1221,"[0.15999976 0.1599974  0.15999742 0.15999937 0.15999818 0.15999787
 0.15999961 0.15999979 0.16       0.15999891]"
1222,1222,"[0.15999969 0.15999744 0.15999741 0.15999929 0.1599974  0.15999784
 0.15999962 0.15999979 0.16       0.159999  ]"
1223,1223,"[0.15999962 0.15999747 0.15999739 0.15999921 0.15999803 0.15999781
 0.15999962 0.15999968 0.16       0.15999918]"
1224,1224,"[0.15999952 0.15999748 0.15999738 0.15999917 0.15999857 0.15999779
 0.15999963 0.15999957 0.16       0.15999928]"
1225,1225,"[0.1599994  0.15999747 0.15999737 0.15999914 0.15999879 0.15999776
 0.15999963 0.15999952 0.16       0.15999933]"
1226,1226,"[0.15999927 0.15999746 0.15999736 0.15999914 0.15999884 0.15999774
 0.15999964 0.1599995  0.16       0.15999935]"
1227,1227,"[0.15999913 0.15999744 0.15999735 0.15999914 0.15999881 0.15999771
 0.15999964 0.15999949 0.16       0.15999936]"
1228,1228,"[0.15999898 0.15999742 0.15999735 0.15999915 0.15999873 0.15999769
 0.15999964 0.15999949 0.16       0.15999937]"
1229,1229,"[0.15999884 0.15999741 0.15999734 0.15999917 0.15999863 0.15999767
 0.15999964 0.1599995  0.16       0.15999937]"
1230,1230,"[0.1599987  0.15999739 0.15999734 0.15999919 0.15999852 0.15999764
 0.15999965 0.15999951 0.16       0.15999937]"
1231,1231,"[0.15999857 0.15999738 0.15999734 0.15999921 0.15999842 0.15999762
 0.15999965 0.15999952 0.16       0.15999936]"
1232,1232,"[0.15999846 0.15999737 0.15999733 0.15999923 0.15999832 0.1599976
 0.15999965 0.15999954 0.16       0.15999936]"
1233,1233,"[0.15999835 0.15999736 0.15999733 0.15999924 0.15999823 0.15999758
 0.15999965 0.15999955 0.16       0.15999935]"
1234,1234,"[0.15999825 0.15999736 0.15999733 0.15999926 0.15999814 0.15999756
 0.15999965 0.15999957 0.16       0.15999935]"
1235,1235,"[0.15999816 0.15999735 0.15999734 0.15999928 0.15999807 0.15999754
 0.15999965 0.15999958 0.16       0.15999934]"
1236,1236,"[0.15999807 0.15999734 0.15999734 0.1599993  0.159998   0.15999752
 0.15999965 0.1599996  0.16       0.15999933]"
1237,1237,"[0.15999799 0.15999734 0.15999735 0.15999932 0.15999794 0.1599975
 0.15999965 0.15999962 0.16       0.15999933]"
1238,1238,"[0.15999792 0.15999734 0.15999735 0.15999934 0.15999788 0.15999749
 0.15999965 0.15999963 0.16       0.15999932]"
1239,1239,"[0.15999786 0.15999733 0.15999736 0.15999936 0.15999783 0.15999747
 0.15999965 0.15999965 0.16       0.15999931]"
1240,1240,"[0.1599978  0.15999733 0.15999737 0.15999937 0.15999778 0.15999746
 0.15999965 0.15999966 0.16       0.1599993 ]"
1241,1241,"[0.15999774 0.15999733 0.15999738 0.15999939 0.15999773 0.15999744
 0.15999965 0.15999968 0.16       0.15999929]"
1242,1242,"[0.15999769 0.15999733 0.15999739 0.15999941 0.15999769 0.15999743
 0.15999965 0.1599997  0.16       0.15999928]"
1243,1243,"[0.15999765 0.15999734 0.15999741 0.15999943 0.15999765 0.15999741
 0.15999965 0.15999971 0.16       0.15999927]"
1244,1244,"[0.15999761 0.15999734 0.15999742 0.15999944 0.15999762 0.1599974
 0.15999965 0.15999973 0.16       0.15999926]"
1245,1245,"[0.15999758 0.15999734 0.15999743 0.15999946 0.15999759 0.15999739
 0.15999965 0.15999974 0.16       0.15999925]"
1246,1246,"[0.15999754 0.15999734 0.15999745 0.15999947 0.15999756 0.15999738
 0.15999965 0.15999976 0.16       0.15999924]"
1247,1247,"[0.15999752 0.15999735 0.15999747 0.15999949 0.15999753 0.15999737
 0.15999965 0.15999977 0.16       0.15999922]"
1248,1248,"[0.15999749 0.15999735 0.15999749 0.1599995  0.1599975  0.15999736
 0.15999965 0.15999979 0.16       0.15999921]"
1249,1249,"[0.15999747 0.15999736 0.15999751 0.15999952 0.15999748 0.15999735
 0.15999964 0.1599998  0.16       0.1599992 ]"
1250,1250,"[0.15999746 0.15999737 0.15999753 0.15999953 0.15999746 0.15999735
 0.15999964 0.15999981 0.16       0.15999919]"
1251,1251,"[0.15999744 0.15999737 0.15999755 0.15999955 0.15999744 0.15999734
 0.15999964 0.15999983 0.16       0.15999917]"
1252,1252,"[0.15999743 0.15999738 0.15999757 0.15999957 0.15999743 0.15999734
 0.15999964 0.15999984 0.16       0.15999916]"
1253,1253,"[0.15999742 0.15999739 0.1599976  0.15999958 0.15999741 0.15999734
 0.15999964 0.15999985 0.16       0.15999915]"
1254,1254,"[0.15999741 0.15999739 0.15999762 0.1599996  0.1599974  0.15999733
 0.15999963 0.15999986 0.16       0.15999913]"
1255,1255,"[0.1599974  0.1599974  0.15999765 0.15999961 0.15999739 0.15999733
 0.15999963 0.15999987 0.16       0.15999912]"
1256,1256,"[0.15999739 0.15999741 0.15999768 0.15999963 0.15999738 0.15999733
 0.15999963 0.15999988 0.16       0.1599991 ]"
1257,1257,"[0.15999739 0.15999742 0.1599977  0.15999964 0.15999737 0.15999734
 0.15999962 0.15999989 0.16       0.15999909]"
1258,1258,"[0.15999738 0.15999742 0.15999773 0.15999966 0.15999737 0.15999734
 0.15999962 0.1599999  0.16       0.15999907]"
1259,1259,"[0.15999738 0.15999743 0.15999776 0.15999966 0.15999737 0.15999734
 0.15999961 0.15999991 0.16       0.15999906]"
1260,1260,"[0.15999737 0.15999743 0.15999779 0.15999966 0.15999738 0.15999735
 0.1599996  0.15999992 0.16       0.15999904]"
1261,1261,"[0.15999737 0.15999744 0.15999782 0.15999962 0.15999739 0.15999735
 0.15999959 0.15999993 0.16       0.15999903]"
1262,1262,"[0.15999737 0.15999744 0.15999785 0.15999954 0.15999741 0.15999736
 0.15999958 0.15999993 0.16       0.15999901]"
1263,1263,"[0.15999736 0.15999743 0.15999788 0.15999939 0.15999744 0.15999737
 0.15999956 0.15999994 0.16       0.15999899]"
1264,1264,"[0.15999736 0.15999743 0.15999791 0.1599992  0.15999747 0.15999738
 0.15999954 0.15999995 0.16       0.15999898]"
1265,1265,"[0.15999736 0.15999741 0.15999794 0.15999899 0.15999749 0.15999739
 0.15999951 0.15999995 0.16       0.15999896]"
1266,1266,"[0.15999736 0.15999739 0.15999798 0.15999882 0.15999751 0.1599974
 0.15999947 0.15999996 0.16       0.15999894]"
1267,1267,"[0.15999735 0.15999737 0.15999801 0.15999867 0.15999752 0.15999742
 0.15999943 0.15999996 0.16       0.15999892]"
1268,1268,"[0.15999735 0.15999735 0.15999804 0.15999857 0.15999752 0.15999743
 0.15999937 0.15999997 0.16       0.15999891]"
1269,1269,"[0.15999735 0.15999734 0.15999807 0.15999848 0.15999752 0.15999745
 0.1599993  0.15999997 0.16       0.15999889]"
1270,1270,"[0.15999735 0.15999733 0.15999811 0.15999842 0.15999751 0.15999746
 0.15999923 0.15999998 0.16       0.15999887]"
1271,1271,"[0.15999735 0.15999733 0.15999814 0.15999836 0.15999751 0.15999748
 0.15999917 0.15999998 0.16       0.15999885]"
1272,1272,"[0.15999735 0.15999734 0.15999817 0.15999832 0.1599975  0.1599975
 0.15999912 0.15999998 0.16       0.15999884]"
1273,1273,"[0.15999734 0.15999734 0.1599982  0.15999827 0.15999748 0.15999752
 0.15999908 0.15999999 0.16       0.15999882]"
1274,1274,"[0.15999734 0.15999734 0.15999824 0.15999824 0.15999747 0.15999754
 0.15999906 0.15999999 0.16       0.1599988 ]"
1275,1275,"[0.15999734 0.15999733 0.15999827 0.1599982  0.15999746 0.15999756
 0.15999905 0.15999999 0.16       0.15999878]"
1276,1276,"[0.15999734 0.15999733 0.1599983  0.15999816 0.15999745 0.15999758
 0.15999905 0.15999999 0.16       0.15999877]"
1277,1277,"[0.15999734 0.15999733 0.15999834 0.15999813 0.15999744 0.1599976
 0.15999904 0.15999999 0.16       0.15999875]"
1278,1278,"[0.15999734 0.15999733 0.15999837 0.15999809 0.15999743 0.15999763
 0.15999905 0.16       0.16       0.15999873]"
1279,1279,"[0.15999734 0.15999733 0.1599984  0.15999806 0.15999742 0.15999765
 0.15999905 0.16       0.16       0.15999871]"
1280,1280,"[0.15999733 0.15999734 0.15999843 0.15999802 0.15999741 0.15999768
 0.15999905 0.16       0.16       0.15999869]"
1281,1281,"[0.15999733 0.15999734 0.15999847 0.15999799 0.1599974  0.1599977
 0.15999906 0.16       0.16       0.15999868]"
1282,1282,"[0.15999733 0.15999734 0.1599985  0.15999795 0.15999739 0.15999773
 0.15999906 0.16       0.16       0.15999866]"
1283,1283,"[0.15999733 0.15999734 0.15999853 0.15999791 0.15999738 0.15999776
 0.15999907 0.16       0.16       0.15999864]"
1284,1284,"[0.15999733 0.15999735 0.15999856 0.15999787 0.15999737 0.15999778
 0.15999907 0.16       0.16       0.15999862]"
1285,1285,"[0.15999734 0.15999735 0.15999859 0.15999783 0.15999737 0.15999781
 0.15999908 0.16       0.16       0.1599986 ]"
1286,1286,"[0.15999734 0.15999735 0.15999862 0.15999779 0.15999736 0.15999784
 0.15999908 0.16       0.16       0.15999859]"
1287,1287,"[0.15999734 0.15999735 0.15999865 0.15999776 0.15999736 0.15999787
 0.15999908 0.16       0.16       0.15999857]"
1288,1288,"[0.15999735 0.15999736 0.15999868 0.15999772 0.15999735 0.1599979
 0.15999908 0.16       0.16       0.15999855]"
1289,1289,"[0.15999736 0.15999736 0.15999871 0.15999768 0.15999735 0.15999793
 0.15999908 0.16       0.16       0.15999853]"
1290,1290,"[0.15999737 0.15999736 0.15999874 0.15999764 0.15999735 0.15999796
 0.15999907 0.16       0.16       0.15999852]"
1291,1291,"[0.15999738 0.15999737 0.15999877 0.15999761 0.15999734 0.15999799
 0.15999906 0.15999999 0.16       0.1599985 ]"
1292,1292,"[0.1599974  0.15999737 0.1599988  0.15999757 0.15999734 0.15999802
 0.15999905 0.15999999 0.16       0.15999848]"
1293,1293,"[0.15999743 0.15999737 0.15999883 0.15999753 0.15999734 0.16000014
 0.15999902 0.15999999 0.16000233 0.15999846]"
1294,1294,"[0.15999746 0.15999737 0.15999885 0.1599975  0.15999734 0.15999839
 0.15999899 0.15999998 0.15999999 0.15999845]"
1295,1295,"[0.1599975  0.15999737 0.15999888 0.15999746 0.15999734 0.15999841
 0.15999895 0.15999998 0.15999999 0.15999843]"
1296,1296,"[0.15999756 0.15999737 0.15999891 0.15999742 0.15999734 0.15999844
 0.1599989  0.15999997 0.15999999 0.15999841]"
1297,1297,"[0.15999764 0.15999737 0.15999893 0.15999738 0.15999734 0.15999847
 0.15999883 0.15999996 0.15999999 0.15999839]"
1298,1298,"[0.15999775 0.15999737 0.15999896 0.15999735 0.15999734 0.1599985
 0.15999875 0.15999993 0.15999999 0.15999838]"
1299,1299,"[0.15999788 0.15999737 0.15999898 0.15999734 0.15999734 0.15999852
 0.15999866 0.1599999  0.15999998 0.15999836]"
1300,1300,"[0.15999804 0.15999737 0.15999901 0.15999741 0.15999734 0.15999855
 0.15999857 0.15999983 0.15999998 0.15999834]"
1301,1301,"[0.15999822 0.15999736 0.15999903 0.15999758 0.15999734 0.15999857
 0.15999846 0.15999971 0.15999998 0.15999832]"
1302,1302,"[0.15999843 0.15999736 0.15999905 0.15999774 0.15999734 0.1599986
 0.15999836 0.15999957 0.15999998 0.1599983 ]"
1303,1303,"[0.15999864 0.15999735 0.15999908 0.15999779 0.15999734 0.15999862
 0.15999826 0.15999944 0.15999998 0.15999829]"
1304,1304,"[0.15999884 0.15999735 0.1599991  0.15999778 0.15999734 0.15999865
 0.15999817 0.15999937 0.15999998 0.15999827]"
1305,1305,"[0.15999902 0.15999735 0.15999912 0.15999775 0.15999734 0.15999867
 0.15999808 0.15999934 0.15999997 0.15999825]"
1306,1306,"[0.15999918 0.15999734 0.15999914 0.15999772 0.15999734 0.1599987
 0.159998   0.15999932 0.15999997 0.15999823]"
1307,1307,"[0.15999932 0.15999734 0.15999916 0.1599977  0.15999734 0.15999872
 0.15999793 0.15999932 0.15999997 0.15999821]"
1308,1308,"[0.15999943 0.15999734 0.15999918 0.15999769 0.15999734 0.15999874
 0.15999787 0.15999932 0.15999997 0.15999819]"
1309,1309,"[0.15999952 0.15999734 0.1599992  0.15999767 0.15999734 0.15999876
 0.15999782 0.15999933 0.15999997 0.15999817]"
1310,1310,"[0.1599996  0.15999733 0.15999922 0.15999766 0.15999734 0.15999879
 0.15999777 0.15999933 0.15999996 0.15999815]"
1311,1311,"[0.15999966 0.15999733 0.15999924 0.15999765 0.15999734 0.15999881
 0.15999773 0.15999934 0.15999996 0.15999813]"
1312,1312,"[0.15999971 0.15999733 0.15999925 0.15999764 0.15999733 0.15999883
 0.1599977  0.15999935 0.15999996 0.15999811]"
1313,1313,"[0.15999975 0.15999733 0.15999927 0.15999763 0.15999733 0.15999885
 0.15999767 0.15999935 0.15999996 0.15999809]"
1314,1314,"[0.15999978 0.15999733 0.15999929 0.15999762 0.15999733 0.15999887
 0.15999765 0.15999936 0.15999995 0.15999807]"
1315,1315,"[0.15999981 0.15999734 0.1599993  0.15999761 0.15999733 0.15999889
 0.15999762 0.15999937 0.15999995 0.15999805]"
1316,1316,"[0.15999984 0.15999734 0.15999932 0.15999761 0.15999733 0.15999891
 0.1599976  0.15999937 0.15999995 0.15999803]"
1317,1317,"[0.15999986 0.15999734 0.15999934 0.1599976  0.15999733 0.15999893
 0.15999758 0.15999938 0.15999995 0.15999801]"
1318,1318,"[0.15999988 0.15999734 0.15999935 0.15999759 0.15999734 0.15999895
 0.15999756 0.15999938 0.15999994 0.15999799]"
1319,1319,"[0.15999989 0.15999734 0.15999937 0.15999758 0.15999734 0.15999896
 0.15999754 0.15999938 0.15999994 0.15999797]"
1320,1320,"[0.15999991 0.15999735 0.15999938 0.15999757 0.15999734 0.15999898
 0.15999752 0.15999937 0.15999994 0.15999795]"
1321,1321,"[0.15999992 0.15999735 0.15999939 0.15999756 0.15999734 0.159999
 0.15999749 0.15999934 0.15999993 0.15999793]"
1322,1322,"[0.15999994 0.15999735 0.15999941 0.15999756 0.15999734 0.15999901
 0.15999746 0.15999928 0.15999993 0.1599979 ]"
1323,1323,"[0.15999995 0.15999735 0.15999942 0.15999755 0.15999735 0.15999903
 0.15999742 0.15999917 0.15999993 0.15999788]"
1324,1324,"[0.15999996 0.15999736 0.15999943 0.15999754 0.15999735 0.15999905
 0.15999739 0.15999896 0.15999992 0.15999786]"
1325,1325,"[0.15999997 0.15999736 0.15999944 0.15999753 0.15999735 0.15999906
 0.15999736 0.15999864 0.15999992 0.15999784]"
1326,1326,"[0.15999998 0.15999737 0.15999946 0.15999752 0.15999736 0.15999908
 0.15999734 0.15999826 0.15999992 0.15999782]"
1327,1327,"[0.15999998 0.15999737 0.1599998  0.15999751 0.15999736 0.15999909
 0.15999734 0.15999791 0.1599997  0.1599978 ]"
1328,1328,"[0.15999999 0.15999738 0.1599998  0.1599975  0.15999736 0.1599991
 0.15999733 0.15999767 0.15999969 0.15999777]"
1329,1329,"[0.16       0.15999738 0.1599998  0.15999749 0.15999737 0.15999912
 0.15999734 0.15999753 0.15999968 0.15999775]"
1330,1330,"[0.16       0.15999739 0.1599998  0.15999748 0.15999737 0.15999913
 0.15999734 0.15999746 0.15999966 0.15999773]"
1331,1331,"[0.16       0.1599974  0.1599998  0.15999747 0.15999737 0.15999914
 0.15999734 0.15999741 0.15999965 0.15999771]"
1332,1332,"[0.16       0.15999741 0.1599998  0.15999747 0.15999737 0.15999916
 0.15999735 0.15999738 0.15999964 0.15999769]"
1333,1333,"[0.15999999 0.15999741 0.1599998  0.15999746 0.15999737 0.15999917
 0.15999735 0.15999737 0.15999962 0.15999767]"
1334,1334,"[0.15999997 0.15999742 0.15999981 0.15999745 0.15999736 0.15999918
 0.15999735 0.15999736 0.15999961 0.15999765]"
1335,1335,"[0.15999993 0.15999743 0.15999981 0.15999744 0.15999736 0.15999919
 0.15999736 0.15999735 0.1599996  0.15999763]"
1336,1336,"[0.15999989 0.15999744 0.15999981 0.15999743 0.15999735 0.1599992
 0.15999736 0.15999734 0.15999958 0.15999761]"
1337,1337,"[0.15999985 0.15999745 0.15999981 0.15999743 0.15999734 0.15999921
 0.15999736 0.15999734 0.15999957 0.15999759]"
1338,1338,"[0.15999981 0.15999746 0.15999981 0.15999742 0.15999734 0.15999923
 0.15999736 0.15999734 0.15999956 0.15999757]"
1339,1339,"[0.15999979 0.15999747 0.15999981 0.15999742 0.15999734 0.15999924
 0.15999736 0.15999734 0.15999954 0.15999755]"
1340,1340,"[0.15999978 0.15999748 0.15999981 0.15999741 0.15999734 0.15999925
 0.15999736 0.15999734 0.15999953 0.15999754]"
1341,1341,"[0.15999978 0.1599975  0.15999981 0.15999742 0.15999734 0.15999926
 0.15999736 0.15999733 0.15999951 0.15999752]"
1342,1342,"[0.15999978 0.15999753 0.15999982 0.15999742 0.15999734 0.15999927
 0.15999736 0.15999733 0.1599995  0.1599975 ]"
1343,1343,"[0.15999978 0.1599976  0.15999982 0.15999745 0.15999735 0.15999927
 0.15999736 0.15999733 0.15999948 0.15999749]"
1344,1344,"[0.15999978 0.15999775 0.15999982 0.15999749 0.15999735 0.15999928
 0.15999736 0.15999733 0.15999947 0.15999747]"
1345,1345,"[0.15999977 0.15999807 0.15999982 0.15999758 0.15999736 0.15999929
 0.15999736 0.15999733 0.15999945 0.15999746]"
1346,1346,"[0.15999977 0.15999845 0.15999982 0.1599977  0.15999737 0.1599993
 0.15999735 0.15999733 0.15999943 0.15999744]"
1347,1347,"[0.15999976 0.15999868 0.15999982 0.1599978  0.15999738 0.15999931
 0.15999735 0.15999733 0.15999942 0.15999743]"
1348,1348,"[0.15999976 0.15999878 0.15999982 0.15999785 0.15999739 0.15999932
 0.15999735 0.15999733 0.1599994  0.15999742]"
1349,1349,"[0.15999975 0.15999881 0.15999982 0.15999787 0.1599974  0.15999933
 0.15999735 0.15999734 0.15999938 0.1599974 ]"
1350,1350,"[0.15999975 0.15999882 0.15999983 0.15999787 0.15999741 0.15999933
 0.15999735 0.15999734 0.15999937 0.15999739]"
1351,1351,"[0.15999974 0.15999883 0.15999983 0.15999786 0.15999742 0.15999934
 0.15999735 0.15999734 0.15999935 0.15999738]"
1352,1352,"[0.15999973 0.15999883 0.15999983 0.15999785 0.15999743 0.15999935
 0.15999735 0.15999734 0.15999933 0.15999737]"
1353,1353,"[0.15999973 0.15999883 0.15999983 0.15999783 0.15999745 0.15999936
 0.15999735 0.15999734 0.15999931 0.15999737]"
1354,1354,"[0.15999972 0.15999883 0.15999983 0.15999781 0.15999746 0.15999936
 0.15999735 0.15999734 0.15999929 0.15999736]"
1355,1355,"[0.15999971 0.15999882 0.15999983 0.15999779 0.15999748 0.15999937
 0.15999734 0.15999734 0.15999928 0.15999735]"
1356,1356,"[0.15999971 0.15999882 0.15999983 0.15999777 0.1599975  0.15999938
 0.15999734 0.15999734 0.15999926 0.15999735]"
1357,1357,"[0.1599997  0.15999881 0.15999983 0.15999774 0.15999751 0.15999939
 0.15999734 0.15999733 0.15999924 0.15999734]"
1358,1358,"[0.15999969 0.1599988  0.15999984 0.15999772 0.15999753 0.15999939
 0.15999734 0.15999733 0.15999922 0.15999734]"
1359,1359,"[0.15999969 0.1599988  0.15999984 0.1599977  0.15999755 0.1599994
 0.15999734 0.15999733 0.1599992  0.15999734]"
1360,1360,"[0.15999968 0.15999879 0.15999984 0.15999767 0.15999756 0.15999941
 0.15999734 0.15999733 0.15999918 0.15999733]"
1361,1361,"[0.15999967 0.15999878 0.15999984 0.15999765 0.15999758 0.15999941
 0.15999734 0.15999733 0.15999916 0.15999733]"
1362,1362,"[0.15999966 0.15999877 0.15999984 0.15999762 0.1599976  0.15999942
 0.15999734 0.15999733 0.15999914 0.15999733]"
1363,1363,"[0.15999966 0.15999876 0.15999984 0.1599976  0.15999762 0.15999943
 0.15999734 0.15999733 0.15999911 0.15999734]"
1364,1364,"[0.15999965 0.15999875 0.15999984 0.15999758 0.15999764 0.15999943
 0.15999733 0.15999733 0.15999909 0.15999734]"
1365,1365,"[0.15999964 0.15999874 0.15999984 0.15999756 0.15999809 0.15999944
 0.15999733 0.15999734 0.15999885 0.15999734]"
1366,1366,"[0.15999964 0.15999874 0.15999984 0.15999754 0.1599985  0.15999944
 0.15999733 0.15999734 0.15999835 0.15999735]"
1367,1367,"[0.15999963 0.15999873 0.15999984 0.15999752 0.15999852 0.15999945
 0.15999733 0.15999734 0.15999831 0.15999735]"
1368,1368,"[0.15999962 0.15999872 0.15999985 0.1599975  0.15999854 0.15999945
 0.15999733 0.15999734 0.15999828 0.15999736]"
1369,1369,"[0.15999955 0.15999872 0.15999985 0.15999748 0.15999855 0.15999946
 0.15999733 0.15999735 0.15999813 0.15999737]"
1370,1370,"[0.15999907 0.15999873 0.15999985 0.15999746 0.15999857 0.15999946
 0.15999733 0.15999735 0.15999738 0.15999737]"
1371,1371,"[0.15999905 0.15999875 0.15999985 0.15999745 0.15999859 0.15999946
 0.15999733 0.15999736 0.15999737 0.15999738]"
1372,1372,"[0.15999904 0.15999878 0.15999985 0.15999743 0.1599986  0.15999947
 0.15999733 0.15999737 0.15999736 0.1599974 ]"
1373,1373,"[0.15999902 0.15999883 0.15999985 0.15999742 0.15999862 0.15999947
 0.15999733 0.15999737 0.15999735 0.15999741]"
1374,1374,"[0.15999901 0.1599989  0.15999985 0.15999746 0.15999863 0.15999947
 0.15999734 0.15999839 0.15999894 0.15999742]"
1375,1375,"[0.15999899 0.159999   0.15999985 0.15999754 0.15999864 0.15999947
 0.15999736 0.15999897 0.15999947 0.15999743]"
1376,1376,"[0.15999897 0.1599991  0.15999985 0.15999755 0.15999865 0.15999947
 0.15999741 0.15999896 0.15999949 0.15999745]"
1377,1377,"[0.15999895 0.15999919 0.15999986 0.15999756 0.15999865 0.15999946
 0.15999749 0.15999895 0.15999951 0.15999746]"
1378,1378,"[0.15999894 0.15999926 0.15999986 0.15999756 0.15999865 0.15999946
 0.15999756 0.15999893 0.15999953 0.15999748]"
1379,1379,"[0.15999892 0.15999931 0.15999987 0.15999756 0.15999865 0.15999946
 0.15999762 0.1599989  0.15999955 0.1599975 ]"
1380,1380,"[0.1599989  0.15999934 0.15999988 0.15999756 0.15999864 0.15999945
 0.15999766 0.15999887 0.15999957 0.15999752]"
1381,1381,"[0.15999889 0.15999936 0.1599999  0.15999756 0.15999862 0.15999944
 0.15999768 0.15999883 0.15999959 0.15999754]"
1382,1382,"[0.15999887 0.15999938 0.15999992 0.15999755 0.1599986  0.15999943
 0.1599977  0.15999877 0.1599996  0.15999756]"
1383,1383,"[0.15999885 0.15999939 0.15999995 0.15999755 0.15999856 0.15999942
 0.15999771 0.15999869 0.15999962 0.15999758]"
1384,1384,"[0.15999883 0.15999939 0.15999999 0.15999754 0.1599985  0.1599994
 0.15999771 0.1599986  0.15999964 0.1599976 ]"
1385,1385,"[0.15999881 0.15999939 0.15999999 0.15999753 0.1599984  0.15999939
 0.15999771 0.15999847 0.15999965 0.15999762]"
1386,1386,"[0.15999879 0.15999939 0.15999973 0.15999752 0.15999825 0.15999937
 0.1599977  0.15999831 0.15999967 0.15999765]"
1387,1387,"[0.15999878 0.15999939 0.15999806 0.15999751 0.159998   0.15999935
 0.1599977  0.15999811 0.15999968 0.15999767]"
1388,1388,"[0.15999876 0.15999938 0.15999863 0.1599975  0.1599977  0.15999933
 0.15999769 0.15999789 0.1599997  0.15999769]"
1389,1389,"[0.15999874 0.15999938 0.15999973 0.15999749 0.15999745 0.15999931
 0.15999769 0.15999768 0.15999971 0.15999772]"
1390,1390,"[0.15999872 0.15999937 0.15999997 0.15999747 0.15999735 0.15999929
 0.15999768 0.15999751 0.15999972 0.15999775]"
1391,1391,"[0.1599987  0.15999936 0.16       0.15999746 0.15999735 0.15999926
 0.15999767 0.15999741 0.15999974 0.15999777]"
1392,1392,"[0.15999868 0.15999935 0.15999995 0.15999744 0.15999743 0.15999924
 0.15999766 0.15999736 0.15999975 0.1599978 ]"
1393,1393,"[0.15999866 0.15999934 0.1599999  0.15999741 0.15999766 0.15999921
 0.15999765 0.15999734 0.15999976 0.15999783]"
1394,1394,"[0.15999864 0.15999933 0.15999985 0.15999739 0.15999818 0.15999919
 0.15999764 0.15999733 0.15999977 0.15999786]"
1395,1395,"[0.15999862 0.15999932 0.1599998  0.15999736 0.15999903 0.15999919
 0.15999763 0.15999734 0.15999978 0.15999788]"
1396,1396,"[0.1599986  0.15999931 0.15999976 0.15999734 0.1599997  0.15999923
 0.15999763 0.15999735 0.1599998  0.15999791]"
1397,1397,"[0.15999858 0.1599993  0.15999973 0.15999733 0.15999991 0.15999938
 0.15999762 0.15999738 0.15999981 0.15999794]"
1398,1398,"[0.15999856 0.15999928 0.1599997  0.15999735 0.15999991 0.15999963
 0.15999761 0.15999742 0.15999982 0.15999797]"
1399,1399,"[0.15999854 0.15999927 0.15999968 0.15999738 0.15999981 0.15999986
 0.1599976  0.15999746 0.15999982 0.159998  ]"
1400,1400,"[0.15999852 0.15999926 0.15999965 0.15999744 0.15999971 0.15999998
 0.15999759 0.1599975  0.15999983 0.15999803]"
1401,1401,"[0.1599985  0.15999924 0.15999963 0.15999751 0.15999965 0.15999972
 0.15999758 0.15999753 0.15999984 0.15999806]"
1402,1402,"[0.15999848 0.15999923 0.15999962 0.15999758 0.1599996  0.15999996
 0.15999757 0.15999756 0.15999985 0.15999809]"
1403,1403,"[0.15999846 0.15999921 0.1599996  0.15999765 0.15999956 0.15999999
 0.15999756 0.15999758 0.15999986 0.15999812]"
1404,1404,"[0.15999843 0.1599992  0.15999959 0.15999773 0.15999953 0.16
 0.15999755 0.1599976  0.15999987 0.15999815]"
1405,1405,"[0.15999841 0.15999918 0.15999957 0.15999783 0.15999949 0.16
 0.15999754 0.15999764 0.15999988 0.15999818]"
1406,1406,"[0.15999839 0.15999917 0.15999956 0.15999806 0.15999946 0.16
 0.15999753 0.15999786 0.15999988 0.15999821]"
1407,1407,"[0.15999837 0.15999915 0.15999955 0.15999846 0.15999943 0.16
 0.15999744 0.15999843 0.16000006 0.15999824]"
1408,1408,"[0.15999835 0.15999913 0.15999954 0.1599987  0.15999941 0.16
 0.15999735 0.15999868 0.16       0.15999827]"
1409,1409,"[0.15999832 0.15999912 0.15999953 0.15999881 0.15999938 0.16
 0.15999735 0.15999873 0.16       0.1599983 ]"
1410,1410,"[0.1599983  0.1599991  0.15999952 0.15999887 0.15999936 0.16
 0.15999736 0.15999875 0.16       0.15999833]"
1411,1411,"[0.15999828 0.15999908 0.15999952 0.15999891 0.15999934 0.16
 0.15999736 0.15999875 0.16       0.15999836]"
1412,1412,"[0.15999825 0.15999906 0.15999951 0.15999894 0.15999932 0.16
 0.15999736 0.15999875 0.16       0.15999839]"
1413,1413,"[0.15999823 0.15999904 0.1599995  0.15999896 0.1599993  0.16
 0.15999737 0.15999874 0.16       0.15999842]"
1414,1414,"[0.15999821 0.15999903 0.15999949 0.15999897 0.15999928 0.15999999
 0.15999737 0.15999874 0.16       0.15999845]"
1415,1415,"[0.15999819 0.15999901 0.15999949 0.15999899 0.15999926 0.15999999
 0.15999738 0.15999873 0.16       0.15999848]"
1416,1416,"[0.15999816 0.15999899 0.15999948 0.159999   0.15999924 0.15999999
 0.15999738 0.15999872 0.16       0.15999851]"
1417,1417,"[0.15999814 0.15999897 0.15999947 0.15999901 0.15999922 0.15999998
 0.15999739 0.15999871 0.16       0.15999854]"
1418,1418,"[0.15999812 0.15999895 0.15999946 0.15999901 0.1599992  0.15999998
 0.15999739 0.1599987  0.16       0.15999857]"
1419,1419,"[0.15999809 0.15999893 0.15999945 0.15999902 0.15999918 0.15999998
 0.1599974  0.15999869 0.16       0.15999859]"
1420,1420,"[0.15999807 0.1599989  0.15999945 0.15999902 0.15999917 0.15999997
 0.1599974  0.15999868 0.16       0.15999862]"
1421,1421,"[0.15999804 0.15999888 0.15999944 0.15999902 0.15999915 0.15999997
 0.15999741 0.15999867 0.15999999 0.15999865]"
1422,1422,"[0.15999802 0.15999886 0.15999943 0.15999902 0.15999913 0.15999996
 0.15999741 0.15999866 0.15999999 0.15999868]"
1423,1423,"[0.159998   0.15999884 0.15999942 0.15999902 0.15999912 0.15999996
 0.15999741 0.15999864 0.15999999 0.1599987 ]"
1424,1424,"[0.15999797 0.15999882 0.15999941 0.15999902 0.1599991  0.15999995
 0.15999742 0.15999863 0.15999999 0.15999873]"
1425,1425,"[0.15999795 0.1599988  0.1599994  0.15999902 0.15999908 0.15999995
 0.15999742 0.15999861 0.15999999 0.15999876]"
1426,1426,"[0.15999793 0.15999877 0.15999939 0.15999902 0.15999907 0.15999994
 0.15999743 0.1599986  0.15999999 0.15999878]"
1427,1427,"[0.1599979  0.15999875 0.15999938 0.15999901 0.15999905 0.15999994
 0.15999743 0.15999858 0.15999999 0.15999881]"
1428,1428,"[0.15999788 0.15999873 0.15999937 0.15999901 0.15999904 0.15999994
 0.15999744 0.15999857 0.15999999 0.15999883]"
1429,1429,"[0.15999786 0.1599987  0.15999936 0.15999901 0.15999903 0.15999994
 0.15999744 0.15999855 0.15999999 0.15999885]"
1430,1430,"[0.15999784 0.15999868 0.15999935 0.159999   0.15999902 0.15999994
 0.15999745 0.15999853 0.15999999 0.15999888]"
1431,1431,"[0.15999781 0.15999866 0.15999934 0.159999   0.15999901 0.15999994
 0.15999745 0.15999852 0.15999999 0.1599989 ]"
1432,1432,"[0.15999779 0.15999863 0.15999933 0.15999899 0.159999   0.15999994
 0.15999745 0.1599985  0.15999999 0.15999893]"
1433,1433,"[0.15999777 0.15999861 0.15999932 0.15999899 0.159999   0.15999995
 0.15999746 0.15999848 0.15999999 0.15999895]"
1434,1434,"[0.15999775 0.15999858 0.1599993  0.15999898 0.159999   0.15999995
 0.15999746 0.15999847 0.15999999 0.15999897]"
1435,1435,"[0.15999773 0.15999856 0.15999929 0.15999898 0.15999901 0.15999995
 0.15999746 0.15999845 0.15999999 0.15999899]"
1436,1436,"[0.15999771 0.15999854 0.15999927 0.15999897 0.15999903 0.15999996
 0.15999746 0.15999843 0.15999999 0.15999901]"
1437,1437,"[0.15999769 0.15999851 0.15999926 0.15999896 0.15999907 0.15999996
 0.15999745 0.15999841 0.15999999 0.15999903]"
1438,1438,"[0.15999767 0.15999849 0.15999925 0.15999896 0.15999913 0.15999996
 0.15999744 0.15999839 0.15999999 0.15999905]"
1439,1439,"[0.15999765 0.15999846 0.15999923 0.15999895 0.15999922 0.15999997
 0.15999742 0.15999838 0.15999999 0.15999907]"
1440,1440,"[0.15999763 0.15999844 0.15999921 0.15999894 0.15999935 0.15999997
 0.1599974  0.15999836 0.15999999 0.15999909]"
1441,1441,"[0.15999761 0.15999841 0.1599992  0.15999894 0.1599995  0.15999998
 0.15999737 0.15999834 0.15999999 0.15999911]"
1442,1442,"[0.15999759 0.15999839 0.15999918 0.15999893 0.15999962 0.15999998
 0.15999735 0.15999832 0.15999999 0.15999913]"
1443,1443,"[0.15999757 0.15999836 0.15999916 0.15999892 0.15999968 0.15999998
 0.15999734 0.15999831 0.15999999 0.15999915]"
1444,1444,"[0.15999756 0.15999834 0.15999915 0.15999892 0.15999969 0.15999999
 0.15999734 0.15999829 0.15999999 0.15999917]"
1445,1445,"[0.15999754 0.15999831 0.15999913 0.15999891 0.15999968 0.15999999
 0.15999733 0.15999827 0.15999999 0.15999918]"
1446,1446,"[0.15999752 0.15999828 0.15999911 0.15999891 0.15999967 0.15999999
 0.15999733 0.15999826 0.15999999 0.1599992 ]"
1447,1447,"[0.15999751 0.15999826 0.15999909 0.1599989  0.15999965 0.15999999
 0.15999733 0.15999824 0.15999999 0.15999922]"
1448,1448,"[0.15999749 0.15999823 0.15999907 0.15999889 0.15999963 0.16
 0.15999733 0.15999823 0.15999999 0.15999923]"
1449,1449,"[0.15999748 0.15999821 0.15999905 0.15999889 0.15999961 0.16
 0.15999734 0.15999822 0.15999999 0.15999925]"
1450,1450,"[0.15999747 0.15999818 0.15999903 0.15999888 0.15999959 0.16
 0.15999734 0.15999821 0.15999999 0.15999926]"
1451,1451,"[0.15999745 0.15999816 0.15999901 0.15999888 0.15999957 0.16
 0.15999734 0.1599982  0.15999999 0.15999928]"
1452,1452,"[0.15999744 0.15999813 0.15999898 0.15999887 0.15999955 0.16
 0.15999734 0.1599982  0.15999999 0.15999929]"
1453,1453,"[0.15999743 0.15999811 0.15999896 0.15999887 0.15999953 0.16
 0.15999734 0.1599982  0.15999999 0.15999931]"
1454,1454,"[0.15999742 0.15999808 0.15999894 0.15999886 0.15999951 0.16
 0.15999734 0.1599982  0.15999999 0.15999932]"
1455,1455,"[0.15999741 0.15999806 0.15999891 0.15999886 0.1599995  0.16
 0.15999734 0.1599982  0.15999999 0.15999933]"
1456,1456,"[0.1599974  0.15999803 0.15999889 0.15999885 0.15999948 0.16
 0.15999733 0.15999821 0.15999999 0.15999934]"
1457,1457,"[0.15999739 0.15999801 0.15999886 0.15999885 0.15999946 0.15999999
 0.15999733 0.15999822 0.15999999 0.15999936]"
1458,1458,"[0.15999738 0.15999799 0.15999884 0.15999885 0.15999944 0.15999999
 0.15999733 0.15999824 0.15999999 0.15999937]"
1459,1459,"[0.15999737 0.15999796 0.15999881 0.15999884 0.15999942 0.15999999
 0.15999734 0.15999825 0.15999998 0.15999938]"
1460,1460,"[0.15999737 0.15999794 0.15999879 0.15999884 0.1599994  0.15999998
 0.15999735 0.15999827 0.15999998 0.15999939]"
1461,1461,"[0.15999736 0.15999792 0.15999876 0.15999883 0.15999938 0.15999998
 0.15999736 0.15999829 0.15999998 0.1599994 ]"
1462,1462,"[0.15999735 0.15999789 0.15999873 0.15999883 0.15999936 0.15999998
 0.15999737 0.1599983  0.15999998 0.15999941]"
1463,1463,"[0.15999735 0.15999787 0.15999871 0.15999882 0.15999934 0.15999997
 0.15999739 0.15999831 0.15999998 0.15999942]"
1464,1464,"[0.15999735 0.15999785 0.15999868 0.15999882 0.15999932 0.15999997
 0.1599974  0.15999832 0.15999998 0.15999943]"
1465,1465,"[0.15999734 0.15999783 0.15999865 0.15999881 0.1599993  0.15999996
 0.15999742 0.15999833 0.15999998 0.15999944]"
1466,1466,"[0.15999734 0.1599978  0.15999862 0.15999881 0.15999928 0.15999996
 0.15999743 0.15999833 0.15999998 0.15999945]"
1467,1467,"[0.15999734 0.15999778 0.15999859 0.1599988  0.15999925 0.15999995
 0.15999744 0.15999832 0.15999998 0.15999946]"
1468,1468,"[0.15999734 0.15999776 0.15999856 0.1599988  0.15999923 0.15999994
 0.15999745 0.15999832 0.15999998 0.15999946]"
1469,1469,"[0.15999733 0.15999774 0.15999853 0.15999879 0.15999921 0.15999994
 0.15999745 0.15999831 0.15999998 0.15999947]"
1470,1470,"[0.15999733 0.15999772 0.1599985  0.15999878 0.15999919 0.15999993
 0.15999745 0.1599983  0.15999998 0.15999948]"
1471,1471,"[0.15999733 0.1599977  0.15999847 0.15999878 0.15999916 0.15999992
 0.15999745 0.15999828 0.15999998 0.15999949]"
1472,1472,"[0.15999733 0.15999768 0.15999844 0.15999877 0.15999914 0.15999991
 0.15999745 0.15999827 0.15999998 0.15999949]"
1473,1473,"[0.15999734 0.15999767 0.15999841 0.15999876 0.15999911 0.1599999
 0.15999744 0.15999825 0.15999998 0.1599995 ]"
1474,1474,"[0.15999734 0.15999765 0.15999838 0.15999875 0.15999909 0.15999989
 0.15999744 0.15999823 0.15999998 0.15999951]"
1475,1475,"[0.15999734 0.15999763 0.15999835 0.15999874 0.15999906 0.15999988
 0.15999743 0.15999821 0.15999998 0.15999951]"
1476,1476,"[0.15999734 0.15999761 0.15999832 0.15999872 0.15999904 0.15999987
 0.15999743 0.15999819 0.15999998 0.15999952]"
1477,1477,"[0.15999735 0.1599976  0.15999829 0.15999871 0.15999901 0.15999986
 0.15999742 0.15999816 0.15999998 0.15999952]"
1478,1478,"[0.15999735 0.15999758 0.15999826 0.1599987  0.15999898 0.15999985
 0.15999741 0.15999814 0.15999998 0.15999953]"
1479,1479,"[0.15999736 0.15999757 0.15999823 0.15999868 0.15999895 0.15999984
 0.15999741 0.15999812 0.15999998 0.15999953]"
1480,1480,"[0.15999736 0.15999755 0.1599982  0.15999867 0.15999893 0.15999983
 0.1599974  0.15999809 0.15999998 0.15999954]"
1481,1481,"[0.15999737 0.15999754 0.15999817 0.15999865 0.1599989  0.15999982
 0.15999739 0.15999807 0.15999998 0.15999954]"
1482,1482,"[0.15999737 0.15999753 0.15999814 0.15999863 0.15999887 0.15999981
 0.15999739 0.15999804 0.15999998 0.15999955]"
1483,1483,"[0.15999738 0.15999752 0.15999811 0.15999861 0.15999884 0.15999979
 0.15999738 0.15999801 0.15999998 0.15999955]"
1484,1484,"[0.15999739 0.1599975  0.15999808 0.15999859 0.15999881 0.15999978
 0.15999738 0.15999799 0.15999998 0.15999956]"
1485,1485,"[0.1599974  0.15999749 0.15999805 0.15999857 0.15999878 0.15999977
 0.15999737 0.15999796 0.15999998 0.15999956]"
1486,1486,"[0.15999741 0.15999748 0.15999802 0.15999855 0.15999875 0.15999976
 0.15999736 0.15999793 0.15999998 0.15999956]"
1487,1487,"[0.15999742 0.15999747 0.15999799 0.15999852 0.15999872 0.15999974
 0.15999736 0.1599979  0.15999998 0.15999957]"
1488,1488,"[0.15999743 0.15999747 0.15999796 0.1599985  0.15999869 0.15999973
 0.15999735 0.15999788 0.15999998 0.15999957]"
1489,1489,"[0.15999744 0.15999746 0.15999794 0.15999847 0.15999866 0.15999971
 0.15999735 0.15999785 0.15999998 0.15999958]"
1490,1490,"[0.15999745 0.15999745 0.15999791 0.15999845 0.15999863 0.1599997
 0.15999735 0.15999782 0.15999998 0.15999958]"
1491,1491,"[0.15999747 0.15999744 0.15999789 0.15999842 0.15999859 0.15999968
 0.15999734 0.15999779 0.15999998 0.15999959]"
1492,1492,"[0.15999748 0.15999744 0.15999786 0.15999839 0.15999856 0.15999967
 0.15999734 0.15999777 0.15999998 0.15999959]"
1493,1493,"[0.15999749 0.15999743 0.15999784 0.15999837 0.15999853 0.15999965
 0.15999734 0.15999774 0.15999998 0.1599996 ]"
1494,1494,"[0.15999751 0.15999742 0.15999782 0.15999834 0.15999849 0.15999964
 0.15999734 0.15999771 0.15999998 0.1599996 ]"
1495,1495,"[0.15999752 0.15999742 0.15999779 0.15999831 0.15999846 0.15999962
 0.15999734 0.15999769 0.15999998 0.15999961]"
1496,1496,"[0.15999754 0.15999742 0.15999777 0.15999828 0.15999843 0.15999961
 0.15999733 0.15999766 0.15999998 0.15999961]"
1497,1497,"[0.15999755 0.15999741 0.15999775 0.15999825 0.15999839 0.15999959
 0.15999733 0.15999764 0.15999998 0.15999962]"
1498,1498,"[0.15999757 0.15999741 0.15999774 0.15999822 0.15999836 0.15999957
 0.15999733 0.15999761 0.15999998 0.15999962]"
1499,1499,"[0.15999759 0.1599974  0.15999772 0.15999818 0.15999833 0.15999956
 0.15999733 0.15999759 0.15999998 0.15999963]"
1500,1500,"[0.1599976  0.1599974  0.15999771 0.15999815 0.15999829 0.15999954
 0.15999733 0.15999757 0.15999998 0.15999985]"
1501,1501,"[0.15999762 0.1599974  0.1599977  0.15999812 0.15999826 0.15999952
 0.15999734 0.15999755 0.15999994 0.15999993]"
1502,1502,"[0.15999764 0.1599974  0.15999769 0.15999809 0.15999822 0.15999951
 0.15999734 0.15999752 0.15999994 0.15999993]"
1503,1503,"[0.15999766 0.15999739 0.15999768 0.15999806 0.15999819 0.15999949
 0.15999734 0.1599975  0.15999994 0.15999993]"
1504,1504,"[0.15999768 0.15999739 0.15999768 0.15999803 0.15999816 0.15999947
 0.15999734 0.15999748 0.15999994 0.15999993]"
1505,1505,"[0.1599977  0.15999739 0.15999768 0.15999799 0.15999812 0.15999945
 0.15999734 0.15999747 0.15999995 0.15999992]"
1506,1506,"[0.15999772 0.15999739 0.15999769 0.15999796 0.15999809 0.15999943
 0.15999734 0.15999745 0.15999995 0.15999992]"
1507,1507,"[0.15999774 0.15999738 0.1599977  0.15999793 0.15999806 0.15999942
 0.15999735 0.15999743 0.15999995 0.15999992]"
1508,1508,"[0.15999775 0.15999738 0.15999772 0.1599979  0.15999802 0.1599994
 0.15999735 0.15999742 0.15999995 0.15999991]"
1509,1509,"[0.15999777 0.15999738 0.15999775 0.15999787 0.15999799 0.15999938
 0.15999735 0.1599974  0.15999995 0.15999991]"
1510,1510,"[0.15999779 0.15999738 0.15999779 0.15999784 0.15999796 0.15999936
 0.15999736 0.15999739 0.15999995 0.1599999 ]"
1511,1511,"[0.15999781 0.15999738 0.15999784 0.15999781 0.15999792 0.15999934
 0.15999736 0.15999738 0.15999995 0.15999988]"
1512,1512,"[0.15999783 0.15999738 0.15999789 0.15999778 0.15999789 0.15999933
 0.15999736 0.15999737 0.15999996 0.15999987]"
1513,1513,"[0.15999785 0.15999737 0.15999796 0.15999775 0.15999786 0.15999931
 0.15999736 0.15999736 0.15999996 0.15999985]"
1514,1514,"[0.15999787 0.15999737 0.15999801 0.15999772 0.15999783 0.15999929
 0.15999737 0.15999735 0.15999996 0.15999982]"
1515,1515,"[0.15999789 0.15999737 0.15999806 0.15999769 0.1599978  0.15999927
 0.15999737 0.15999735 0.15999996 0.1599998 ]"
1516,1516,"[0.15999791 0.15999737 0.15999809 0.15999766 0.15999777 0.15999925
 0.15999737 0.15999734 0.15999996 0.15999977]"
1517,1517,"[0.15999793 0.15999737 0.1599981  0.15999764 0.15999774 0.15999923
 0.15999738 0.15999734 0.15999996 0.15999975]"
1518,1518,"[0.15999795 0.15999737 0.15999809 0.15999761 0.15999771 0.15999922
 0.15999738 0.15999733 0.15999996 0.15999974]"
1519,1519,"[0.15999797 0.15999737 0.15999807 0.15999759 0.15999769 0.1599992
 0.15999738 0.15999733 0.15999996 0.15999973]"
1520,1520,"[0.15999799 0.15999737 0.15999805 0.15999756 0.15999766 0.15999918
 0.15999738 0.15999733 0.15999996 0.15999973]"
1521,1521,"[0.15999801 0.15999736 0.15999803 0.15999754 0.15999763 0.15999916
 0.15999739 0.15999734 0.15999996 0.15999973]"
1522,1522,"[0.15999803 0.15999736 0.159998   0.15999752 0.15999761 0.15999914
 0.15999739 0.15999734 0.15999997 0.15999974]"
1523,1523,"[0.15999805 0.15999735 0.15999798 0.1599975  0.15999758 0.15999912
 0.15999739 0.15999734 0.15999996 0.15999974]"
1524,1524,"[0.15999807 0.15999734 0.15999795 0.15999748 0.15999756 0.15999911
 0.1599974  0.15999735 0.15999994 0.15999975]"
1525,1525,"[0.15999809 0.15999734 0.15999793 0.15999746 0.15999754 0.15999909
 0.1599974  0.15999736 0.15999994 0.15999976]"
1526,1526,"[0.1599981  0.15999734 0.1599979  0.15999744 0.15999752 0.15999907
 0.1599974  0.15999737 0.15999995 0.15999977]"
1527,1527,"[0.15999812 0.15999735 0.15999788 0.15999742 0.1599975  0.15999905
 0.1599974  0.15999738 0.15999995 0.15999977]"
1528,1528,"[0.15999814 0.15999735 0.15999785 0.15999741 0.15999748 0.15999903
 0.15999741 0.15999739 0.15999995 0.15999978]"
1529,1529,"[0.15999816 0.15999735 0.15999783 0.1599974  0.15999746 0.15999901
 0.15999741 0.1599974  0.15999995 0.15999979]"
1530,1530,"[0.15999818 0.15999736 0.1599978  0.15999738 0.15999744 0.15999899
 0.15999741 0.15999742 0.15999995 0.1599998 ]"
1531,1531,"[0.15999819 0.15999736 0.15999778 0.15999737 0.15999743 0.15999898
 0.15999742 0.15999743 0.15999995 0.1599998 ]"
1532,1532,"[0.15999821 0.15999736 0.15999775 0.15999736 0.15999741 0.15999896
 0.15999742 0.15999745 0.15999995 0.15999981]"
1533,1533,"[0.15999823 0.15999737 0.15999773 0.15999735 0.1599974  0.15999894
 0.15999742 0.15999747 0.15999996 0.15999981]"
1534,1534,"[0.15999824 0.15999737 0.1599977  0.15999735 0.15999738 0.15999892
 0.15999743 0.15999749 0.15999996 0.15999982]"
1535,1535,"[0.15999826 0.15999738 0.15999768 0.15999734 0.15999737 0.1599989
 0.15999743 0.15999751 0.15999996 0.15999982]"
1536,1536,"[0.15999828 0.15999739 0.15999766 0.15999734 0.15999736 0.15999888
 0.15999744 0.15999753 0.15999996 0.15999983]"
1537,1537,"[0.15999829 0.15999739 0.15999763 0.15999733 0.15999736 0.15999887
 0.15999744 0.15999755 0.15999996 0.15999983]"
1538,1538,"[0.15999831 0.1599974  0.15999761 0.15999733 0.15999735 0.15999885
 0.15999745 0.15999757 0.15999996 0.15999984]"
1539,1539,"[0.15999833 0.15999741 0.15999759 0.15999733 0.15999734 0.15999883
 0.15999745 0.1599976  0.15999996 0.15999984]"
1540,1540,"[0.15999835 0.15999742 0.15999757 0.15999734 0.15999734 0.15999881
 0.15999746 0.15999762 0.15999996 0.15999985]"
1541,1541,"[0.15999836 0.15999743 0.15999754 0.15999734 0.15999734 0.15999879
 0.15999747 0.15999765 0.15999996 0.15999985]"
1542,1542,"[0.15999838 0.15999744 0.15999752 0.15999734 0.15999733 0.15999878
 0.15999747 0.15999767 0.15999996 0.15999985]"
1543,1543,"[0.1599984  0.15999745 0.1599975  0.15999735 0.15999733 0.15999876
 0.15999748 0.1599977  0.15999996 0.15999986]"
1544,1544,"[0.15999841 0.15999746 0.15999749 0.15999735 0.15999733 0.15999874
 0.15999749 0.15999773 0.15999997 0.15999986]"
1545,1545,"[0.15999843 0.15999747 0.15999747 0.15999736 0.15999734 0.15999872
 0.1599975  0.15999776 0.15999997 0.15999986]"
1546,1546,"[0.15999845 0.15999749 0.15999745 0.15999737 0.15999734 0.1599987
 0.15999751 0.15999779 0.15999997 0.15999986]"
1547,1547,"[0.15999846 0.1599975  0.15999744 0.15999738 0.15999734 0.15999869
 0.15999752 0.15999782 0.15999997 0.15999987]"
1548,1548,"[0.15999848 0.15999751 0.15999742 0.1599974  0.15999735 0.15999867
 0.15999753 0.15999785 0.15999997 0.15999987]"
1549,1549,"[0.1599985  0.15999753 0.15999741 0.15999741 0.15999736 0.15999865
 0.15999755 0.15999788 0.15999997 0.15999987]"
1550,1550,"[0.15999851 0.15999754 0.1599974  0.15999742 0.15999736 0.15999864
 0.15999756 0.15999791 0.15999997 0.15999987]"
1551,1551,"[0.15999853 0.15999756 0.15999739 0.15999744 0.15999737 0.15999862
 0.15999757 0.15999794 0.15999997 0.15999987]"
1552,1552,"[0.15999855 0.15999758 0.15999738 0.15999746 0.15999738 0.15999861
 0.15999759 0.15999797 0.15999997 0.15999987]"
1553,1553,"[0.15999856 0.15999759 0.15999737 0.15999747 0.15999739 0.15999859
 0.1599976  0.159998   0.15999997 0.15999987]"
1554,1554,"[0.15999858 0.15999761 0.15999736 0.15999749 0.1599974  0.15999858
 0.15999762 0.15999803 0.15999997 0.15999987]"
1555,1555,"[0.1599986  0.15999763 0.15999736 0.15999751 0.15999742 0.15999857
 0.15999763 0.15999806 0.15999997 0.15999987]"
1556,1556,"[0.15999861 0.15999765 0.15999735 0.15999753 0.15999743 0.15999856
 0.15999765 0.1599981  0.15999997 0.15999987]"
1557,1557,"[0.15999863 0.15999767 0.15999735 0.15999755 0.15999745 0.15999854
 0.15999767 0.15999813 0.15999997 0.15999987]"
1558,1558,"[0.15999865 0.15999769 0.15999734 0.15999758 0.15999746 0.15999854
 0.15999769 0.15999816 0.15999997 0.15999987]"
1559,1559,"[0.15999866 0.15999771 0.15999734 0.1599976  0.15999748 0.15999853
 0.15999771 0.15999819 0.15999997 0.15999987]"
1560,1560,"[0.15999868 0.15999773 0.15999734 0.15999763 0.15999749 0.15999852
 0.15999773 0.15999822 0.15999997 0.15999986]"
1561,1561,"[0.1599987  0.15999775 0.15999734 0.15999765 0.15999751 0.15999851
 0.15999775 0.15999825 0.15999997 0.15999986]"
1562,1562,"[0.15999871 0.15999777 0.15999734 0.15999768 0.15999753 0.1599985
 0.15999777 0.15999828 0.15999997 0.15999985]"
1563,1563,"[0.15999873 0.15999779 0.15999734 0.1599977  0.15999755 0.1599985
 0.15999779 0.15999832 0.15999997 0.15999984]"
1564,1564,"[0.15999875 0.15999781 0.15999734 0.15999773 0.15999757 0.15999849
 0.15999781 0.15999835 0.15999997 0.15999983]"
1565,1565,"[0.15999876 0.15999784 0.15999734 0.15999776 0.15999759 0.15999849
 0.15999783 0.15999838 0.15999997 0.15999982]"
1566,1566,"[0.15999878 0.15999786 0.15999734 0.15999778 0.15999761 0.15999848
 0.15999785 0.15999841 0.15999997 0.1599998 ]"
1567,1567,"[0.1599988  0.15999788 0.15999734 0.15999781 0.15999763 0.15999848
 0.15999787 0.15999844 0.15999997 0.15999977]"
1568,1568,"[0.15999881 0.15999791 0.15999734 0.15999784 0.15999765 0.15999847
 0.15999789 0.15999847 0.15999997 0.15999973]"
1569,1569,"[0.15999883 0.15999793 0.15999734 0.15999787 0.15999767 0.15999847
 0.15999792 0.1599985  0.15999997 0.15999967]"
1570,1570,"[0.15999885 0.15999795 0.15999734 0.1599979  0.15999769 0.15999846
 0.15999794 0.15999852 0.15999997 0.15999959]"
1571,1571,"[0.15999886 0.15999798 0.15999733 0.15999793 0.15999772 0.15999845
 0.15999796 0.15999855 0.15999997 0.15999945]"
1572,1572,"[0.15999888 0.159998   0.15999733 0.15999796 0.15999774 0.15999844
 0.15999798 0.15999858 0.15999997 0.1599992 ]"
1573,1573,"[0.1599989  0.15999802 0.15999733 0.15999799 0.15999776 0.15999843
 0.15999801 0.15999861 0.15999997 0.15999877]"
1574,1574,"[0.15999891 0.15999805 0.15999733 0.15999802 0.15999778 0.15999842
 0.15999803 0.15999863 0.15999997 0.15999804]"
1575,1575,"[0.15999893 0.15999807 0.15999733 0.15999805 0.1599978  0.1599984
 0.15999805 0.15999866 0.15999997 0.15999739]"
1576,1576,"[0.15999895 0.1599981  0.15999733 0.15999808 0.15999782 0.15999839
 0.15999807 0.15999869 0.15999997 0.15999773]"
1577,1577,"[0.15999896 0.15999812 0.15999733 0.15999811 0.15999785 0.15999837
 0.1599981  0.15999871 0.15999997 0.15999851]"
1578,1578,"[0.15999898 0.15999815 0.15999733 0.15999815 0.15999787 0.15999836
 0.15999812 0.15999874 0.15999997 0.15999904]"
1579,1579,"[0.159999   0.15999817 0.15999733 0.15999818 0.15999789 0.15999834
 0.15999814 0.15999876 0.15999997 0.15999934]"
1580,1580,"[0.15999902 0.15999819 0.15999734 0.15999821 0.15999791 0.15999832
 0.15999817 0.15999879 0.15999997 0.15999951]"
1581,1581,"[0.15999903 0.15999822 0.15999734 0.15999824 0.15999793 0.1599983
 0.15999819 0.15999881 0.15999997 0.15999961]"
1582,1582,"[0.15999905 0.15999824 0.15999734 0.15999827 0.15999795 0.15999828
 0.15999821 0.15999883 0.15999997 0.15999968]"
1583,1583,"[0.15999907 0.15999827 0.15999734 0.1599983  0.15999796 0.15999826
 0.15999823 0.15999885 0.15999997 0.15999972]"
1584,1584,"[0.15999908 0.15999829 0.15999734 0.15999833 0.15999798 0.15999824
 0.15999826 0.15999888 0.15999997 0.15999976]"
1585,1585,"[0.1599991  0.15999831 0.15999735 0.15999836 0.15999799 0.15999821
 0.15999828 0.1599989  0.15999997 0.15999978]"
1586,1586,"[0.15999912 0.15999834 0.15999735 0.15999839 0.159998   0.15999819
 0.1599983  0.15999892 0.15999997 0.1599998 ]"
1587,1587,"[0.15999914 0.15999836 0.15999735 0.15999842 0.159998   0.15999817
 0.15999833 0.15999894 0.15999997 0.15999981]"
1588,1588,"[0.15999915 0.15999838 0.15999735 0.15999845 0.159998   0.15999814
 0.15999835 0.15999896 0.15999997 0.15999982]"
1589,1589,"[0.15999917 0.1599984  0.15999735 0.15999848 0.15999799 0.15999812
 0.15999837 0.15999898 0.15999997 0.15999983]"
1590,1590,"[0.15999919 0.15999843 0.15999734 0.15999851 0.15999796 0.15999809
 0.15999839 0.15999899 0.15999997 0.15999983]"
1591,1591,"[0.1599992  0.15999845 0.15999733 0.15999854 0.1599979  0.15999807
 0.15999842 0.15999901 0.15999997 0.15999984]"
1592,1592,"[0.15999922 0.15999847 0.15999734 0.15999857 0.15999783 0.15999804
 0.15999844 0.15999903 0.15999997 0.15999984]"
1593,1593,"[0.15999924 0.15999849 0.15999736 0.15999859 0.15999776 0.15999802
 0.15999846 0.15999905 0.15999997 0.15999985]"
1594,1594,"[0.15999925 0.15999851 0.15999738 0.15999862 0.1599977  0.15999799
 0.15999849 0.15999906 0.15999997 0.15999985]"
1595,1595,"[0.15999927 0.15999853 0.15999739 0.15999864 0.15999767 0.15999796
 0.15999851 0.15999908 0.15999997 0.15999985]"
1596,1596,"[0.15999929 0.15999855 0.15999739 0.15999867 0.15999766 0.15999794
 0.15999853 0.15999909 0.15999997 0.15999985]"
1597,1597,"[0.1599993  0.15999856 0.15999739 0.15999869 0.15999765 0.15999791
 0.15999855 0.15999911 0.15999998 0.15999986]"
1598,1598,"[0.15999932 0.15999858 0.15999738 0.15999871 0.15999766 0.15999789
 0.15999858 0.15999912 0.15999998 0.15999986]"
1599,1599,"[0.15999933 0.15999859 0.15999737 0.15999873 0.15999767 0.15999786
 0.1599986  0.15999914 0.15999998 0.15999986]"
1600,1600,"[0.15999935 0.15999861 0.15999736 0.15999875 0.15999768 0.15999784
 0.15999862 0.15999915 0.15999998 0.15999986]"
1601,1601,"[0.15999937 0.15999861 0.15999735 0.15999877 0.15999769 0.15999781
 0.15999865 0.15999916 0.15999998 0.15999986]"
1602,1602,"[0.15999938 0.15999862 0.15999735 0.15999878 0.15999771 0.15999779
 0.15999867 0.15999918 0.15999998 0.15999986]"
1603,1603,"[0.1599994  0.15999862 0.15999734 0.15999879 0.15999772 0.15999776
 0.15999869 0.15999919 0.15999998 0.15999987]"
1604,1604,"[0.15999941 0.15999861 0.15999734 0.15999879 0.15999774 0.15999774
 0.15999871 0.1599992  0.15999998 0.15999987]"
1605,1605,"[0.15999943 0.15999859 0.15999734 0.15999879 0.15999775 0.15999772
 0.15999874 0.15999921 0.15999998 0.15999987]"
1606,1606,"[0.15999944 0.15999856 0.15999733 0.15999878 0.15999777 0.15999769
 0.15999876 0.15999922 0.15999998 0.15999987]"
1607,1607,"[0.15999946 0.15999852 0.15999733 0.15999877 0.15999779 0.15999767
 0.15999878 0.15999923 0.15999998 0.15999988]"
1608,1608,"[0.15999947 0.15999847 0.15999733 0.15999874 0.1599978  0.15999765
 0.1599988  0.15999924 0.15999998 0.15999988]"
1609,1609,"[0.15999949 0.1599984  0.15999733 0.15999872 0.15999782 0.15999763
 0.15999883 0.15999924 0.15999998 0.15999988]"
1610,1610,"[0.1599995  0.15999833 0.15999734 0.15999869 0.15999784 0.15999761
 0.15999885 0.15999924 0.15999998 0.15999989]"
1611,1611,"[0.15999951 0.15999827 0.15999734 0.15999866 0.15999785 0.15999759
 0.15999887 0.15999924 0.15999998 0.15999989]"
1612,1612,"[0.15999953 0.15999822 0.15999734 0.15999864 0.15999787 0.15999757
 0.15999889 0.15999923 0.15999998 0.1599999 ]"
1613,1613,"[0.15999954 0.15999818 0.15999734 0.15999863 0.15999789 0.15999755
 0.15999891 0.15999921 0.15999998 0.1599999 ]"
1614,1614,"[0.15999956 0.15999815 0.15999734 0.15999862 0.15999791 0.15999753
 0.15999893 0.15999918 0.15999998 0.1599999 ]"
1615,1615,"[0.15999957 0.15999813 0.15999734 0.15999862 0.15999793 0.15999751
 0.15999895 0.15999914 0.15999998 0.15999991]"
1616,1616,"[0.15999958 0.15999812 0.15999734 0.15999862 0.15999794 0.15999749
 0.15999897 0.15999909 0.15999998 0.15999991]"
1617,1617,"[0.1599996  0.15999812 0.15999734 0.15999863 0.15999796 0.15999748
 0.15999899 0.15999902 0.15999998 0.15999992]"
1618,1618,"[0.15999961 0.15999812 0.15999734 0.15999865 0.15999798 0.15999746
 0.159999   0.15999895 0.15999998 0.15999992]"
1619,1619,"[0.15999962 0.15999812 0.15999734 0.15999866 0.159998   0.15999745
 0.15999901 0.15999888 0.15999998 0.15999992]"
1620,1620,"[0.15999963 0.15999812 0.15999734 0.15999868 0.15999802 0.15999743
 0.15999902 0.15999882 0.15999998 0.15999993]"
1621,1621,"[0.15999965 0.15999813 0.15999734 0.1599987  0.15999803 0.15999742
 0.15999903 0.15999876 0.15999998 0.15999993]"
1622,1622,"[0.15999966 0.15999813 0.15999734 0.15999872 0.15999805 0.15999741
 0.15999903 0.15999871 0.15999998 0.15999994]"
1623,1623,"[0.15999967 0.15999813 0.15999734 0.15999874 0.15999807 0.1599974
 0.15999903 0.15999867 0.15999998 0.15999994]"
1624,1624,"[0.15999968 0.15999812 0.15999734 0.15999876 0.15999809 0.15999739
 0.15999901 0.15999865 0.15999998 0.15999994]"
1625,1625,"[0.1599997  0.15999812 0.15999734 0.15999879 0.15999811 0.15999738
 0.15999899 0.15999863 0.15999998 0.15999995]"
1626,1626,"[0.15999971 0.15999811 0.15999734 0.15999881 0.15999812 0.15999737
 0.15999896 0.15999861 0.15999998 0.15999995]"
1627,1627,"[0.15999972 0.15999809 0.15999735 0.15999883 0.15999814 0.15999736
 0.15999891 0.1599986  0.15999998 0.15999996]"
1628,1628,"[0.15999973 0.15999807 0.15999735 0.15999885 0.15999816 0.15999736
 0.15999885 0.1599986  0.15999998 0.15999996]"
1629,1629,"[0.15999974 0.15999806 0.15999736 0.15999888 0.15999818 0.15999735
 0.15999878 0.15999859 0.15999998 0.15999996]"
1630,1630,"[0.15999975 0.15999804 0.15999736 0.1599989  0.15999819 0.15999734
 0.15999871 0.15999859 0.15999998 0.15999996]"
1631,1631,"[0.15999976 0.15999802 0.15999737 0.15999892 0.15999821 0.15999734
 0.15999863 0.1599986  0.15999998 0.15999997]"
1632,1632,"[0.15999977 0.159998   0.15999738 0.15999894 0.15999823 0.15999734
 0.15999856 0.1599986  0.15999998 0.15999997]"
1633,1633,"[0.15999978 0.15999799 0.15999739 0.15999897 0.15999825 0.15999734
 0.1599985  0.15999861 0.15999998 0.15999997]"
1634,1634,"[0.15999979 0.15999798 0.1599974  0.15999899 0.15999826 0.15999733
 0.15999844 0.15999862 0.15999998 0.15999997]"
1635,1635,"[0.1599998  0.15999797 0.15999741 0.15999901 0.15999828 0.15999733
 0.1599984  0.15999863 0.15999998 0.15999997]"
1636,1636,"[0.15999981 0.15999797 0.15999742 0.15999903 0.1599983  0.15999733
 0.15999837 0.15999864 0.15999998 0.15999998]"
1637,1637,"[0.15999981 0.15999797 0.15999743 0.15999905 0.15999831 0.15999733
 0.15999835 0.15999865 0.15999998 0.15999998]"
1638,1638,"[0.15999982 0.15999798 0.15999745 0.15999907 0.15999833 0.15999734
 0.15999833 0.15999866 0.15999998 0.15999998]"
1639,1639,"[0.15999983 0.15999798 0.15999746 0.15999909 0.15999834 0.15999734
 0.15999832 0.15999867 0.15999998 0.15999998]"
1640,1640,"[0.15999984 0.15999799 0.15999747 0.15999911 0.15999836 0.15999734
 0.15999832 0.15999868 0.15999998 0.15999998]"
1641,1641,"[0.15999984 0.159998   0.15999749 0.15999913 0.15999837 0.15999735
 0.15999832 0.15999869 0.15999998 0.15999998]"
1642,1642,"[0.15999985 0.15999801 0.15999751 0.15999914 0.15999839 0.15999735
 0.15999832 0.1599987  0.15999998 0.15999998]"
1643,1643,"[0.15999985 0.15999803 0.15999752 0.15999916 0.1599984  0.15999736
 0.15999832 0.15999872 0.15999998 0.15999998]"
1644,1644,"[0.15999986 0.15999804 0.15999754 0.15999918 0.15999841 0.15999736
 0.15999833 0.15999873 0.15999998 0.15999998]"
1645,1645,"[0.15999986 0.15999805 0.15999756 0.1599992  0.15999842 0.15999737
 0.15999833 0.15999874 0.15999998 0.15999998]"
1646,1646,"[0.15999987 0.15999807 0.15999758 0.15999921 0.15999844 0.15999738
 0.15999834 0.15999875 0.15999998 0.15999998]"
1647,1647,"[0.15999987 0.15999808 0.1599976  0.15999923 0.15999845 0.15999739
 0.15999835 0.15999876 0.15999998 0.15999998]"
1648,1648,"[0.15999987 0.1599981  0.15999762 0.15999925 0.15999846 0.1599974
 0.15999835 0.15999877 0.15999998 0.15999998]"
1649,1649,"[0.15999988 0.15999811 0.15999764 0.15999927 0.15999847 0.15999741
 0.15999836 0.15999878 0.15999998 0.15999998]"
1650,1650,"[0.15999988 0.15999813 0.15999766 0.15999928 0.15999848 0.15999742
 0.15999836 0.15999879 0.15999998 0.15999998]"
1651,1651,"[0.15999988 0.15999815 0.15999768 0.1599993  0.15999848 0.15999743
 0.15999836 0.1599988  0.15999998 0.15999998]"
1652,1652,"[0.15999988 0.15999816 0.1599977  0.15999932 0.15999849 0.15999744
 0.15999836 0.15999881 0.15999998 0.15999998]"
1653,1653,"[0.15999988 0.15999818 0.15999772 0.15999933 0.1599985  0.15999745
 0.15999836 0.15999882 0.15999998 0.15999998]"
1654,1654,"[0.15999988 0.15999819 0.15999774 0.15999935 0.1599985  0.15999746
 0.15999836 0.15999883 0.15999998 0.15999998]"
1655,1655,"[0.15999988 0.15999821 0.15999776 0.15999937 0.1599985  0.15999747
 0.15999835 0.15999884 0.15999998 0.15999998]"
1656,1656,"[0.15999988 0.15999822 0.15999777 0.15999939 0.15999851 0.15999749
 0.15999834 0.15999885 0.15999998 0.15999998]"
1657,1657,"[0.15999988 0.15999824 0.15999779 0.15999941 0.15999851 0.1599975
 0.15999832 0.15999885 0.15999998 0.15999998]"
1658,1658,"[0.15999988 0.15999825 0.15999781 0.15999943 0.1599985  0.15999751
 0.1599983  0.15999886 0.15999998 0.15999998]"
1659,1659,"[0.15999988 0.15999827 0.15999782 0.15999945 0.1599985  0.15999753
 0.15999826 0.15999887 0.15999998 0.15999998]"
1660,1660,"[0.15999988 0.15999828 0.15999784 0.15999948 0.15999849 0.15999754
 0.15999822 0.15999887 0.15999998 0.15999998]"
1661,1661,"[0.15999988 0.15999829 0.15999785 0.1599995  0.15999847 0.15999756
 0.15999817 0.15999887 0.15999998 0.15999998]"
1662,1662,"[0.15999988 0.1599983  0.15999787 0.15999953 0.15999846 0.15999757
 0.1599981  0.15999888 0.15999998 0.15999998]"
1663,1663,"[0.15999987 0.15999832 0.15999788 0.15999956 0.15999843 0.15999759
 0.15999802 0.15999888 0.15999998 0.15999998]"
1664,1664,"[0.15999987 0.15999833 0.15999789 0.15999959 0.15999839 0.15999761
 0.15999791 0.15999888 0.15999998 0.15999998]"
1665,1665,"[0.15999987 0.15999834 0.1599979  0.15999963 0.15999834 0.15999762
 0.15999777 0.15999889 0.15999998 0.15999998]"
1666,1666,"[0.15999987 0.15999834 0.15999791 0.15999967 0.15999827 0.15999764
 0.15999762 0.15999889 0.15999998 0.15999998]"
1667,1667,"[0.15999986 0.15999835 0.15999791 0.1599997  0.15999818 0.15999766
 0.15999746 0.15999889 0.15999998 0.15999998]"
1668,1668,"[0.15999986 0.15999836 0.15999792 0.15999973 0.15999806 0.15999767
 0.15999735 0.15999889 0.15999998 0.15999998]"
1669,1669,"[0.15999985 0.15999837 0.15999792 0.15999974 0.15999791 0.15999769
 0.15999735 0.15999889 0.15999998 0.15999998]"
1670,1670,"[0.15999985 0.15999837 0.15999792 0.15999972 0.15999776 0.15999771
 0.15999741 0.15999889 0.15999998 0.15999998]"
1671,1671,"[0.15999984 0.15999837 0.15999793 0.15999965 0.15999762 0.15999773
 0.15999747 0.1599989  0.15999998 0.15999998]"
1672,1672,"[0.15999984 0.15999838 0.15999793 0.15999952 0.15999751 0.15999775
 0.15999749 0.15999891 0.15999998 0.15999998]"
1673,1673,"[0.15999983 0.15999838 0.15999792 0.15999939 0.15999745 0.15999776
 0.1599975  0.15999894 0.15999998 0.15999998]"
1674,1674,"[0.15999982 0.15999838 0.15999792 0.15999928 0.15999741 0.15999778
 0.15999755 0.15999895 0.15999998 0.15999998]"
1675,1675,"[0.15999981 0.15999838 0.15999792 0.15999921 0.15999738 0.1599978
 0.15999781 0.15999839 0.15999998 0.15999998]"
1676,1676,"[0.1599998  0.15999838 0.15999791 0.15999918 0.15999737 0.15999782
 0.15999802 0.15999781 0.15999998 0.15999998]"
1677,1677,"[0.15999979 0.15999837 0.15999791 0.15999915 0.15999736 0.15999784
 0.15999806 0.15999757 0.15999998 0.15999998]"
1678,1678,"[0.15999977 0.15999837 0.1599979  0.15999777 0.15999736 0.15999786
 0.15999804 0.15999735 0.15999997 0.15999998]"
1679,1679,"[0.15999976 0.15999836 0.15999789 0.1599975  0.15999735 0.15999788
 0.15999801 0.15999741 0.15999997 0.15999998]"
1680,1680,"[0.15999973 0.15999835 0.15999788 0.15999748 0.15999735 0.1599979
 0.15999798 0.15999742 0.15999997 0.15999998]"
1681,1681,"[0.15999971 0.15999834 0.15999787 0.15999747 0.15999735 0.15999792
 0.15999794 0.15999742 0.15999997 0.15999998]"
1682,1682,"[0.15999968 0.15999833 0.15999786 0.15999747 0.15999734 0.15999794
 0.15999791 0.15999742 0.15999997 0.15999998]"
1683,1683,"[0.15999965 0.15999831 0.15999785 0.15999747 0.15999734 0.15999797
 0.15999788 0.15999742 0.15999997 0.15999998]"
1684,1684,"[0.15999961 0.1599983  0.15999784 0.15999747 0.15999734 0.15999799
 0.15999785 0.15999742 0.15999997 0.15999998]"
1685,1685,"[0.15999956 0.15999827 0.15999783 0.15999747 0.15999734 0.15999801
 0.15999782 0.15999741 0.15999997 0.15999998]"
1686,1686,"[0.1599995  0.15999825 0.15999782 0.15999747 0.15999734 0.15999803
 0.1599978  0.15999741 0.15999997 0.15999998]"
1687,1687,"[0.15999944 0.15999822 0.1599978  0.15999747 0.15999734 0.15999805
 0.15999777 0.15999741 0.15999997 0.15999998]"
1688,1688,"[0.15999936 0.15999818 0.15999779 0.15999747 0.15999734 0.15999808
 0.15999775 0.15999741 0.15999997 0.15999998]"
1689,1689,"[0.15999928 0.15999813 0.15999778 0.15999747 0.15999734 0.1599981
 0.15999772 0.15999741 0.15999997 0.15999998]"
1690,1690,"[0.15999918 0.15999808 0.15999776 0.15999748 0.15999734 0.15999812
 0.1599977  0.15999741 0.15999997 0.15999997]"
1691,1691,"[0.15999907 0.15999801 0.15999775 0.15999748 0.15999733 0.15999815
 0.15999768 0.15999742 0.15999997 0.15999997]"
1692,1692,"[0.15999895 0.15999793 0.15999774 0.15999748 0.15999733 0.15999817
 0.15999767 0.15999742 0.15999997 0.15999997]"
1693,1693,"[0.15999882 0.15999785 0.15999772 0.15999749 0.15999733 0.15999819
 0.15999765 0.15999742 0.15999997 0.15999997]"
1694,1694,"[0.15999868 0.15999775 0.15999771 0.15999749 0.15999733 0.15999822
 0.15999763 0.15999743 0.15999997 0.15999997]"
1695,1695,"[0.15999854 0.15999765 0.1599977  0.15999749 0.15999733 0.15999824
 0.15999762 0.15999744 0.15999997 0.15999997]"
1696,1696,"[0.15999839 0.15999755 0.15999768 0.15999749 0.15999733 0.15999826
 0.1599976  0.15999744 0.15999997 0.15999997]"
1697,1697,"[0.15999825 0.15999746 0.15999767 0.15999749 0.15999734 0.15999829
 0.15999759 0.15999745 0.15999997 0.15999997]"
1698,1698,"[0.1599981  0.15999739 0.15999765 0.15999749 0.15999734 0.15999831
 0.15999758 0.15999746 0.15999997 0.15999997]"
1699,1699,"[0.15999793 0.15999735 0.15999764 0.15999748 0.15999734 0.15999833
 0.15999757 0.15999746 0.15999997 0.15999997]"
1700,1700,"[0.15999771 0.15999733 0.15999762 0.15999748 0.15999734 0.15999836
 0.15999756 0.15999747 0.15999997 0.15999997]"
1701,1701,"[0.15999748 0.15999735 0.15999761 0.15999747 0.15999734 0.15999838
 0.15999755 0.15999748 0.15999996 0.15999997]"
1702,1702,"[0.15999735 0.15999739 0.15999759 0.15999746 0.15999734 0.15999841
 0.15999754 0.15999748 0.15999996 0.15999997]"
1703,1703,"[0.15999773 0.15999746 0.15999758 0.15999744 0.15999734 0.15999843
 0.15999753 0.15999749 0.15999996 0.15999996]"
1704,1704,"[0.15999866 0.15999756 0.15999756 0.15999743 0.15999734 0.15999845
 0.15999752 0.1599975  0.15999996 0.15999996]"
1705,1705,"[0.1599994  0.15999766 0.15999754 0.15999741 0.15999734 0.15999848
 0.15999752 0.1599975  0.15999996 0.15999996]"
1706,1706,"[0.15999974 0.15999777 0.15999753 0.15999739 0.15999734 0.1599985
 0.15999751 0.15999751 0.15999996 0.15999996]"
1707,1707,"[0.15999988 0.15999788 0.15999752 0.15999737 0.15999734 0.15999853
 0.15999751 0.15999751 0.15999996 0.15999996]"
1708,1708,"[0.15999993 0.15999798 0.1599975  0.15999736 0.15999734 0.15999855
 0.1599975  0.15999752 0.15999996 0.15999996]"
1709,1709,"[0.15999994 0.15999806 0.15999749 0.15999735 0.15999734 0.15999857
 0.15999749 0.15999752 0.15999996 0.15999996]"
1710,1710,"[0.15999995 0.15999814 0.15999748 0.15999734 0.15999734 0.1599986
 0.15999749 0.15999752 0.15999996 0.15999996]"
1711,1711,"[0.15999995 0.1599982  0.15999748 0.15999734 0.15999734 0.15999862
 0.15999748 0.15999753 0.15999996 0.15999996]"
1712,1712,"[0.15999994 0.15999826 0.15999747 0.15999734 0.15999734 0.15999864
 0.15999748 0.15999753 0.15999996 0.15999995]"
1713,1713,"[0.15999994 0.1599983  0.15999746 0.15999734 0.15999734 0.15999866
 0.15999747 0.15999753 0.15999995 0.15999995]"
1714,1714,"[0.15999993 0.15999834 0.15999745 0.15999733 0.15999734 0.15999868
 0.15999747 0.15999753 0.15999995 0.15999995]"
1715,1715,"[0.15999993 0.15999837 0.15999745 0.15999733 0.15999734 0.15999871
 0.15999746 0.15999754 0.15999995 0.15999995]"
1716,1716,"[0.15999992 0.1599984  0.15999744 0.15999733 0.15999734 0.15999873
 0.15999746 0.15999754 0.15999995 0.15999995]"
1717,1717,"[0.15999992 0.15999843 0.15999743 0.15999734 0.15999734 0.15999875
 0.15999745 0.15999754 0.15999995 0.15999995]"
1718,1718,"[0.15999992 0.15999847 0.15999743 0.15999734 0.15999734 0.15999877
 0.15999745 0.15999754 0.15999995 0.15999995]"
1719,1719,"[0.15999991 0.15999851 0.15999742 0.15999734 0.15999734 0.15999879
 0.15999744 0.15999754 0.15999995 0.15999994]"
1720,1720,"[0.15999991 0.15999858 0.1599974  0.15999733 0.15999734 0.15999881
 0.15999744 0.15999754 0.15999996 0.15999994]"
1721,1721,"[0.15999991 0.15999868 0.15999739 0.15999733 0.15999734 0.15999883
 0.15999743 0.15999754 0.15999996 0.15999994]"
1722,1722,"[0.15999991 0.15999884 0.15999738 0.15999735 0.15999734 0.15999885
 0.15999743 0.15999754 0.15999997 0.15999994]"
1723,1723,"[0.15999991 0.15999904 0.15999737 0.15999746 0.15999734 0.15999887
 0.15999742 0.15999754 0.15999998 0.15999994]"
1724,1724,"[0.15999991 0.15999922 0.15999736 0.15999766 0.15999734 0.15999888
 0.15999742 0.15999754 0.15999999 0.15999994]"
1725,1725,"[0.1599999  0.15999934 0.15999736 0.15999784 0.15999734 0.1599989
 0.15999741 0.15999754 0.16       0.15999993]"
1726,1726,"[0.1599999  0.15999941 0.15999735 0.15999795 0.15999734 0.15999892
 0.15999741 0.15999754 0.16       0.15999993]"
1727,1727,"[0.1599999  0.15999947 0.15999735 0.15999803 0.15999734 0.15999894
 0.15999741 0.15999754 0.16       0.15999993]"
1728,1728,"[0.1599999  0.15999951 0.15999734 0.15999808 0.15999734 0.15999895
 0.1599974  0.15999754 0.16       0.15999993]"
1729,1729,"[0.1599999  0.15999954 0.15999734 0.15999812 0.15999733 0.15999897
 0.1599974  0.15999753 0.16       0.15999993]"
1730,1730,"[0.1599999  0.15999957 0.15999734 0.15999816 0.15999733 0.15999898
 0.1599974  0.15999753 0.16       0.15999992]"
1731,1731,"[0.1599999  0.1599996  0.15999734 0.15999819 0.15999733 0.159999
 0.1599974  0.15999753 0.15999999 0.15999992]"
1732,1732,"[0.15999989 0.15999963 0.15999734 0.15999822 0.15999733 0.15999901
 0.1599974  0.15999753 0.15999996 0.15999992]"
1733,1733,"[0.15999989 0.15999966 0.15999734 0.15999826 0.15999733 0.15999902
 0.1599974  0.15999752 0.15999989 0.15999992]"
1734,1734,"[0.15999989 0.15999969 0.15999734 0.15999829 0.15999733 0.15999904
 0.1599974  0.15999752 0.15999973 0.15999992]"
1735,1735,"[0.15999989 0.15999973 0.15999733 0.15999832 0.15999733 0.15999905
 0.1599974  0.15999752 0.15999936 0.15999991]"
1736,1736,"[0.15999989 0.15999977 0.15999733 0.15999836 0.15999734 0.15999906
 0.15999741 0.15999752 0.15999869 0.15999991]"
1737,1737,"[0.15999989 0.15999981 0.15999733 0.15999839 0.15999734 0.15999907
 0.15999741 0.15999751 0.15999784 0.15999991]"
1738,1738,"[0.15999988 0.15999984 0.15999736 0.15999842 0.1599974  0.15999908
 0.15999742 0.15999751 0.15999737 0.15999991]"
1739,1739,"[0.15999988 0.15999988 0.15999748 0.15999846 0.15999767 0.15999909
 0.15999744 0.15999751 0.15999746 0.15999991]"
1740,1740,"[0.15999988 0.15999991 0.15999757 0.15999849 0.15999779 0.1599991
 0.15999745 0.1599975  0.15999779 0.1599999 ]"
1741,1741,"[0.15999988 0.15999993 0.15999762 0.15999852 0.15999781 0.15999911
 0.15999746 0.1599975  0.15999811 0.1599999 ]"
1742,1742,"[0.15999988 0.15999995 0.15999764 0.15999855 0.15999781 0.15999912
 0.15999747 0.1599975  0.15999838 0.1599999 ]"
1743,1743,"[0.15999987 0.15999996 0.15999766 0.15999857 0.1599978  0.15999913
 0.15999748 0.15999749 0.15999858 0.1599999 ]"
1744,1744,"[0.15999987 0.15999996 0.15999768 0.1599986  0.15999778 0.15999914
 0.15999749 0.15999749 0.15999874 0.15999989]"
1745,1745,"[0.15999987 0.15999996 0.1599977  0.15999862 0.15999777 0.15999914
 0.15999749 0.15999749 0.15999887 0.15999989]"
1746,1746,"[0.15999987 0.15999997 0.15999772 0.15999865 0.15999776 0.15999915
 0.15999749 0.15999749 0.15999896 0.15999989]"
1747,1747,"[0.15999987 0.15999997 0.15999775 0.15999867 0.15999774 0.15999916
 0.15999749 0.15999749 0.15999904 0.15999989]"
1748,1748,"[0.15999987 0.15999997 0.15999778 0.15999868 0.15999772 0.15999916
 0.15999749 0.15999749 0.15999911 0.15999988]"
1749,1749,"[0.15999987 0.15999997 0.15999782 0.1599987  0.15999771 0.15999917
 0.15999749 0.15999749 0.15999916 0.15999988]"
1750,1750,"[0.15999986 0.15999997 0.15999786 0.15999872 0.15999769 0.15999917
 0.15999748 0.15999749 0.15999921 0.15999988]"
1751,1751,"[0.15999986 0.15999997 0.15999791 0.15999873 0.15999767 0.15999918
 0.15999748 0.1599975  0.15999924 0.15999988]"
1752,1752,"[0.15999986 0.15999997 0.15999796 0.15999874 0.15999765 0.15999919
 0.15999747 0.1599975  0.15999928 0.15999987]"
1753,1753,"[0.15999986 0.15999997 0.15999801 0.15999875 0.15999763 0.15999919
 0.15999747 0.1599975  0.1599993  0.15999987]"
1754,1754,"[0.15999986 0.15999997 0.15999805 0.15999876 0.15999761 0.1599992
 0.15999746 0.15999751 0.15999932 0.15999987]"
1755,1755,"[0.15999986 0.15999997 0.15999809 0.15999877 0.15999759 0.1599992
 0.15999746 0.15999751 0.15999934 0.15999986]"
1756,1756,"[0.15999986 0.15999997 0.15999812 0.15999878 0.15999757 0.15999921
 0.15999745 0.15999751 0.15999936 0.15999986]"
1757,1757,"[0.15999987 0.15999997 0.15999815 0.15999879 0.15999756 0.15999922
 0.15999744 0.15999751 0.15999937 0.15999986]"
1758,1758,"[0.15999987 0.15999997 0.15999817 0.1599988  0.15999754 0.15999923
 0.15999744 0.1599975  0.15999938 0.15999985]"
1759,1759,"[0.15999987 0.15999997 0.15999818 0.1599988  0.15999752 0.15999924
 0.15999743 0.1599975  0.15999939 0.15999985]"
1760,1760,"[0.15999987 0.15999997 0.15999819 0.15999881 0.1599975  0.15999924
 0.15999743 0.15999749 0.1599994  0.15999985]"
1761,1761,"[0.15999987 0.15999997 0.15999819 0.15999881 0.15999748 0.15999925
 0.15999742 0.15999748 0.1599994  0.15999984]"
1762,1762,"[0.15999987 0.15999997 0.15999819 0.15999882 0.15999747 0.15999926
 0.15999742 0.15999748 0.15999941 0.15999984]"
1763,1763,"[0.15999988 0.15999997 0.15999818 0.15999883 0.15999745 0.15999927
 0.15999741 0.15999747 0.15999941 0.15999984]"
1764,1764,"[0.15999988 0.15999997 0.15999817 0.15999884 0.15999743 0.15999929
 0.15999741 0.15999746 0.15999941 0.15999983]"
1765,1765,"[0.15999988 0.15999997 0.15999816 0.15999885 0.15999742 0.1599993
 0.1599974  0.15999745 0.15999941 0.15999983]"
1766,1766,"[0.15999988 0.15999997 0.15999814 0.15999886 0.15999741 0.15999931
 0.1599974  0.15999744 0.15999941 0.15999982]"
1767,1767,"[0.15999989 0.15999997 0.15999813 0.15999887 0.1599974  0.15999932
 0.15999739 0.15999743 0.15999941 0.15999982]"
1768,1768,"[0.15999989 0.15999997 0.15999811 0.1599989  0.15999739 0.15999934
 0.15999739 0.15999742 0.1599994  0.15999981]"
1769,1769,"[0.15999989 0.15999997 0.15999809 0.15999893 0.15999738 0.15999935
 0.15999738 0.1599974  0.1599994  0.15999981]"
1770,1770,"[0.15999989 0.15999997 0.15999807 0.15999896 0.15999738 0.15999937
 0.15999738 0.1599974  0.1599994  0.15999981]"
1771,1771,"[0.1599999  0.15999997 0.15999805 0.15999902 0.15999739 0.15999939
 0.15999738 0.15999739 0.15999939 0.1599998 ]"
1772,1772,"[0.1599999  0.15999997 0.15999802 0.15999908 0.15999741 0.1599994
 0.15999737 0.15999738 0.15999938 0.1599998 ]"
1773,1773,"[0.1599999  0.15999997 0.159998   0.15999915 0.15999744 0.15999942
 0.15999737 0.15999737 0.15999938 0.15999979]"
1774,1774,"[0.1599999  0.15999997 0.15999798 0.15999922 0.15999749 0.15999944
 0.15999736 0.15999736 0.15999937 0.15999978]"
1775,1775,"[0.15999991 0.15999997 0.15999795 0.15999929 0.15999755 0.15999946
 0.15999736 0.15999735 0.15999936 0.15999978]"
1776,1776,"[0.15999991 0.15999997 0.15999792 0.15999935 0.15999761 0.15999948
 0.15999736 0.15999735 0.15999935 0.15999977]"
1777,1777,"[0.15999991 0.15999997 0.1599979  0.1599994  0.15999766 0.1599995
 0.15999735 0.15999734 0.15999934 0.15999977]"
1778,1778,"[0.15999991 0.15999997 0.15999787 0.15999944 0.1599977  0.15999953
 0.15999735 0.15999734 0.15999933 0.15999976]"
1779,1779,"[0.15999991 0.15999997 0.15999785 0.15999947 0.15999773 0.15999955
 0.15999735 0.15999734 0.15999932 0.15999975]"
1780,1780,"[0.15999991 0.15999997 0.15999783 0.15999949 0.15999775 0.15999958
 0.15999735 0.15999733 0.1599993  0.15999975]"
1781,1781,"[0.15999992 0.15999997 0.15999783 0.15999951 0.15999776 0.1599996
 0.15999734 0.15999733 0.15999929 0.15999974]"
1782,1782,"[0.15999992 0.15999997 0.15999785 0.15999953 0.15999776 0.1599996
 0.15999734 0.15999733 0.15999928 0.15999973]"
1783,1783,"[0.15999992 0.15999997 0.15999791 0.15999954 0.15999776 0.15999954
 0.15999734 0.15999734 0.15999926 0.15999973]"
1784,1784,"[0.15999992 0.15999997 0.15999799 0.15999955 0.15999775 0.15999944
 0.15999734 0.15999734 0.15999925 0.15999972]"
1785,1785,"[0.15999992 0.15999997 0.15999805 0.15999955 0.15999774 0.15999932
 0.15999734 0.15999734 0.15999924 0.15999971]"
1786,1786,"[0.15999992 0.15999997 0.15999809 0.15999956 0.15999773 0.15999924
 0.15999734 0.15999735 0.15999922 0.1599997 ]"
1787,1787,"[0.15999993 0.15999997 0.15999811 0.15999956 0.15999772 0.15999918
 0.15999734 0.15999735 0.1599992  0.15999969]"
1788,1788,"[0.15999993 0.15999997 0.15999812 0.15999956 0.15999771 0.15999915
 0.15999734 0.15999736 0.15999919 0.15999969]"
1789,1789,"[0.15999993 0.15999998 0.15999812 0.15999957 0.1599977  0.15999913
 0.15999733 0.15999737 0.15999917 0.15999968]"
1790,1790,"[0.15999993 0.15999998 0.15999811 0.15999957 0.15999769 0.15999913
 0.15999733 0.15999738 0.15999916 0.15999967]"
1791,1791,"[0.15999993 0.15999998 0.15999809 0.15999957 0.15999768 0.15999913
 0.15999733 0.15999739 0.15999914 0.15999966]"
1792,1792,"[0.15999993 0.15999998 0.15999808 0.15999957 0.15999768 0.15999913
 0.15999733 0.1599974  0.15999912 0.15999965]"
1793,1793,"[0.15999993 0.15999998 0.15999806 0.15999957 0.15999768 0.15999914
 0.15999733 0.15999742 0.1599991  0.15999964]"
1794,1794,"[0.15999993 0.15999998 0.15999804 0.15999957 0.15999769 0.15999915
 0.15999734 0.15999744 0.15999909 0.15999963]"
1795,1795,"[0.15999993 0.15999998 0.15999802 0.15999957 0.15999772 0.15999916
 0.15999734 0.15999745 0.15999907 0.15999962]"
1796,1796,"[0.15999994 0.15999998 0.159998   0.15999956 0.15999777 0.15999917
 0.15999734 0.15999747 0.15999905 0.15999961]"
1797,1797,"[0.15999994 0.15999998 0.15999797 0.15999956 0.15999788 0.15999919
 0.15999735 0.15999749 0.15999903 0.15999959]"
1798,1798,"[0.15999994 0.15999998 0.15999795 0.15999956 0.15999805 0.1599992
 0.15999737 0.15999751 0.15999901 0.15999958]"
1799,1799,"[0.15999994 0.15999998 0.15999793 0.15999956 0.15999827 0.15999922
 0.1599974  0.15999754 0.15999899 0.15999957]"
1800,1800,"[0.15999994 0.15999998 0.15999791 0.15999956 0.15999847 0.15999924
 0.15999744 0.15999756 0.15999897 0.15999956]"
1801,1801,"[0.15999994 0.15999998 0.15999788 0.15999956 0.15999861 0.15999925
 0.15999748 0.15999758 0.15999895 0.15999954]"
1802,1802,"[0.15999994 0.15999998 0.15999786 0.15999956 0.15999868 0.15999927
 0.15999751 0.15999761 0.15999893 0.15999953]"
1803,1803,"[0.15999994 0.15999998 0.15999784 0.15999956 0.15999871 0.15999929
 0.15999753 0.15999764 0.15999891 0.15999951]"
1804,1804,"[0.15999994 0.15999998 0.15999781 0.15999957 0.15999871 0.1599993
 0.15999755 0.15999766 0.15999889 0.1599995 ]"
1805,1805,"[0.15999995 0.15999998 0.15999779 0.15999957 0.15999869 0.15999932
 0.15999756 0.15999769 0.15999887 0.15999948]"
1806,1806,"[0.15999995 0.15999998 0.15999777 0.15999958 0.15999867 0.15999934
 0.15999756 0.15999771 0.15999886 0.15999947]"
1807,1807,"[0.15999995 0.15999998 0.15999774 0.15999959 0.15999865 0.15999935
 0.15999756 0.15999773 0.15999884 0.15999945]"
1808,1808,"[0.15999995 0.15999999 0.15999772 0.15999961 0.15999863 0.15999937
 0.15999756 0.15999774 0.15999882 0.15999944]"
1809,1809,"[0.15999995 0.15999999 0.1599977  0.15999962 0.1599986  0.15999939
 0.15999756 0.15999775 0.1599988  0.15999942]"
1810,1810,"[0.15999995 0.15999999 0.15999768 0.15999964 0.15999858 0.1599994
 0.15999755 0.15999775 0.15999878 0.1599994 ]"
1811,1811,"[0.15999995 0.15999999 0.15999766 0.15999966 0.15999855 0.15999942
 0.15999755 0.15999775 0.15999876 0.15999938]"
1812,1812,"[0.15999995 0.15999999 0.15999764 0.15999969 0.15999853 0.15999944
 0.15999755 0.15999774 0.15999874 0.15999936]"
1813,1813,"[0.15999995 0.15999999 0.15999762 0.15999971 0.1599985  0.15999945
 0.15999754 0.15999774 0.15999872 0.15999934]"
1814,1814,"[0.15999996 0.15999999 0.1599976  0.15999972 0.15999847 0.15999947
 0.15999754 0.15999773 0.1599987  0.15999932]"
1815,1815,"[0.15999996 0.15999999 0.15999758 0.15999974 0.15999845 0.15999948
 0.15999753 0.15999772 0.15999868 0.1599993 ]"
1816,1816,"[0.15999996 0.15999999 0.15999756 0.15999975 0.15999842 0.15999949
 0.15999753 0.15999771 0.15999866 0.15999928]"
1817,1817,"[0.15999996 0.15999999 0.15999755 0.15999976 0.15999839 0.15999951
 0.15999752 0.15999771 0.15999864 0.15999926]"
1818,1818,"[0.15999996 0.15999999 0.15999753 0.15999977 0.15999837 0.15999952
 0.15999752 0.15999771 0.15999862 0.15999924]"
1819,1819,"[0.15999996 0.15999999 0.15999751 0.15999978 0.15999834 0.15999953
 0.15999751 0.15999771 0.1599986  0.15999922]"
1820,1820,"[0.15999996 0.15999999 0.1599975  0.15999979 0.15999832 0.15999955
 0.15999751 0.15999772 0.15999859 0.15999919]"
1821,1821,"[0.15999996 0.15999999 0.15999748 0.15999979 0.15999829 0.15999956
 0.1599975  0.15999773 0.15999857 0.15999917]"
1822,1822,"[0.15999997 0.15999999 0.15999747 0.1599998  0.15999826 0.15999957
 0.1599975  0.15999773 0.15999855 0.15999914]"
1823,1823,"[0.15999997 0.16       0.15999745 0.1599998  0.15999824 0.15999958
 0.15999749 0.15999775 0.15999853 0.15999912]"
1824,1824,"[0.15999997 0.16       0.15999744 0.15999981 0.15999821 0.15999959
 0.15999749 0.15999776 0.15999851 0.15999909]"
1825,1825,"[0.15999997 0.16       0.15999743 0.15999981 0.15999819 0.1599996
 0.15999749 0.15999777 0.1599985  0.15999907]"
1826,1826,"[0.15999997 0.16       0.15999742 0.15999981 0.15999816 0.15999961
 0.15999749 0.15999778 0.15999848 0.15999904]"
1827,1827,"[0.15999997 0.16       0.15999741 0.15999981 0.15999813 0.15999962
 0.15999749 0.15999779 0.15999846 0.15999901]"
1828,1828,"[0.15999997 0.16       0.1599974  0.15999981 0.15999811 0.15999963
 0.15999749 0.1599978  0.15999844 0.15999898]"
1829,1829,"[0.15999997 0.16       0.15999739 0.15999981 0.15999808 0.15999963
 0.1599975  0.15999781 0.15999843 0.15999895]"
1830,1830,"[0.15999997 0.16       0.15999738 0.15999981 0.15999806 0.15999964
 0.15999752 0.15999779 0.15999841 0.15999885]"
1831,1831,"[0.15999983 0.16       0.15999737 0.15999981 0.15999803 0.15999964
 0.15999758 0.15999775 0.15999839 0.1599987 ]"
1832,1832,"[0.15999983 0.16       0.15999736 0.15999981 0.15999801 0.15999965
 0.1599978  0.15999763 0.15999838 0.15999866]"
1833,1833,"[0.15999983 0.16       0.15999736 0.15999981 0.15999798 0.15999965
 0.15999823 0.15999747 0.15999836 0.15999863]"
1834,1834,"[0.15999983 0.16       0.15999735 0.1599998  0.15999796 0.15999965
 0.15999839 0.1599974  0.15999834 0.15999859]"
1835,1835,"[0.15999983 0.16       0.15999735 0.1599998  0.15999793 0.15999965
 0.15999839 0.15999739 0.15999833 0.15999856]"
1836,1836,"[0.15999983 0.16       0.15999734 0.1599998  0.15999791 0.15999965
 0.15999837 0.1599974  0.15999831 0.15999852]"
1837,1837,"[0.15999983 0.16       0.15999734 0.1599998  0.15999789 0.15999965
 0.15999836 0.15999741 0.15999829 0.15999848]"
1838,1838,"[0.15999983 0.16       0.15999734 0.15999979 0.15999786 0.15999964
 0.15999834 0.15999742 0.15999828 0.15999845]"
1839,1839,"[0.15999982 0.16       0.15999733 0.15999979 0.15999784 0.15999964
 0.15999833 0.15999744 0.15999826 0.15999841]"
1840,1840,"[0.15999982 0.16       0.15999733 0.15999979 0.15999782 0.15999963
 0.15999832 0.15999745 0.15999824 0.15999837]"
1841,1841,"[0.15999982 0.16       0.15999733 0.15999978 0.15999779 0.15999961
 0.15999832 0.15999747 0.15999823 0.15999833]"
1842,1842,"[0.15999982 0.16       0.15999733 0.15999978 0.15999777 0.1599996
 0.15999831 0.15999749 0.15999821 0.1599983 ]"
1843,1843,"[0.15999982 0.16       0.15999734 0.15999977 0.15999775 0.15999958
 0.1599983  0.1599975  0.1599982  0.15999826]"
1844,1844,"[0.15999982 0.16       0.15999734 0.15999977 0.15999773 0.15999956
 0.1599983  0.15999752 0.15999818 0.15999822]"
1845,1845,"[0.15999982 0.16       0.15999734 0.15999976 0.15999771 0.15999953
 0.1599983  0.15999755 0.15999816 0.15999818]"
1846,1846,"[0.15999982 0.16       0.15999735 0.15999976 0.15999769 0.1599995
 0.15999829 0.15999757 0.15999815 0.15999815]"
1847,1847,"[0.15999981 0.16       0.15999735 0.15999975 0.15999767 0.15999946
 0.15999829 0.15999759 0.15999813 0.15999811]"
1848,1848,"[0.15999981 0.16       0.15999736 0.15999975 0.15999765 0.15999942
 0.15999828 0.15999762 0.15999811 0.15999807]"
1849,1849,"[0.15999981 0.16       0.15999736 0.15999974 0.15999763 0.15999937
 0.15999828 0.15999764 0.1599981  0.15999803]"
1850,1850,"[0.15999981 0.16       0.15999737 0.15999973 0.15999762 0.15999932
 0.15999827 0.15999767 0.15999808 0.159998  ]"
1851,1851,"[0.15999981 0.16       0.15999738 0.15999973 0.1599976  0.15999926
 0.15999827 0.15999769 0.15999806 0.15999796]"
1852,1852,"[0.1599998  0.15999999 0.15999739 0.15999972 0.15999759 0.1599992
 0.15999826 0.15999772 0.15999805 0.15999792]"
1853,1853,"[0.1599998  0.15999999 0.1599974  0.15999971 0.15999757 0.15999913
 0.15999825 0.15999775 0.15999803 0.15999789]"
1854,1854,"[0.1599998  0.15999999 0.15999741 0.15999971 0.15999756 0.15999906
 0.15999824 0.15999778 0.15999802 0.15999785]"
1855,1855,"[0.1599998  0.15999999 0.15999742 0.1599997  0.15999754 0.15999898
 0.15999824 0.15999781 0.159998   0.15999782]"
1856,1856,"[0.15999979 0.15999999 0.15999744 0.15999969 0.15999753 0.15999891
 0.15999823 0.15999784 0.15999799 0.15999779]"
1857,1857,"[0.15999979 0.15999999 0.15999745 0.15999968 0.15999752 0.15999883
 0.15999822 0.15999787 0.15999797 0.15999775]"
1858,1858,"[0.15999979 0.15999999 0.15999747 0.15999967 0.15999751 0.15999876
 0.15999821 0.1599979  0.15999796 0.15999772]"
1859,1859,"[0.15999978 0.15999999 0.15999748 0.15999966 0.1599975  0.15999868
 0.15999819 0.15999794 0.15999795 0.15999769]"
1860,1860,"[0.15999978 0.15999999 0.1599975  0.15999965 0.15999749 0.15999861
 0.15999818 0.15999797 0.15999793 0.15999766]"
1861,1861,"[0.15999977 0.15999999 0.15999752 0.15999964 0.15999748 0.15999854
 0.15999817 0.159998   0.15999792 0.15999763]"
1862,1862,"[0.15999977 0.15999999 0.15999754 0.15999963 0.15999747 0.15999847
 0.15999815 0.15999804 0.15999791 0.1599976 ]"
1863,1863,"[0.15999977 0.15999999 0.15999756 0.15999962 0.15999746 0.15999841
 0.15999814 0.15999807 0.1599979  0.15999758]"
1864,1864,"[0.15999976 0.15999998 0.15999758 0.15999961 0.15999746 0.15999836
 0.15999812 0.15999811 0.15999789 0.15999755]"
1865,1865,"[0.15999976 0.15999998 0.1599976  0.1599996  0.15999746 0.15999831
 0.15999811 0.15999814 0.15999788 0.15999753]"
1866,1866,"[0.15999975 0.15999998 0.15999763 0.15999959 0.15999745 0.15999826
 0.15999809 0.15999818 0.15999787 0.1599975 ]"
1867,1867,"[0.15999975 0.15999998 0.15999765 0.15999957 0.15999745 0.15999822
 0.15999807 0.15999821 0.15999786 0.15999748]"
1868,1868,"[0.15999974 0.15999998 0.15999767 0.15999956 0.15999746 0.15999818
 0.15999805 0.15999825 0.15999786 0.15999746]"
1869,1869,"[0.15999974 0.15999998 0.1599977  0.15999955 0.15999746 0.15999814
 0.15999803 0.15999829 0.15999785 0.15999744]"
1870,1870,"[0.15999973 0.15999998 0.15999773 0.15999954 0.15999746 0.15999811
 0.15999801 0.15999832 0.15999785 0.15999742]"
1871,1871,"[0.15999973 0.15999998 0.15999775 0.15999952 0.15999747 0.15999808
 0.15999799 0.15999836 0.15999784 0.15999741]"
1872,1872,"[0.15999972 0.15999998 0.15999778 0.15999951 0.15999748 0.15999806
 0.15999797 0.1599984  0.15999784 0.15999739]"
1873,1873,"[0.15999971 0.15999998 0.15999781 0.15999949 0.1599975  0.15999804
 0.15999795 0.15999843 0.15999784 0.15999738]"
1874,1874,"[0.15999971 0.15999997 0.15999784 0.15999948 0.15999752 0.15999802
 0.15999793 0.15999847 0.15999784 0.15999737]"
1875,1875,"[0.1599997  0.15999997 0.15999787 0.15999946 0.15999754 0.15999801
 0.15999791 0.15999851 0.15999784 0.15999736]"
1876,1876,"[0.15999969 0.15999997 0.15999789 0.15999944 0.15999756 0.15999799
 0.15999789 0.15999855 0.15999784 0.15999735]"
1877,1877,"[0.15999969 0.15999997 0.15999793 0.15999943 0.1599976  0.15999798
 0.15999786 0.15999858 0.15999784 0.15999734]"
1878,1878,"[0.15999968 0.15999997 0.15999796 0.15999941 0.15999763 0.15999797
 0.15999784 0.15999862 0.15999785 0.15999734]"
1879,1879,"[0.15999967 0.15999997 0.15999799 0.15999939 0.15999767 0.15999796
 0.15999782 0.15999866 0.15999785 0.15999733]"
1880,1880,"[0.15999966 0.15999997 0.15999802 0.15999937 0.15999771 0.15999795
 0.15999779 0.1599987  0.15999785 0.15999733]"
1881,1881,"[0.15999965 0.15999997 0.15999805 0.15999936 0.15999775 0.15999794
 0.15999777 0.15999874 0.15999786 0.15999733]"
1882,1882,"[0.15999965 0.15999997 0.15999808 0.15999934 0.1599978  0.15999793
 0.15999775 0.15999877 0.15999786 0.15999734]"
1883,1883,"[0.15999964 0.15999996 0.15999811 0.15999932 0.15999784 0.15999793
 0.15999773 0.15999881 0.15999786 0.15999734]"
1884,1884,"[0.15999963 0.15999996 0.15999815 0.1599993  0.15999788 0.15999792
 0.1599977  0.15999885 0.15999787 0.15999734]"
1885,1885,"[0.15999962 0.15999996 0.15999818 0.15999928 0.15999792 0.15999791
 0.15999768 0.15999889 0.15999787 0.15999735]"
1886,1886,"[0.15999961 0.15999996 0.15999821 0.15999926 0.15999796 0.1599979
 0.15999766 0.15999893 0.15999787 0.15999736]"
1887,1887,"[0.1599996  0.15999996 0.15999824 0.15999923 0.159998   0.15999789
 0.15999764 0.15999898 0.15999787 0.15999737]"
1888,1888,"[0.15999959 0.15999996 0.15999828 0.15999921 0.15999803 0.15999787
 0.15999762 0.15999902 0.15999787 0.15999738]"
1889,1889,"[0.15999958 0.15999996 0.15999831 0.15999919 0.15999805 0.15999785
 0.1599976  0.15999906 0.15999787 0.15999739]"
1890,1890,"[0.15999957 0.15999996 0.15999834 0.15999917 0.15999808 0.15999783
 0.15999757 0.15999911 0.15999787 0.15999741]"
1891,1891,"[0.15999956 0.15999995 0.15999837 0.15999914 0.1599981  0.1599978
 0.15999755 0.15999916 0.15999787 0.15999742]"
1892,1892,"[0.15999955 0.15999995 0.15999841 0.15999912 0.15999811 0.15999776
 0.15999754 0.15999922 0.15999787 0.15999744]"
1893,1893,"[0.15999953 0.15999995 0.15999844 0.15999909 0.15999813 0.15999772
 0.15999752 0.15999927 0.15999787 0.15999746]"
1894,1894,"[0.15999952 0.15999995 0.15999847 0.15999907 0.15999814 0.15999766
 0.1599975  0.15999933 0.15999786 0.15999748]"
1895,1895,"[0.15999951 0.15999995 0.1599985  0.15999904 0.15999815 0.1599976
 0.15999748 0.1599994  0.15999786 0.1599975 ]"
1896,1896,"[0.1599995  0.15999995 0.15999854 0.15999901 0.15999815 0.15999753
 0.15999746 0.15999948 0.15999786 0.15999752]"
1897,1897,"[0.15999948 0.15999995 0.15999857 0.15999879 0.15999816 0.15999747
 0.15999745 0.15999955 0.15999785 0.15999761]"
1898,1898,"[0.15999947 0.15999995 0.1599986  0.15999839 0.15999816 0.15999741
 0.15999743 0.15999963 0.15999785 0.15999772]"
1899,1899,"[0.15999946 0.15999994 0.15999863 0.15999835 0.15999816 0.15999738
 0.15999742 0.15999971 0.15999785 0.15999775]"
1900,1900,"[0.15999944 0.15999994 0.15999866 0.15999832 0.15999816 0.15999736
 0.15999741 0.15999978 0.15999784 0.15999777]"
1901,1901,"[0.15999943 0.15999994 0.15999869 0.15999828 0.15999816 0.15999735
 0.15999739 0.15999984 0.15999784 0.1599978 ]"
1902,1902,"[0.15999941 0.15999994 0.15999872 0.15999825 0.15999816 0.15999735
 0.15999738 0.15999988 0.15999784 0.15999783]"
1903,1903,"[0.1599994  0.15999994 0.15999875 0.15999821 0.15999816 0.15999735
 0.15999737 0.15999991 0.15999783 0.15999786]"
1904,1904,"[0.15999938 0.15999994 0.15999878 0.15999818 0.15999816 0.15999736
 0.15999736 0.15999994 0.15999783 0.15999789]"
1905,1905,"[0.15999937 0.15999994 0.15999881 0.15999814 0.15999815 0.15999737
 0.15999736 0.15999995 0.15999783 0.15999792]"
1906,1906,"[0.15999935 0.15999993 0.15999884 0.15999811 0.15999815 0.15999738
 0.15999735 0.15999996 0.15999783 0.15999795]"
1907,1907,"[0.15999933 0.15999993 0.15999887 0.15999807 0.15999814 0.1599974
 0.15999734 0.15999996 0.15999782 0.15999798]"
1908,1908,"[0.15999932 0.15999993 0.1599989  0.15999804 0.15999814 0.15999741
 0.15999734 0.15999997 0.15999782 0.15999801]"
1909,1909,"[0.1599993  0.15999993 0.15999893 0.15999801 0.15999813 0.15999743
 0.15999734 0.15999997 0.15999782 0.15999804]"
1910,1910,"[0.15999928 0.15999993 0.15999896 0.15999797 0.15999812 0.15999745
 0.15999733 0.15999997 0.15999782 0.15999807]"
1911,1911,"[0.15999926 0.15999993 0.15999899 0.15999794 0.15999812 0.15999747
 0.15999733 0.15999998 0.15999782 0.1599981 ]"
1912,1912,"[0.15999925 0.15999992 0.15999901 0.15999791 0.15999811 0.15999748
 0.15999733 0.15999998 0.15999782 0.15999813]"
1913,1913,"[0.15999923 0.15999992 0.15999904 0.15999787 0.1599981  0.1599975
 0.15999734 0.15999998 0.15999782 0.15999816]"
1914,1914,"[0.15999921 0.15999992 0.15999907 0.15999784 0.15999809 0.15999752
 0.15999734 0.15999998 0.15999782 0.15999819]"
1915,1915,"[0.15999919 0.15999992 0.1599991  0.15999781 0.15999809 0.15999753
 0.15999734 0.15999998 0.15999782 0.15999822]"
1916,1916,"[0.15999917 0.15999992 0.15999912 0.15999778 0.15999808 0.15999755
 0.15999735 0.15999998 0.15999782 0.15999825]"
1917,1917,"[0.15999915 0.16000046 0.15999915 0.15999802 0.15999807 0.15999756
 0.15999735 0.15999998 0.15999782 0.15999828]"
1918,1918,"[0.15999913 0.15999999 0.15999918 0.15999792 0.15999806 0.15999757
 0.15999736 0.15999998 0.15999783 0.15999831]"
1919,1919,"[0.1599991  0.15999999 0.1599992  0.15999789 0.15999805 0.15999759
 0.15999737 0.15999998 0.15999783 0.15999834]"
1920,1920,"[0.15999908 0.15999999 0.15999923 0.15999786 0.15999804 0.1599976
 0.15999738 0.15999997 0.15999783 0.15999837]"
1921,1921,"[0.15999906 0.15999999 0.15999926 0.15999783 0.15999803 0.15999761
 0.15999739 0.15999997 0.15999784 0.1599984 ]"
1922,1922,"[0.15999904 0.15999999 0.15999929 0.1599978  0.15999801 0.15999761
 0.15999741 0.15999997 0.15999784 0.15999843]"
1923,1923,"[0.15999901 0.15999999 0.15999931 0.15999777 0.159998   0.15999762
 0.15999742 0.15999997 0.15999784 0.15999846]"
1924,1924,"[0.15999899 0.15999999 0.15999934 0.15999774 0.15999799 0.15999762
 0.15999744 0.15999996 0.15999785 0.15999849]"
1925,1925,"[0.15999897 0.15999999 0.15999937 0.15999771 0.15999797 0.15999763
 0.15999745 0.15999996 0.15999785 0.15999852]"
1926,1926,"[0.15999894 0.15999999 0.15999941 0.15999769 0.15999796 0.15999763
 0.15999747 0.15999995 0.15999785 0.15999854]"
1927,1927,"[0.15999892 0.15999999 0.15999944 0.15999766 0.15999794 0.15999763
 0.15999749 0.15999995 0.15999786 0.15999857]"
1928,1928,"[0.15999889 0.15999999 0.15999948 0.15999763 0.15999793 0.15999763
 0.15999751 0.15999994 0.15999786 0.1599986 ]"
1929,1929,"[0.15999887 0.15999999 0.15999953 0.15999761 0.15999792 0.15999763
 0.15999753 0.15999993 0.15999787 0.15999863]"
1930,1930,"[0.15999884 0.15999999 0.15999958 0.15999758 0.15999791 0.15999762
 0.15999755 0.15999992 0.15999787 0.15999865]"
1931,1931,"[0.15999882 0.15999999 0.15999963 0.15999756 0.15999792 0.15999762
 0.15999757 0.1599999  0.15999787 0.15999868]"
1932,1932,"[0.15999861 0.16000005 0.15999968 0.15999754 0.15999798 0.15999762
 0.15999759 0.15999989 0.15999787 0.15999871]"
1933,1933,"[0.15999801 0.15999968 0.15999967 0.15999752 0.15999812 0.15999761
 0.15999762 0.15999987 0.15999811 0.15999873]"
1934,1934,"[0.15999757 0.15999968 0.1599995  0.1599975  0.15999833 0.15999761
 0.15999764 0.15999985 0.15999835 0.15999876]"
1935,1935,"[0.15999755 0.15999967 0.15999922 0.15999748 0.15999851 0.1599976
 0.15999767 0.15999982 0.15999837 0.15999878]"
1936,1936,"[0.15999753 0.15999966 0.15999899 0.15999746 0.15999863 0.1599976
 0.15999769 0.1599998  0.15999839 0.15999881]"
1937,1937,"[0.15999751 0.15999965 0.15999884 0.15999744 0.15999871 0.15999759
 0.15999772 0.15999976 0.15999841 0.15999883]"
1938,1938,"[0.15999749 0.15999965 0.15999875 0.15999742 0.15999875 0.15999759
 0.15999775 0.15999973 0.15999842 0.15999886]"
1939,1939,"[0.15999747 0.15999964 0.15999871 0.15999741 0.15999878 0.15999759
 0.15999777 0.15999969 0.15999844 0.15999888]"
1940,1940,"[0.15999746 0.15999963 0.15999868 0.1599974  0.1599988  0.15999759
 0.1599978  0.15999964 0.15999845 0.1599989 ]"
1941,1941,"[0.15999744 0.15999962 0.15999867 0.15999738 0.15999881 0.15999758
 0.15999783 0.15999959 0.15999846 0.15999893]"
1942,1942,"[0.15999743 0.15999962 0.15999867 0.15999737 0.15999881 0.15999758
 0.15999786 0.15999953 0.15999847 0.15999895]"
1943,1943,"[0.15999742 0.15999961 0.15999868 0.15999736 0.15999882 0.15999758
 0.15999789 0.15999947 0.15999847 0.15999897]"
1944,1944,"[0.15999741 0.1599996  0.15999869 0.15999735 0.15999882 0.15999758
 0.15999792 0.1599994  0.15999848 0.159999  ]"
1945,1945,"[0.1599974  0.15999959 0.15999871 0.15999735 0.15999881 0.15999758
 0.15999795 0.15999933 0.15999848 0.15999902]"
1946,1946,"[0.15999739 0.15999958 0.15999873 0.15999734 0.15999881 0.15999758
 0.15999798 0.15999925 0.15999848 0.15999904]"
1947,1947,"[0.15999738 0.15999957 0.15999875 0.15999734 0.15999881 0.15999758
 0.15999801 0.15999916 0.15999849 0.15999906]"
1948,1948,"[0.15999737 0.15999956 0.15999878 0.15999733 0.1599988  0.15999758
 0.15999804 0.15999906 0.15999848 0.15999908]"
1949,1949,"[0.15999736 0.15999956 0.15999881 0.15999733 0.15999879 0.15999758
 0.15999807 0.15999896 0.15999848 0.1599991 ]"
1950,1950,"[0.15999735 0.15999955 0.15999885 0.15999733 0.15999878 0.15999758
 0.1599981  0.15999886 0.15999848 0.15999912]"
1951,1951,"[0.15999735 0.15999954 0.15999889 0.15999734 0.15999878 0.15999758
 0.15999813 0.15999875 0.15999847 0.15999914]"
1952,1952,"[0.15999734 0.15999953 0.15999893 0.15999734 0.15999877 0.15999758
 0.15999816 0.15999863 0.15999847 0.15999916]"
1953,1953,"[0.15999734 0.15999952 0.15999898 0.15999734 0.15999876 0.15999758
 0.15999819 0.15999851 0.15999846 0.15999918]"
1954,1954,"[0.15999734 0.15999951 0.15999904 0.15999735 0.15999875 0.15999758
 0.15999822 0.15999838 0.15999845 0.1599992 ]"
1955,1955,"[0.15999734 0.1599995  0.15999911 0.15999736 0.15999873 0.15999758
 0.15999826 0.15999825 0.15999844 0.15999922]"
1956,1956,"[0.15999733 0.15999949 0.15999919 0.15999737 0.15999872 0.15999758
 0.15999829 0.15999811 0.15999843 0.15999923]"
1957,1957,"[0.15999733 0.15999948 0.15999928 0.15999738 0.15999871 0.15999758
 0.15999832 0.15999797 0.15999841 0.15999925]"
1958,1958,"[0.15999733 0.15999947 0.1599994  0.15999739 0.1599987  0.15999757
 0.15999835 0.15999782 0.1599984  0.15999927]"
1959,1959,"[0.15999733 0.15999946 0.15999955 0.1599974  0.15999868 0.15999756
 0.15999838 0.15999766 0.15999838 0.15999929]"
1960,1960,"[0.15999734 0.15999945 0.15999975 0.15999742 0.15999867 0.15999755
 0.15999841 0.1599975  0.15999837 0.1599993 ]"
1961,1961,"[0.15999734 0.15999943 0.15999996 0.15999743 0.15999866 0.15999754
 0.15999844 0.15999736 0.15999835 0.15999932]"
1962,1962,"[0.15999734 0.15999942 0.1599998  0.15999745 0.15999864 0.15999752
 0.15999847 0.15999738 0.15999833 0.15999933]"
1963,1963,"[0.15999734 0.15999941 0.15999791 0.15999747 0.15999863 0.1599975
 0.1599985  0.15999776 0.15999831 0.15999935]"
1964,1964,"[0.15999735 0.1599994  0.15999823 0.15999749 0.15999861 0.15999748
 0.15999853 0.15999838 0.1599983  0.15999937]"
1965,1965,"[0.15999735 0.15999939 0.15999928 0.15999751 0.15999859 0.15999746
 0.15999856 0.15999884 0.15999828 0.15999938]"
1966,1966,"[0.15999735 0.15999938 0.15999964 0.15999753 0.15999858 0.15999743
 0.15999859 0.15999911 0.15999825 0.1599994 ]"
1967,1967,"[0.15999736 0.15999937 0.15999979 0.15999755 0.15999856 0.15999741
 0.15999861 0.15999925 0.15999823 0.15999941]"
1968,1968,"[0.15999736 0.15999935 0.15999986 0.15999758 0.15999855 0.15999739
 0.15999864 0.15999933 0.15999821 0.15999942]"
1969,1969,"[0.15999737 0.15999934 0.15999991 0.1599976  0.15999853 0.15999737
 0.15999867 0.15999937 0.15999819 0.15999944]"
1970,1970,"[0.15999738 0.15999933 0.15999994 0.15999763 0.15999851 0.15999736
 0.1599987  0.1599994  0.15999817 0.15999945]"
1971,1971,"[0.15999738 0.15999932 0.15999997 0.15999765 0.1599985  0.15999735
 0.15999873 0.15999941 0.15999814 0.15999946]"
1972,1972,"[0.15999739 0.1599993  0.15999998 0.15999768 0.15999848 0.15999735
 0.15999875 0.15999942 0.15999812 0.15999948]"
1973,1973,"[0.1599974  0.15999929 0.15999999 0.15999771 0.15999846 0.15999735
 0.15999878 0.15999942 0.1599981  0.15999949]"
1974,1974,"[0.1599974  0.15999928 0.16       0.15999774 0.15999844 0.15999734
 0.15999881 0.15999942 0.15999807 0.1599995 ]"
1975,1975,"[0.15999741 0.15999926 0.16       0.15999777 0.15999842 0.15999734
 0.15999883 0.15999941 0.15999805 0.15999951]"
1976,1976,"[0.15999742 0.15999925 0.16       0.1599978  0.1599984  0.15999734
 0.15999886 0.1599994  0.15999803 0.15999952]"
1977,1977,"[0.15999742 0.15999923 0.15999999 0.15999783 0.15999839 0.15999735
 0.15999889 0.15999939 0.159998   0.15999953]"
1978,1978,"[0.15999743 0.15999922 0.15999999 0.15999786 0.15999837 0.15999735
 0.15999891 0.15999937 0.15999798 0.15999955]"
1979,1979,"[0.15999744 0.1599992  0.15999998 0.15999789 0.15999835 0.15999735
 0.15999894 0.15999936 0.15999795 0.15999956]"
1980,1980,"[0.15999745 0.15999919 0.15999997 0.15999793 0.15999833 0.15999735
 0.15999896 0.15999934 0.15999793 0.15999957]"
1981,1981,"[0.15999745 0.15999917 0.15999997 0.15999796 0.15999831 0.15999736
 0.15999899 0.15999932 0.1599979  0.15999958]"
1982,1982,"[0.15999746 0.15999916 0.15999996 0.15999799 0.15999829 0.15999736
 0.15999901 0.1599993  0.15999788 0.15999958]"
1983,1983,"[0.15999747 0.15999914 0.15999995 0.15999802 0.15999826 0.15999737
 0.15999904 0.15999928 0.15999785 0.15999959]"
1984,1984,"[0.15999748 0.15999913 0.15999994 0.15999806 0.15999824 0.15999738
 0.15999906 0.15999926 0.15999783 0.1599996 ]"
1985,1985,"[0.15999749 0.15999911 0.15999993 0.15999809 0.15999822 0.15999739
 0.15999909 0.15999924 0.15999781 0.15999961]"
1986,1986,"[0.15999749 0.15999909 0.15999992 0.15999813 0.1599982  0.1599974
 0.15999911 0.15999922 0.15999778 0.15999962]"
1987,1987,"[0.1599975  0.15999908 0.15999991 0.15999816 0.15999818 0.15999741
 0.15999913 0.15999919 0.15999776 0.15999963]"
1988,1988,"[0.15999751 0.15999906 0.15999991 0.15999819 0.15999816 0.15999742
 0.15999916 0.15999917 0.15999774 0.15999963]"
1989,1989,"[0.15999752 0.15999904 0.1599999  0.15999823 0.15999814 0.15999743
 0.15999918 0.15999914 0.15999771 0.15999964]"
1990,1990,"[0.15999753 0.15999902 0.15999989 0.15999826 0.15999811 0.15999745
 0.1599992  0.15999911 0.15999769 0.15999965]"
1991,1991,"[0.15999753 0.15999901 0.15999988 0.1599983  0.15999809 0.15999746
 0.15999923 0.15999908 0.15999767 0.15999965]"
1992,1992,"[0.15999754 0.15999899 0.15999987 0.15999833 0.15999807 0.15999748
 0.15999925 0.15999904 0.15999765 0.15999966]"
1993,1993,"[0.15999755 0.15999897 0.15999986 0.15999836 0.15999805 0.15999749
 0.15999927 0.15999901 0.15999762 0.15999967]"
1994,1994,"[0.15999756 0.15999895 0.15999985 0.1599984  0.15999803 0.15999751
 0.1599993  0.15999897 0.1599976  0.15999967]"
1995,1995,"[0.15999757 0.15999893 0.15999984 0.15999843 0.159998   0.15999752
 0.15999932 0.15999893 0.15999758 0.15999968]"
1996,1996,"[0.15999757 0.15999891 0.15999983 0.15999846 0.15999798 0.15999754
 0.15999934 0.15999889 0.15999756 0.15999968]"
1997,1997,"[0.15999758 0.15999889 0.15999982 0.1599985  0.15999796 0.15999755
 0.15999937 0.15999885 0.15999755 0.15999969]"
1998,1998,"[0.15999759 0.15999887 0.15999981 0.15999853 0.15999794 0.15999756
 0.15999939 0.15999881 0.15999753 0.15999969]"
1999,1999,"[0.1599976  0.15999885 0.1599998  0.15999856 0.15999792 0.15999758
 0.15999941 0.15999876 0.15999751 0.15999969]"
2000,2000,"[0.15999846 0.15999882 0.16000025 0.15999859 0.1599979  0.15999759
 0.15999944 0.15999872 0.15999749 0.1599997 ]"
2001,2001,"[0.15999896 0.1599988  0.15999996 0.15999862 0.15999788 0.1599976
 0.15999946 0.15999867 0.15999748 0.1599997 ]"
2002,2002,"[0.15999893 0.15999878 0.15999997 0.15999865 0.15999786 0.15999761
 0.15999949 0.15999863 0.15999746 0.1599997 ]"
2003,2003,"[0.1599989  0.15999832 0.15999997 0.15999932 0.15999784 0.15999761
 0.15999951 0.15999858 0.15999745 0.15999971]"
2004,2004,"[0.15999886 0.15999802 0.15999997 0.15999952 0.15999782 0.15999762
 0.15999954 0.15999853 0.15999743 0.15999971]"
2005,2005,"[0.15999883 0.15999799 0.15999998 0.15999954 0.15999781 0.15999762
 0.15999956 0.15999849 0.15999742 0.15999971]"
2006,2006,"[0.15999879 0.15999796 0.15999998 0.15999955 0.1599978  0.15999762
 0.15999959 0.15999844 0.15999741 0.15999971]"
2007,2007,"[0.15999875 0.15999793 0.15999998 0.16000057 0.15999779 0.15999762
 0.15999961 0.15999839 0.1599974  0.1599998 ]"
2008,2008,"[0.15999837 0.1599979  0.15999998 0.15999902 0.15999779 0.15999762
 0.15999963 0.15999835 0.15999738 0.15999977]"
2009,2009,"[0.15999762 0.15999788 0.15999999 0.15999905 0.15999779 0.15999762
 0.15999965 0.1599983  0.15999739 0.15999977]"
2010,2010,"[0.15999763 0.15999785 0.15999999 0.15999907 0.1599978  0.15999762
 0.15999966 0.15999826 0.1599974  0.15999978]"
2011,2011,"[0.15999764 0.15999782 0.15999999 0.1599991  0.15999781 0.15999762
 0.15999967 0.15999822 0.15999741 0.15999978]"
2012,2012,"[0.15999765 0.15999779 0.15999999 0.15999912 0.15999783 0.15999761
 0.15999967 0.15999818 0.15999743 0.15999978]"
2013,2013,"[0.15999766 0.15999777 0.15999999 0.15999915 0.15999786 0.15999761
 0.15999965 0.15999814 0.15999744 0.15999978]"
2014,2014,"[0.15999767 0.15999774 0.15999999 0.15999917 0.15999789 0.15999761
 0.15999962 0.1599981  0.15999746 0.15999978]"
2015,2015,"[0.15999768 0.15999772 0.15999999 0.15999919 0.15999793 0.15999761
 0.15999957 0.15999806 0.15999747 0.15999979]"
2016,2016,"[0.15999769 0.15999769 0.15999999 0.15999921 0.15999796 0.1599976
 0.15999951 0.15999803 0.15999749 0.15999979]"
2017,2017,"[0.1599977  0.15999767 0.15999999 0.15999923 0.159998   0.1599976
 0.15999944 0.15999799 0.15999751 0.15999979]"
2018,2018,"[0.15999772 0.15999764 0.16       0.15999925 0.15999803 0.1599976
 0.15999937 0.15999796 0.15999753 0.15999979]"
2019,2019,"[0.15999773 0.15999762 0.16       0.15999927 0.15999805 0.1599976
 0.1599993  0.15999792 0.15999755 0.15999979]"
2020,2020,"[0.15999774 0.1599976  0.16       0.15999929 0.15999807 0.1599976
 0.15999924 0.15999789 0.15999757 0.15999979]"
2021,2021,"[0.15999775 0.15999757 0.16       0.15999931 0.15999808 0.1599976
 0.15999918 0.15999786 0.15999759 0.15999979]"
2022,2022,"[0.15999777 0.15999755 0.16       0.15999933 0.15999809 0.1599976
 0.15999914 0.15999783 0.15999761 0.15999979]"
2023,2023,"[0.15999778 0.15999753 0.16       0.15999935 0.1599981  0.1599976
 0.1599991  0.15999781 0.15999763 0.15999979]"
2024,2024,"[0.15999779 0.15999751 0.16       0.15999937 0.1599981  0.15999761
 0.15999907 0.15999778 0.15999766 0.15999979]"
2025,2025,"[0.15999781 0.15999749 0.16       0.15999938 0.1599981  0.15999761
 0.15999905 0.15999775 0.15999768 0.15999979]"
2026,2026,"[0.15999782 0.15999747 0.16       0.1599994  0.1599981  0.15999761
 0.15999903 0.15999773 0.15999771 0.15999979]"
2027,2027,"[0.15999784 0.15999746 0.16       0.15999942 0.1599981  0.15999762
 0.15999902 0.15999771 0.15999773 0.15999979]"
2028,2028,"[0.15999785 0.15999744 0.16       0.15999943 0.15999809 0.15999762
 0.15999902 0.15999768 0.15999776 0.15999979]"
2029,2029,"[0.15999787 0.15999743 0.16       0.15999945 0.15999808 0.15999762
 0.15999902 0.15999766 0.15999778 0.15999979]"
2030,2030,"[0.15999789 0.15999741 0.16       0.15999946 0.15999807 0.15999763
 0.15999902 0.15999764 0.15999781 0.15999979]"
2031,2031,"[0.1599979  0.1599974  0.16       0.15999947 0.15999807 0.15999763
 0.15999903 0.15999762 0.15999784 0.15999979]"
2032,2032,"[0.15999792 0.15999739 0.16       0.15999949 0.15999806 0.15999764
 0.15999903 0.1599976  0.15999787 0.15999979]"
2033,2033,"[0.15999794 0.15999738 0.16       0.1599995  0.15999805 0.15999764
 0.15999904 0.15999758 0.1599979  0.15999979]"
2034,2034,"[0.15999795 0.15999737 0.16       0.15999951 0.15999803 0.15999765
 0.15999906 0.15999757 0.15999793 0.15999979]"
2035,2035,"[0.15999797 0.15999736 0.16       0.15999953 0.15999802 0.15999765
 0.15999907 0.15999755 0.15999796 0.15999979]"
2036,2036,"[0.15999799 0.15999735 0.16       0.15999954 0.15999801 0.15999765
 0.15999909 0.15999754 0.15999799 0.15999979]"
2037,2037,"[0.15999801 0.15999734 0.16       0.15999955 0.159998   0.15999765
 0.1599991  0.15999752 0.15999802 0.15999979]"
2038,2038,"[0.15999803 0.15999734 0.16       0.15999956 0.15999799 0.15999765
 0.15999912 0.15999751 0.15999805 0.15999979]"
2039,2039,"[0.15999805 0.15999734 0.16       0.15999957 0.15999797 0.15999765
 0.15999914 0.1599975  0.15999808 0.15999979]"
2040,2040,"[0.15999807 0.15999733 0.16       0.15999958 0.15999796 0.15999765
 0.15999915 0.15999749 0.15999812 0.15999979]"
2041,2041,"[0.15999809 0.15999733 0.16       0.15999959 0.15999795 0.15999764
 0.15999917 0.15999747 0.15999815 0.15999979]"
2042,2042,"[0.15999811 0.15999733 0.16       0.1599996  0.15999794 0.15999764
 0.15999918 0.15999746 0.15999818 0.15999978]"
2043,2043,"[0.15999813 0.15999734 0.16       0.15999961 0.15999792 0.15999762
 0.15999919 0.15999745 0.15999821 0.15999978]"
2044,2044,"[0.15999816 0.15999734 0.16       0.15999961 0.15999791 0.15999761
 0.15999919 0.15999744 0.15999825 0.15999978]"
2045,2045,"[0.15999818 0.15999734 0.16       0.15999962 0.1599979  0.15999759
 0.15999917 0.15999744 0.15999828 0.15999978]"
2046,2046,"[0.1599982  0.15999735 0.16       0.15999963 0.15999789 0.15999757
 0.15999912 0.15999743 0.15999831 0.15999978]"
2047,2047,"[0.15999822 0.15999736 0.16       0.15999964 0.15999788 0.15999754
 0.159999   0.15999742 0.15999835 0.15999978]"
2048,2048,"[0.15999825 0.15999737 0.16       0.15999964 0.15999786 0.15999751
 0.15999875 0.15999741 0.15999838 0.15999978]"
2049,2049,"[0.15999827 0.15999738 0.16       0.15999965 0.15999785 0.15999748
 0.15999822 0.15999741 0.15999841 0.15999978]"
2050,2050,"[0.1599983  0.15999739 0.16       0.15999966 0.15999784 0.15999745
 0.15999748 0.1599974  0.15999845 0.15999978]"
2051,2051,"[0.15999832 0.1599974  0.16       0.15999966 0.15999783 0.15999742
 0.15999763 0.15999739 0.15999848 0.15999978]"
2052,2052,"[0.15999834 0.15999741 0.16       0.15999967 0.15999782 0.15999739
 0.15999841 0.15999739 0.15999852 0.15999978]"
2053,2053,"[0.15999837 0.15999743 0.16       0.15999967 0.15999781 0.15999737
 0.15999887 0.15999738 0.15999855 0.15999978]"
2054,2054,"[0.15999839 0.15999744 0.16       0.15999968 0.1599978  0.15999736
 0.15999906 0.15999738 0.15999858 0.15999978]"
2055,2055,"[0.15999842 0.15999746 0.16       0.15999968 0.15999779 0.15999735
 0.15999912 0.15999737 0.15999861 0.15999978]"
2056,2056,"[0.15999844 0.15999748 0.16       0.15999968 0.15999778 0.15999734
 0.15999913 0.15999737 0.15999865 0.15999978]"
2057,2057,"[0.15999847 0.1599975  0.16       0.15999969 0.15999777 0.15999734
 0.15999912 0.15999736 0.15999868 0.15999978]"
2058,2058,"[0.15999849 0.15999752 0.16       0.15999969 0.15999776 0.15999734
 0.15999908 0.15999736 0.15999871 0.15999978]"
2059,2059,"[0.15999852 0.15999754 0.16       0.15999969 0.15999775 0.15999734
 0.15999904 0.15999735 0.15999874 0.15999978]"
2060,2060,"[0.15999855 0.15999757 0.16       0.1599997  0.15999774 0.15999733
 0.159999   0.15999735 0.15999878 0.15999978]"
2061,2061,"[0.15999857 0.15999759 0.16       0.1599997  0.15999773 0.15999733
 0.15999895 0.15999735 0.15999881 0.15999978]"
2062,2062,"[0.1599986  0.15999762 0.16       0.1599997  0.15999773 0.15999733
 0.15999891 0.15999734 0.15999884 0.15999978]"
2063,2063,"[0.15999862 0.15999764 0.16       0.1599997  0.15999772 0.15999734
 0.15999886 0.15999734 0.15999887 0.15999978]"
2064,2064,"[0.15999865 0.15999767 0.16       0.1599997  0.15999771 0.15999734
 0.15999881 0.15999734 0.1599989  0.15999978]"
2065,2065,"[0.15999868 0.1599977  0.16       0.1599997  0.1599977  0.15999734
 0.15999877 0.15999734 0.15999893 0.15999978]"
2066,2066,"[0.1599987  0.15999773 0.16       0.1599997  0.1599977  0.15999734
 0.15999872 0.15999733 0.15999896 0.15999979]"
2067,2067,"[0.15999873 0.15999776 0.16       0.1599997  0.15999769 0.15999734
 0.15999868 0.15999733 0.15999899 0.15999979]"
2068,2068,"[0.15999875 0.15999779 0.16       0.1599997  0.15999768 0.15999734
 0.15999863 0.15999733 0.15999902 0.15999979]"
2069,2069,"[0.15999871 0.15999782 0.16       0.1599997  0.15999768 0.15999735
 0.15999859 0.15999733 0.15999905 0.15999974]"
2070,2070,"[0.15999908 0.15999785 0.16       0.1599997  0.15999767 0.15999735
 0.15999855 0.15999733 0.15999907 0.15999994]"
2071,2071,"[0.1599991  0.15999788 0.16       0.1599997  0.15999766 0.15999736
 0.1599985  0.15999734 0.1599991  0.15999994]"
2072,2072,"[0.15999912 0.15999791 0.15999999 0.1599997  0.15999766 0.15999736
 0.15999846 0.15999734 0.15999913 0.15999994]"
2073,2073,"[0.15999915 0.15999795 0.15999999 0.1599997  0.15999765 0.15999737
 0.15999842 0.15999734 0.15999916 0.15999994]"
2074,2074,"[0.15999917 0.15999798 0.15999999 0.1599997  0.15999764 0.15999738
 0.15999838 0.15999735 0.15999918 0.15999994]"
2075,2075,"[0.15999919 0.15999801 0.15999999 0.1599997  0.15999764 0.15999738
 0.15999834 0.15999735 0.15999921 0.15999994]"
2076,2076,"[0.15999921 0.15999805 0.15999999 0.15999969 0.15999763 0.15999739
 0.1599983  0.15999736 0.15999923 0.15999994]"
2077,2077,"[0.15999923 0.15999808 0.15999999 0.15999969 0.15999762 0.1599974
 0.15999826 0.15999736 0.15999926 0.15999994]"
2078,2078,"[0.15999925 0.15999812 0.15999999 0.15999969 0.15999762 0.15999741
 0.15999822 0.15999737 0.15999928 0.15999994]"
2079,2079,"[0.15999927 0.15999815 0.15999999 0.15999968 0.15999761 0.15999743
 0.15999819 0.15999738 0.15999931 0.15999994]"
2080,2080,"[0.15999929 0.15999819 0.15999999 0.15999968 0.1599976  0.15999744
 0.15999815 0.15999739 0.15999933 0.15999994]"
2081,2081,"[0.15999931 0.15999822 0.15999999 0.15999968 0.15999759 0.15999745
 0.15999811 0.1599974  0.15999935 0.15999994]"
2082,2082,"[0.15999933 0.15999826 0.15999999 0.15999967 0.15999759 0.15999746
 0.15999808 0.15999741 0.15999937 0.15999994]"
2083,2083,"[0.15999935 0.15999829 0.15999999 0.15999967 0.15999758 0.15999748
 0.15999804 0.15999742 0.1599994  0.15999994]"
2084,2084,"[0.15999936 0.15999833 0.15999999 0.15999967 0.15999757 0.15999749
 0.15999801 0.15999744 0.15999942 0.15999994]"
2085,2085,"[0.15999938 0.15999836 0.15999999 0.15999966 0.15999756 0.15999751
 0.15999798 0.15999745 0.15999944 0.15999994]"
2086,2086,"[0.1599994  0.1599984  0.15999999 0.15999966 0.15999755 0.15999752
 0.15999795 0.15999746 0.15999946 0.15999994]"
2087,2087,"[0.15999942 0.15999843 0.15999999 0.15999965 0.15999754 0.15999754
 0.15999792 0.15999748 0.15999948 0.15999994]"
2088,2088,"[0.15999943 0.15999846 0.15999999 0.15999965 0.15999753 0.15999755
 0.15999789 0.15999749 0.1599995  0.15999994]"
2089,2089,"[0.15999945 0.1599985  0.15999999 0.15999964 0.15999752 0.15999757
 0.15999786 0.15999751 0.15999952 0.15999994]"
2090,2090,"[0.15999946 0.15999853 0.15999999 0.15999964 0.15999751 0.15999758
 0.15999783 0.15999753 0.15999954 0.15999993]"
2091,2091,"[0.15999948 0.15999857 0.15999999 0.15999963 0.1599975  0.1599976
 0.1599978  0.15999755 0.15999956 0.15999993]"
2092,2092,"[0.15999949 0.1599986  0.15999999 0.15999963 0.15999749 0.15999761
 0.15999778 0.15999757 0.15999958 0.15999993]"
2093,2093,"[0.15999951 0.15999863 0.15999998 0.15999962 0.15999749 0.15999763
 0.15999775 0.15999759 0.15999959 0.15999993]"
2094,2094,"[0.15999952 0.15999867 0.15999998 0.15999962 0.15999748 0.15999764
 0.15999773 0.15999761 0.15999961 0.15999993]"
2095,2095,"[0.15999954 0.1599987  0.15999998 0.15999961 0.15999747 0.15999766
 0.15999771 0.15999763 0.15999963 0.15999993]"
2096,2096,"[0.15999955 0.15999873 0.15999998 0.1599996  0.15999746 0.15999767
 0.15999768 0.15999765 0.15999964 0.15999993]"
2097,2097,"[0.15999957 0.15999876 0.15999998 0.1599996  0.15999745 0.15999768
 0.15999766 0.15999767 0.15999966 0.15999993]"
2098,2098,"[0.15999958 0.15999879 0.15999998 0.15999959 0.15999744 0.1599977
 0.15999764 0.15999769 0.15999967 0.15999993]"
2099,2099,"[0.15999959 0.15999882 0.15999998 0.15999959 0.15999743 0.15999771
 0.15999763 0.15999772 0.15999969 0.15999993]"
2100,2100,"[0.15999961 0.15999885 0.15999998 0.15999958 0.15999743 0.15999772
 0.15999761 0.15999774 0.1599997  0.15999992]"
2101,2101,"[0.15999962 0.15999888 0.15999998 0.15999957 0.15999742 0.15999773
 0.15999759 0.15999776 0.15999971 0.15999992]"
2102,2102,"[0.15999963 0.15999891 0.15999998 0.15999956 0.15999741 0.15999774
 0.15999758 0.15999779 0.15999972 0.15999992]"
2103,2103,"[0.15999964 0.15999894 0.15999998 0.15999956 0.15999741 0.15999775
 0.15999756 0.15999781 0.15999973 0.15999992]"
2104,2104,"[0.15999965 0.15999897 0.15999998 0.15999955 0.1599974  0.15999775
 0.15999755 0.15999783 0.15999974 0.15999992]"
2105,2105,"[0.15999966 0.159999   0.15999998 0.15999954 0.1599974  0.15999776
 0.15999754 0.15999786 0.15999975 0.15999991]"
2106,2106,"[0.15999968 0.15999903 0.15999998 0.15999953 0.15999739 0.15999776
 0.15999753 0.15999788 0.15999976 0.15999991]"
2107,2107,"[0.15999969 0.15999905 0.15999997 0.15999953 0.15999739 0.15999776
 0.15999752 0.15999791 0.15999977 0.1599999 ]"
2108,2108,"[0.1599997  0.15999908 0.15999997 0.15999952 0.15999738 0.15999776
 0.15999752 0.15999793 0.15999977 0.1599999 ]"
2109,2109,"[0.15999971 0.15999911 0.15999997 0.15999951 0.15999738 0.15999776
 0.15999752 0.15999796 0.15999977 0.15999989]"
2110,2110,"[0.15999972 0.15999913 0.15999997 0.1599995  0.15999738 0.15999775
 0.15999752 0.15999798 0.15999977 0.15999989]"
2111,2111,"[0.15999973 0.15999916 0.15999997 0.15999949 0.15999737 0.15999775
 0.15999752 0.15999801 0.15999978 0.15999988]"
2112,2112,"[0.15999974 0.15999918 0.15999997 0.15999948 0.15999737 0.15999774
 0.15999753 0.15999804 0.15999977 0.15999987]"
2113,2113,"[0.15999975 0.1599992  0.15999997 0.15999947 0.15999737 0.15999773
 0.15999755 0.15999806 0.15999977 0.15999985]"
2114,2114,"[0.15999976 0.15999923 0.15999997 0.15999946 0.15999737 0.15999771
 0.15999757 0.15999809 0.15999977 0.15999983]"
2115,2115,"[0.15999976 0.15999925 0.15999997 0.15999945 0.15999736 0.1599977
 0.1599976  0.15999811 0.15999976 0.15999981]"
2116,2116,"[0.15999977 0.15999927 0.15999997 0.15999944 0.15999736 0.15999768
 0.15999765 0.15999814 0.15999976 0.15999978]"
2117,2117,"[0.15999978 0.15999929 0.15999996 0.15999943 0.15999736 0.15999766
 0.1599977  0.15999816 0.15999975 0.15999974]"
2118,2118,"[0.15999979 0.15999931 0.15999996 0.15999942 0.15999736 0.15999764
 0.15999776 0.15999818 0.15999975 0.15999969]"
2119,2119,"[0.1599998  0.15999933 0.15999996 0.15999941 0.15999735 0.15999762
 0.1599978  0.15999821 0.15999974 0.15999964]"
2120,2120,"[0.15999981 0.15999935 0.15999996 0.1599994  0.15999735 0.1599976
 0.15999783 0.15999823 0.15999974 0.1599996 ]"
2121,2121,"[0.15999981 0.15999937 0.15999996 0.15999939 0.15999735 0.15999757
 0.15999783 0.15999826 0.15999974 0.15999956]"
2122,2122,"[0.15999982 0.15999939 0.15999996 0.15999938 0.15999735 0.15999754
 0.15999782 0.15999828 0.15999974 0.15999954]"
2123,2123,"[0.15999987 0.15999941 0.15999994 0.15999937 0.15999734 0.15999751
 0.15999779 0.1599983  0.15999974 0.15999952]"
2124,2124,"[0.15999991 0.15999943 0.15999977 0.15999936 0.15999734 0.15999748
 0.15999776 0.15999832 0.15999975 0.15999951]"
2125,2125,"[0.15999991 0.15999945 0.15999976 0.15999935 0.15999734 0.15999745
 0.15999773 0.15999835 0.15999975 0.15999951]"
2126,2126,"[0.15999992 0.15999946 0.15999975 0.15999934 0.15999734 0.15999743
 0.1599977  0.15999837 0.15999976 0.15999951]"
2127,2127,"[0.15999992 0.15999948 0.15999975 0.15999933 0.15999734 0.1599974
 0.15999767 0.15999839 0.15999977 0.15999952]"
2128,2128,"[0.15999992 0.1599995  0.15999974 0.15999932 0.15999733 0.15999737
 0.15999764 0.15999841 0.15999978 0.15999952]"
2129,2129,"[0.15999993 0.15999951 0.15999973 0.15999932 0.15999733 0.15999735
 0.15999762 0.15999843 0.15999978 0.15999953]"
2130,2130,"[0.15999993 0.15999953 0.15999972 0.15999931 0.15999733 0.15999734
 0.15999759 0.15999845 0.15999973 0.15999954]"
2131,2131,"[0.15999993 0.15999954 0.15999971 0.1599993  0.15999733 0.15999733
 0.15999757 0.15999846 0.15999952 0.15999955]"
2132,2132,"[0.15999994 0.15999956 0.1599997  0.15999929 0.15999733 0.15999734
 0.15999755 0.15999848 0.15999827 0.15999955]"
2133,2133,"[0.15999994 0.15999944 0.15999969 0.15999929 0.15999733 0.15999735
 0.15999753 0.1599985  0.1599984  0.15999956]"
2134,2134,"[0.15999994 0.15999914 0.15999968 0.1599993  0.15999734 0.15999737
 0.15999751 0.15999851 0.15999939 0.15999957]"
2135,2135,"[0.15999995 0.15999917 0.15999967 0.15999931 0.15999734 0.1599974
 0.15999749 0.15999853 0.1599996  0.15999958]"
2136,2136,"[0.15999995 0.15999919 0.15999966 0.15999931 0.15999734 0.15999742
 0.15999748 0.15999854 0.15999965 0.15999959]"
2137,2137,"[0.15999995 0.15999922 0.15999965 0.15999931 0.15999734 0.15999744
 0.15999746 0.15999855 0.15999966 0.15999959]"
2138,2138,"[0.15999996 0.15999924 0.15999964 0.15999932 0.15999734 0.15999746
 0.15999745 0.15999857 0.15999966 0.1599996 ]"
2139,2139,"[0.15999996 0.15999926 0.15999963 0.15999933 0.15999735 0.15999748
 0.15999744 0.15999858 0.15999966 0.15999961]"
2140,2140,"[0.15999996 0.15999929 0.15999962 0.15999933 0.15999735 0.15999749
 0.15999742 0.15999859 0.15999966 0.15999962]"
2141,2141,"[0.15999996 0.15999931 0.15999961 0.15999934 0.15999736 0.1599975
 0.15999741 0.1599986  0.15999966 0.15999962]"
2142,2142,"[0.15999996 0.15999933 0.15999959 0.15999934 0.15999736 0.1599975
 0.1599974  0.1599986  0.15999967 0.15999963]"
2143,2143,"[0.15999997 0.15999935 0.15999958 0.15999935 0.15999737 0.1599975
 0.15999739 0.15999861 0.15999967 0.15999964]"
2144,2144,"[0.15999997 0.15999937 0.15999957 0.15999936 0.15999737 0.1599975
 0.15999738 0.15999862 0.15999968 0.15999964]"
2145,2145,"[0.15999997 0.15999939 0.15999956 0.15999936 0.15999738 0.1599975
 0.15999737 0.15999862 0.1599997  0.15999965]"
2146,2146,"[0.15999997 0.15999941 0.15999954 0.15999937 0.15999738 0.15999749
 0.15999737 0.15999862 0.15999971 0.15999966]"
2147,2147,"[0.15999998 0.15999943 0.15999953 0.15999938 0.15999739 0.15999748
 0.15999736 0.15999862 0.15999972 0.15999966]"
2148,2148,"[0.15999998 0.15999945 0.15999952 0.15999938 0.1599974  0.15999747
 0.15999735 0.15999862 0.15999974 0.15999967]"
2149,2149,"[0.15999998 0.15999946 0.1599995  0.15999939 0.1599974  0.15999746
 0.15999735 0.15999862 0.15999975 0.15999967]"
2150,2150,"[0.15999998 0.15999948 0.15999949 0.15999939 0.15999741 0.15999745
 0.15999735 0.15999861 0.15999976 0.15999968]"
2151,2151,"[0.15999998 0.1599995  0.15999947 0.15999939 0.15999742 0.15999744
 0.15999734 0.1599986  0.15999977 0.15999968]"
2152,2152,"[0.15999998 0.15999951 0.15999946 0.15999938 0.15999743 0.15999743
 0.15999734 0.15999858 0.15999979 0.15999969]"
2153,2153,"[0.15999998 0.15999953 0.15999944 0.15999935 0.15999743 0.15999742
 0.15999734 0.15999853 0.15999979 0.15999969]"
2154,2154,"[0.15999999 0.15999954 0.15999943 0.15999929 0.15999744 0.15999741
 0.15999733 0.15999843 0.1599998  0.15999969]"
2155,2155,"[0.15999999 0.15999956 0.15999941 0.15999916 0.15999745 0.1599974
 0.15999733 0.15999821 0.15999981 0.1599997 ]"
2156,2156,"[0.15999999 0.15999957 0.15999939 0.15999898 0.15999746 0.15999739
 0.15999733 0.15999794 0.15999982 0.1599997 ]"
2157,2157,"[0.15999999 0.15999959 0.15999937 0.15999887 0.15999746 0.15999738
 0.15999733 0.15999781 0.15999982 0.1599997 ]"
2158,2158,"[0.15999999 0.1599996  0.15999936 0.15999882 0.15999747 0.15999738
 0.15999733 0.15999778 0.15999982 0.1599997 ]"
2159,2159,"[0.15999999 0.15999961 0.15999934 0.15999882 0.15999748 0.15999737
 0.15999734 0.15999777 0.15999982 0.1599997 ]"
2160,2160,"[0.15999999 0.15999963 0.15999932 0.15999883 0.15999748 0.15999736
 0.15999734 0.15999777 0.15999982 0.1599997 ]"
2161,2161,"[0.15999999 0.15999964 0.1599993  0.15999885 0.15999749 0.15999736
 0.15999734 0.15999778 0.15999982 0.1599997 ]"
2162,2162,"[0.15999999 0.15999965 0.15999928 0.15999888 0.1599975  0.15999735
 0.15999734 0.15999779 0.15999982 0.1599997 ]"
2163,2163,"[0.15999999 0.15999966 0.15999926 0.1599989  0.1599975  0.15999735
 0.15999735 0.15999779 0.15999982 0.1599997 ]"
2164,2164,"[0.16       0.15999967 0.15999924 0.15999893 0.15999751 0.15999734
 0.15999735 0.1599978  0.15999982 0.15999969]"
2165,2165,"[0.16       0.15999968 0.15999922 0.15999896 0.15999751 0.15999734
 0.15999735 0.15999781 0.15999981 0.15999969]"
2166,2166,"[0.16       0.15999969 0.1599992  0.15999899 0.15999751 0.15999734
 0.15999736 0.15999782 0.15999981 0.15999968]"
2167,2167,"[0.16       0.1599997  0.15999918 0.15999901 0.15999752 0.15999734
 0.15999736 0.15999783 0.1599998  0.15999967]"
2168,2168,"[0.16       0.15999971 0.15999916 0.15999904 0.15999752 0.15999733
 0.15999737 0.15999784 0.1599998  0.15999966]"
2169,2169,"[0.16       0.15999972 0.15999914 0.15999906 0.15999752 0.15999733
 0.15999737 0.15999785 0.15999979 0.15999965]"
2170,2170,"[0.16       0.15999973 0.15999912 0.15999909 0.15999752 0.15999733
 0.15999738 0.15999787 0.15999978 0.15999963]"
2171,2171,"[0.16       0.15999974 0.15999909 0.15999911 0.15999751 0.15999733
 0.15999738 0.15999788 0.15999977 0.15999961]"
2172,2172,"[0.16       0.15999975 0.15999907 0.15999913 0.15999751 0.15999733
 0.15999739 0.15999789 0.15999976 0.15999959]"
2173,2173,"[0.16       0.15999976 0.15999905 0.15999915 0.15999751 0.15999733
 0.15999739 0.1599979  0.15999975 0.15999957]"
2174,2174,"[0.16       0.15999976 0.15999902 0.15999917 0.1599975  0.15999734
 0.1599974  0.15999792 0.15999974 0.15999954]"
2175,2175,"[0.16       0.1599997  0.159999   0.15999918 0.15999749 0.15999734
 0.1599974  0.15999793 0.15999973 0.15999951]"
2176,2176,"[0.16       0.15999955 0.15999897 0.15999919 0.15999748 0.15999734
 0.15999741 0.15999795 0.15999972 0.15999947]"
2177,2177,"[0.16       0.15999956 0.15999895 0.1599992  0.15999747 0.15999734
 0.15999741 0.15999796 0.1599997  0.15999942]"
2178,2178,"[0.16       0.15999958 0.15999892 0.15999921 0.15999746 0.15999734
 0.15999742 0.15999798 0.15999969 0.15999937]"
2179,2179,"[0.16       0.15999959 0.1599989  0.15999922 0.15999744 0.15999734
 0.15999742 0.15999799 0.15999967 0.15999932]"
2180,2180,"[0.16       0.1599996  0.15999887 0.15999922 0.15999743 0.15999734
 0.15999742 0.15999801 0.15999966 0.15999925]"
2181,2181,"[0.16       0.15999962 0.15999884 0.15999922 0.15999741 0.15999735
 0.15999742 0.15999802 0.15999964 0.15999917]"
2182,2182,"[0.16       0.15999963 0.15999882 0.15999922 0.15999739 0.15999735
 0.15999742 0.15999804 0.15999962 0.15999909]"
2183,2183,"[0.16       0.15999964 0.15999879 0.15999922 0.15999737 0.15999735
 0.15999742 0.15999805 0.1599996  0.15999899]"
2184,2184,"[0.16       0.15999965 0.15999876 0.15999922 0.15999736 0.15999735
 0.15999742 0.15999807 0.15999959 0.15999888]"
2185,2185,"[0.16       0.15999966 0.15999874 0.15999922 0.15999734 0.15999735
 0.15999742 0.15999809 0.15999957 0.15999875]"
2186,2186,"[0.16       0.15999968 0.15999871 0.15999921 0.15999733 0.15999735
 0.15999742 0.15999811 0.15999955 0.15999861]"
2187,2187,"[0.16       0.15999969 0.15999868 0.15999921 0.15999734 0.15999735
 0.15999742 0.15999812 0.15999953 0.15999845]"
2188,2188,"[0.16       0.1599997  0.15999865 0.1599992  0.15999735 0.15999735
 0.15999741 0.15999814 0.15999951 0.15999828]"
2189,2189,"[0.16       0.15999971 0.15999862 0.15999919 0.15999737 0.15999735
 0.15999741 0.15999816 0.15999949 0.15999809]"
2190,2190,"[0.16       0.15999972 0.15999859 0.15999918 0.15999741 0.15999735
 0.1599974  0.15999818 0.15999947 0.1599979 ]"
2191,2191,"[0.16       0.15999972 0.15999856 0.15999917 0.15999747 0.15999735
 0.1599974  0.15999819 0.15999945 0.15999771]"
2192,2192,"[0.16       0.15999973 0.15999853 0.15999916 0.15999753 0.15999735
 0.15999739 0.15999821 0.15999943 0.15999755]"
2193,2193,"[0.16       0.15999974 0.1599985  0.15999915 0.1599976  0.15999735
 0.15999739 0.15999823 0.15999941 0.15999742]"
2194,2194,"[0.15999999 0.15999975 0.15999847 0.15999914 0.15999767 0.15999735
 0.15999739 0.15999825 0.15999939 0.15999735]"
2195,2195,"[0.15999999 0.15999976 0.15999844 0.15999913 0.15999775 0.15999735
 0.15999738 0.15999827 0.15999937 0.15999734]"
2196,2196,"[0.15999999 0.15999977 0.15999841 0.15999911 0.15999782 0.15999734
 0.15999738 0.15999829 0.15999934 0.15999738]"
2197,2197,"[0.15999999 0.15999977 0.15999838 0.1599991  0.15999789 0.15999734
 0.15999738 0.15999831 0.15999932 0.15999746]"
2198,2198,"[0.15999999 0.15999978 0.15999835 0.15999909 0.15999795 0.15999734
 0.15999737 0.15999833 0.1599993  0.15999757]"
2199,2199,"[0.15999999 0.15999979 0.15999832 0.15999908 0.15999801 0.15999734
 0.15999737 0.15999835 0.15999928 0.15999769]"
2200,2200,"[0.15999999 0.15999979 0.15999828 0.15999906 0.15999806 0.15999734
 0.15999737 0.15999837 0.15999925 0.1599978 ]"
2201,2201,"[0.15999999 0.1599998  0.15999825 0.15999905 0.15999811 0.15999733
 0.15999736 0.15999839 0.15999923 0.1599979 ]"
2202,2202,"[0.15999999 0.15999981 0.15999822 0.15999905 0.15999815 0.15999733
 0.15999736 0.15999841 0.1599992  0.159998  ]"
2203,2203,"[0.15999999 0.15999981 0.15999819 0.15999904 0.1599982  0.15999734
 0.15999736 0.15999843 0.15999918 0.15999808]"
2204,2204,"[0.15999999 0.15999982 0.15999816 0.15999903 0.15999824 0.15999734
 0.15999735 0.15999845 0.15999915 0.15999814]"
2205,2205,"[0.15999999 0.15999982 0.15999813 0.15999903 0.15999827 0.15999735
 0.15999735 0.15999847 0.15999912 0.1599982 ]"
2206,2206,"[0.15999999 0.15999983 0.1599981  0.15999903 0.1599983  0.15999738
 0.15999734 0.15999849 0.1599991  0.15999825]"
2207,2207,"[0.15999999 0.15999983 0.15999807 0.15999903 0.15999834 0.15999741
 0.15999734 0.15999851 0.15999907 0.15999828]"
2208,2208,"[0.15999999 0.15999984 0.15999804 0.15999904 0.15999837 0.15999745
 0.15999734 0.15999853 0.15999904 0.15999832]"
2209,2209,"[0.15999999 0.15999984 0.15999801 0.15999904 0.1599984  0.15999751
 0.15999734 0.15999855 0.15999902 0.15999834]"
2210,2210,"[0.15999998 0.15999985 0.15999798 0.15999905 0.15999842 0.15999758
 0.15999733 0.15999857 0.15999899 0.15999836]"
2211,2211,"[0.15999998 0.15999985 0.15999795 0.15999906 0.15999845 0.15999765
 0.15999733 0.15999859 0.15999896 0.15999838]"
2212,2212,"[0.15999998 0.15999985 0.15999792 0.15999907 0.15999848 0.15999771
 0.15999733 0.15999861 0.15999893 0.15999839]"
2213,2213,"[0.15999998 0.15999986 0.15999789 0.15999909 0.1599985  0.15999777
 0.15999733 0.15999863 0.1599989  0.1599984 ]"
2214,2214,"[0.15999998 0.15999986 0.15999786 0.1599991  0.15999853 0.15999782
 0.15999734 0.15999865 0.15999887 0.15999841]"
2215,2215,"[0.15999998 0.15999987 0.15999783 0.15999912 0.15999855 0.15999786
 0.15999734 0.15999868 0.15999884 0.15999842]"
2216,2216,"[0.15999998 0.15999987 0.1599978  0.15999914 0.15999857 0.1599979
 0.15999734 0.1599987  0.15999881 0.15999843]"
2217,2217,"[0.15999998 0.15999987 0.15999777 0.15999916 0.1599986  0.15999792
 0.15999734 0.15999873 0.15999878 0.15999845]"
2218,2218,"[0.15999998 0.15999988 0.15999775 0.15999918 0.15999862 0.15999794
 0.15999734 0.15999876 0.15999875 0.15999847]"
2219,2219,"[0.15999997 0.15999988 0.15999772 0.1599992  0.15999865 0.15999796
 0.15999734 0.15999881 0.15999871 0.15999852]"
2220,2220,"[0.15999997 0.15999988 0.15999769 0.15999922 0.15999867 0.15999797
 0.15999734 0.159999   0.15999868 0.15999876]"
2221,2221,"[0.15999997 0.15999988 0.15999767 0.15999924 0.1599987  0.15999798
 0.15999734 0.15999932 0.15999865 0.15999877]"
2222,2222,"[0.15999997 0.15999989 0.15999764 0.15999926 0.15999872 0.15999799
 0.15999734 0.15999901 0.15999862 0.15999855]"
2223,2223,"[0.15999997 0.15999989 0.15999762 0.15999928 0.15999875 0.159998
 0.15999734 0.15999896 0.15999859 0.1599985 ]"
2224,2224,"[0.15999997 0.15999989 0.15999759 0.1599993  0.15999878 0.15999801
 0.15999734 0.15999895 0.15999855 0.15999847]"
2225,2225,"[0.15999997 0.15999989 0.15999757 0.15999933 0.1599988  0.15999801
 0.15999734 0.15999896 0.15999852 0.15999844]"
2226,2226,"[0.15999997 0.1599999  0.15999755 0.15999935 0.15999883 0.15999801
 0.15999733 0.15999896 0.15999849 0.15999842]"
2227,2227,"[0.15999996 0.1599999  0.15999753 0.15999937 0.15999886 0.15999802
 0.15999733 0.15999897 0.15999845 0.1599984 ]"
2228,2228,"[0.15999996 0.1599999  0.15999751 0.15999938 0.15999889 0.15999802
 0.15999733 0.15999898 0.15999842 0.15999838]"
2229,2229,"[0.15999996 0.1599999  0.15999749 0.1599994  0.15999892 0.15999803
 0.15999733 0.15999899 0.15999839 0.15999836]"
2230,2230,"[0.15999996 0.15999991 0.15999747 0.15999941 0.15999895 0.15999803
 0.15999733 0.159999   0.15999835 0.15999834]"
2231,2231,"[0.15999996 0.15999991 0.15999746 0.15999943 0.15999898 0.15999803
 0.15999733 0.15999901 0.15999832 0.15999832]"
2232,2232,"[0.15999996 0.15999991 0.15999744 0.15999944 0.15999902 0.15999804
 0.15999733 0.15999902 0.15999829 0.15999829]"
2233,2233,"[0.15999996 0.15999991 0.15999742 0.15999944 0.15999905 0.15999804
 0.15999733 0.15999902 0.15999825 0.15999827]"
2234,2234,"[0.15999996 0.15999991 0.15999741 0.15999945 0.15999908 0.15999805
 0.15999733 0.15999902 0.15999822 0.15999825]"
2235,2235,"[0.15999996 0.15999991 0.1599974  0.15999945 0.15999911 0.15999805
 0.15999733 0.15999902 0.15999819 0.15999823]"
2236,2236,"[0.15999995 0.15999992 0.15999739 0.15999944 0.15999915 0.15999806
 0.15999733 0.15999902 0.15999815 0.1599982 ]"
2237,2237,"[0.15999995 0.15999992 0.15999738 0.15999943 0.15999918 0.15999807
 0.15999733 0.15999901 0.15999812 0.15999818]"
2238,2238,"[0.15999995 0.15999992 0.15999737 0.15999942 0.15999921 0.15999807
 0.15999733 0.15999899 0.15999809 0.15999816]"
2239,2239,"[0.15999995 0.15999992 0.15999736 0.1599994  0.15999924 0.15999808
 0.15999733 0.15999896 0.15999805 0.15999813]"
2240,2240,"[0.15999995 0.15999992 0.15999735 0.15999938 0.15999927 0.15999809
 0.15999734 0.15999892 0.15999802 0.15999811]"
2241,2241,"[0.15999995 0.15999992 0.15999734 0.15999935 0.15999929 0.1599981
 0.15999734 0.15999887 0.15999799 0.15999809]"
2242,2242,"[0.15999995 0.15999992 0.15999734 0.15999931 0.15999932 0.15999811
 0.15999734 0.15999881 0.15999796 0.15999807]"
2243,2243,"[0.15999995 0.15999992 0.15999734 0.15999926 0.15999935 0.15999812
 0.15999734 0.15999874 0.15999793 0.15999805]"
2244,2244,"[0.15999995 0.15999992 0.15999733 0.15999921 0.15999937 0.15999813
 0.15999734 0.15999866 0.1599979  0.15999803]"
2245,2245,"[0.15999995 0.15999993 0.15999733 0.15999914 0.15999939 0.15999814
 0.15999735 0.15999857 0.15999787 0.15999802]"
2246,2246,"[0.15999995 0.15999993 0.15999733 0.15999906 0.15999942 0.15999815
 0.15999735 0.15999848 0.15999784 0.159998  ]"
2247,2247,"[0.15999995 0.15999993 0.15999734 0.15999896 0.15999944 0.15999817
 0.15999736 0.15999839 0.15999781 0.15999799]"
2248,2248,"[0.15999995 0.15999993 0.15999734 0.15999883 0.15999946 0.15999818
 0.15999737 0.15999831 0.15999778 0.15999799]"
2249,2249,"[0.15999995 0.15999993 0.15999734 0.15999868 0.15999948 0.1599982
 0.15999738 0.15999823 0.15999775 0.15999799]"
2250,2250,"[0.15999995 0.15999993 0.15999735 0.15999849 0.1599995  0.15999821
 0.1599974  0.15999815 0.15999773 0.15999799]"
2251,2251,"[0.15999995 0.15999993 0.15999735 0.15999827 0.15999951 0.15999823
 0.15999743 0.15999809 0.1599977  0.159998  ]"
2252,2252,"[0.15999995 0.15999993 0.15999736 0.15999801 0.15999953 0.15999825
 0.15999746 0.15999804 0.15999767 0.15999802]"
2253,2253,"[0.15999995 0.15999993 0.15999737 0.15999773 0.15999955 0.15999827
 0.1599975  0.159998   0.15999765 0.15999803]"
2254,2254,"[0.15999995 0.15999993 0.15999738 0.15999749 0.15999956 0.15999828
 0.15999755 0.15999796 0.15999762 0.15999805]"
2255,2255,"[0.15999995 0.15999993 0.15999739 0.15999735 0.15999958 0.1599983
 0.1599976  0.15999794 0.1599976  0.15999806]"
2256,2256,"[0.15999995 0.15999993 0.1599974  0.15999736 0.15999959 0.15999832
 0.15999764 0.15999792 0.15999758 0.15999807]"
2257,2257,"[0.15999996 0.15999993 0.15999741 0.15999752 0.1599996  0.15999834
 0.15999767 0.15999791 0.15999756 0.15999807]"
2258,2258,"[0.15999996 0.15999993 0.15999743 0.15999778 0.15999962 0.15999836
 0.1599977  0.1599979  0.15999754 0.15999807]"
2259,2259,"[0.15999996 0.15999993 0.15999744 0.15999806 0.15999963 0.15999838
 0.15999772 0.1599979  0.15999752 0.15999806]"
2260,2260,"[0.15999996 0.15999993 0.15999746 0.15999833 0.15999964 0.1599984
 0.15999774 0.15999791 0.1599975  0.15999805]"
2261,2261,"[0.15999996 0.15999993 0.15999748 0.15999856 0.15999965 0.15999841
 0.15999775 0.15999793 0.15999748 0.15999804]"
2262,2262,"[0.15999996 0.15999993 0.15999749 0.15999876 0.15999966 0.15999843
 0.15999775 0.15999796 0.15999746 0.15999802]"
2263,2263,"[0.15999996 0.15999993 0.15999751 0.15999893 0.15999968 0.15999845
 0.15999776 0.15999801 0.15999745 0.159998  ]"
2264,2264,"[0.15999996 0.15999993 0.15999753 0.15999909 0.15999969 0.15999846
 0.15999776 0.15999808 0.15999743 0.15999798]"
2265,2265,"[0.15999996 0.15999993 0.15999755 0.15999925 0.1599997  0.15999848
 0.15999776 0.1599982  0.15999742 0.15999796]"
2266,2266,"[0.15999996 0.15999993 0.15999758 0.15999945 0.15999971 0.1599985
 0.15999776 0.15999839 0.15999741 0.15999793]"
2267,2267,"[0.15999996 0.15999993 0.1599976  0.1599997  0.15999972 0.15999851
 0.15999775 0.15999863 0.1599974  0.15999791]"
2268,2268,"[0.15999997 0.15999993 0.15999795 0.15999993 0.15999973 0.15999853
 0.15999775 0.15999864 0.15999735 0.15999789]"
2269,2269,"[0.15999997 0.15999993 0.15999789 0.16       0.15999974 0.15999854
 0.15999775 0.15999791 0.15999734 0.15999786]"
2270,2270,"[0.15999997 0.15999993 0.15999792 0.15999998 0.15999975 0.15999856
 0.15999774 0.15999736 0.15999734 0.15999784]"
2271,2271,"[0.15999997 0.15999993 0.15999794 0.15999995 0.15999976 0.15999857
 0.15999774 0.15999756 0.15999734 0.15999781]"
2272,2272,"[0.15999998 0.15999993 0.15999797 0.15999992 0.15999977 0.15999858
 0.15999773 0.15999778 0.15999733 0.15999779]"
2273,2273,"[0.15999998 0.15999993 0.159998   0.1599999  0.15999978 0.1599986
 0.15999772 0.15999792 0.15999733 0.15999777]"
2274,2274,"[0.15999998 0.15999993 0.15999803 0.15999989 0.15999979 0.15999861
 0.15999772 0.15999801 0.15999733 0.15999774]"
2275,2275,"[0.15999998 0.15999993 0.15999805 0.15999987 0.1599998  0.15999862
 0.15999771 0.15999806 0.15999733 0.15999772]"
2276,2276,"[0.15999999 0.15999993 0.15999808 0.15999986 0.15999981 0.15999864
 0.1599977  0.1599981  0.15999734 0.15999769]"
2277,2277,"[0.15999999 0.15999993 0.15999811 0.15999985 0.15999982 0.15999865
 0.1599977  0.15999813 0.15999734 0.15999767]"
2278,2278,"[0.15999999 0.15999993 0.15999814 0.15999984 0.15999983 0.15999866
 0.15999769 0.15999815 0.15999734 0.15999765]"
2279,2279,"[0.16       0.15999993 0.15999816 0.15999983 0.15999984 0.15999867
 0.15999768 0.15999816 0.15999734 0.15999763]"
2280,2280,"[0.16       0.15999993 0.15999819 0.15999983 0.15999985 0.15999868
 0.15999767 0.15999818 0.15999735 0.15999761]"
2281,2281,"[0.16       0.15999993 0.15999822 0.15999982 0.15999985 0.15999869
 0.15999766 0.15999819 0.15999735 0.15999758]"
2282,2282,"[0.16       0.15999993 0.15999825 0.15999981 0.15999986 0.1599987
 0.15999765 0.15999821 0.15999736 0.15999756]"
2283,2283,"[0.16       0.15999993 0.15999827 0.1599998  0.15999987 0.15999871
 0.15999764 0.15999822 0.15999736 0.15999754]"
2284,2284,"[0.16       0.15999993 0.1599983  0.1599998  0.15999988 0.15999872
 0.15999763 0.15999823 0.15999737 0.15999753]"
2285,2285,"[0.16       0.15999993 0.15999833 0.15999979 0.15999989 0.15999873
 0.15999762 0.15999825 0.15999737 0.15999751]"
2286,2286,"[0.15999999 0.15999993 0.15999835 0.15999978 0.15999989 0.15999874
 0.15999761 0.15999826 0.15999738 0.15999749]"
2287,2287,"[0.15999999 0.15999992 0.15999838 0.15999977 0.1599999  0.15999874
 0.15999759 0.15999827 0.15999739 0.15999747]"
2288,2288,"[0.15999998 0.15999992 0.1599984  0.15999977 0.15999991 0.15999875
 0.15999758 0.15999829 0.1599974  0.15999746]"
2289,2289,"[0.15999997 0.15999992 0.15999843 0.15999976 0.15999991 0.15999875
 0.15999757 0.15999831 0.1599974  0.15999744]"
2290,2290,"[0.15999997 0.15999992 0.15999845 0.15999975 0.15999992 0.15999876
 0.15999755 0.15999832 0.15999741 0.15999743]"
2291,2291,"[0.15999996 0.15999992 0.15999848 0.15999974 0.15999993 0.15999876
 0.15999754 0.15999834 0.15999742 0.15999742]"
2292,2292,"[0.15999994 0.15999992 0.1599985  0.15999973 0.15999993 0.15999877
 0.15999753 0.15999836 0.15999743 0.1599974 ]"
2293,2293,"[0.15999993 0.15999992 0.15999853 0.15999972 0.15999994 0.15999877
 0.15999751 0.15999838 0.15999744 0.15999739]"
2294,2294,"[0.15999992 0.15999992 0.15999855 0.15999972 0.15999994 0.15999877
 0.1599975  0.1599984  0.15999745 0.15999738]"
2295,2295,"[0.1599999  0.15999992 0.15999858 0.15999971 0.15999995 0.15999877
 0.15999748 0.15999843 0.15999746 0.15999737]"
2296,2296,"[0.15999988 0.15999992 0.1599986  0.1599997  0.15999995 0.15999877
 0.15999747 0.15999845 0.15999747 0.15999736]"
2297,2297,"[0.15999986 0.15999992 0.15999862 0.15999969 0.15999995 0.15999877
 0.15999746 0.15999848 0.15999748 0.15999736]"
2298,2298,"[0.15999984 0.15999992 0.15999864 0.15999968 0.15999996 0.15999877
 0.15999745 0.15999851 0.15999749 0.15999735]"
2299,2299,"[0.15999982 0.15999992 0.15999857 0.15999968 0.15999996 0.15999877
 0.15999743 0.15999854 0.15999749 0.15999734]"
2300,2300,"[0.15999979 0.15999992 0.15999843 0.15999967 0.15999996 0.15999876
 0.15999742 0.15999857 0.15999751 0.15999734]"
2301,2301,"[0.15999976 0.15999991 0.15999845 0.15999966 0.15999997 0.15999876
 0.15999741 0.15999861 0.15999752 0.15999734]"
2302,2302,"[0.15999974 0.15999991 0.15999848 0.15999965 0.15999997 0.15999876
 0.1599974  0.15999864 0.15999754 0.15999733]"
2303,2303,"[0.1599997  0.15999991 0.15999851 0.15999964 0.15999997 0.15999876
 0.15999739 0.15999868 0.15999755 0.15999733]"
2304,2304,"[0.15999967 0.15999991 0.15999853 0.15999963 0.15999997 0.15999875
 0.15999738 0.15999872 0.15999757 0.15999733]"
2305,2305,"[0.15999963 0.15999991 0.15999856 0.15999963 0.15999997 0.15999875
 0.15999737 0.15999876 0.15999758 0.15999733]"
2306,2306,"[0.1599996  0.15999991 0.15999859 0.15999962 0.15999998 0.15999875
 0.15999736 0.15999881 0.1599976  0.15999734]"
2307,2307,"[0.15999956 0.15999991 0.15999861 0.15999961 0.15999998 0.15999874
 0.15999736 0.15999885 0.15999762 0.15999734]"
2308,2308,"[0.15999951 0.15999991 0.15999864 0.1599996  0.15999998 0.15999874
 0.15999735 0.1599989  0.15999764 0.15999734]"
2309,2309,"[0.15999947 0.1599999  0.15999866 0.1599996  0.15999998 0.15999873
 0.15999734 0.15999895 0.15999766 0.15999735]"
2310,2310,"[0.15999942 0.1599999  0.15999868 0.15999959 0.15999998 0.15999873
 0.15999734 0.159999   0.15999767 0.15999735]"
2311,2311,"[0.15999937 0.1599999  0.15999871 0.15999958 0.15999998 0.15999873
 0.15999734 0.15999905 0.15999769 0.15999736]"
2312,2312,"[0.15999932 0.1599999  0.15999873 0.15999958 0.15999998 0.15999873
 0.15999733 0.1599991  0.15999771 0.15999737]"
2313,2313,"[0.15999926 0.15999989 0.15999875 0.15999957 0.15999998 0.15999872
 0.15999733 0.15999915 0.15999773 0.15999738]"
2314,2314,"[0.1599992  0.15999989 0.15999878 0.15999956 0.15999998 0.15999872
 0.15999733 0.1599992  0.15999775 0.15999738]"
2315,2315,"[0.15999915 0.15999989 0.1599988  0.15999956 0.15999998 0.15999872
 0.15999733 0.15999924 0.15999777 0.1599974 ]"
2316,2316,"[0.15999908 0.15999988 0.15999882 0.15999955 0.15999998 0.15999872
 0.15999734 0.15999929 0.15999779 0.15999741]"
2317,2317,"[0.15999902 0.15999988 0.15999884 0.15999955 0.15999998 0.15999872
 0.15999734 0.15999933 0.15999781 0.15999742]"
2318,2318,"[0.15999895 0.15999987 0.15999886 0.15999954 0.15999998 0.15999872
 0.15999735 0.15999937 0.15999783 0.15999743]"
2319,2319,"[0.15999888 0.15999986 0.15999888 0.15999954 0.15999998 0.15999873
 0.15999735 0.1599994  0.15999785 0.15999744]"
2320,2320,"[0.15999881 0.15999986 0.1599989  0.15999953 0.15999999 0.15999873
 0.15999736 0.15999943 0.15999787 0.15999746]"
2321,2321,"[0.15999874 0.15999985 0.15999892 0.15999953 0.15999999 0.15999873
 0.15999737 0.15999945 0.15999789 0.15999747]"
2322,2322,"[0.15999867 0.15999984 0.15999894 0.15999953 0.15999999 0.15999874
 0.15999738 0.15999947 0.15999791 0.15999749]"
2323,2323,"[0.1599986  0.15999983 0.15999896 0.15999952 0.15999999 0.15999875
 0.15999739 0.15999949 0.15999793 0.15999751]"
2324,2324,"[0.15999852 0.15999982 0.15999898 0.15999952 0.15999999 0.15999876
 0.1599974  0.15999949 0.15999795 0.15999752]"
2325,2325,"[0.15999845 0.15999981 0.159999   0.15999952 0.15999999 0.15999877
 0.15999742 0.1599995  0.15999796 0.15999754]"
2326,2326,"[0.15999838 0.1599998  0.15999901 0.15999951 0.15999999 0.15999878
 0.15999743 0.1599995  0.15999798 0.15999756]"
2327,2327,"[0.1599983  0.15999979 0.15999903 0.15999951 0.15999999 0.15999879
 0.15999745 0.15999949 0.159998   0.15999758]"
2328,2328,"[0.15999823 0.15999978 0.15999905 0.15999951 0.15999999 0.15999881
 0.15999746 0.15999948 0.15999801 0.1599976 ]"
2329,2329,"[0.15999816 0.15999977 0.15999906 0.15999951 0.15999999 0.15999882
 0.15999748 0.15999947 0.15999803 0.15999762]"
2330,2330,"[0.15999809 0.15999976 0.15999908 0.1599995  0.15999999 0.15999884
 0.1599975  0.15999945 0.15999804 0.15999764]"
2331,2331,"[0.15999803 0.15999976 0.15999909 0.1599995  0.15999999 0.15999885
 0.15999752 0.15999943 0.15999805 0.15999766]"
2332,2332,"[0.15999796 0.15999975 0.15999911 0.1599995  0.15999999 0.15999887
 0.15999754 0.15999941 0.15999807 0.15999768]"
2333,2333,"[0.1599979  0.15999975 0.15999912 0.1599995  0.15999999 0.15999888
 0.15999756 0.15999939 0.15999808 0.1599977 ]"
2334,2334,"[0.15999784 0.15999974 0.15999914 0.15999949 0.15999999 0.1599989
 0.15999759 0.15999937 0.15999809 0.15999772]"
2335,2335,"[0.15999779 0.15999974 0.15999915 0.15999949 0.15999999 0.15999891
 0.15999761 0.15999934 0.1599981  0.15999774]"
2336,2336,"[0.15999774 0.15999974 0.15999916 0.15999949 0.15999999 0.15999892
 0.15999764 0.15999932 0.15999812 0.15999777]"
2337,2337,"[0.15999769 0.15999974 0.15999918 0.15999949 0.15999999 0.15999893
 0.15999766 0.15999929 0.15999813 0.15999779]"
2338,2338,"[0.15999764 0.15999974 0.15999919 0.15999948 0.15999999 0.15999894
 0.15999769 0.15999927 0.15999814 0.15999781]"
2339,2339,"[0.15999759 0.15999975 0.1599992  0.15999948 0.15999999 0.15999895
 0.15999772 0.15999924 0.15999815 0.15999784]"
2340,2340,"[0.15999755 0.15999975 0.15999921 0.15999948 0.15999999 0.15999895
 0.15999774 0.15999922 0.15999817 0.15999786]"
2341,2341,"[0.15999751 0.15999977 0.15999923 0.15999947 0.15999999 0.15999895
 0.15999777 0.15999919 0.15999818 0.15999788]"
2342,2342,"[0.15999746 0.15999979 0.15999924 0.15999947 0.15999999 0.15999895
 0.1599978  0.15999917 0.1599982  0.15999791]"
2343,2343,"[0.15999741 0.15999983 0.15999925 0.15999946 0.15999999 0.15999894
 0.15999783 0.15999914 0.15999821 0.15999793]"
2344,2344,"[0.15999736 0.15999988 0.15999926 0.15999946 0.15999999 0.15999894
 0.15999786 0.15999912 0.15999823 0.15999795]"
2345,2345,"[0.15999734 0.1599999  0.15999927 0.15999945 0.15999999 0.15999893
 0.15999789 0.1599991  0.15999825 0.15999797]"
2346,2346,"[0.15999745 0.15999957 0.15999928 0.15999944 0.15999999 0.15999892
 0.15999792 0.15999907 0.15999826 0.15999799]"
2347,2347,"[0.15999768 0.15999795 0.15999929 0.15999943 0.15999999 0.15999891
 0.15999795 0.15999905 0.15999828 0.15999802]"
2348,2348,"[0.15999786 0.15999735 0.1599993  0.15999942 0.15999999 0.1599989
 0.15999799 0.15999903 0.1599983  0.15999803]"
2349,2349,"[0.15999797 0.15999736 0.15999931 0.15999941 0.15999999 0.15999889
 0.15999802 0.15999901 0.15999832 0.15999805]"
2350,2350,"[0.15999804 0.1599974  0.15999932 0.15999939 0.15999999 0.15999887
 0.15999805 0.159999   0.15999834 0.15999807]"
2351,2351,"[0.15999808 0.15999745 0.15999933 0.15999938 0.15999999 0.15999886
 0.15999808 0.15999898 0.15999836 0.15999808]"
2352,2352,"[0.1599981  0.1599975  0.15999934 0.15999936 0.15999999 0.15999884
 0.15999811 0.15999896 0.15999837 0.1599981 ]"
2353,2353,"[0.15999811 0.15999754 0.15999935 0.15999934 0.15999999 0.15999883
 0.15999815 0.15999895 0.15999839 0.15999811]"
2354,2354,"[0.15999811 0.15999758 0.15999936 0.15999932 0.15999999 0.15999881
 0.15999818 0.15999894 0.15999841 0.15999812]"
2355,2355,"[0.1599981  0.15999762 0.15999937 0.15999931 0.15999999 0.1599988
 0.15999821 0.15999893 0.15999842 0.15999813]"
2356,2356,"[0.1599981  0.15999765 0.15999938 0.15999928 0.15999999 0.15999878
 0.15999824 0.15999893 0.15999844 0.15999814]"
2357,2357,"[0.15999809 0.15999768 0.15999939 0.15999926 0.15999999 0.15999876
 0.15999827 0.15999892 0.15999845 0.15999815]"
2358,2358,"[0.15999807 0.15999771 0.1599994  0.15999924 0.15999999 0.15999875
 0.15999831 0.15999893 0.15999846 0.15999815]"
2359,2359,"[0.15999806 0.15999773 0.15999941 0.15999922 0.15999999 0.15999873
 0.15999834 0.15999893 0.15999847 0.15999816]"
2360,2360,"[0.15999804 0.15999775 0.15999942 0.1599992  0.15999999 0.15999871
 0.15999837 0.15999895 0.15999848 0.15999816]"
2361,2361,"[0.15999803 0.15999777 0.15999942 0.15999917 0.15999999 0.1599987
 0.1599984  0.15999897 0.15999848 0.15999817]"
2362,2362,"[0.15999801 0.15999778 0.15999943 0.15999915 0.15999999 0.15999868
 0.15999843 0.15999899 0.15999848 0.15999817]"
2363,2363,"[0.15999799 0.15999779 0.15999944 0.15999912 0.15999999 0.15999867
 0.15999846 0.15999903 0.15999848 0.15999818]"
2364,2364,"[0.15999797 0.1599978  0.15999945 0.1599991  0.15999999 0.15999865
 0.15999849 0.15999906 0.15999847 0.15999818]"
2365,2365,"[0.15999795 0.1599978  0.15999946 0.15999907 0.15999999 0.15999863
 0.15999852 0.15999911 0.15999845 0.15999819]"
2366,2366,"[0.15999793 0.15999781 0.15999947 0.15999905 0.15999999 0.15999862
 0.15999855 0.15999916 0.15999843 0.1599982 ]"
2367,2367,"[0.15999791 0.15999781 0.15999948 0.15999902 0.15999999 0.1599986
 0.15999858 0.1599992  0.15999841 0.1599982 ]"
2368,2368,"[0.15999788 0.1599978  0.15999949 0.15999899 0.15999999 0.15999859
 0.1599986  0.15999923 0.15999839 0.15999821]"
2369,2369,"[0.15999786 0.1599978  0.1599995  0.15999897 0.15999999 0.15999858
 0.15999863 0.15999926 0.15999837 0.15999822]"
2370,2370,"[0.15999784 0.15999779 0.15999951 0.15999894 0.15999999 0.15999856
 0.15999866 0.15999927 0.15999835 0.15999822]"
2371,2371,"[0.15999782 0.15999778 0.15999951 0.15999891 0.15999999 0.15999855
 0.15999868 0.15999927 0.15999834 0.15999823]"
2372,2372,"[0.1599978  0.15999777 0.15999952 0.15999889 0.15999999 0.15999854
 0.15999871 0.15999926 0.15999833 0.15999824]"
2373,2373,"[0.15999777 0.15999776 0.15999953 0.15999886 0.15999999 0.15999852
 0.15999873 0.15999924 0.15999834 0.15999825]"
2374,2374,"[0.15999775 0.15999775 0.15999954 0.15999883 0.15999999 0.15999851
 0.15999875 0.15999922 0.15999835 0.15999826]"
2375,2375,"[0.15999773 0.15999774 0.15999955 0.1599988  0.15999999 0.1599985
 0.15999878 0.15999919 0.15999836 0.15999828]"
2376,2376,"[0.15999771 0.15999772 0.15999956 0.15999877 0.15999999 0.15999849
 0.1599988  0.15999916 0.15999838 0.15999829]"
2377,2377,"[0.15999769 0.15999771 0.15999957 0.15999874 0.15999999 0.15999848
 0.15999882 0.15999913 0.1599984  0.1599983 ]"
2378,2378,"[0.15999767 0.15999769 0.15999958 0.15999871 0.15999999 0.15999847
 0.15999883 0.1599991  0.15999842 0.15999831]"
2379,2379,"[0.15999765 0.15999768 0.15999959 0.15999868 0.15999999 0.15999846
 0.15999885 0.15999907 0.15999844 0.15999833]"
2380,2380,"[0.15999763 0.15999766 0.1599996  0.15999865 0.15999999 0.15999845
 0.15999887 0.15999904 0.15999847 0.15999834]"
2381,2381,"[0.15999761 0.15999765 0.15999961 0.15999862 0.15999999 0.15999845
 0.15999888 0.15999901 0.15999849 0.15999836]"
2382,2382,"[0.15999759 0.15999763 0.15999962 0.15999859 0.15999999 0.15999844
 0.15999889 0.15999898 0.15999852 0.15999838]"
2383,2383,"[0.15999757 0.15999762 0.15999963 0.15999856 0.15999999 0.15999843
 0.1599989  0.15999895 0.15999854 0.15999839]"
2384,2384,"[0.15999756 0.1599976  0.15999963 0.15999853 0.15999999 0.15999843
 0.15999891 0.15999892 0.15999857 0.15999841]"
2385,2385,"[0.15999754 0.15999759 0.15999964 0.1599985  0.15999999 0.15999842
 0.15999892 0.1599989  0.15999859 0.15999843]"
2386,2386,"[0.15999753 0.15999757 0.15999965 0.15999847 0.15999999 0.15999842
 0.15999893 0.15999887 0.15999861 0.15999845]"
2387,2387,"[0.15999752 0.15999756 0.15999966 0.15999844 0.15999999 0.15999841
 0.15999893 0.15999884 0.15999864 0.15999846]"
2388,2388,"[0.15999751 0.15999754 0.15999967 0.15999841 0.15999999 0.15999841
 0.15999893 0.15999881 0.15999866 0.15999848]"
2389,2389,"[0.1599975  0.15999753 0.15999968 0.15999837 0.15999999 0.15999841
 0.15999893 0.15999878 0.15999867 0.1599985 ]"
2390,2390,"[0.15999749 0.15999752 0.15999969 0.15999834 0.15999999 0.1599984
 0.15999892 0.15999876 0.15999869 0.15999852]"
2391,2391,"[0.15999749 0.1599975  0.1599997  0.15999831 0.15999999 0.1599984
 0.15999892 0.15999873 0.15999869 0.15999854]"
2392,2392,"[0.15999749 0.15999749 0.15999971 0.15999828 0.15999999 0.1599984
 0.15999891 0.15999871 0.15999869 0.15999856]"
2393,2393,"[0.15999749 0.15999748 0.15999972 0.15999824 0.15999999 0.15999839
 0.1599989  0.15999868 0.15999866 0.15999858]"
2394,2394,"[0.1599975  0.15999747 0.15999972 0.15999821 0.15999999 0.15999839
 0.15999889 0.15999865 0.15999862 0.1599986 ]"
2395,2395,"[0.15999751 0.15999746 0.15999973 0.15999818 0.15999999 0.15999839
 0.15999888 0.15999863 0.15999854 0.15999862]"
2396,2396,"[0.15999753 0.15999745 0.15999974 0.15999815 0.15999999 0.15999839
 0.15999886 0.15999861 0.15999844 0.15999864]"
2397,2397,"[0.15999755 0.15999744 0.15999975 0.15999812 0.15999999 0.15999838
 0.15999885 0.15999858 0.15999831 0.15999866]"
2398,2398,"[0.15999757 0.15999743 0.15999976 0.15999808 0.15999999 0.15999838
 0.15999883 0.15999856 0.15999816 0.15999868]"
2399,2399,"[0.15999758 0.15999742 0.15999977 0.15999805 0.15999999 0.15999838
 0.15999881 0.15999854 0.15999802 0.1599987 ]"
2400,2400,"[0.1599976  0.15999741 0.15999977 0.15999802 0.15999999 0.15999837
 0.15999878 0.15999851 0.1599979  0.15999872]"
2401,2401,"[0.1599976  0.15999741 0.15999978 0.15999799 0.15999999 0.15999837
 0.15999876 0.15999849 0.1599978  0.15999874]"
2402,2402,"[0.15999761 0.1599974  0.15999979 0.15999796 0.15999999 0.15999836
 0.15999873 0.15999847 0.15999772 0.15999876]"
2403,2403,"[0.15999761 0.15999739 0.1599998  0.15999793 0.15999999 0.15999836
 0.1599987  0.15999845 0.15999766 0.15999877]"
2404,2404,"[0.1599976  0.15999739 0.1599998  0.1599979  0.15999999 0.15999835
 0.15999867 0.15999843 0.15999761 0.15999879]"
2405,2405,"[0.1599976  0.15999738 0.15999981 0.15999787 0.15999999 0.15999835
 0.15999864 0.15999841 0.15999757 0.15999881]"
2406,2406,"[0.15999759 0.15999738 0.15999982 0.15999784 0.15999999 0.15999834
 0.15999861 0.15999839 0.15999753 0.15999883]"
2407,2407,"[0.15999758 0.15999737 0.15999983 0.15999781 0.15999998 0.15999834
 0.15999857 0.15999837 0.15999751 0.15999885]"
2408,2408,"[0.15999756 0.15999737 0.15999983 0.15999778 0.15999998 0.15999833
 0.15999853 0.15999835 0.15999748 0.15999887]"
2409,2409,"[0.15999755 0.15999737 0.15999984 0.15999776 0.15999998 0.15999832
 0.15999849 0.15999833 0.15999746 0.15999888]"
2410,2410,"[0.15999754 0.15999736 0.15999985 0.15999773 0.15999998 0.15999831
 0.15999845 0.15999831 0.15999744 0.1599989 ]"
2411,2411,"[0.15999752 0.15999736 0.15999985 0.1599977  0.15999998 0.15999831
 0.1599984  0.1599983  0.15999742 0.15999891]"
2412,2412,"[0.15999751 0.15999736 0.15999986 0.15999768 0.15999998 0.1599983
 0.15999835 0.15999828 0.15999741 0.15999893]"
2413,2413,"[0.15999749 0.15999736 0.15999986 0.15999765 0.15999998 0.15999829
 0.1599983  0.15999826 0.15999739 0.15999895]"
2414,2414,"[0.15999748 0.15999735 0.15999987 0.15999763 0.15999998 0.15999828
 0.15999824 0.15999824 0.15999738 0.15999896]"
2415,2415,"[0.15999747 0.15999735 0.15999988 0.1599976  0.15999998 0.15999827
 0.15999818 0.15999823 0.15999737 0.15999897]"
2416,2416,"[0.15999745 0.15999735 0.15999988 0.15999758 0.15999998 0.15999826
 0.15999811 0.15999821 0.15999736 0.15999899]"
2417,2417,"[0.15999744 0.15999735 0.15999989 0.15999756 0.15999998 0.15999825
 0.15999805 0.15999819 0.15999735 0.159999  ]"
2418,2418,"[0.15999743 0.15999735 0.15999989 0.15999754 0.15999998 0.15999824
 0.15999798 0.15999818 0.15999734 0.15999901]"
2419,2419,"[0.15999742 0.15999734 0.1599999  0.15999752 0.15999998 0.15999823
 0.1599979  0.15999816 0.15999734 0.15999902]"
2420,2420,"[0.15999741 0.15999734 0.1599999  0.1599975  0.15999998 0.15999822
 0.15999783 0.15999814 0.15999733 0.15999903]"
2421,2421,"[0.1599974  0.15999734 0.15999991 0.15999748 0.15999998 0.15999821
 0.15999776 0.15999813 0.15999733 0.15999904]"
2422,2422,"[0.15999739 0.15999734 0.15999991 0.15999746 0.15999998 0.1599982
 0.15999768 0.15999811 0.15999734 0.15999905]"
2423,2423,"[0.15999738 0.15999734 0.15999992 0.15999745 0.15999998 0.15999819
 0.15999761 0.15999809 0.15999735 0.15999906]"
2424,2424,"[0.15999737 0.15999734 0.15999992 0.15999743 0.15999998 0.15999818
 0.15999755 0.15999807 0.15999736 0.15999907]"
2425,2425,"[0.15999737 0.15999734 0.15999993 0.15999742 0.15999998 0.15999817
 0.15999748 0.15999805 0.15999737 0.15999908]"
2426,2426,"[0.15999736 0.15999734 0.15999993 0.1599974  0.15999997 0.15999816
 0.15999743 0.15999804 0.15999739 0.15999909]"
2427,2427,"[0.15999736 0.15999734 0.15999993 0.15999739 0.15999997 0.15999815
 0.15999739 0.15999802 0.15999741 0.15999909]"
2428,2428,"[0.15999735 0.15999734 0.15999994 0.15999738 0.15999997 0.15999813
 0.15999735 0.159998   0.15999744 0.1599991 ]"
2429,2429,"[0.15999735 0.15999734 0.15999994 0.15999737 0.15999997 0.15999812
 0.15999734 0.15999798 0.15999746 0.15999911]"
2430,2430,"[0.15999734 0.15999734 0.15999995 0.15999736 0.15999997 0.15999811
 0.15999734 0.15999796 0.15999749 0.15999911]"
2431,2431,"[0.15999734 0.15999734 0.15999995 0.15999735 0.15999997 0.1599981
 0.15999735 0.15999794 0.15999752 0.15999912]"
2432,2432,"[0.15999734 0.15999733 0.15999995 0.15999735 0.15999997 0.15999809
 0.15999739 0.15999793 0.15999755 0.15999912]"
2433,2433,"[0.15999734 0.15999733 0.15999996 0.15999734 0.15999997 0.15999808
 0.15999745 0.15999791 0.15999759 0.15999913]"
2434,2434,"[0.15999734 0.15999733 0.15999996 0.15999734 0.15999997 0.15999807
 0.15999752 0.15999789 0.15999762 0.15999913]"
2435,2435,"[0.15999733 0.15999733 0.15999996 0.15999734 0.15999997 0.15999806
 0.15999761 0.15999787 0.15999765 0.15999914]"
2436,2436,"[0.15999733 0.15999734 0.15999996 0.15999733 0.15999997 0.15999805
 0.15999772 0.15999785 0.15999767 0.15999915]"
2437,2437,"[0.15999733 0.15999734 0.15999997 0.15999733 0.15999996 0.15999804
 0.15999783 0.15999783 0.1599977  0.15999915]"
2438,2438,"[0.15999733 0.15999734 0.15999997 0.15999733 0.15999996 0.15999803
 0.15999794 0.15999781 0.15999772 0.15999916]"
2439,2439,"[0.15999733 0.15999734 0.15999997 0.15999734 0.15999996 0.15999801
 0.15999805 0.15999779 0.15999775 0.15999916]"
2440,2440,"[0.15999733 0.15999734 0.15999998 0.15999734 0.15999996 0.159998
 0.15999816 0.15999777 0.15999776 0.15999917]"
2441,2441,"[0.15999733 0.15999734 0.15999998 0.15999734 0.15999996 0.15999799
 0.15999826 0.15999776 0.15999778 0.15999918]"
2442,2442,"[0.15999734 0.15999734 0.15999998 0.15999735 0.15999996 0.15999798
 0.15999834 0.15999774 0.1599978  0.15999919]"
2443,2443,"[0.15999734 0.15999734 0.15999998 0.15999735 0.15999996 0.15999797
 0.15999842 0.15999772 0.15999781 0.1599992 ]"
2444,2444,"[0.15999734 0.15999734 0.15999998 0.15999736 0.15999996 0.15999796
 0.15999848 0.1599977  0.15999782 0.15999921]"
2445,2445,"[0.15999734 0.15999734 0.15999999 0.15999737 0.15999995 0.15999795
 0.15999854 0.15999769 0.15999783 0.15999922]"
2446,2446,"[0.15999734 0.15999734 0.15999999 0.15999738 0.15999995 0.15999794
 0.15999858 0.15999767 0.15999783 0.15999923]"
2447,2447,"[0.15999734 0.15999735 0.15999999 0.15999739 0.15999995 0.15999792
 0.15999862 0.15999765 0.15999784 0.15999924]"
2448,2448,"[0.15999735 0.15999735 0.15999999 0.1599974  0.15999995 0.15999791
 0.15999865 0.15999764 0.15999784 0.15999925]"
2449,2449,"[0.15999735 0.15999735 0.15999999 0.15999742 0.15999995 0.1599979
 0.15999867 0.15999762 0.15999784 0.15999926]"
2450,2450,"[0.15999735 0.15999736 0.15999999 0.15999743 0.15999995 0.15999789
 0.15999868 0.15999761 0.15999784 0.15999927]"
2451,2451,"[0.15999736 0.15999736 0.15999999 0.15999745 0.15999994 0.15999787
 0.15999869 0.1599976  0.15999783 0.15999929]"
2452,2452,"[0.15999736 0.15999736 0.16       0.15999746 0.15999994 0.15999786
 0.15999869 0.15999758 0.15999783 0.1599993 ]"
2453,2453,"[0.15999737 0.15999737 0.16       0.15999748 0.15999994 0.15999785
 0.1599987  0.15999757 0.15999783 0.15999931]"
2454,2454,"[0.15999738 0.15999738 0.16       0.1599975  0.15999994 0.15999783
 0.15999869 0.15999756 0.15999782 0.15999933]"
2455,2455,"[0.15999739 0.15999738 0.16       0.15999752 0.15999994 0.15999782
 0.15999869 0.15999754 0.15999781 0.15999934]"
2456,2456,"[0.15999739 0.15999739 0.16       0.15999754 0.15999993 0.15999781
 0.15999868 0.15999753 0.15999781 0.15999936]"
2457,2457,"[0.1599974  0.1599974  0.16       0.15999756 0.15999993 0.15999779
 0.15999867 0.15999752 0.1599978  0.15999937]"
2458,2458,"[0.15999741 0.15999741 0.16       0.15999758 0.15999993 0.15999778
 0.15999865 0.15999751 0.15999779 0.15999939]"
2459,2459,"[0.15999743 0.15999742 0.16       0.1599976  0.15999993 0.15999776
 0.15999864 0.1599975  0.15999778 0.15999941]"
2460,2460,"[0.15999744 0.15999743 0.16       0.15999763 0.15999992 0.15999775
 0.15999862 0.15999749 0.15999777 0.15999942]"
2461,2461,"[0.15999745 0.15999745 0.16       0.15999765 0.15999992 0.15999773
 0.1599986  0.15999749 0.15999776 0.15999944]"
2462,2462,"[0.15999747 0.15999746 0.16       0.15999768 0.15999992 0.15999772
 0.15999858 0.15999748 0.15999775 0.15999946]"
2463,2463,"[0.15999748 0.15999748 0.16       0.1599977  0.15999992 0.1599977
 0.15999856 0.15999747 0.15999773 0.15999948]"
2464,2464,"[0.1599975  0.1599975  0.16       0.15999773 0.15999991 0.15999769
 0.15999854 0.15999746 0.15999772 0.1599995 ]"
2465,2465,"[0.15999751 0.15999753 0.16       0.15999775 0.15999991 0.15999767
 0.15999852 0.15999746 0.15999771 0.15999953]"
2466,2466,"[0.15999753 0.15999755 0.16       0.15999778 0.15999991 0.15999766
 0.15999849 0.15999745 0.15999769 0.15999955]"
2467,2467,"[0.15999755 0.15999758 0.16       0.15999781 0.1599999  0.15999764
 0.15999847 0.15999744 0.15999768 0.15999958]"
2468,2468,"[0.15999757 0.15999761 0.16       0.15999783 0.1599999  0.15999763
 0.15999844 0.15999744 0.15999767 0.15999961]"
2469,2469,"[0.15999759 0.15999764 0.16       0.15999786 0.1599999  0.15999761
 0.15999843 0.15999743 0.15999765 0.15999964]"
2470,2470,"[0.15999761 0.15999767 0.16       0.15999789 0.15999989 0.1599976
 0.15999843 0.15999743 0.15999764 0.15999967]"
2471,2471,"[0.15999763 0.1599977  0.16       0.15999792 0.15999989 0.15999758
 0.15999845 0.15999742 0.15999762 0.1599997 ]"
2472,2472,"[0.15999765 0.15999774 0.16       0.15999795 0.15999989 0.15999757
 0.15999851 0.15999742 0.15999761 0.15999969]"
2473,2473,"[0.15999768 0.15999777 0.15999999 0.15999798 0.15999988 0.15999756
 0.15999861 0.15999742 0.15999759 0.15999964]"
2474,2474,"[0.1599977  0.1599978  0.15999999 0.15999801 0.15999988 0.15999754
 0.15999872 0.15999741 0.15999758 0.15999954]"
2475,2475,"[0.15999773 0.15999783 0.15999999 0.15999803 0.15999987 0.15999753
 0.1599988  0.15999741 0.15999756 0.15999943]"
2476,2476,"[0.15999775 0.15999786 0.15999999 0.15999806 0.15999987 0.15999751
 0.15999886 0.1599974  0.15999755 0.15999932]"
2477,2477,"[0.15999778 0.15999789 0.15999999 0.15999809 0.15999986 0.1599975
 0.1599989  0.1599974  0.15999753 0.15999924]"
2478,2478,"[0.1599978  0.15999791 0.15999999 0.15999812 0.15999986 0.15999749
 0.15999892 0.15999739 0.15999752 0.15999918]"
2479,2479,"[0.15999783 0.15999793 0.15999999 0.15999815 0.15999985 0.15999748
 0.15999894 0.15999739 0.1599975  0.15999914]"
2480,2480,"[0.15999786 0.15999795 0.15999999 0.15999818 0.15999985 0.15999746
 0.15999895 0.15999738 0.15999749 0.15999911]"
2481,2481,"[0.15999789 0.15999796 0.15999999 0.15999821 0.15999984 0.15999745
 0.15999895 0.15999738 0.15999747 0.1599991 ]"
2482,2482,"[0.15999792 0.15999797 0.15999999 0.15999824 0.15999984 0.15999744
 0.15999895 0.15999738 0.15999746 0.15999909]"
2483,2483,"[0.15999795 0.15999798 0.15999998 0.15999827 0.15999983 0.15999743
 0.15999894 0.15999737 0.15999745 0.15999908]"
2484,2484,"[0.15999798 0.15999799 0.15999998 0.1599983  0.15999983 0.15999742
 0.15999894 0.15999737 0.15999743 0.15999908]"
2485,2485,"[0.15999802 0.15999799 0.15999998 0.15999833 0.15999982 0.15999741
 0.15999893 0.15999736 0.15999742 0.15999908]"
2486,2486,"[0.15999806 0.15999799 0.15999998 0.15999836 0.15999981 0.1599974
 0.15999892 0.15999736 0.15999741 0.15999909]"
2487,2487,"[0.1599981  0.159998   0.15999998 0.15999838 0.15999981 0.1599974
 0.15999891 0.15999736 0.1599974  0.15999909]"
2488,2488,"[0.15999815 0.159998   0.15999998 0.15999841 0.1599998  0.15999739
 0.1599989  0.15999735 0.15999739 0.1599991 ]"
2489,2489,"[0.15999821 0.15999803 0.15999998 0.15999844 0.15999979 0.15999738
 0.15999889 0.15999735 0.15999738 0.15999911]"
2490,2490,"[0.15999821 0.15999813 0.15999998 0.15999847 0.15999979 0.15999737
 0.15999888 0.15999734 0.15999737 0.15999912]"
2491,2491,"[0.15999796 0.15999839 0.15999998 0.15999849 0.15999978 0.15999737
 0.15999887 0.15999734 0.15999736 0.15999913]"
2492,2492,"[0.15999763 0.15999865 0.15999998 0.15999852 0.15999977 0.15999736
 0.15999886 0.15999734 0.15999735 0.15999914]"
2493,2493,"[0.15999751 0.15999878 0.15999997 0.15999855 0.15999976 0.15999736
 0.15999885 0.15999734 0.15999735 0.15999915]"
2494,2494,"[0.15999748 0.15999884 0.15999997 0.15999857 0.15999975 0.15999735
 0.15999884 0.15999734 0.15999734 0.15999917]"
2495,2495,"[0.15999747 0.15999886 0.15999997 0.1599986  0.15999975 0.15999735
 0.15999883 0.15999733 0.15999734 0.15999918]"
2496,2496,"[0.15999747 0.15999887 0.15999997 0.15999862 0.15999974 0.15999734
 0.15999881 0.15999733 0.15999734 0.15999919]"
2497,2497,"[0.15999747 0.15999887 0.15999997 0.15999865 0.15999973 0.15999734
 0.1599988  0.15999733 0.15999733 0.1599992 ]"
2498,2498,"[0.15999748 0.15999887 0.15999997 0.15999867 0.15999972 0.15999734
 0.15999879 0.15999733 0.15999733 0.15999921]"
2499,2499,"[0.15999748 0.15999886 0.15999997 0.1599987  0.15999971 0.15999734
 0.15999878 0.15999733 0.15999733 0.15999922]"
2500,2500,"[0.15999749 0.15999886 0.15999997 0.15999872 0.1599997  0.15999733
 0.15999877 0.15999734 0.15999733 0.15999923]"
2501,2501,"[0.1599975  0.15999885 0.15999996 0.15999875 0.15999969 0.15999733
 0.15999876 0.15999734 0.15999734 0.15999923]"
2502,2502,"[0.15999752 0.15999884 0.15999996 0.15999877 0.15999968 0.15999733
 0.15999875 0.15999734 0.15999734 0.15999924]"
2503,2503,"[0.15999753 0.15999882 0.15999996 0.15999911 0.16000004 0.15999733
 0.15999874 0.15999734 0.15999734 0.15999925]"
2504,2504,"[0.15999754 0.15999881 0.15999996 0.159999   0.15999934 0.15999733
 0.15999873 0.15999735 0.15999734 0.15999925]"
2505,2505,"[0.15999755 0.1599988  0.15999996 0.15999902 0.15999932 0.15999733
 0.15999873 0.15999735 0.15999735 0.15999926]"
2506,2506,"[0.15999756 0.15999879 0.15999995 0.15999904 0.1599993  0.15999734
 0.15999872 0.15999735 0.15999735 0.15999926]"
2507,2507,"[0.15999758 0.15999877 0.15999995 0.15999905 0.15999927 0.15999734
 0.15999871 0.15999736 0.15999736 0.15999926]"
2508,2508,"[0.15999759 0.15999876 0.15999995 0.15999907 0.15999925 0.15999734
 0.1599987  0.15999736 0.15999736 0.15999926]"
2509,2509,"[0.1599976  0.15999875 0.15999994 0.15999908 0.15999923 0.15999734
 0.15999869 0.15999737 0.15999737 0.15999926]"
2510,2510,"[0.15999762 0.15999874 0.15999994 0.1599991  0.1599992  0.15999734
 0.15999868 0.15999738 0.15999737 0.15999926]"
2511,2511,"[0.15999763 0.15999872 0.15999993 0.15999911 0.15999918 0.15999734
 0.15999867 0.15999738 0.15999738 0.15999925]"
2512,2512,"[0.15999765 0.15999871 0.15999993 0.15999912 0.15999915 0.15999735
 0.15999866 0.15999739 0.15999738 0.15999924]"
2513,2513,"[0.15999766 0.1599987  0.15999992 0.15999914 0.15999913 0.15999735
 0.15999865 0.1599974  0.15999739 0.15999923]"
2514,2514,"[0.15999768 0.15999868 0.15999991 0.15999915 0.1599991  0.15999735
 0.15999864 0.15999741 0.15999739 0.15999922]"
2515,2515,"[0.15999769 0.15999867 0.15999991 0.15999916 0.15999907 0.15999735
 0.15999863 0.15999742 0.15999739 0.15999921]"
2516,2516,"[0.1599977  0.15999866 0.1599999  0.15999918 0.15999905 0.15999736
 0.15999862 0.15999743 0.1599974  0.15999919]"
2517,2517,"[0.15999772 0.15999864 0.15999989 0.15999919 0.15999902 0.15999736
 0.15999861 0.15999744 0.1599974  0.15999917]"
2518,2518,"[0.15999773 0.15999863 0.15999988 0.1599992  0.15999899 0.15999736
 0.1599986  0.15999745 0.1599974  0.15999915]"
2519,2519,"[0.15999775 0.15999861 0.15999987 0.15999922 0.15999896 0.15999736
 0.15999859 0.15999746 0.1599974  0.15999912]"
2520,2520,"[0.15999776 0.1599986  0.15999986 0.15999923 0.15999893 0.15999737
 0.15999857 0.15999747 0.1599974  0.15999909]"
2521,2521,"[0.15999777 0.15999859 0.15999985 0.15999924 0.15999891 0.15999737
 0.15999856 0.15999748 0.1599974  0.15999906]"
2522,2522,"[0.15999779 0.15999857 0.15999984 0.15999925 0.15999888 0.15999737
 0.15999854 0.1599975  0.1599974  0.15999903]"
2523,2523,"[0.1599978  0.15999856 0.15999982 0.15999927 0.15999884 0.15999738
 0.15999853 0.15999751 0.1599974  0.159999  ]"
2524,2524,"[0.15999781 0.15999854 0.15999981 0.15999928 0.15999881 0.15999738
 0.15999851 0.15999752 0.1599974  0.15999896]"
2525,2525,"[0.15999783 0.15999852 0.1599998  0.15999929 0.15999878 0.15999738
 0.1599985  0.15999753 0.1599974  0.15999892]"
2526,2526,"[0.15999784 0.15999851 0.15999978 0.1599993  0.15999875 0.15999739
 0.15999848 0.15999755 0.1599974  0.15999888]"
2527,2527,"[0.15999785 0.15999849 0.15999977 0.15999931 0.15999872 0.15999739
 0.15999846 0.15999756 0.1599974  0.15999884]"
2528,2528,"[0.15999786 0.15999847 0.15999975 0.15999933 0.15999869 0.15999739
 0.15999844 0.15999757 0.1599974  0.1599988 ]"
2529,2529,"[0.15999787 0.15999845 0.15999973 0.15999934 0.15999865 0.1599974
 0.15999842 0.15999759 0.1599974  0.15999876]"
2530,2530,"[0.15999789 0.15999844 0.15999971 0.15999935 0.15999862 0.1599974
 0.1599984  0.1599976  0.1599974  0.15999871]"
2531,2531,"[0.1599979  0.15999842 0.1599997  0.15999936 0.15999859 0.15999741
 0.15999837 0.15999761 0.1599974  0.15999867]"
2532,2532,"[0.15999791 0.1599984  0.15999968 0.15999937 0.15999855 0.15999741
 0.15999835 0.15999762 0.1599974  0.15999863]"
2533,2533,"[0.15999792 0.15999838 0.15999966 0.15999938 0.15999852 0.15999742
 0.15999833 0.15999764 0.1599974  0.15999859]"
2534,2534,"[0.15999793 0.15999836 0.15999964 0.1599994  0.15999849 0.15999742
 0.1599983  0.15999765 0.1599974  0.15999854]"
2535,2535,"[0.15999793 0.15999834 0.15999961 0.15999941 0.15999845 0.15999743
 0.15999828 0.15999766 0.15999739 0.1599985 ]"
2536,2536,"[0.15999794 0.15999832 0.15999959 0.15999942 0.15999842 0.15999743
 0.15999825 0.15999767 0.15999739 0.15999846]"
2537,2537,"[0.15999795 0.1599983  0.15999957 0.15999943 0.15999838 0.15999744
 0.15999823 0.15999768 0.15999739 0.15999842]"
2538,2538,"[0.15999796 0.15999828 0.15999954 0.15999944 0.15999835 0.15999745
 0.1599982  0.15999769 0.15999739 0.15999838]"
2539,2539,"[0.15999796 0.15999825 0.15999952 0.15999945 0.15999831 0.15999745
 0.15999818 0.15999769 0.15999738 0.15999835]"
2540,2540,"[0.15999797 0.15999823 0.15999949 0.15999946 0.15999828 0.15999746
 0.15999815 0.1599977  0.15999737 0.15999831]"
2541,2541,"[0.15999797 0.15999821 0.15999946 0.15999948 0.15999824 0.15999747
 0.15999812 0.1599977  0.15999737 0.15999828]"
2542,2542,"[0.15999797 0.15999819 0.15999943 0.15999949 0.15999821 0.15999748
 0.1599981  0.1599977  0.15999736 0.15999824]"
2543,2543,"[0.15999796 0.15999816 0.1599994  0.1599995  0.15999817 0.15999749
 0.15999807 0.1599977  0.15999735 0.15999821]"
2544,2544,"[0.15999795 0.15999814 0.15999937 0.15999951 0.15999814 0.15999749
 0.15999804 0.1599977  0.15999734 0.15999818]"
2545,2545,"[0.15999793 0.15999812 0.15999934 0.15999952 0.1599981  0.1599975
 0.15999801 0.15999769 0.15999733 0.15999814]"
2546,2546,"[0.1599979  0.1599981  0.1599993  0.15999953 0.15999807 0.15999751
 0.15999798 0.15999768 0.15999734 0.15999811]"
2547,2547,"[0.15999785 0.15999807 0.15999926 0.15999954 0.15999803 0.15999752
 0.15999796 0.15999767 0.15999735 0.15999808]"
2548,2548,"[0.15999778 0.15999805 0.15999922 0.15999955 0.159998   0.15999753
 0.15999793 0.15999766 0.15999737 0.15999805]"
2549,2549,"[0.15999767 0.15999803 0.15999918 0.15999956 0.15999797 0.15999754
 0.1599979  0.15999765 0.15999742 0.15999802]"
2550,2550,"[0.15999754 0.159998   0.15999914 0.15999957 0.15999793 0.15999755
 0.15999787 0.15999763 0.15999748 0.15999799]"
2551,2551,"[0.15999741 0.15999798 0.15999909 0.15999958 0.1599979  0.15999756
 0.15999785 0.15999762 0.15999755 0.15999796]"
2552,2552,"[0.15999734 0.15999795 0.15999905 0.15999959 0.15999787 0.15999756
 0.15999782 0.15999761 0.15999763 0.15999792]"
2553,2553,"[0.15999735 0.15999793 0.159999   0.1599996  0.15999784 0.15999757
 0.15999779 0.15999761 0.15999771 0.15999789]"
2554,2554,"[0.15999741 0.15999791 0.15999894 0.15999961 0.15999781 0.15999758
 0.15999776 0.1599976  0.15999778 0.15999785]"
2555,2555,"[0.15999749 0.15999788 0.15999889 0.15999962 0.15999777 0.15999759
 0.15999774 0.1599976  0.15999784 0.15999781]"
2556,2556,"[0.15999757 0.15999786 0.15999883 0.15999963 0.15999774 0.1599976
 0.15999771 0.1599976  0.15999788 0.15999777]"
2557,2557,"[0.15999765 0.15999784 0.15999877 0.15999963 0.15999772 0.15999761
 0.15999769 0.15999761 0.15999792 0.15999773]"
2558,2558,"[0.15999771 0.15999782 0.15999871 0.15999964 0.15999769 0.15999762
 0.15999766 0.15999761 0.15999795 0.15999768]"
2559,2559,"[0.15999777 0.15999779 0.15999864 0.15999965 0.15999766 0.15999763
 0.15999764 0.15999761 0.15999797 0.15999763]"
2560,2560,"[0.15999783 0.15999777 0.15999858 0.15999966 0.15999763 0.15999763
 0.15999762 0.15999762 0.15999799 0.15999758]"
2561,2561,"[0.15999788 0.15999775 0.15999851 0.15999967 0.15999761 0.15999764
 0.15999759 0.15999763 0.15999801 0.15999753]"
2562,2562,"[0.15999792 0.15999773 0.15999844 0.15999967 0.15999758 0.15999765
 0.15999757 0.15999764 0.15999803 0.15999747]"
2563,2563,"[0.15999796 0.15999771 0.15999836 0.15999968 0.15999756 0.15999766
 0.15999755 0.15999764 0.15999804 0.15999742]"
2564,2564,"[0.15999801 0.15999768 0.15999829 0.15999969 0.15999753 0.15999766
 0.15999753 0.15999765 0.15999806 0.15999738]"
2565,2565,"[0.15999805 0.15999766 0.15999822 0.1599997  0.15999751 0.15999767
 0.15999751 0.15999766 0.15999808 0.15999735]"
2566,2566,"[0.15999808 0.15999764 0.15999814 0.1599997  0.15999749 0.15999768
 0.15999749 0.15999767 0.1599981  0.15999733]"
2567,2567,"[0.15999812 0.15999762 0.15999807 0.15999971 0.15999747 0.15999768
 0.15999748 0.15999768 0.15999811 0.15999734]"
2568,2568,"[0.15999816 0.1599976  0.159998   0.15999972 0.15999745 0.15999769
 0.15999746 0.15999769 0.15999813 0.15999738]"
2569,2569,"[0.15999819 0.15999759 0.15999793 0.15999972 0.15999744 0.15999769
 0.15999745 0.1599977  0.15999814 0.15999742]"
2570,2570,"[0.15999823 0.15999757 0.15999786 0.15999973 0.15999742 0.1599977
 0.15999743 0.15999771 0.15999815 0.15999748]"
2571,2571,"[0.15999826 0.15999755 0.15999779 0.15999974 0.1599974  0.1599977
 0.15999742 0.15999772 0.15999816 0.15999754]"
2572,2572,"[0.1599983  0.15999753 0.15999773 0.15999974 0.15999739 0.1599977
 0.1599974  0.15999773 0.15999817 0.1599976 ]"
2573,2573,"[0.15999833 0.15999752 0.15999767 0.15999975 0.15999738 0.1599977
 0.15999739 0.15999774 0.15999818 0.15999766]"
2574,2574,"[0.15999836 0.15999738 0.15999762 0.15999975 0.15999736 0.15999771
 0.15999738 0.15999775 0.15999818 0.15999771]"
2575,2575,"[0.15999839 0.15999735 0.15999757 0.15999976 0.15999737 0.15999771
 0.15999737 0.15999776 0.15999818 0.15999775]"
2576,2576,"[0.15999841 0.15999735 0.15999752 0.15999976 0.15999738 0.15999771
 0.15999736 0.15999777 0.15999817 0.15999779]"
2577,2577,"[0.15999844 0.15999734 0.15999748 0.15999977 0.15999739 0.15999771
 0.15999736 0.15999778 0.15999817 0.15999783]"
2578,2578,"[0.15999847 0.15999734 0.15999744 0.15999977 0.1599974  0.1599977
 0.15999735 0.15999779 0.15999816 0.15999785]"
2579,2579,"[0.15999849 0.15999734 0.15999741 0.15999977 0.15999741 0.1599977
 0.15999735 0.1599978  0.15999816 0.15999788]"
2580,2580,"[0.15999851 0.15999734 0.15999739 0.15999978 0.15999743 0.1599977
 0.15999734 0.15999782 0.15999815 0.1599979 ]"
2581,2581,"[0.15999853 0.15999733 0.15999737 0.15999978 0.15999745 0.15999769
 0.15999734 0.15999783 0.15999814 0.15999792]"
2582,2582,"[0.15999855 0.15999733 0.15999735 0.15999978 0.15999746 0.15999769
 0.15999734 0.15999785 0.15999813 0.15999794]"
2583,2583,"[0.15999857 0.15999733 0.15999734 0.15999979 0.15999748 0.15999768
 0.15999733 0.15999786 0.15999812 0.15999796]"
2584,2584,"[0.15999858 0.15999733 0.15999733 0.15999979 0.1599975  0.15999767
 0.15999733 0.15999788 0.1599981  0.15999797]"
2585,2585,"[0.15999859 0.15999733 0.15999733 0.15999979 0.15999752 0.15999766
 0.15999733 0.1599979  0.15999809 0.15999799]"
2586,2586,"[0.15999859 0.15999733 0.15999734 0.15999979 0.15999755 0.15999765
 0.15999734 0.15999792 0.15999808 0.15999801]"
2587,2587,"[0.1599986  0.15999734 0.15999735 0.15999979 0.15999757 0.15999764
 0.15999734 0.15999794 0.15999807 0.15999802]"
2588,2588,"[0.15999859 0.15999734 0.15999736 0.15999979 0.15999759 0.15999763
 0.15999734 0.15999797 0.15999806 0.15999803]"
2589,2589,"[0.15999859 0.15999734 0.15999738 0.15999978 0.15999762 0.15999762
 0.15999735 0.15999799 0.15999805 0.15999805]"
2590,2590,"[0.15999857 0.15999734 0.15999741 0.15999978 0.15999764 0.15999761
 0.15999735 0.15999802 0.15999804 0.15999806]"
2591,2591,"[0.15999856 0.15999734 0.15999744 0.15999978 0.15999767 0.1599976
 0.15999736 0.15999804 0.15999803 0.15999807]"
2592,2592,"[0.15999853 0.15999735 0.15999748 0.15999977 0.1599977  0.15999758
 0.15999736 0.15999806 0.15999802 0.15999808]"
2593,2593,"[0.15999851 0.15999735 0.15999752 0.15999976 0.15999772 0.15999757
 0.15999737 0.15999809 0.15999801 0.15999809]"
2594,2594,"[0.15999848 0.15999735 0.15999757 0.15999975 0.15999775 0.15999755
 0.15999738 0.1599981  0.159998   0.1599981 ]"
2595,2595,"[0.15999845 0.15999735 0.15999762 0.15999974 0.15999778 0.15999754
 0.15999739 0.15999812 0.15999799 0.15999811]"
2596,2596,"[0.15999841 0.15999736 0.15999768 0.15999973 0.15999781 0.15999752
 0.1599974  0.15999813 0.15999798 0.15999812]"
2597,2597,"[0.15999838 0.15999736 0.15999774 0.15999972 0.15999784 0.15999751
 0.15999741 0.15999813 0.15999797 0.15999812]"
2598,2598,"[0.15999835 0.15999736 0.1599978  0.1599997  0.15999787 0.15999749
 0.15999742 0.15999813 0.15999797 0.15999813]"
2599,2599,"[0.15999831 0.15999736 0.15999787 0.15999969 0.1599979  0.15999748
 0.15999743 0.15999813 0.15999796 0.15999813]"
2600,2600,"[0.15999828 0.15999737 0.15999793 0.15999967 0.15999793 0.15999746
 0.15999744 0.15999812 0.15999795 0.15999813]"
2601,2601,"[0.15999825 0.15999737 0.159998   0.15999965 0.15999796 0.15999745
 0.15999746 0.15999811 0.15999794 0.15999814]"
2602,2602,"[0.15999823 0.15999737 0.15999806 0.15999963 0.159998   0.15999744
 0.15999747 0.1599981  0.15999793 0.15999814]"
2603,2603,"[0.1599982  0.15999738 0.15999812 0.1599996  0.15999803 0.15999742
 0.15999748 0.15999808 0.15999792 0.15999814]"
2604,2604,"[0.15999818 0.15999738 0.15999817 0.15999958 0.15999806 0.15999741
 0.1599975  0.15999806 0.15999791 0.15999814]"
2605,2605,"[0.15999816 0.15999738 0.15999822 0.15999956 0.15999809 0.1599974
 0.15999751 0.15999804 0.1599979  0.15999814]"
2606,2606,"[0.15999814 0.15999739 0.15999827 0.15999954 0.15999812 0.15999739
 0.15999753 0.15999802 0.15999789 0.15999813]"
2607,2607,"[0.15999812 0.15999739 0.15999831 0.15999951 0.15999816 0.15999738
 0.15999754 0.159998   0.15999788 0.15999813]"
2608,2608,"[0.15999811 0.1599974  0.15999835 0.15999949 0.15999819 0.15999737
 0.15999756 0.15999797 0.15999786 0.15999813]"
2609,2609,"[0.15999809 0.1599974  0.15999838 0.15999955 0.15999805 0.15999736
 0.15999758 0.15999794 0.15999785 0.15999812]"
2610,2610,"[0.15999808 0.15999741 0.15999841 0.15999962 0.15999781 0.15999736
 0.15999759 0.15999791 0.15999784 0.15999812]"
2611,2611,"[0.15999807 0.15999742 0.15999844 0.15999961 0.15999784 0.15999735
 0.15999761 0.15999788 0.15999782 0.15999811]"
2612,2612,"[0.15999806 0.15999742 0.15999846 0.1599996  0.15999787 0.15999734
 0.15999763 0.15999785 0.15999781 0.1599981 ]"
2613,2613,"[0.15999805 0.15999743 0.15999848 0.1599996  0.1599979  0.15999734
 0.15999765 0.15999782 0.15999779 0.1599981 ]"
2614,2614,"[0.15999804 0.15999744 0.15999849 0.15999959 0.15999793 0.15999734
 0.15999767 0.15999779 0.15999777 0.15999809]"
2615,2615,"[0.15999803 0.15999745 0.15999851 0.15999958 0.15999797 0.15999733
 0.15999768 0.15999775 0.15999776 0.15999808]"
2616,2616,"[0.15999802 0.15999746 0.15999852 0.15999958 0.159998   0.15999733
 0.1599977  0.15999772 0.15999774 0.15999807]"
2617,2617,"[0.15999801 0.15999747 0.15999852 0.15999957 0.15999803 0.15999733
 0.15999772 0.15999768 0.15999772 0.15999806]"
2618,2618,"[0.15999801 0.15999748 0.15999853 0.15999956 0.15999806 0.15999734
 0.15999774 0.15999765 0.1599977  0.15999805]"
2619,2619,"[0.159998   0.15999749 0.15999853 0.15999956 0.1599981  0.15999734
 0.15999776 0.15999761 0.15999768 0.15999804]"
2620,2620,"[0.159998   0.1599975  0.15999854 0.15999955 0.15999813 0.15999734
 0.15999778 0.15999757 0.15999767 0.15999803]"
2621,2621,"[0.15999799 0.15999751 0.15999854 0.15999955 0.15999816 0.15999735
 0.1599978  0.15999754 0.15999765 0.15999802]"
2622,2622,"[0.15999799 0.15999752 0.15999854 0.15999954 0.1599982  0.15999736
 0.15999782 0.1599975  0.15999763 0.15999801]"
2623,2623,"[0.15999798 0.15999753 0.15999854 0.15999954 0.15999823 0.15999737
 0.15999783 0.15999747 0.15999761 0.159998  ]"
2624,2624,"[0.15999798 0.15999755 0.15999853 0.15999953 0.15999826 0.15999738
 0.15999785 0.15999744 0.1599976  0.15999799]"
2625,2625,"[0.15999798 0.15999756 0.15999853 0.15999953 0.1599983  0.1599974
 0.15999787 0.15999742 0.15999758 0.15999798]"
2626,2626,"[0.15999798 0.15999757 0.15999852 0.15999953 0.15999833 0.15999742
 0.15999789 0.15999739 0.15999756 0.15999796]"
2627,2627,"[0.15999798 0.15999759 0.15999852 0.15999952 0.15999836 0.15999745
 0.15999791 0.15999737 0.15999755 0.15999795]"
2628,2628,"[0.15999798 0.1599976  0.15999851 0.15999952 0.1599984  0.15999747
 0.15999793 0.15999736 0.15999753 0.15999794]"
2629,2629,"[0.15999798 0.15999762 0.15999851 0.15999951 0.15999843 0.15999751
 0.15999794 0.15999734 0.15999752 0.15999792]"
2630,2630,"[0.15999799 0.15999763 0.1599985  0.15999951 0.15999846 0.15999754
 0.15999796 0.15999734 0.1599975  0.15999791]"
2631,2631,"[0.15999799 0.15999765 0.15999849 0.1599995  0.15999849 0.15999758
 0.15999798 0.15999733 0.15999749 0.1599979 ]"
2632,2632,"[0.159998   0.15999766 0.15999848 0.1599995  0.15999852 0.15999763
 0.159998   0.15999733 0.15999748 0.15999788]"
2633,2633,"[0.159998   0.15999768 0.15999847 0.1599995  0.15999856 0.15999768
 0.15999801 0.15999734 0.15999746 0.15999787]"
2634,2634,"[0.15999801 0.15999769 0.15999846 0.15999949 0.15999859 0.15999774
 0.15999803 0.15999735 0.15999745 0.15999786]"
2635,2635,"[0.15999801 0.15999771 0.15999845 0.15999948 0.15999862 0.1599978
 0.15999804 0.15999736 0.15999744 0.15999784]"
2636,2636,"[0.15999802 0.15999773 0.15999844 0.15999948 0.15999865 0.15999787
 0.15999806 0.15999737 0.15999743 0.15999783]"
2637,2637,"[0.15999803 0.15999774 0.15999842 0.15999947 0.15999868 0.15999794
 0.15999808 0.15999739 0.15999742 0.15999781]"
2638,2638,"[0.15999804 0.15999776 0.15999841 0.15999947 0.15999871 0.15999802
 0.15999809 0.1599974  0.15999741 0.1599978 ]"
2639,2639,"[0.15999804 0.15999778 0.1599984  0.15999946 0.15999874 0.1599981
 0.15999811 0.15999742 0.1599974  0.15999778]"
2640,2640,"[0.15999805 0.15999779 0.15999839 0.15999945 0.15999877 0.15999819
 0.15999812 0.15999744 0.15999739 0.15999777]"
2641,2641,"[0.15999806 0.15999781 0.15999837 0.15999944 0.1599988  0.15999829
 0.15999814 0.15999747 0.15999738 0.15999775]"
2642,2642,"[0.15999807 0.15999783 0.15999836 0.15999943 0.15999882 0.15999839
 0.15999815 0.15999749 0.15999738 0.15999774]"
2643,2643,"[0.15999807 0.15999784 0.15999834 0.15999943 0.15999885 0.15999849
 0.15999817 0.15999751 0.15999737 0.15999772]"
2644,2644,"[0.15999808 0.15999786 0.15999833 0.15999942 0.15999888 0.1599986
 0.15999818 0.15999753 0.15999736 0.15999771]"
2645,2645,"[0.15999808 0.15999788 0.15999832 0.15999941 0.15999891 0.15999871
 0.1599982  0.15999755 0.15999736 0.1599977 ]"
2646,2646,"[0.15999808 0.1599979  0.1599983  0.1599994  0.15999893 0.15999883
 0.15999821 0.15999758 0.15999735 0.15999768]"
2647,2647,"[0.15999808 0.15999791 0.15999829 0.1599994  0.15999896 0.15999895
 0.15999823 0.1599976  0.15999735 0.15999767]"
2648,2648,"[0.15999808 0.15999793 0.15999827 0.1599994  0.15999898 0.15999907
 0.15999825 0.15999763 0.15999735 0.15999765]"
2649,2649,"[0.15999808 0.15999795 0.15999825 0.1599994  0.15999901 0.1599992
 0.15999827 0.15999765 0.15999734 0.15999764]"
2650,2650,"[0.15999808 0.15999797 0.15999824 0.15999942 0.15999903 0.15999933
 0.15999829 0.15999768 0.15999734 0.15999762]"
2651,2651,"[0.15999807 0.15999798 0.15999822 0.15999944 0.15999906 0.15999945
 0.1599983  0.1599977  0.15999734 0.15999761]"
2652,2652,"[0.15999806 0.159998   0.15999821 0.15999947 0.15999908 0.15999955
 0.15999832 0.15999773 0.15999734 0.1599976 ]"
2653,2653,"[0.15999806 0.15999802 0.15999819 0.15999952 0.1599991  0.15999963
 0.15999834 0.15999776 0.15999733 0.15999758]"
2654,2654,"[0.15999805 0.15999804 0.15999817 0.15999957 0.15999913 0.15999965
 0.15999837 0.15999779 0.15999733 0.15999757]"
2655,2655,"[0.15999804 0.15999805 0.15999816 0.15999959 0.15999915 0.15999963
 0.15999839 0.15999783 0.15999733 0.15999756]"
2656,2656,"[0.15999803 0.15999807 0.15999814 0.15999956 0.15999917 0.15999958
 0.15999841 0.15999786 0.15999733 0.15999754]"
2657,2657,"[0.15999801 0.15999809 0.15999812 0.15999948 0.15999919 0.15999951
 0.15999843 0.1599979  0.15999733 0.15999753]"
2658,2658,"[0.159998   0.1599981  0.15999811 0.15999934 0.15999921 0.15999946
 0.15999846 0.15999795 0.15999733 0.15999752]"
2659,2659,"[0.15999799 0.15999812 0.15999809 0.15999918 0.15999923 0.15999942
 0.15999848 0.15999799 0.15999734 0.15999751]"
2660,2660,"[0.15999797 0.15999814 0.15999807 0.15999901 0.15999925 0.15999939
 0.15999851 0.15999804 0.15999734 0.1599975 ]"
2661,2661,"[0.15999796 0.15999815 0.15999806 0.15999882 0.15999927 0.15999938
 0.15999853 0.15999809 0.15999734 0.15999748]"
2662,2662,"[0.15999794 0.15999817 0.15999804 0.15999865 0.15999929 0.15999937
 0.15999856 0.15999814 0.15999734 0.15999747]"
2663,2663,"[0.15999792 0.15999818 0.15999802 0.15999847 0.15999931 0.15999936
 0.15999858 0.15999819 0.15999734 0.15999746]"
2664,2664,"[0.15999791 0.1599982  0.159998   0.15999831 0.15999932 0.15999936
 0.15999861 0.15999824 0.15999735 0.15999745]"
2665,2665,"[0.15999789 0.15999821 0.15999799 0.15999816 0.15999934 0.15999937
 0.15999864 0.15999829 0.15999735 0.15999744]"
2666,2666,"[0.15999787 0.15999823 0.15999797 0.15999802 0.15999936 0.15999937
 0.15999867 0.15999834 0.15999735 0.15999743]"
2667,2667,"[0.15999786 0.15999853 0.15999795 0.1599979  0.15999942 0.15999938
 0.15999869 0.15999839 0.15999736 0.15999743]"
2668,2668,"[0.15999784 0.15999847 0.15999794 0.15999779 0.15999915 0.15999939
 0.15999872 0.15999844 0.15999736 0.15999742]"
2669,2669,"[0.15999782 0.15999848 0.15999792 0.1599977  0.15999917 0.1599994
 0.15999875 0.15999848 0.15999736 0.15999741]"
2670,2670,"[0.1599978  0.1599985  0.1599979  0.15999762 0.15999919 0.15999941
 0.15999877 0.15999852 0.15999737 0.1599974 ]"
2671,2671,"[0.15999779 0.15999852 0.15999789 0.15999756 0.15999922 0.15999942
 0.1599988  0.15999856 0.15999737 0.1599974 ]"
2672,2672,"[0.15999777 0.15999854 0.15999787 0.1599975  0.15999924 0.15999943
 0.15999882 0.1599986  0.15999738 0.15999739]"
2673,2673,"[0.15999775 0.15999856 0.15999785 0.15999746 0.15999926 0.15999943
 0.15999884 0.15999863 0.15999738 0.15999739]"
2674,2674,"[0.15999773 0.15999858 0.15999784 0.15999742 0.15999928 0.15999944
 0.15999886 0.15999866 0.15999739 0.15999739]"
2675,2675,"[0.15999772 0.1599986  0.15999782 0.15999739 0.1599993  0.15999945
 0.15999887 0.15999869 0.15999739 0.15999738]"
2676,2676,"[0.1599977  0.15999862 0.1599978  0.15999737 0.15999932 0.15999946
 0.15999888 0.15999871 0.1599974  0.15999738]"
2677,2677,"[0.15999768 0.15999864 0.15999779 0.15999736 0.15999934 0.15999946
 0.15999888 0.15999873 0.15999741 0.15999738]"
2678,2678,"[0.15999767 0.15999866 0.15999777 0.15999735 0.15999936 0.15999947
 0.15999887 0.15999875 0.15999741 0.15999738]"
2679,2679,"[0.15999765 0.15999868 0.15999776 0.15999734 0.15999938 0.15999947
 0.15999886 0.15999876 0.15999742 0.15999738]"
2680,2680,"[0.15999763 0.1599987  0.15999774 0.15999734 0.1599994  0.15999947
 0.15999883 0.15999877 0.15999743 0.15999739]"
2681,2681,"[0.15999762 0.15999872 0.15999773 0.15999733 0.15999942 0.15999947
 0.1599988  0.15999878 0.15999744 0.15999739]"
2682,2682,"[0.1599976  0.15999875 0.15999771 0.15999733 0.15999943 0.15999947
 0.15999877 0.15999879 0.15999745 0.15999739]"
2683,2683,"[0.15999759 0.15999877 0.1599977  0.15999734 0.15999945 0.15999947
 0.15999873 0.1599988  0.15999745 0.1599974 ]"
2684,2684,"[0.15999757 0.15999879 0.15999768 0.15999734 0.15999947 0.15999947
 0.15999869 0.1599988  0.15999746 0.1599974 ]"
2685,2685,"[0.15999756 0.15999882 0.15999767 0.15999734 0.15999948 0.15999947
 0.15999865 0.1599988  0.15999747 0.1599974 ]"
2686,2686,"[0.15999754 0.15999884 0.15999765 0.15999735 0.1599995  0.15999946
 0.15999862 0.1599988  0.15999748 0.1599974 ]"
2687,2687,"[0.15999753 0.15999886 0.15999764 0.15999735 0.15999951 0.15999945
 0.1599986  0.1599988  0.1599975  0.1599974 ]"
2688,2688,"[0.15999752 0.15999889 0.15999762 0.15999736 0.15999953 0.15999945
 0.15999858 0.1599988  0.15999751 0.1599974 ]"
2689,2689,"[0.15999751 0.15999891 0.15999761 0.15999737 0.15999954 0.15999944
 0.15999857 0.1599988  0.15999752 0.1599974 ]"
2690,2690,"[0.1599975  0.15999893 0.1599976  0.15999738 0.15999956 0.15999943
 0.15999856 0.1599988  0.15999753 0.1599974 ]"
2691,2691,"[0.1599975  0.15999895 0.15999759 0.15999739 0.15999957 0.15999942
 0.15999855 0.1599988  0.15999754 0.15999739]"
2692,2692,"[0.1599975  0.15999895 0.15999757 0.1599974  0.15999958 0.15999941
 0.15999855 0.1599988  0.15999756 0.15999739]"
2693,2693,"[0.1599975  0.15999896 0.15999756 0.15999741 0.15999959 0.1599994
 0.15999855 0.1599988  0.15999757 0.15999738]"
2694,2694,"[0.1599975  0.15999894 0.15999755 0.15999742 0.15999961 0.15999939
 0.15999855 0.1599988  0.15999758 0.15999738]"
2695,2695,"[0.15999751 0.15999892 0.15999754 0.15999743 0.15999962 0.15999938
 0.15999856 0.15999881 0.15999759 0.15999738]"
2696,2696,"[0.15999752 0.15999888 0.15999753 0.15999744 0.15999963 0.15999937
 0.15999856 0.15999882 0.1599976  0.15999737]"
2697,2697,"[0.15999753 0.15999883 0.15999752 0.15999746 0.15999964 0.15999935
 0.15999857 0.15999883 0.15999761 0.15999737]"
2698,2698,"[0.15999754 0.15999879 0.15999751 0.15999748 0.15999965 0.15999934
 0.15999857 0.15999885 0.15999762 0.15999736]"
2699,2699,"[0.15999755 0.15999874 0.1599975  0.1599975  0.15999966 0.15999933
 0.15999857 0.15999887 0.15999762 0.15999736]"
2700,2700,"[0.15999756 0.1599987  0.15999749 0.15999752 0.15999967 0.15999931
 0.15999858 0.1599989  0.15999763 0.15999735]"
2701,2701,"[0.15999756 0.15999868 0.15999748 0.15999754 0.15999968 0.1599993
 0.15999858 0.15999894 0.15999763 0.15999735]"
2702,2702,"[0.15999756 0.15999866 0.15999747 0.15999757 0.15999969 0.15999928
 0.15999858 0.15999898 0.15999763 0.15999735]"
2703,2703,"[0.15999755 0.15999865 0.15999746 0.15999761 0.1599997  0.15999927
 0.15999858 0.15999903 0.15999762 0.15999734]"
2704,2704,"[0.15999755 0.15999864 0.15999745 0.15999765 0.15999971 0.15999925
 0.15999858 0.15999908 0.15999761 0.15999734]"
2705,2705,"[0.15999754 0.15999865 0.15999744 0.15999769 0.15999972 0.15999924
 0.15999857 0.15999912 0.1599976  0.15999734]"
2706,2706,"[0.15999753 0.15999865 0.15999744 0.15999775 0.15999973 0.15999922
 0.15999857 0.15999916 0.1599976  0.15999734]"
2707,2707,"[0.15999752 0.15999866 0.15999743 0.15999781 0.15999974 0.15999921
 0.15999855 0.15999918 0.15999759 0.15999733]"
2708,2708,"[0.15999751 0.15999868 0.15999742 0.15999789 0.15999974 0.15999919
 0.15999854 0.15999919 0.15999759 0.15999733]"
2709,2709,"[0.1599975  0.15999869 0.15999741 0.15999799 0.15999975 0.15999917
 0.15999852 0.15999919 0.1599976  0.15999733]"
2710,2710,"[0.15999749 0.15999871 0.15999741 0.15999811 0.15999976 0.15999916
 0.1599985  0.15999919 0.1599976  0.15999733]"
2711,2711,"[0.15999748 0.15999873 0.1599974  0.15999826 0.15999976 0.15999914
 0.15999847 0.15999917 0.15999762 0.15999733]"
2712,2712,"[0.15999747 0.15999875 0.1599974  0.15999843 0.15999977 0.15999912
 0.15999843 0.15999916 0.15999763 0.15999733]"
2713,2713,"[0.15999746 0.15999877 0.15999739 0.15999863 0.15999978 0.15999911
 0.15999839 0.15999914 0.15999765 0.15999734]"
2714,2714,"[0.15999745 0.1599988  0.15999738 0.15999886 0.15999978 0.15999909
 0.15999834 0.15999912 0.15999767 0.15999734]"
2715,2715,"[0.15999744 0.15999882 0.15999738 0.15999908 0.15999979 0.15999907
 0.15999828 0.15999909 0.15999769 0.15999734]"
2716,2716,"[0.15999743 0.15999884 0.15999737 0.1599993  0.1599998  0.15999905
 0.15999821 0.15999907 0.15999771 0.15999734]"
2717,2717,"[0.15999742 0.15999887 0.15999737 0.15999948 0.1599998  0.15999903
 0.15999813 0.15999905 0.15999773 0.15999734]"
2718,2718,"[0.15999741 0.15999889 0.15999736 0.15999961 0.15999981 0.15999902
 0.15999805 0.15999902 0.15999775 0.15999735]"
2719,2719,"[0.1599974  0.15999891 0.15999736 0.1599997  0.15999981 0.159999
 0.15999796 0.159999   0.15999778 0.15999735]"
2720,2720,"[0.15999739 0.15999894 0.15999736 0.15999975 0.15999982 0.15999898
 0.15999788 0.15999897 0.1599978  0.15999735]"
2721,2721,"[0.15999739 0.15999896 0.15999735 0.15999977 0.15999982 0.15999896
 0.15999781 0.15999895 0.15999783 0.15999736]"
2722,2722,"[0.15999738 0.15999898 0.15999735 0.15999977 0.15999983 0.15999894
 0.15999774 0.15999892 0.15999785 0.15999736]"
2723,2723,"[0.15999737 0.15999901 0.15999735 0.15999977 0.15999983 0.15999892
 0.15999768 0.1599989  0.15999788 0.15999737]"
2724,2724,"[0.15999736 0.15999903 0.15999734 0.15999975 0.15999984 0.1599989
 0.15999764 0.15999887 0.1599979  0.15999737]"
2725,2725,"[0.15999736 0.15999905 0.15999734 0.15999974 0.15999984 0.15999888
 0.1599976  0.15999885 0.15999793 0.15999738]"
2726,2726,"[0.15999735 0.15999907 0.15999734 0.15999972 0.15999984 0.15999886
 0.15999757 0.15999882 0.15999795 0.15999738]"
2727,2727,"[0.15999735 0.15999909 0.15999734 0.1599997  0.15999985 0.15999884
 0.15999755 0.1599988  0.15999798 0.15999739]"
2728,2728,"[0.15999735 0.15999911 0.15999734 0.15999968 0.15999985 0.15999882
 0.15999753 0.15999877 0.159998   0.15999739]"
2729,2729,"[0.15999734 0.15999913 0.15999733 0.15999966 0.15999985 0.1599988
 0.15999751 0.15999875 0.15999802 0.15999739]"
2730,2730,"[0.15999734 0.15999914 0.15999733 0.15999965 0.15999986 0.15999878
 0.1599975  0.15999872 0.15999804 0.1599974 ]"
2731,2731,"[0.15999734 0.15999916 0.15999733 0.15999964 0.15999986 0.15999876
 0.15999749 0.15999869 0.15999806 0.1599974 ]"
2732,2732,"[0.15999734 0.15999917 0.15999733 0.15999963 0.15999986 0.15999873
 0.15999747 0.15999867 0.15999808 0.15999741]"
2733,2733,"[0.15999734 0.15999918 0.15999733 0.15999962 0.15999987 0.15999871
 0.15999746 0.15999864 0.15999809 0.15999741]"
2734,2734,"[0.15999733 0.15999919 0.15999734 0.15999961 0.15999987 0.15999869
 0.15999745 0.15999862 0.15999811 0.15999742]"
2735,2735,"[0.15999733 0.15999919 0.15999734 0.15999961 0.15999987 0.15999867
 0.15999745 0.15999859 0.15999811 0.15999742]"
2736,2736,"[0.15999733 0.15999919 0.15999734 0.1599996  0.15999988 0.15999865
 0.15999744 0.15999856 0.15999812 0.15999743]"
2737,2737,"[0.15999733 0.15999919 0.15999734 0.1599996  0.15999988 0.15999863
 0.15999743 0.15999854 0.15999812 0.15999743]"
2738,2738,"[0.15999733 0.15999919 0.15999734 0.1599996  0.15999988 0.1599986
 0.15999742 0.15999851 0.15999811 0.15999744]"
2739,2739,"[0.15999733 0.15999918 0.15999735 0.1599996  0.15999988 0.15999858
 0.15999741 0.15999848 0.1599981  0.15999744]"
2740,2740,"[0.15999733 0.15999917 0.15999735 0.1599996  0.15999989 0.15999856
 0.15999741 0.15999845 0.15999809 0.15999745]"
2741,2741,"[0.15999733 0.15999915 0.15999736 0.1599996  0.15999989 0.15999854
 0.1599974  0.15999843 0.15999808 0.15999745]"
2742,2742,"[0.15999733 0.15999913 0.15999736 0.15999961 0.15999989 0.15999852
 0.15999739 0.1599984  0.15999806 0.15999746]"
2743,2743,"[0.15999733 0.1599991  0.15999737 0.15999961 0.15999989 0.15999849
 0.15999738 0.15999837 0.15999804 0.15999746]"
2744,2744,"[0.15999733 0.15999906 0.15999737 0.15999962 0.15999989 0.15999847
 0.15999738 0.15999834 0.15999802 0.15999747]"
2745,2745,"[0.15999733 0.15999901 0.15999738 0.15999963 0.1599999  0.15999845
 0.15999737 0.15999832 0.159998   0.15999748]"
2746,2746,"[0.15999733 0.15999896 0.15999739 0.15999963 0.1599999  0.15999843
 0.15999736 0.15999829 0.15999799 0.15999748]"
2747,2747,"[0.15999734 0.1599989  0.1599974  0.15999964 0.1599999  0.15999841
 0.15999735 0.15999826 0.15999798 0.15999749]"
2748,2748,"[0.15999734 0.15999883 0.1599974  0.15999965 0.1599999  0.15999838
 0.15999735 0.15999823 0.15999797 0.15999749]"
2749,2749,"[0.15999734 0.15999875 0.15999741 0.15999966 0.1599999  0.15999836
 0.15999734 0.15999821 0.15999796 0.1599975 ]"
2750,2750,"[0.15999734 0.15999866 0.15999742 0.15999967 0.1599999  0.15999834
 0.15999734 0.15999818 0.15999796 0.15999751]"
2751,2751,"[0.15999734 0.15999856 0.15999743 0.15999968 0.15999991 0.15999832
 0.15999734 0.15999815 0.15999796 0.15999752]"
2752,2752,"[0.15999734 0.15999845 0.15999744 0.15999968 0.15999991 0.15999829
 0.15999733 0.15999813 0.15999797 0.15999752]"
2753,2753,"[0.15999734 0.15999833 0.15999745 0.15999969 0.15999991 0.15999827
 0.15999733 0.1599981  0.15999797 0.15999753]"
2754,2754,"[0.15999735 0.15999821 0.15999746 0.1599997  0.15999991 0.15999825
 0.15999734 0.15999807 0.15999798 0.15999754]"
2755,2755,"[0.15999735 0.15999809 0.15999748 0.15999971 0.15999991 0.15999823
 0.15999734 0.15999805 0.15999799 0.15999755]"
2756,2756,"[0.15999736 0.15999797 0.15999749 0.15999972 0.15999991 0.1599982
 0.15999735 0.15999802 0.159998   0.15999756]"
2757,2757,"[0.15999736 0.15999786 0.1599975  0.15999973 0.15999991 0.15999818
 0.15999736 0.15999799 0.15999801 0.15999757]"
2758,2758,"[0.15999737 0.15999775 0.15999752 0.15999973 0.15999991 0.15999816
 0.15999737 0.15999797 0.15999802 0.15999758]"
2759,2759,"[0.15999737 0.15999765 0.15999753 0.15999974 0.15999991 0.15999814
 0.15999739 0.15999794 0.15999803 0.15999759]"
2760,2760,"[0.15999738 0.15999756 0.15999754 0.15999975 0.15999992 0.15999811
 0.15999741 0.15999792 0.15999804 0.15999761]"
2761,2761,"[0.15999739 0.15999749 0.15999756 0.15999975 0.15999992 0.15999809
 0.15999743 0.15999789 0.15999806 0.15999762]"
2762,2762,"[0.1599974  0.15999743 0.15999757 0.15999976 0.15999992 0.15999807
 0.15999746 0.15999787 0.15999807 0.15999763]"
2763,2763,"[0.15999741 0.15999739 0.15999759 0.15999977 0.15999992 0.15999805
 0.15999749 0.15999784 0.15999809 0.15999764]"
2764,2764,"[0.15999742 0.15999736 0.1599976  0.15999977 0.15999992 0.15999803
 0.15999753 0.15999782 0.1599981  0.15999766]"
2765,2765,"[0.15999743 0.15999734 0.15999762 0.15999978 0.15999992 0.159998
 0.15999757 0.1599978  0.15999811 0.15999767]"
2766,2766,"[0.15999744 0.15999733 0.15999763 0.15999978 0.15999992 0.15999798
 0.15999762 0.15999777 0.15999813 0.15999769]"
2767,2767,"[0.15999745 0.15999734 0.15999765 0.15999979 0.15999992 0.15999796
 0.15999767 0.15999775 0.15999814 0.1599977 ]"
2768,2768,"[0.15999746 0.15999735 0.15999767 0.15999979 0.15999992 0.15999794
 0.15999772 0.15999773 0.15999815 0.15999772]"
2769,2769,"[0.15999748 0.15999737 0.15999768 0.15999979 0.15999992 0.15999792
 0.15999778 0.15999771 0.15999817 0.15999773]"
2770,2770,"[0.15999749 0.15999739 0.1599977  0.1599998  0.15999992 0.15999789
 0.15999784 0.15999769 0.15999818 0.15999775]"
2771,2771,"[0.15999751 0.15999742 0.15999772 0.1599998  0.15999992 0.15999787
 0.1599979  0.15999767 0.15999819 0.15999776]"
2772,2772,"[0.15999752 0.15999745 0.15999774 0.15999981 0.15999992 0.15999785
 0.15999796 0.15999765 0.1599982  0.15999777]"
2773,2773,"[0.15999754 0.15999748 0.15999775 0.15999981 0.15999992 0.15999783
 0.15999803 0.15999763 0.1599982  0.15999779]"
2774,2774,"[0.15999755 0.15999752 0.15999777 0.15999981 0.15999992 0.15999781
 0.15999809 0.15999761 0.15999821 0.1599978 ]"
2775,2775,"[0.15999757 0.15999755 0.15999779 0.15999981 0.15999992 0.15999779
 0.15999816 0.15999759 0.15999821 0.15999781]"
2776,2776,"[0.15999759 0.15999759 0.15999781 0.15999981 0.15999992 0.15999777
 0.15999822 0.15999757 0.15999821 0.15999782]"
2777,2777,"[0.1599976  0.15999762 0.15999782 0.15999982 0.15999992 0.15999775
 0.15999829 0.15999755 0.1599982  0.15999783]"
2778,2778,"[0.15999762 0.15999765 0.15999784 0.15999982 0.15999992 0.15999773
 0.15999835 0.15999754 0.15999819 0.15999784]"
2779,2779,"[0.15999764 0.15999768 0.15999786 0.15999982 0.15999992 0.15999771
 0.15999842 0.15999752 0.15999818 0.15999785]"
2780,2780,"[0.15999766 0.15999771 0.15999788 0.15999982 0.15999992 0.15999769
 0.15999848 0.1599975  0.15999815 0.15999785]"
2781,2781,"[0.15999768 0.15999774 0.15999789 0.15999982 0.15999993 0.15999767
 0.15999854 0.15999749 0.15999812 0.15999785]"
2782,2782,"[0.1599977  0.15999776 0.15999791 0.15999982 0.15999993 0.15999765
 0.1599986  0.15999747 0.15999809 0.15999785]"
2783,2783,"[0.15999771 0.15999779 0.15999793 0.15999982 0.15999993 0.15999763
 0.15999866 0.15999746 0.15999804 0.15999785]"
2784,2784,"[0.15999773 0.15999781 0.15999794 0.15999982 0.15999993 0.15999761
 0.15999872 0.15999745 0.159998   0.15999784]"
2785,2785,"[0.15999775 0.15999783 0.15999796 0.15999982 0.15999993 0.1599976
 0.15999878 0.15999743 0.15999795 0.15999784]"
2786,2786,"[0.15999777 0.15999785 0.15999797 0.15999981 0.15999992 0.15999758
 0.15999883 0.15999742 0.15999789 0.15999783]"
2787,2787,"[0.15999779 0.15999787 0.15999799 0.15999981 0.15999992 0.15999756
 0.15999888 0.15999741 0.15999785 0.15999783]"
2788,2788,"[0.15999781 0.15999789 0.159998   0.15999981 0.15999992 0.15999755
 0.15999894 0.1599974  0.1599978  0.15999783]"
2789,2789,"[0.15999783 0.1599979  0.15999801 0.15999981 0.15999992 0.15999753
 0.15999899 0.15999739 0.15999776 0.15999783]"
2790,2790,"[0.15999785 0.15999792 0.15999803 0.1599998  0.15999992 0.15999752
 0.15999904 0.15999738 0.15999773 0.15999783]"
2791,2791,"[0.15999786 0.15999793 0.15999804 0.1599998  0.15999992 0.1599975
 0.15999908 0.15999737 0.15999771 0.15999783]"
2792,2792,"[0.15999788 0.15999795 0.15999805 0.1599998  0.15999992 0.15999749
 0.15999913 0.15999737 0.15999769 0.15999784]"
2793,2793,"[0.1599979  0.15999796 0.15999806 0.15999979 0.15999992 0.15999747
 0.15999918 0.15999736 0.15999767 0.15999785]"
2794,2794,"[0.15999791 0.15999797 0.15999807 0.15999979 0.15999992 0.15999746
 0.15999922 0.15999735 0.15999766 0.15999786]"
2795,2795,"[0.15999793 0.15999799 0.15999807 0.15999978 0.15999992 0.15999745
 0.15999927 0.15999735 0.15999765 0.15999787]"
2796,2796,"[0.15999794 0.159998   0.15999808 0.15999978 0.15999992 0.15999744
 0.15999931 0.15999734 0.15999764 0.15999789]"
2797,2797,"[0.15999796 0.15999801 0.15999809 0.15999977 0.15999992 0.15999743
 0.15999935 0.15999734 0.15999764 0.1599979 ]"
2798,2798,"[0.15999797 0.15999802 0.15999809 0.15999977 0.15999992 0.15999741
 0.15999939 0.15999734 0.15999764 0.15999792]"
2799,2799,"[0.15999798 0.15999803 0.1599981  0.15999976 0.15999992 0.1599974
 0.15999943 0.15999734 0.15999763 0.15999794]"
2800,2800,"[0.159998   0.15999804 0.1599981  0.15999975 0.15999992 0.1599974
 0.15999947 0.15999733 0.15999763 0.15999796]"
2801,2801,"[0.15999801 0.15999806 0.15999811 0.15999975 0.15999992 0.15999739
 0.1599995  0.15999733 0.15999763 0.15999799]"
2802,2802,"[0.15999802 0.15999807 0.15999811 0.15999974 0.15999992 0.15999738
 0.15999953 0.15999733 0.15999763 0.15999801]"
2803,2803,"[0.15999802 0.15999808 0.15999812 0.15999974 0.15999992 0.15999737
 0.15999957 0.15999733 0.15999763 0.15999804]"
2804,2804,"[0.15999803 0.1599981  0.15999812 0.15999973 0.15999992 0.15999737
 0.15999959 0.15999734 0.15999764 0.15999806]"
2805,2805,"[0.15999804 0.15999811 0.15999812 0.15999972 0.15999992 0.15999736
 0.15999962 0.15999734 0.15999764 0.15999809]"
2806,2806,"[0.15999805 0.15999813 0.15999812 0.15999972 0.15999991 0.15999735
 0.15999964 0.15999734 0.15999764 0.15999812]"
2807,2807,"[0.15999806 0.15999814 0.15999812 0.15999971 0.15999991 0.15999735
 0.15999966 0.15999735 0.15999764 0.15999814]"
2808,2808,"[0.15999806 0.15999816 0.15999813 0.1599997  0.15999991 0.15999734
 0.15999968 0.15999735 0.15999764 0.15999817]"
2809,2809,"[0.15999807 0.15999818 0.15999813 0.1599997  0.15999991 0.15999734
 0.15999969 0.15999736 0.15999763 0.1599982 ]"
2810,2810,"[0.15999808 0.1599982  0.15999813 0.15999969 0.15999991 0.15999734
 0.1599997  0.15999737 0.15999763 0.15999823]"
2811,2811,"[0.15999809 0.15999821 0.15999813 0.15999968 0.15999991 0.15999734
 0.15999971 0.15999737 0.15999763 0.15999826]"
2812,2812,"[0.1599981  0.15999823 0.15999813 0.15999968 0.15999991 0.15999733
 0.15999971 0.15999738 0.15999762 0.15999829]"
2813,2813,"[0.15999811 0.15999825 0.15999813 0.15999967 0.15999991 0.15999733
 0.15999972 0.15999739 0.15999762 0.15999832]"
2814,2814,"[0.15999813 0.15999828 0.15999812 0.15999966 0.15999991 0.15999733
 0.15999972 0.1599974  0.15999761 0.15999835]"
2815,2815,"[0.15999814 0.1599983  0.15999812 0.15999966 0.1599999  0.15999733
 0.15999972 0.15999741 0.1599976  0.15999838]"
2816,2816,"[0.15999816 0.15999832 0.15999812 0.15999965 0.1599999  0.15999733
 0.15999972 0.15999742 0.15999759 0.15999841]"
2817,2817,"[0.15999818 0.15999835 0.15999812 0.15999964 0.1599999  0.15999734
 0.15999972 0.15999743 0.15999758 0.15999844]"
2818,2818,"[0.1599982  0.15999837 0.15999812 0.15999963 0.1599999  0.15999734
 0.15999972 0.15999745 0.15999757 0.15999847]"
2819,2819,"[0.15999822 0.15999839 0.15999811 0.15999963 0.1599999  0.15999734
 0.15999972 0.15999746 0.15999756 0.15999849]"
2820,2820,"[0.15999824 0.15999842 0.15999811 0.15999962 0.1599999  0.15999734
 0.15999972 0.15999747 0.15999754 0.15999851]"
2821,2821,"[0.15999826 0.15999844 0.15999811 0.15999961 0.1599999  0.15999735
 0.15999973 0.15999749 0.15999753 0.15999853]"
2822,2822,"[0.15999829 0.15999847 0.1599981  0.1599996  0.1599999  0.15999735
 0.15999973 0.1599975  0.15999751 0.15999855]"
2823,2823,"[0.15999831 0.15999849 0.1599981  0.15999959 0.15999989 0.15999735
 0.15999973 0.15999752 0.1599975  0.15999856]"
2824,2824,"[0.15999834 0.15999852 0.15999809 0.15999959 0.15999989 0.15999736
 0.15999973 0.15999753 0.15999749 0.15999857]"
2825,2825,"[0.15999836 0.15999854 0.15999809 0.15999958 0.15999989 0.15999736
 0.15999974 0.15999755 0.15999747 0.15999858]"
2826,2826,"[0.15999839 0.15999857 0.15999809 0.15999957 0.15999989 0.15999737
 0.15999974 0.15999756 0.15999746 0.15999858]"
2827,2827,"[0.15999842 0.15999859 0.15999808 0.15999956 0.15999989 0.15999737
 0.15999974 0.15999758 0.15999745 0.15999858]"
2828,2828,"[0.15999844 0.15999862 0.15999808 0.15999955 0.15999989 0.15999738
 0.15999975 0.1599976  0.15999745 0.15999857]"
2829,2829,"[0.15999847 0.15999864 0.15999808 0.15999954 0.15999989 0.15999739
 0.15999975 0.15999762 0.15999744 0.15999857]"
2830,2830,"[0.1599985  0.15999866 0.15999808 0.15999953 0.15999989 0.15999739
 0.15999975 0.15999763 0.15999743 0.15999856]"
2831,2831,"[0.15999853 0.15999869 0.15999808 0.15999952 0.15999989 0.1599974
 0.15999976 0.15999765 0.15999743 0.15999855]"
2832,2832,"[0.15999855 0.15999871 0.15999808 0.15999951 0.15999989 0.15999741
 0.15999976 0.15999767 0.15999743 0.15999854]"
2833,2833,"[0.15999858 0.15999873 0.15999808 0.1599995  0.15999988 0.15999741
 0.15999976 0.15999769 0.15999743 0.15999854]"
2834,2834,"[0.15999861 0.15999875 0.15999809 0.15999948 0.15999988 0.15999742
 0.15999976 0.15999771 0.15999743 0.15999853]"
2835,2835,"[0.15999864 0.15999877 0.15999809 0.15999947 0.15999988 0.15999743
 0.15999976 0.15999772 0.15999743 0.15999853]"
2836,2836,"[0.15999867 0.15999879 0.1599981  0.15999946 0.15999988 0.15999744
 0.15999976 0.15999774 0.15999743 0.15999852]"
2837,2837,"[0.1599987  0.15999881 0.1599981  0.15999945 0.15999988 0.15999745
 0.15999976 0.15999776 0.15999744 0.15999852]"
2838,2838,"[0.15999872 0.15999883 0.15999811 0.15999944 0.15999988 0.15999746
 0.15999976 0.15999778 0.15999744 0.15999852]"
2839,2839,"[0.15999875 0.15999885 0.15999812 0.15999942 0.15999988 0.15999747
 0.15999976 0.1599978  0.15999745 0.15999852]"
2840,2840,"[0.15999878 0.15999887 0.15999812 0.15999941 0.15999988 0.15999747
 0.15999976 0.15999781 0.15999746 0.15999852]"
2841,2841,"[0.15999881 0.15999889 0.15999813 0.15999939 0.15999988 0.15999748
 0.15999976 0.15999783 0.15999747 0.15999852]"
2842,2842,"[0.15999884 0.15999891 0.15999814 0.15999938 0.15999988 0.15999749
 0.15999975 0.15999785 0.15999748 0.15999853]"
2843,2843,"[0.15999886 0.15999893 0.15999815 0.15999937 0.15999988 0.1599975
 0.15999975 0.15999786 0.15999749 0.15999853]"
2844,2844,"[0.15999889 0.15999895 0.15999816 0.15999935 0.15999988 0.15999751
 0.15999975 0.15999788 0.1599975  0.15999854]"
2845,2845,"[0.15999892 0.15999897 0.15999817 0.15999934 0.15999988 0.15999753
 0.15999974 0.1599979  0.15999751 0.15999854]"
2846,2846,"[0.15999894 0.159999   0.15999818 0.15999932 0.15999988 0.15999754
 0.15999974 0.15999791 0.15999753 0.15999855]"
2847,2847,"[0.15999897 0.15999902 0.15999819 0.1599993  0.15999988 0.15999755
 0.15999974 0.15999793 0.15999754 0.15999856]"
2848,2848,"[0.15999899 0.15999905 0.1599982  0.15999929 0.15999988 0.15999756
 0.15999973 0.15999794 0.15999756 0.15999857]"
2849,2849,"[0.15999901 0.15999908 0.15999822 0.15999927 0.15999988 0.15999757
 0.15999973 0.15999795 0.15999757 0.15999858]"
2850,2850,"[0.15999903 0.15999911 0.15999823 0.15999925 0.15999989 0.15999758
 0.15999972 0.15999797 0.15999759 0.15999859]"
2851,2851,"[0.15999904 0.15999914 0.15999824 0.15999923 0.15999989 0.15999759
 0.15999972 0.15999798 0.15999761 0.1599986 ]"
2852,2852,"[0.15999905 0.15999917 0.15999825 0.15999922 0.15999989 0.1599976
 0.15999971 0.15999799 0.15999763 0.15999861]"
2853,2853,"[0.15999906 0.1599992  0.15999826 0.1599992  0.15999989 0.15999762
 0.1599997  0.159998   0.15999764 0.15999862]"
2854,2854,"[0.15999906 0.15999923 0.15999827 0.15999918 0.15999989 0.15999763
 0.1599997  0.15999801 0.15999766 0.15999863]"
2855,2855,"[0.15999905 0.15999926 0.15999828 0.15999916 0.15999989 0.15999764
 0.15999969 0.15999803 0.15999769 0.15999864]"
2856,2856,"[0.15999903 0.15999929 0.1599983  0.15999914 0.15999989 0.15999765
 0.15999969 0.15999804 0.15999771 0.15999864]"
2857,2857,"[0.15999901 0.15999932 0.15999831 0.15999912 0.15999989 0.15999767
 0.15999968 0.15999805 0.15999773 0.15999865]"
2858,2858,"[0.15999898 0.15999935 0.15999832 0.1599991  0.15999989 0.15999768
 0.15999967 0.15999806 0.15999775 0.15999866]"
2859,2859,"[0.15999895 0.15999938 0.15999833 0.15999908 0.15999989 0.15999769
 0.15999967 0.15999807 0.15999777 0.15999867]"
2860,2860,"[0.15999891 0.1599994  0.15999834 0.15999905 0.1599999  0.1599977
 0.15999966 0.15999808 0.15999779 0.15999868]"
2861,2861,"[0.15999887 0.15999942 0.15999835 0.15999903 0.1599999  0.15999772
 0.15999965 0.15999809 0.15999782 0.15999868]"
2862,2862,"[0.15999882 0.15999944 0.15999836 0.15999901 0.1599999  0.15999773
 0.15999964 0.1599981  0.15999784 0.15999869]"
2863,2863,"[0.15999877 0.15999945 0.15999836 0.15999899 0.1599999  0.15999774
 0.15999964 0.15999811 0.15999786 0.15999869]"
2864,2864,"[0.15999872 0.15999946 0.15999837 0.15999896 0.1599999  0.15999776
 0.15999963 0.15999812 0.15999789 0.15999869]"
2865,2865,"[0.15999867 0.15999947 0.15999838 0.15999894 0.1599999  0.15999777
 0.15999962 0.15999814 0.15999791 0.15999869]"
2866,2866,"[0.15999862 0.15999948 0.15999839 0.15999891 0.1599999  0.15999778
 0.15999961 0.15999815 0.15999793 0.15999869]"
2867,2867,"[0.15999858 0.15999948 0.15999839 0.15999889 0.1599999  0.1599978
 0.1599996  0.15999816 0.15999795 0.15999868]"
2868,2868,"[0.15999853 0.15999948 0.1599984  0.15999886 0.1599999  0.15999781
 0.1599996  0.15999818 0.15999797 0.15999868]"
2869,2869,"[0.15999849 0.15999948 0.1599984  0.15999883 0.1599999  0.15999782
 0.15999959 0.15999819 0.159998   0.15999867]"
2870,2870,"[0.15999845 0.15999948 0.15999841 0.15999881 0.1599999  0.15999784
 0.15999958 0.15999821 0.15999802 0.15999866]"
2871,2871,"[0.15999841 0.15999948 0.15999841 0.15999878 0.1599999  0.15999785
 0.15999957 0.15999822 0.15999803 0.15999865]"
2872,2872,"[0.15999837 0.15999948 0.15999842 0.15999875 0.1599999  0.15999786
 0.15999956 0.15999824 0.15999805 0.15999863]"
2873,2873,"[0.15999834 0.15999947 0.15999842 0.15999873 0.1599999  0.15999788
 0.15999955 0.15999825 0.15999807 0.15999861]"
2874,2874,"[0.15999831 0.15999947 0.15999842 0.1599987  0.1599999  0.15999789
 0.15999954 0.15999827 0.15999809 0.15999859]"
2875,2875,"[0.15999827 0.15999946 0.15999842 0.15999867 0.1599999  0.1599979
 0.15999953 0.15999828 0.1599981  0.15999856]"
2876,2876,"[0.15999824 0.15999945 0.15999842 0.15999864 0.1599999  0.15999791
 0.15999952 0.1599983  0.15999811 0.15999854]"
2877,2877,"[0.15999822 0.15999945 0.15999842 0.15999861 0.1599999  0.15999793
 0.15999951 0.15999832 0.15999812 0.15999851]"
2878,2878,"[0.15999819 0.15999944 0.15999842 0.15999858 0.15999991 0.15999794
 0.1599995  0.15999833 0.15999812 0.15999847]"
2879,2879,"[0.15999816 0.15999943 0.15999842 0.15999855 0.15999992 0.15999795
 0.15999949 0.15999835 0.15999811 0.15999844]"
2880,2880,"[0.15999814 0.15999942 0.15999842 0.15999852 0.15999982 0.15999796
 0.15999948 0.15999836 0.15999779 0.1599984 ]"
2881,2881,"[0.15999811 0.15999941 0.15999842 0.15999849 0.15999895 0.15999797
 0.15999947 0.15999838 0.1599974  0.15999836]"
2882,2882,"[0.15999808 0.1599994  0.15999841 0.15999846 0.15999884 0.15999799
 0.15999946 0.15999839 0.15999737 0.15999831]"
2883,2883,"[0.15999806 0.15999939 0.15999841 0.15999843 0.1599988  0.159998
 0.15999945 0.15999841 0.15999736 0.15999827]"
2884,2884,"[0.15999802 0.15999938 0.15999841 0.15999839 0.15999877 0.15999801
 0.15999943 0.15999842 0.15999736 0.15999822]"
2885,2885,"[0.15999798 0.15999937 0.1599984  0.15999836 0.15999873 0.15999802
 0.15999942 0.15999844 0.15999736 0.15999817]"
2886,2886,"[0.15999793 0.15999936 0.1599984  0.15999833 0.15999869 0.15999803
 0.15999941 0.15999845 0.15999735 0.15999813]"
2887,2887,"[0.15999786 0.15999934 0.15999839 0.1599983  0.15999864 0.15999804
 0.1599994  0.15999846 0.15999735 0.15999808]"
2888,2888,"[0.15999776 0.15999933 0.15999838 0.15999826 0.15999858 0.15999805
 0.15999938 0.15999848 0.15999734 0.15999803]"
2889,2889,"[0.15999763 0.15999932 0.15999838 0.15999823 0.15999851 0.15999806
 0.15999937 0.15999849 0.15999734 0.15999798]"
2890,2890,"[0.15999748 0.1599993  0.15999837 0.1599982  0.15999842 0.15999807
 0.15999936 0.1599985  0.15999734 0.15999793]"
2891,2891,"[0.15999735 0.15999929 0.15999836 0.15999817 0.15999831 0.15999808
 0.15999934 0.15999851 0.15999733 0.15999788]"
2892,2892,"[0.15999739 0.15999927 0.15999835 0.15999813 0.15999818 0.15999809
 0.15999933 0.15999852 0.15999733 0.15999784]"
2893,2893,"[0.15999771 0.15999926 0.15999834 0.1599981  0.15999802 0.1599981
 0.15999931 0.15999853 0.15999734 0.15999779]"
2894,2894,"[0.15999819 0.15999924 0.15999834 0.15999807 0.15999785 0.15999811
 0.1599993  0.15999853 0.15999735 0.15999775]"
2895,2895,"[0.15999866 0.15999922 0.15999833 0.15999804 0.15999768 0.15999811
 0.15999928 0.15999854 0.15999737 0.1599977 ]"
2896,2896,"[0.15999902 0.1599992  0.15999832 0.159998   0.15999754 0.15999812
 0.15999927 0.15999854 0.15999739 0.15999766]"
2897,2897,"[0.15999926 0.15999919 0.15999831 0.15999797 0.15999744 0.15999813
 0.15999925 0.15999854 0.15999741 0.15999762]"
2898,2898,"[0.15999943 0.15999917 0.1599983  0.15999794 0.15999737 0.15999814
 0.15999923 0.15999854 0.15999744 0.15999758]"
2899,2899,"[0.15999954 0.15999915 0.15999829 0.15999791 0.15999734 0.15999815
 0.15999922 0.15999854 0.15999747 0.15999754]"
2900,2900,"[0.15999961 0.15999913 0.15999828 0.15999788 0.15999734 0.15999816
 0.1599992  0.15999853 0.1599975  0.15999751]"
2901,2901,"[0.15999966 0.15999911 0.15999826 0.15999785 0.15999736 0.15999817
 0.15999918 0.15999853 0.15999753 0.15999748]"
2902,2902,"[0.15999969 0.15999909 0.15999825 0.15999782 0.1599974  0.15999819
 0.15999916 0.15999852 0.15999756 0.15999745]"
2903,2903,"[0.15999972 0.15999907 0.15999824 0.15999779 0.15999748 0.1599982
 0.15999914 0.1599985  0.1599976  0.15999742]"
2904,2904,"[0.15999974 0.15999905 0.15999823 0.15999776 0.15999759 0.15999821
 0.15999913 0.15999848 0.15999764 0.1599974 ]"
2905,2905,"[0.15999975 0.15999902 0.15999822 0.15999773 0.15999773 0.15999822
 0.15999911 0.15999846 0.15999769 0.15999738]"
2906,2906,"[0.15999977 0.159999   0.15999821 0.1599977  0.15999789 0.15999823
 0.15999909 0.15999843 0.15999775 0.15999736]"
2907,2907,"[0.15999978 0.15999898 0.1599982  0.15999767 0.15999807 0.15999824
 0.15999907 0.1599984  0.15999782 0.15999735]"
2908,2908,"[0.15999979 0.15999896 0.15999819 0.15999765 0.15999827 0.15999825
 0.15999905 0.15999837 0.15999789 0.15999734]"
2909,2909,"[0.15999979 0.15999893 0.15999817 0.15999762 0.15999847 0.15999827
 0.15999903 0.15999834 0.15999797 0.15999733]"
2910,2910,"[0.1599998  0.15999891 0.15999816 0.15999759 0.15999866 0.15999828
 0.159999   0.15999831 0.15999805 0.15999735]"
2911,2911,"[0.15999981 0.15999889 0.15999815 0.15999757 0.15999885 0.15999829
 0.15999898 0.15999828 0.15999814 0.1599974 ]"
2912,2912,"[0.15999981 0.15999886 0.15999814 0.15999755 0.15999903 0.15999831
 0.15999896 0.15999826 0.15999822 0.1599975 ]"
2913,2913,"[0.15999982 0.15999884 0.15999813 0.15999752 0.15999919 0.15999832
 0.15999894 0.15999824 0.15999829 0.15999764]"
2914,2914,"[0.15999982 0.15999881 0.15999812 0.1599975  0.15999934 0.15999833
 0.15999892 0.15999823 0.15999834 0.15999779]"
2915,2915,"[0.15999983 0.15999879 0.15999811 0.15999748 0.15999947 0.15999835
 0.15999889 0.15999821 0.15999838 0.15999791]"
2916,2916,"[0.15999983 0.15999876 0.15999809 0.15999746 0.15999958 0.15999836
 0.15999887 0.1599982  0.15999839 0.159998  ]"
2917,2917,"[0.15999983 0.15999874 0.15999808 0.15999745 0.15999968 0.15999837
 0.15999884 0.15999819 0.1599984  0.15999805]"
2918,2918,"[0.15999984 0.15999871 0.15999807 0.15999743 0.15999976 0.15999839
 0.15999882 0.15999818 0.15999839 0.15999807]"
2919,2919,"[0.15999984 0.15999868 0.15999806 0.15999741 0.15999983 0.1599984
 0.15999879 0.15999817 0.15999837 0.15999808]"
2920,2920,"[0.15999984 0.15999866 0.15999805 0.1599974  0.15999988 0.15999842
 0.15999877 0.15999816 0.15999835 0.15999807]"
2921,2921,"[0.15999984 0.15999863 0.15999804 0.15999739 0.15999993 0.15999844
 0.15999874 0.15999815 0.15999832 0.15999806]"
2922,2922,"[0.15999985 0.1599986  0.15999803 0.15999738 0.15999996 0.15999845
 0.15999872 0.15999813 0.15999829 0.15999803]"
2923,2923,"[0.15999985 0.15999858 0.15999802 0.15999737 0.15999998 0.15999847
 0.15999869 0.15999811 0.15999826 0.159998  ]"
2924,2924,"[0.15999985 0.15999855 0.15999801 0.15999736 0.15999999 0.15999849
 0.15999866 0.15999808 0.15999823 0.15999797]"
2925,2925,"[0.15999985 0.15999852 0.15999801 0.15999735 0.16       0.15999851
 0.15999864 0.15999805 0.15999819 0.15999794]"
2926,2926,"[0.15999986 0.1599985  0.159998   0.15999734 0.16       0.15999853
 0.15999861 0.15999802 0.15999816 0.15999792]"
2927,2927,"[0.15999986 0.15999847 0.159998   0.15999734 0.15999999 0.15999855
 0.15999858 0.15999799 0.15999812 0.15999791]"
2928,2928,"[0.15999986 0.15999844 0.15999801 0.15999734 0.15999997 0.15999858
 0.15999855 0.15999797 0.15999809 0.15999792]"
2929,2929,"[0.15999986 0.15999841 0.15999803 0.15999733 0.15999994 0.15999861
 0.15999853 0.15999797 0.15999806 0.15999794]"
2930,2930,"[0.15999987 0.15999838 0.15999806 0.15999733 0.15999991 0.15999864
 0.1599985  0.15999799 0.15999802 0.15999797]"
2931,2931,"[0.15999987 0.15999836 0.15999812 0.15999733 0.15999989 0.15999867
 0.15999847 0.15999802 0.15999799 0.159998  ]"
2932,2932,"[0.15999986 0.15999833 0.1599982  0.15999734 0.15999991 0.1599987
 0.15999844 0.15999805 0.15999796 0.15999802]"
2933,2933,"[0.15999986 0.1599983  0.15999808 0.15999734 0.15999997 0.15999873
 0.15999841 0.15999809 0.15999793 0.15999804]"
2934,2934,"[0.15999984 0.15999827 0.15999768 0.15999735 0.16       0.15999876
 0.15999838 0.15999813 0.15999789 0.15999806]"
2935,2935,"[0.15999982 0.15999824 0.15999742 0.15999735 0.15999999 0.15999876
 0.15999835 0.15999816 0.15999786 0.15999807]"
2936,2936,"[0.15999979 0.15999821 0.15999734 0.15999736 0.15999998 0.15999875
 0.15999832 0.15999819 0.15999784 0.15999808]"
2937,2937,"[0.15999976 0.15999818 0.15999734 0.15999737 0.15999998 0.15999872
 0.15999829 0.15999822 0.15999781 0.15999808]"
2938,2938,"[0.15999972 0.15999815 0.15999736 0.15999738 0.15999998 0.15999868
 0.15999826 0.15999825 0.15999778 0.15999808]"
2939,2939,"[0.15999968 0.15999813 0.1599974  0.1599974  0.15999998 0.15999864
 0.15999823 0.15999827 0.15999775 0.15999808]"
2940,2940,"[0.15999964 0.1599981  0.15999745 0.15999741 0.15999998 0.1599986
 0.1599982  0.15999829 0.15999773 0.15999808]"
2941,2941,"[0.15999961 0.15999807 0.15999751 0.15999743 0.15999999 0.15999856
 0.15999817 0.1599983  0.15999771 0.15999808]"
2942,2942,"[0.15999958 0.15999804 0.15999757 0.15999744 0.15999999 0.15999853
 0.15999814 0.15999832 0.15999768 0.15999807]"
2943,2943,"[0.15999954 0.15999801 0.15999765 0.15999746 0.15999999 0.1599985
 0.15999811 0.15999833 0.15999766 0.15999807]"
2944,2944,"[0.15999951 0.15999798 0.15999773 0.15999748 0.15999999 0.15999848
 0.15999808 0.15999834 0.15999764 0.15999806]"
2945,2945,"[0.15999948 0.15999795 0.15999782 0.1599975  0.16       0.15999846
 0.15999805 0.15999834 0.15999763 0.15999805]"
2946,2946,"[0.15999945 0.15999793 0.15999791 0.15999752 0.16       0.15999844
 0.15999802 0.15999835 0.15999761 0.15999805]"
2947,2947,"[0.15999943 0.1599979  0.15999801 0.15999754 0.16       0.15999843
 0.15999799 0.15999836 0.15999759 0.15999804]"
2948,2948,"[0.1599994  0.15999787 0.15999811 0.15999757 0.16       0.15999842
 0.15999796 0.15999836 0.15999758 0.15999803]"
2949,2949,"[0.15999937 0.15999784 0.15999821 0.15999759 0.16       0.15999842
 0.15999793 0.15999836 0.15999756 0.15999802]"
2950,2950,"[0.15999934 0.15999782 0.15999831 0.15999762 0.16       0.15999841
 0.1599979  0.15999837 0.15999755 0.15999801]"
2951,2951,"[0.15999931 0.15999779 0.15999841 0.15999764 0.16       0.15999841
 0.15999787 0.15999837 0.15999754 0.159998  ]"
2952,2952,"[0.15999929 0.15999776 0.1599985  0.15999767 0.16       0.15999841
 0.15999785 0.15999838 0.15999752 0.15999798]"
2953,2953,"[0.15999926 0.15999774 0.15999859 0.1599977  0.15999999 0.15999841
 0.15999782 0.15999838 0.15999751 0.15999797]"
2954,2954,"[0.15999923 0.15999771 0.15999867 0.15999773 0.15999999 0.15999841
 0.15999779 0.15999839 0.1599975  0.15999796]"
2955,2955,"[0.1599992  0.15999769 0.15999874 0.15999776 0.15999999 0.15999841
 0.15999776 0.15999839 0.15999749 0.15999794]"
2956,2956,"[0.15999918 0.15999766 0.1599988  0.15999779 0.15999998 0.15999841
 0.15999774 0.1599984  0.15999748 0.15999793]"
2957,2957,"[0.15999915 0.15999764 0.15999886 0.15999782 0.15999998 0.15999841
 0.15999771 0.15999841 0.15999746 0.15999792]"
2958,2958,"[0.15999912 0.15999762 0.15999891 0.15999785 0.15999997 0.15999841
 0.15999769 0.15999842 0.15999745 0.1599979 ]"
2959,2959,"[0.15999909 0.15999759 0.15999895 0.15999788 0.15999996 0.15999841
 0.15999766 0.15999843 0.15999744 0.15999788]"
2960,2960,"[0.15999906 0.15999757 0.15999898 0.15999792 0.15999996 0.1599984
 0.15999764 0.15999845 0.15999743 0.15999787]"
2961,2961,"[0.15999903 0.15999755 0.15999901 0.15999795 0.15999995 0.1599984
 0.15999762 0.15999846 0.15999742 0.15999785]"
2962,2962,"[0.159999   0.15999753 0.15999904 0.15999798 0.15999994 0.15999839
 0.15999759 0.15999848 0.15999741 0.15999783]"
2963,2963,"[0.15999897 0.15999751 0.15999906 0.15999802 0.15999993 0.15999837
 0.15999757 0.1599985  0.1599974  0.15999782]"
2964,2964,"[0.15999894 0.15999749 0.15999907 0.15999805 0.15999992 0.15999835
 0.15999755 0.15999851 0.15999739 0.1599978 ]"
2965,2965,"[0.15999891 0.15999747 0.15999909 0.15999808 0.15999991 0.15999832
 0.15999753 0.15999852 0.15999738 0.15999778]"
2966,2966,"[0.15999888 0.15999746 0.1599991  0.15999812 0.15999989 0.15999828
 0.15999751 0.15999852 0.15999737 0.15999776]"
2967,2967,"[0.15999885 0.15999744 0.15999911 0.15999815 0.15999988 0.15999821
 0.15999749 0.1599985  0.15999736 0.15999774]"
2968,2968,"[0.15999882 0.15999743 0.15999911 0.15999819 0.15999987 0.15999814
 0.15999748 0.15999844 0.15999735 0.15999773]"
2969,2969,"[0.15999879 0.15999741 0.15999912 0.15999822 0.15999985 0.15999807
 0.15999746 0.15999831 0.15999734 0.15999771]"
2970,2970,"[0.15999875 0.1599974  0.15999912 0.15999826 0.15999984 0.15999807
 0.15999744 0.15999812 0.15999734 0.15999769]"
2971,2971,"[0.15999872 0.15999739 0.15999912 0.15999829 0.15999982 0.15999825
 0.15999743 0.15999791 0.15999734 0.15999767]"
2972,2972,"[0.15999869 0.15999738 0.15999913 0.15999833 0.15999981 0.15999866
 0.15999741 0.15999775 0.15999733 0.15999765]"
2973,2973,"[0.15999866 0.15999737 0.15999913 0.15999836 0.15999979 0.15999918
 0.1599974  0.15999765 0.15999733 0.15999763]"
2974,2974,"[0.15999862 0.15999736 0.15999912 0.1599984  0.15999977 0.15999959
 0.15999739 0.15999759 0.15999733 0.15999762]"
2975,2975,"[0.15999859 0.15999735 0.15999912 0.15999843 0.15999975 0.15999984
 0.15999738 0.15999755 0.15999734 0.1599976 ]"
2976,2976,"[0.15999856 0.15999735 0.15999912 0.15999847 0.15999973 0.15999996
 0.15999737 0.15999753 0.15999734 0.15999758]"
2977,2977,"[0.15999852 0.15999734 0.15999911 0.1599985  0.15999971 0.16
 0.15999736 0.15999751 0.15999735 0.15999756]"
2978,2978,"[0.15999849 0.15999734 0.15999911 0.15999853 0.15999969 0.15999999
 0.15999735 0.15999751 0.15999735 0.15999755]"
2979,2979,"[0.15999846 0.15999734 0.15999911 0.15999857 0.15999966 0.15999995
 0.15999735 0.15999751 0.15999736 0.15999753]"
2980,2980,"[0.15999842 0.15999733 0.1599991  0.1599986  0.15999964 0.15999989
 0.15999734 0.15999751 0.15999737 0.15999751]"
2981,2981,"[0.15999839 0.15999733 0.15999909 0.15999863 0.15999962 0.15999981
 0.15999734 0.15999751 0.15999739 0.1599975 ]"
2982,2982,"[0.15999835 0.15999733 0.15999908 0.15999867 0.15999959 0.15999972
 0.15999734 0.15999752 0.1599974  0.15999748]"
2983,2983,"[0.15999832 0.15999734 0.15999908 0.1599987  0.15999956 0.15999962
 0.15999733 0.15999753 0.15999742 0.15999746]"
2984,2984,"[0.15999828 0.15999734 0.15999907 0.15999873 0.15999953 0.15999951
 0.15999733 0.15999754 0.15999744 0.15999745]"
2985,2985,"[0.15999825 0.15999734 0.15999906 0.15999876 0.1599995  0.1599994
 0.15999733 0.15999756 0.15999746 0.15999744]"
2986,2986,"[0.15999821 0.15999735 0.15999905 0.1599988  0.15999947 0.15999929
 0.15999734 0.15999757 0.15999748 0.15999742]"
2987,2987,"[0.15999818 0.15999735 0.15999904 0.15999883 0.15999944 0.15999918
 0.15999734 0.15999759 0.1599975  0.15999741]"
2988,2988,"[0.15999814 0.15999736 0.15999903 0.15999886 0.15999941 0.15999906
 0.15999734 0.15999761 0.15999752 0.1599974 ]"
2989,2989,"[0.15999811 0.15999737 0.15999902 0.15999889 0.15999937 0.15999896
 0.15999735 0.15999763 0.15999755 0.15999739]"
2990,2990,"[0.15999808 0.15999738 0.159999   0.15999892 0.15999934 0.15999886
 0.15999735 0.15999765 0.15999758 0.15999738]"
2991,2991,"[0.15999804 0.15999739 0.15999899 0.15999895 0.1599993  0.15999876
 0.15999736 0.15999767 0.1599976  0.15999737]"
2992,2992,"[0.15999801 0.1599974  0.15999898 0.15999898 0.15999926 0.15999867
 0.15999737 0.1599977  0.15999763 0.15999736]"
2993,2993,"[0.15999797 0.15999741 0.15999896 0.159999   0.15999922 0.15999859
 0.15999737 0.15999773 0.15999766 0.15999735]"
2994,2994,"[0.15999794 0.15999743 0.15999895 0.15999903 0.15999918 0.15999851
 0.15999738 0.15999775 0.15999769 0.15999735]"
2995,2995,"[0.15999791 0.15999744 0.15999893 0.15999906 0.15999914 0.15999845
 0.1599974  0.15999779 0.15999773 0.15999734]"
2996,2996,"[0.15999787 0.15999746 0.15999891 0.15999909 0.15999909 0.15999839
 0.15999741 0.15999782 0.15999776 0.15999734]"
2997,2997,"[0.15999784 0.15999747 0.1599989  0.15999911 0.15999905 0.15999833
 0.15999742 0.15999785 0.15999779 0.15999734]"
2998,2998,"[0.15999781 0.15999749 0.15999888 0.15999914 0.159999   0.15999828
 0.15999743 0.15999789 0.15999782 0.15999733]"
2999,2999,"[0.15999778 0.15999751 0.15999886 0.15999917 0.15999896 0.15999824
 0.15999745 0.15999793 0.15999786 0.15999733]"
