,iteration,speed
0,0,"[0.16       0.15999999 0.15999999 0.16       0.15999999 0.15999999
 0.16       0.15999999 0.16       0.15999999]"
1,1,"[0.16       0.15999999 0.15999999 0.16       0.15999999 0.15999999
 0.16       0.15999999 0.16       0.15999999]"
2,2,"[0.16       0.15999999 0.15999999 0.16       0.15999999 0.15999999
 0.16       0.15999999 0.16       0.15999999]"
3,3,"[0.16       0.15999999 0.15999999 0.16       0.15999999 0.15999999
 0.16       0.15999999 0.16       0.15999999]"
4,4,"[0.16       0.15999999 0.15999999 0.16       0.15999999 0.15999999
 0.16       0.15999999 0.16       0.15999999]"
5,5,"[0.16       0.15999998 0.15999999 0.16       0.15999999 0.15999998
 0.16       0.15999999 0.16       0.15999999]"
6,6,"[0.16       0.15999998 0.15999998 0.16       0.15999998 0.15999998
 0.16       0.15999998 0.16       0.15999998]"
7,7,"[0.16       0.15999998 0.15999998 0.16       0.15999998 0.15999998
 0.16       0.15999998 0.16       0.15999998]"
8,8,"[0.16       0.15999998 0.15999998 0.16       0.15999998 0.15999998
 0.16       0.15999998 0.16       0.15999998]"
9,9,"[0.16       0.15999998 0.15999998 0.16       0.15999998 0.15999998
 0.16       0.15999998 0.16       0.15999998]"
10,10,"[0.16       0.15999998 0.15999998 0.16       0.15999998 0.15999998
 0.16       0.15999998 0.16       0.15999998]"
11,11,"[0.16       0.15999998 0.15999998 0.16       0.15999998 0.15999998
 0.16       0.15999998 0.16       0.15999998]"
12,12,"[0.16       0.15999998 0.15999998 0.16       0.15999998 0.15999998
 0.16       0.15999998 0.16       0.15999998]"
13,13,"[0.16       0.15999998 0.15999998 0.16       0.15999998 0.15999998
 0.16       0.15999998 0.16       0.15999998]"
14,14,"[0.16       0.15999998 0.15999998 0.16       0.15999998 0.15999998
 0.16       0.15999998 0.16       0.15999998]"
15,15,"[0.16       0.15999998 0.15999998 0.16       0.15999998 0.15999998
 0.16       0.15999998 0.16       0.15999998]"
16,16,"[0.16       0.15999998 0.15999998 0.16       0.15999998 0.15999998
 0.16       0.15999998 0.16       0.15999998]"
17,17,"[0.16       0.15999998 0.15999998 0.16       0.15999998 0.15999998
 0.16       0.15999998 0.16       0.15999998]"
18,18,"[0.16       0.15999998 0.15999998 0.16       0.15999998 0.15999998
 0.16       0.15999998 0.16       0.15999998]"
19,19,"[0.16       0.15999998 0.15999998 0.16       0.15999998 0.15999998
 0.16       0.15999998 0.16       0.15999998]"
20,20,"[0.16       0.15999998 0.15999998 0.16       0.15999998 0.15999998
 0.16       0.15999998 0.16       0.15999998]"
21,21,"[0.16       0.15999998 0.15999998 0.16       0.15999998 0.15999998
 0.16       0.15999998 0.16       0.15999998]"
22,22,"[0.16       0.15999998 0.15999998 0.16       0.15999998 0.15999998
 0.16       0.15999998 0.16       0.15999998]"
23,23,"[0.16       0.15999998 0.15999998 0.16       0.15999998 0.15999998
 0.16       0.15999998 0.16       0.15999998]"
24,24,"[0.16       0.15999998 0.15999998 0.16       0.15999998 0.15999998
 0.16       0.15999998 0.16       0.15999998]"
25,25,"[0.16       0.15999998 0.15999998 0.16       0.15999998 0.15999998
 0.16       0.15999998 0.16       0.15999998]"
26,26,"[0.16       0.15999998 0.15999998 0.16       0.15999998 0.15999998
 0.16       0.15999998 0.16       0.15999998]"
27,27,"[0.16       0.15999997 0.15999998 0.16       0.15999998 0.15999997
 0.16       0.15999998 0.16       0.15999998]"
28,28,"[0.16       0.15999997 0.15999998 0.16       0.15999998 0.15999997
 0.16       0.15999998 0.16       0.15999998]"
29,29,"[0.16       0.15999997 0.15999998 0.16       0.15999998 0.15999997
 0.16       0.15999998 0.16       0.15999998]"
30,30,"[0.16       0.15999997 0.15999997 0.16       0.15999997 0.15999997
 0.16       0.15999997 0.16       0.15999997]"
31,31,"[0.16       0.15999997 0.15999997 0.15999999 0.15999997 0.15999997
 0.15999999 0.15999997 0.16       0.15999997]"
32,32,"[0.16       0.15999997 0.15999997 0.15999999 0.15999997 0.15999997
 0.15999999 0.15999997 0.16       0.15999997]"
33,33,"[0.16       0.15999997 0.15999997 0.15999999 0.15999997 0.15999997
 0.15999999 0.15999997 0.16       0.15999997]"
34,34,"[0.16       0.15999997 0.15999997 0.15999999 0.15999997 0.15999997
 0.15999999 0.15999997 0.16       0.15999997]"
35,35,"[0.16       0.15999997 0.15999997 0.15999999 0.15999997 0.15999997
 0.15999999 0.15999997 0.16       0.15999997]"
36,36,"[0.16       0.15999997 0.15999997 0.15999999 0.15999997 0.15999997
 0.15999999 0.15999997 0.16       0.15999997]"
37,37,"[0.16       0.15999997 0.15999997 0.15999999 0.15999997 0.15999997
 0.15999999 0.15999997 0.16       0.15999997]"
38,38,"[0.16       0.15999997 0.15999997 0.15999999 0.15999997 0.15999997
 0.15999999 0.15999997 0.16       0.15999997]"
39,39,"[0.16       0.15999997 0.15999997 0.15999999 0.15999997 0.15999997
 0.15999999 0.15999997 0.16       0.15999997]"
40,40,"[0.16       0.15999997 0.15999997 0.15999999 0.15999997 0.15999997
 0.15999999 0.15999997 0.16       0.15999997]"
41,41,"[0.16       0.15999996 0.15999997 0.15999999 0.15999997 0.15999996
 0.15999999 0.15999997 0.16       0.15999997]"
42,42,"[0.15999999 0.15999996 0.15999997 0.15999999 0.15999997 0.15999996
 0.15999999 0.15999997 0.15999999 0.15999997]"
43,43,"[0.15999999 0.15999996 0.15999997 0.15999999 0.15999997 0.15999996
 0.15999999 0.15999997 0.15999999 0.15999997]"
44,44,"[0.15999999 0.15999996 0.15999997 0.15999999 0.15999997 0.15999996
 0.15999999 0.15999997 0.15999999 0.15999997]"
45,45,"[0.15999999 0.15999996 0.15999997 0.15999999 0.15999997 0.15999996
 0.15999999 0.15999997 0.15999999 0.15999997]"
46,46,"[0.15999999 0.15999996 0.15999997 0.15999999 0.15999997 0.15999996
 0.15999999 0.15999997 0.15999999 0.15999997]"
47,47,"[0.15999999 0.15999996 0.15999996 0.15999999 0.15999996 0.15999996
 0.15999999 0.15999996 0.15999999 0.15999996]"
48,48,"[0.15999999 0.15999996 0.15999996 0.15999999 0.15999996 0.15999996
 0.15999999 0.15999996 0.15999999 0.15999996]"
49,49,"[0.15999999 0.15999996 0.15999996 0.15999999 0.15999996 0.15999996
 0.15999999 0.15999996 0.15999999 0.15999996]"
50,50,"[0.15999999 0.15999996 0.15999996 0.15999999 0.15999996 0.15999996
 0.15999999 0.15999996 0.15999999 0.15999996]"
51,51,"[0.15999999 0.15999996 0.15999996 0.15999999 0.15999996 0.15999996
 0.15999999 0.15999996 0.15999999 0.15999996]"
52,52,"[0.15999999 0.15999995 0.15999996 0.15999999 0.15999996 0.15999995
 0.15999999 0.15999996 0.15999999 0.15999996]"
53,53,"[0.15999999 0.15999995 0.15999996 0.15999999 0.15999996 0.15999995
 0.15999999 0.15999996 0.15999999 0.15999996]"
54,54,"[0.15999999 0.15999995 0.15999996 0.15999999 0.15999996 0.15999995
 0.15999999 0.15999996 0.15999999 0.15999996]"
55,55,"[0.15999999 0.15999995 0.15999996 0.15999999 0.15999996 0.15999995
 0.15999999 0.15999996 0.15999999 0.15999996]"
56,56,"[0.15999999 0.15999995 0.15999996 0.15999999 0.15999996 0.15999995
 0.15999999 0.15999996 0.15999999 0.15999996]"
57,57,"[0.15999999 0.15999995 0.15999996 0.15999999 0.15999996 0.15999995
 0.15999999 0.15999996 0.15999999 0.15999996]"
58,58,"[0.15999999 0.15999995 0.15999996 0.15999999 0.15999996 0.15999995
 0.15999999 0.15999996 0.15999999 0.15999996]"
59,59,"[0.15999999 0.15999995 0.15999996 0.15999999 0.15999996 0.15999995
 0.15999999 0.15999996 0.15999999 0.15999996]"
60,60,"[0.15999999 0.15999994 0.15999995 0.15999999 0.15999995 0.15999994
 0.15999999 0.15999995 0.15999999 0.15999995]"
61,61,"[0.15999999 0.15999994 0.15999995 0.15999999 0.15999995 0.15999994
 0.15999999 0.15999995 0.15999999 0.15999995]"
62,62,"[0.15999999 0.15999994 0.15999995 0.15999999 0.15999995 0.15999994
 0.15999999 0.15999995 0.15999999 0.15999995]"
63,63,"[0.15999999 0.15999994 0.15999995 0.15999999 0.15999995 0.15999994
 0.15999999 0.15999995 0.15999999 0.15999995]"
64,64,"[0.15999999 0.15999994 0.15999995 0.15999999 0.15999995 0.15999994
 0.15999999 0.15999995 0.15999999 0.15999995]"
65,65,"[0.15999999 0.15999994 0.15999995 0.15999999 0.15999995 0.15999994
 0.15999999 0.15999995 0.15999999 0.15999995]"
66,66,"[0.15999999 0.15999994 0.15999995 0.15999999 0.15999995 0.15999994
 0.15999999 0.15999995 0.15999999 0.15999995]"
67,67,"[0.15999999 0.15999993 0.15999995 0.15999999 0.15999995 0.15999993
 0.15999999 0.15999995 0.15999999 0.15999995]"
68,68,"[0.15999999 0.15999993 0.15999995 0.15999999 0.15999995 0.15999993
 0.15999999 0.15999995 0.15999999 0.15999995]"
69,69,"[0.15999999 0.15999993 0.15999995 0.15999999 0.15999995 0.15999993
 0.15999999 0.15999995 0.15999999 0.15999995]"
70,70,"[0.15999999 0.15999993 0.15999995 0.15999999 0.15999995 0.15999993
 0.15999999 0.15999995 0.15999999 0.15999994]"
71,71,"[0.15999999 0.15999993 0.15999994 0.15999998 0.15999994 0.15999993
 0.15999998 0.15999994 0.15999999 0.15999994]"
72,72,"[0.15999999 0.15999993 0.15999994 0.15999998 0.15999994 0.15999993
 0.15999998 0.15999994 0.15999999 0.15999994]"
73,73,"[0.15999999 0.15999992 0.15999994 0.15999998 0.15999994 0.15999992
 0.15999998 0.15999994 0.15999999 0.15999994]"
74,74,"[0.15999999 0.15999992 0.15999994 0.15999998 0.15999994 0.15999992
 0.15999998 0.15999994 0.15999999 0.15999994]"
75,75,"[0.15999999 0.15999992 0.15999994 0.15999998 0.15999994 0.15999992
 0.15999998 0.15999994 0.15999999 0.15999994]"
76,76,"[0.15999999 0.15999992 0.15999994 0.15999998 0.15999994 0.15999992
 0.15999998 0.15999994 0.15999999 0.15999994]"
77,77,"[0.15999999 0.15999992 0.15999994 0.15999998 0.15999994 0.15999992
 0.15999998 0.15999994 0.15999999 0.15999994]"
78,78,"[0.15999999 0.15999992 0.15999994 0.15999998 0.15999994 0.15999992
 0.15999998 0.15999994 0.15999999 0.15999994]"
79,79,"[0.15999999 0.15999991 0.15999994 0.15999998 0.15999994 0.15999991
 0.15999998 0.15999994 0.15999999 0.15999994]"
80,80,"[0.15999999 0.15999991 0.15999993 0.15999998 0.15999993 0.15999991
 0.15999998 0.15999993 0.15999999 0.15999993]"
81,81,"[0.15999999 0.15999991 0.15999993 0.15999998 0.15999993 0.15999991
 0.15999998 0.15999993 0.15999999 0.15999993]"
82,82,"[0.15999999 0.15999991 0.15999993 0.15999998 0.15999993 0.15999991
 0.15999998 0.15999993 0.15999999 0.15999993]"
83,83,"[0.15999999 0.15999991 0.15999993 0.15999998 0.15999993 0.15999991
 0.15999998 0.15999993 0.15999999 0.15999993]"
84,84,"[0.15999999 0.1599999  0.15999993 0.15999998 0.15999993 0.1599999
 0.15999998 0.15999993 0.15999999 0.15999993]"
85,85,"[0.15999999 0.1599999  0.15999993 0.15999998 0.15999993 0.1599999
 0.15999998 0.15999993 0.15999999 0.15999993]"
86,86,"[0.15999999 0.1599999  0.15999993 0.15999998 0.15999993 0.1599999
 0.15999998 0.15999993 0.15999999 0.15999993]"
87,87,"[0.15999999 0.1599999  0.15999993 0.15999998 0.15999993 0.1599999
 0.15999998 0.15999993 0.15999999 0.15999993]"
88,88,"[0.15999999 0.15999989 0.15999993 0.15999998 0.15999993 0.15999989
 0.15999998 0.15999993 0.15999999 0.15999992]"
89,89,"[0.15999999 0.15999989 0.15999992 0.15999997 0.15999992 0.15999989
 0.15999997 0.15999992 0.15999999 0.15999992]"
90,90,"[0.15999999 0.15999989 0.15999992 0.15999997 0.15999992 0.15999989
 0.15999997 0.15999992 0.15999999 0.15999992]"
91,91,"[0.15999999 0.15999989 0.15999992 0.15999997 0.15999992 0.15999989
 0.15999997 0.15999992 0.15999999 0.15999992]"
92,92,"[0.15999999 0.15999988 0.15999992 0.15999997 0.15999992 0.15999988
 0.15999997 0.15999992 0.15999999 0.15999992]"
93,93,"[0.15999999 0.15999988 0.15999992 0.15999997 0.15999992 0.15999988
 0.15999997 0.15999992 0.15999999 0.15999992]"
94,94,"[0.15999999 0.15999988 0.15999992 0.15999997 0.15999992 0.15999988
 0.15999997 0.15999992 0.15999999 0.15999992]"
95,95,"[0.15999999 0.15999988 0.15999992 0.15999997 0.15999992 0.15999988
 0.15999997 0.15999992 0.15999999 0.15999991]"
96,96,"[0.15999999 0.15999987 0.15999992 0.15999997 0.15999992 0.15999987
 0.15999997 0.15999992 0.15999999 0.15999991]"
97,97,"[0.15999999 0.15999987 0.15999991 0.15999997 0.15999991 0.15999987
 0.15999997 0.15999991 0.15999999 0.15999991]"
98,98,"[0.15999999 0.15999987 0.15999991 0.15999997 0.15999991 0.15999987
 0.15999997 0.15999991 0.15999999 0.15999991]"
99,99,"[0.15999999 0.15999986 0.15999991 0.15999997 0.15999991 0.15999986
 0.15999997 0.15999991 0.15999999 0.15999991]"
100,100,"[0.15999999 0.15999986 0.15999991 0.15999996 0.15999991 0.15999986
 0.15999996 0.15999991 0.15999999 0.15999991]"
101,101,"[0.15999999 0.15999986 0.15999991 0.15999996 0.15999991 0.15999986
 0.15999996 0.15999991 0.15999999 0.15999991]"
102,102,"[0.15999999 0.15999986 0.15999991 0.15999996 0.15999991 0.15999986
 0.15999996 0.15999991 0.15999999 0.1599999 ]"
103,103,"[0.15999999 0.15999985 0.15999991 0.15999996 0.15999991 0.15999985
 0.15999996 0.15999991 0.15999999 0.1599999 ]"
104,104,"[0.15999999 0.15999985 0.1599999  0.15999996 0.1599999  0.15999985
 0.15999996 0.1599999  0.15999999 0.1599999 ]"
105,105,"[0.15999999 0.15999985 0.1599999  0.15999996 0.1599999  0.15999985
 0.15999996 0.1599999  0.15999999 0.1599999 ]"
106,106,"[0.15999999 0.15999984 0.1599999  0.15999996 0.1599999  0.15999984
 0.15999996 0.1599999  0.15999999 0.1599999 ]"
107,107,"[0.15999999 0.15999984 0.1599999  0.15999996 0.1599999  0.15999984
 0.15999996 0.1599999  0.15999999 0.1599999 ]"
108,108,"[0.15999999 0.15999984 0.1599999  0.15999995 0.1599999  0.15999984
 0.15999995 0.1599999  0.15999999 0.1599999 ]"
109,109,"[0.15999999 0.15999983 0.1599999  0.15999995 0.1599999  0.15999983
 0.15999995 0.1599999  0.15999999 0.15999989]"
110,110,"[0.15999998 0.15999983 0.1599999  0.15999995 0.1599999  0.15999983
 0.15999995 0.1599999  0.15999998 0.15999989]"
111,111,"[0.15999998 0.15999982 0.1599999  0.15999995 0.1599999  0.15999982
 0.15999995 0.1599999  0.15999998 0.15999989]"
112,112,"[0.15999998 0.15999982 0.15999989 0.15999995 0.15999989 0.15999982
 0.15999995 0.15999989 0.15999998 0.15999989]"
113,113,"[0.15999998 0.15999982 0.15999989 0.15999995 0.15999989 0.15999982
 0.15999995 0.15999989 0.15999998 0.15999989]"
114,114,"[0.15999998 0.15999981 0.15999989 0.15999995 0.15999989 0.15999981
 0.15999995 0.15999989 0.15999998 0.15999989]"
115,115,"[0.15999998 0.15999981 0.15999989 0.15999994 0.15999989 0.15999981
 0.15999994 0.15999989 0.15999998 0.15999988]"
116,116,"[0.15999998 0.15999981 0.15999989 0.15999994 0.15999989 0.15999981
 0.15999994 0.15999989 0.15999998 0.15999988]"
117,117,"[0.15999998 0.1599998  0.15999989 0.15999994 0.15999989 0.1599998
 0.15999994 0.15999989 0.15999998 0.15999988]"
118,118,"[0.15999998 0.1599998  0.15999989 0.15999994 0.15999989 0.1599998
 0.15999994 0.15999989 0.15999998 0.15999988]"
119,119,"[0.15999998 0.15999979 0.15999988 0.15999994 0.15999988 0.15999979
 0.15999994 0.15999988 0.15999998 0.15999988]"
120,120,"[0.15999998 0.15999979 0.15999988 0.15999993 0.15999988 0.15999979
 0.15999993 0.15999988 0.15999998 0.15999987]"
121,121,"[0.15999998 0.15999978 0.15999988 0.15999993 0.15999988 0.15999978
 0.15999993 0.15999988 0.15999998 0.15999987]"
122,122,"[0.15999998 0.15999978 0.15999988 0.15999993 0.15999988 0.15999978
 0.15999993 0.15999988 0.15999998 0.15999987]"
123,123,"[0.15999998 0.15999978 0.15999988 0.15999993 0.15999988 0.15999978
 0.15999993 0.15999988 0.15999998 0.15999987]"
124,124,"[0.15999998 0.15999977 0.15999988 0.15999993 0.15999988 0.15999977
 0.15999993 0.15999988 0.15999998 0.15999987]"
125,125,"[0.15999998 0.15999977 0.15999988 0.15999992 0.15999988 0.15999977
 0.15999992 0.15999988 0.15999998 0.15999987]"
126,126,"[0.15999998 0.15999976 0.15999988 0.15999992 0.15999988 0.15999976
 0.15999992 0.15999988 0.15999998 0.15999986]"
127,127,"[0.15999998 0.15999976 0.15999987 0.15999992 0.15999987 0.15999976
 0.15999992 0.15999987 0.15999998 0.15999986]"
128,128,"[0.15999998 0.15999975 0.15999987 0.15999992 0.15999987 0.15999975
 0.15999992 0.15999987 0.15999998 0.15999986]"
129,129,"[0.15999998 0.15999975 0.15999987 0.15999991 0.15999987 0.15999975
 0.15999991 0.15999987 0.15999998 0.15999986]"
130,130,"[0.15999998 0.15999974 0.15999987 0.15999991 0.15999987 0.15999974
 0.15999991 0.15999987 0.15999998 0.15999986]"
131,131,"[0.15999998 0.15999974 0.15999987 0.15999991 0.15999987 0.15999974
 0.15999991 0.15999987 0.15999998 0.15999985]"
132,132,"[0.15999998 0.15999973 0.15999987 0.1599999  0.15999987 0.15999973
 0.1599999  0.15999987 0.15999998 0.15999985]"
133,133,"[0.15999998 0.15999973 0.15999987 0.1599999  0.15999987 0.15999973
 0.1599999  0.15999987 0.15999998 0.15999985]"
134,134,"[0.15999998 0.15999972 0.15999987 0.1599999  0.15999987 0.15999972
 0.1599999  0.15999987 0.15999998 0.15999985]"
135,135,"[0.15999998 0.15999972 0.15999987 0.15999989 0.15999987 0.15999972
 0.15999989 0.15999987 0.15999998 0.15999985]"
136,136,"[0.15999998 0.15999971 0.15999987 0.15999989 0.15999987 0.15999971
 0.15999989 0.15999987 0.15999998 0.15999985]"
137,137,"[0.15999998 0.15999971 0.15999986 0.15999989 0.15999986 0.15999971
 0.15999989 0.15999986 0.15999998 0.15999984]"
138,138,"[0.15999998 0.1599997  0.15999986 0.15999988 0.15999986 0.1599997
 0.15999988 0.15999986 0.15999998 0.15999984]"
139,139,"[0.15999998 0.15999969 0.15999986 0.15999988 0.15999986 0.15999969
 0.15999988 0.15999986 0.15999998 0.15999984]"
140,140,"[0.15999998 0.15999969 0.15999986 0.15999988 0.15999986 0.15999969
 0.15999988 0.15999986 0.15999998 0.15999984]"
141,141,"[0.15999998 0.15999968 0.15999986 0.15999987 0.15999986 0.15999968
 0.15999987 0.15999986 0.15999998 0.15999984]"
142,142,"[0.15999998 0.15999968 0.15999986 0.15999987 0.15999986 0.15999968
 0.15999987 0.15999986 0.15999998 0.15999983]"
143,143,"[0.15999998 0.15999967 0.15999986 0.15999986 0.15999986 0.15999967
 0.15999986 0.15999986 0.15999998 0.15999983]"
144,144,"[0.15999998 0.15999966 0.15999986 0.15999986 0.15999986 0.15999966
 0.15999986 0.15999986 0.15999998 0.15999983]"
145,145,"[0.15999998 0.15999966 0.15999986 0.15999985 0.15999986 0.15999966
 0.15999985 0.15999986 0.15999998 0.15999983]"
146,146,"[0.15999997 0.15999965 0.15999986 0.15999985 0.15999986 0.15999965
 0.15999985 0.15999986 0.15999997 0.15999983]"
147,147,"[0.15999997 0.15999965 0.15999986 0.15999984 0.15999986 0.15999965
 0.15999984 0.15999986 0.15999997 0.15999982]"
148,148,"[0.15999997 0.15999964 0.15999986 0.15999984 0.15999986 0.15999964
 0.15999984 0.15999986 0.15999997 0.15999982]"
149,149,"[0.15999997 0.15999963 0.15999986 0.15999983 0.15999986 0.15999963
 0.15999983 0.15999986 0.15999997 0.15999982]"
150,150,"[0.15999997 0.15999963 0.15999985 0.15999983 0.15999985 0.15999963
 0.15999983 0.15999985 0.15999997 0.15999982]"
151,151,"[0.15999997 0.15999962 0.15999985 0.15999982 0.15999985 0.15999962
 0.15999982 0.15999985 0.15999997 0.15999982]"
152,152,"[0.15999997 0.15999961 0.15999985 0.15999981 0.15999985 0.15999961
 0.15999981 0.15999985 0.15999997 0.15999981]"
153,153,"[0.15999997 0.15999961 0.15999985 0.15999981 0.15999985 0.15999961
 0.15999981 0.15999985 0.15999997 0.15999981]"
154,154,"[0.15999997 0.1599996  0.15999985 0.1599998  0.15999985 0.1599996
 0.1599998  0.15999985 0.15999997 0.15999981]"
155,155,"[0.15999997 0.15999959 0.15999985 0.1599998  0.15999985 0.15999959
 0.1599998  0.15999985 0.15999997 0.15999981]"
156,156,"[0.15999997 0.15999959 0.15999985 0.15999979 0.15999985 0.15999959
 0.15999979 0.15999985 0.15999997 0.15999981]"
157,157,"[0.15999997 0.15999958 0.15999985 0.15999978 0.15999985 0.15999958
 0.15999978 0.15999985 0.15999997 0.1599998 ]"
158,158,"[0.15999997 0.15999957 0.15999985 0.15999977 0.15999985 0.15999957
 0.15999977 0.15999985 0.15999997 0.1599998 ]"
159,159,"[0.15999997 0.15999957 0.15999985 0.15999977 0.15999985 0.15999957
 0.15999977 0.15999985 0.15999997 0.1599998 ]"
160,160,"[0.15999997 0.15999956 0.15999985 0.15999976 0.15999985 0.15999956
 0.15999976 0.15999985 0.15999997 0.1599998 ]"
161,161,"[0.15999997 0.15999955 0.15999985 0.15999975 0.15999985 0.15999955
 0.15999975 0.15999985 0.15999997 0.1599998 ]"
162,162,"[0.15999997 0.15999955 0.15999985 0.15999974 0.15999985 0.15999955
 0.15999974 0.15999985 0.15999997 0.15999979]"
163,163,"[0.15999997 0.15999954 0.15999985 0.15999973 0.15999985 0.15999954
 0.15999973 0.15999985 0.15999997 0.15999979]"
164,164,"[0.15999997 0.15999953 0.15999985 0.15999973 0.15999985 0.15999953
 0.15999973 0.15999985 0.15999997 0.15999979]"
165,165,"[0.15999997 0.15999952 0.15999985 0.15999972 0.15999985 0.15999952
 0.15999972 0.15999985 0.15999997 0.15999979]"
166,166,"[0.15999997 0.15999952 0.15999986 0.15999971 0.15999986 0.15999952
 0.15999971 0.15999986 0.15999997 0.15999979]"
167,167,"[0.15999996 0.15999951 0.15999986 0.1599997  0.15999986 0.15999951
 0.1599997  0.15999986 0.15999996 0.15999978]"
168,168,"[0.15999996 0.1599995  0.15999986 0.15999969 0.15999986 0.1599995
 0.15999969 0.15999986 0.15999996 0.15999978]"
169,169,"[0.15999996 0.1599995  0.15999986 0.15999968 0.15999986 0.1599995
 0.15999968 0.15999986 0.15999996 0.15999978]"
170,170,"[0.15999996 0.15999949 0.15999986 0.15999967 0.15999986 0.15999949
 0.15999967 0.15999986 0.15999996 0.15999978]"
171,171,"[0.15999996 0.15999948 0.15999986 0.15999966 0.15999986 0.15999948
 0.15999966 0.15999986 0.15999996 0.15999978]"
172,172,"[0.15999996 0.15999947 0.15999986 0.15999964 0.15999986 0.15999947
 0.15999964 0.15999986 0.15999996 0.15999977]"
173,173,"[0.15999996 0.15999947 0.15999986 0.15999963 0.15999986 0.15999947
 0.15999963 0.15999986 0.15999996 0.15999977]"
174,174,"[0.15999996 0.15999946 0.15999986 0.15999962 0.15999986 0.15999946
 0.15999962 0.15999986 0.15999996 0.15999977]"
175,175,"[0.15999996 0.15999945 0.15999986 0.15999961 0.15999986 0.15999945
 0.15999961 0.15999986 0.15999996 0.15999977]"
176,176,"[0.15999996 0.15999944 0.15999986 0.1599996  0.15999986 0.15999944
 0.1599996  0.15999986 0.15999996 0.15999977]"
177,177,"[0.15999996 0.15999944 0.15999986 0.15999958 0.15999986 0.15999944
 0.15999958 0.15999986 0.15999996 0.15999976]"
178,178,"[0.15999996 0.15999943 0.15999987 0.15999957 0.15999987 0.15999943
 0.15999957 0.15999987 0.15999996 0.15999976]"
179,179,"[0.15999996 0.15999942 0.15999987 0.15999956 0.15999987 0.15999942
 0.15999956 0.15999987 0.15999996 0.15999976]"
180,180,"[0.15999996 0.15999941 0.15999987 0.15999954 0.15999987 0.15999941
 0.15999954 0.15999987 0.15999996 0.15999976]"
181,181,"[0.15999996 0.1599994  0.15999987 0.15999953 0.15999987 0.1599994
 0.15999953 0.15999987 0.15999996 0.15999976]"
182,182,"[0.15999995 0.1599994  0.15999987 0.15999951 0.15999987 0.1599994
 0.15999951 0.15999987 0.15999995 0.15999975]"
183,183,"[0.15999995 0.15999939 0.15999987 0.1599995  0.15999987 0.15999939
 0.1599995  0.15999987 0.15999995 0.15999975]"
184,184,"[0.15999995 0.15999938 0.15999987 0.15999948 0.15999987 0.15999938
 0.15999948 0.15999987 0.15999995 0.15999975]"
185,185,"[0.15999995 0.15999937 0.15999988 0.15999947 0.15999988 0.15999937
 0.15999947 0.15999988 0.15999995 0.15999975]"
186,186,"[0.15999995 0.15999937 0.15999988 0.15999945 0.15999988 0.15999937
 0.15999945 0.15999988 0.15999995 0.15999975]"
187,187,"[0.15999995 0.15999936 0.15999988 0.15999943 0.15999988 0.15999936
 0.15999943 0.15999988 0.15999995 0.15999974]"
188,188,"[0.15999995 0.15999935 0.15999988 0.15999942 0.15999988 0.15999935
 0.15999942 0.15999988 0.15999995 0.15999974]"
189,189,"[0.15999995 0.15999934 0.15999988 0.1599994  0.15999988 0.15999934
 0.1599994  0.15999988 0.15999995 0.15999974]"
190,190,"[0.15999995 0.15999934 0.15999988 0.15999938 0.15999988 0.15999934
 0.15999938 0.15999988 0.15999995 0.15999974]"
191,191,"[0.15999995 0.15999933 0.15999989 0.15999936 0.15999989 0.15999933
 0.15999936 0.15999989 0.15999995 0.15999974]"
192,192,"[0.15999995 0.15999932 0.15999989 0.15999934 0.15999989 0.15999932
 0.15999934 0.15999989 0.15999995 0.15999973]"
193,193,"[0.15999995 0.15999931 0.15999989 0.15999932 0.15999989 0.15999931
 0.15999932 0.15999989 0.15999995 0.15999973]"
194,194,"[0.15999994 0.15999931 0.15999989 0.1599993  0.15999989 0.15999931
 0.1599993  0.15999989 0.15999994 0.15999973]"
195,195,"[0.15999994 0.1599993  0.15999989 0.15999929 0.15999989 0.1599993
 0.15999929 0.15999989 0.15999994 0.15999973]"
196,196,"[0.15999994 0.15999929 0.1599999  0.15999927 0.1599999  0.15999929
 0.15999927 0.1599999  0.15999994 0.15999973]"
197,197,"[0.15999994 0.15999929 0.1599999  0.15999925 0.1599999  0.15999929
 0.15999925 0.1599999  0.15999994 0.15999972]"
198,198,"[0.15999994 0.15999928 0.1599999  0.15999922 0.1599999  0.15999928
 0.15999922 0.1599999  0.15999994 0.15999972]"
199,199,"[0.15999994 0.15999927 0.1599999  0.1599992  0.1599999  0.15999927
 0.1599992  0.1599999  0.15999994 0.15999972]"
200,200,"[0.15999994 0.15999926 0.1599999  0.15999918 0.1599999  0.15999926
 0.15999918 0.1599999  0.15999994 0.15999972]"
201,201,"[0.15999994 0.15999926 0.15999991 0.15999916 0.15999991 0.15999926
 0.15999916 0.15999991 0.15999994 0.15999972]"
202,202,"[0.15999994 0.15999925 0.15999991 0.15999914 0.15999991 0.15999925
 0.15999914 0.15999991 0.15999994 0.15999972]"
203,203,"[0.15999994 0.15999924 0.15999991 0.15999912 0.15999991 0.15999924
 0.15999912 0.15999991 0.15999994 0.15999972]"
204,204,"[0.15999994 0.15999924 0.15999991 0.1599991  0.15999991 0.15999924
 0.1599991  0.15999991 0.15999994 0.15999971]"
205,205,"[0.15999993 0.15999923 0.15999991 0.15999907 0.15999991 0.15999923
 0.15999907 0.15999991 0.15999993 0.15999971]"
206,206,"[0.15999993 0.15999923 0.15999992 0.15999905 0.15999992 0.15999923
 0.15999905 0.15999992 0.15999993 0.15999971]"
207,207,"[0.15999993 0.15999922 0.15999992 0.15999903 0.15999992 0.15999922
 0.15999903 0.15999992 0.15999993 0.15999971]"
208,208,"[0.15999993 0.15999921 0.15999992 0.15999901 0.15999992 0.15999921
 0.15999901 0.15999992 0.15999993 0.15999971]"
209,209,"[0.15999993 0.15999921 0.15999992 0.15999899 0.15999992 0.15999921
 0.15999899 0.15999992 0.15999993 0.15999971]"
210,210,"[0.15999993 0.1599992  0.15999993 0.15999896 0.15999993 0.1599992
 0.15999896 0.15999993 0.15999993 0.15999971]"
211,211,"[0.15999993 0.1599992  0.15999993 0.15999894 0.15999993 0.1599992
 0.15999894 0.15999993 0.15999993 0.15999971]"
212,212,"[0.15999993 0.15999919 0.15999993 0.15999892 0.15999993 0.15999919
 0.15999892 0.15999993 0.15999993 0.1599997 ]"
213,213,"[0.15999993 0.15999919 0.15999993 0.1599989  0.15999993 0.15999919
 0.1599989  0.15999993 0.15999993 0.1599997 ]"
214,214,"[0.15999993 0.15999918 0.15999993 0.15999887 0.15999993 0.15999918
 0.15999887 0.15999993 0.15999993 0.1599997 ]"
215,215,"[0.15999993 0.15999918 0.15999994 0.15999885 0.15999994 0.15999918
 0.15999885 0.15999994 0.15999993 0.1599997 ]"
216,216,"[0.15999992 0.15999918 0.15999994 0.15999883 0.15999994 0.15999918
 0.15999883 0.15999994 0.15999992 0.1599997 ]"
217,217,"[0.15999992 0.15999917 0.15999994 0.15999881 0.15999994 0.15999917
 0.15999881 0.15999994 0.15999992 0.1599997 ]"
218,218,"[0.15999992 0.15999917 0.15999994 0.15999879 0.15999994 0.15999917
 0.15999879 0.15999994 0.15999992 0.1599997 ]"
219,219,"[0.15999992 0.15999917 0.15999994 0.15999877 0.15999994 0.15999917
 0.15999877 0.15999994 0.15999992 0.1599997 ]"
220,220,"[0.15999992 0.15999916 0.15999995 0.15999875 0.15999995 0.15999916
 0.15999875 0.15999995 0.15999992 0.1599997 ]"
221,221,"[0.15999992 0.15999916 0.15999995 0.15999873 0.15999995 0.15999916
 0.15999873 0.15999995 0.15999992 0.1599997 ]"
222,222,"[0.15999992 0.15999916 0.15999995 0.15999871 0.15999995 0.15999916
 0.15999871 0.15999995 0.15999992 0.1599997 ]"
223,223,"[0.15999992 0.15999916 0.15999995 0.15999869 0.15999995 0.15999916
 0.15999869 0.15999995 0.15999992 0.1599997 ]"
224,224,"[0.15999992 0.15999916 0.15999995 0.15999867 0.15999995 0.15999916
 0.15999867 0.15999995 0.15999992 0.1599997 ]"
225,225,"[0.15999992 0.15999916 0.15999996 0.15999865 0.15999996 0.15999916
 0.15999865 0.15999996 0.15999992 0.1599997 ]"
226,226,"[0.15999992 0.15999915 0.15999996 0.15999864 0.15999996 0.15999915
 0.15999864 0.15999996 0.15999992 0.1599997 ]"
227,227,"[0.15999992 0.15999915 0.15999996 0.15999862 0.15999996 0.15999915
 0.15999862 0.15999996 0.15999992 0.1599997 ]"
228,228,"[0.15999992 0.15999915 0.15999996 0.15999861 0.15999996 0.15999915
 0.15999861 0.15999996 0.15999992 0.1599997 ]"
229,229,"[0.15999992 0.15999916 0.15999996 0.15999859 0.15999996 0.15999916
 0.15999859 0.15999996 0.15999992 0.1599997 ]"
230,230,"[0.15999992 0.15999916 0.15999996 0.15999858 0.15999996 0.15999916
 0.15999858 0.15999996 0.15999992 0.1599997 ]"
231,231,"[0.15999992 0.15999916 0.15999997 0.15999857 0.15999997 0.15999916
 0.15999857 0.15999997 0.15999992 0.15999971]"
232,232,"[0.15999992 0.15999916 0.15999997 0.15999855 0.15999997 0.15999916
 0.15999855 0.15999997 0.15999992 0.15999971]"
233,233,"[0.15999992 0.15999916 0.15999997 0.15999854 0.15999997 0.15999916
 0.15999854 0.15999997 0.15999992 0.15999971]"
234,234,"[0.15999992 0.15999916 0.15999997 0.15999853 0.15999997 0.15999916
 0.15999853 0.15999997 0.15999992 0.15999971]"
235,235,"[0.15999992 0.15999917 0.15999997 0.15999853 0.15999997 0.15999917
 0.15999853 0.15999997 0.15999992 0.15999971]"
236,236,"[0.15999992 0.15999917 0.15999997 0.15999852 0.15999997 0.15999917
 0.15999852 0.15999997 0.15999992 0.15999971]"
237,237,"[0.15999992 0.15999917 0.15999997 0.15999851 0.15999997 0.15999917
 0.15999851 0.15999997 0.15999992 0.15999972]"
238,238,"[0.15999992 0.15999918 0.15999997 0.15999851 0.15999997 0.15999918
 0.15999851 0.15999997 0.15999992 0.15999972]"
239,239,"[0.15999992 0.15999918 0.15999998 0.1599985  0.15999998 0.15999918
 0.1599985  0.15999998 0.15999992 0.15999972]"
240,240,"[0.15999992 0.15999919 0.15999998 0.1599985  0.15999998 0.15999919
 0.1599985  0.15999998 0.15999992 0.15999972]"
241,241,"[0.15999992 0.15999919 0.15999998 0.1599985  0.15999998 0.15999919
 0.1599985  0.15999998 0.15999992 0.15999972]"
242,242,"[0.15999992 0.1599992  0.15999998 0.1599985  0.15999998 0.1599992
 0.1599985  0.15999998 0.15999992 0.15999973]"
243,243,"[0.15999992 0.15999921 0.15999998 0.1599985  0.15999998 0.15999921
 0.1599985  0.15999998 0.15999992 0.15999973]"
244,244,"[0.15999992 0.15999921 0.15999998 0.1599985  0.15999998 0.15999921
 0.1599985  0.15999998 0.15999992 0.15999973]"
245,245,"[0.15999992 0.15999922 0.15999998 0.1599985  0.15999998 0.15999922
 0.1599985  0.15999998 0.15999992 0.15999974]"
246,246,"[0.15999992 0.15999923 0.15999998 0.15999851 0.15999998 0.15999923
 0.15999851 0.15999998 0.15999992 0.15999974]"
247,247,"[0.15999992 0.15999924 0.15999998 0.15999851 0.15999998 0.15999924
 0.15999851 0.15999998 0.15999992 0.15999974]"
248,248,"[0.15999992 0.15999924 0.15999998 0.15999852 0.15999998 0.15999924
 0.15999852 0.15999998 0.15999992 0.15999974]"
249,249,"[0.15999992 0.15999925 0.15999999 0.15999852 0.15999999 0.15999925
 0.15999852 0.15999999 0.15999992 0.15999975]"
250,250,"[0.15999992 0.15999926 0.15999999 0.15999853 0.15999999 0.15999926
 0.15999853 0.15999999 0.15999992 0.15999975]"
251,251,"[0.15999992 0.15999927 0.15999999 0.15999854 0.15999999 0.15999927
 0.15999854 0.15999999 0.15999992 0.15999976]"
252,252,"[0.15999992 0.15999928 0.15999999 0.15999855 0.15999999 0.15999928
 0.15999855 0.15999999 0.15999992 0.15999976]"
253,253,"[0.15999992 0.15999929 0.15999999 0.15999857 0.15999999 0.15999929
 0.15999857 0.15999999 0.15999992 0.15999976]"
254,254,"[0.15999993 0.1599993  0.15999999 0.15999858 0.15999999 0.1599993
 0.15999858 0.15999999 0.15999993 0.15999977]"
255,255,"[0.15999993 0.15999931 0.15999999 0.15999859 0.15999999 0.15999931
 0.15999859 0.15999999 0.15999993 0.15999977]"
256,256,"[0.15999993 0.15999932 0.15999999 0.15999861 0.15999999 0.15999932
 0.15999861 0.15999999 0.15999993 0.15999977]"
257,257,"[0.15999993 0.15999933 0.15999999 0.15999862 0.15999999 0.15999933
 0.15999862 0.15999999 0.15999993 0.15999978]"
258,258,"[0.15999993 0.15999934 0.15999999 0.15999864 0.15999999 0.15999934
 0.15999864 0.15999999 0.15999993 0.15999978]"
259,259,"[0.15999993 0.15999935 0.15999999 0.15999866 0.15999999 0.15999935
 0.15999866 0.15999999 0.15999993 0.15999979]"
260,260,"[0.15999993 0.15999937 0.15999999 0.15999867 0.15999999 0.15999937
 0.15999867 0.15999999 0.15999993 0.15999979]"
261,261,"[0.15999993 0.15999938 0.15999999 0.15999869 0.15999999 0.15999938
 0.15999869 0.15999999 0.15999993 0.15999979]"
262,262,"[0.15999993 0.15999939 0.15999999 0.15999871 0.15999999 0.15999939
 0.15999871 0.15999999 0.15999993 0.1599998 ]"
263,263,"[0.15999994 0.1599994  0.15999999 0.15999873 0.15999999 0.1599994
 0.15999873 0.15999999 0.15999994 0.1599998 ]"
264,264,"[0.15999994 0.15999941 0.15999999 0.15999875 0.15999999 0.15999941
 0.15999875 0.15999999 0.15999994 0.15999981]"
265,265,"[0.15999994 0.15999943 0.15999999 0.15999877 0.15999999 0.15999943
 0.15999877 0.15999999 0.15999994 0.15999981]"
266,266,"[0.15999994 0.15999944 0.15999999 0.15999879 0.15999999 0.15999944
 0.15999879 0.15999999 0.15999994 0.15999982]"
267,267,"[0.15999994 0.15999945 0.15999999 0.15999881 0.15999999 0.15999945
 0.15999881 0.15999999 0.15999994 0.15999982]"
268,268,"[0.15999994 0.15999946 0.15999999 0.15999884 0.15999999 0.15999946
 0.15999884 0.15999999 0.15999994 0.15999982]"
269,269,"[0.15999994 0.15999947 0.16       0.15999886 0.16       0.15999947
 0.15999886 0.16       0.15999994 0.15999983]"
270,270,"[0.15999994 0.15999949 0.16       0.15999888 0.16       0.15999949
 0.15999888 0.16       0.15999994 0.15999983]"
271,271,"[0.15999995 0.1599995  0.16       0.1599989  0.16       0.1599995
 0.1599989  0.16       0.15999995 0.15999984]"
272,272,"[0.15999995 0.15999951 0.16       0.15999893 0.16       0.15999951
 0.15999893 0.16       0.15999995 0.15999984]"
273,273,"[0.15999995 0.15999952 0.16       0.15999895 0.16       0.15999952
 0.15999895 0.16       0.15999995 0.15999984]"
274,274,"[0.15999995 0.15999953 0.16       0.15999897 0.16       0.15999953
 0.15999897 0.16       0.15999995 0.15999985]"
275,275,"[0.15999995 0.15999954 0.16       0.159999   0.16       0.15999954
 0.159999   0.16       0.15999995 0.15999985]"
276,276,"[0.15999995 0.15999956 0.16       0.15999902 0.16       0.15999956
 0.15999902 0.16       0.15999995 0.15999986]"
277,277,"[0.15999995 0.15999957 0.16       0.15999904 0.16       0.15999957
 0.15999904 0.16       0.15999995 0.15999986]"
278,278,"[0.15999995 0.15999958 0.16       0.15999907 0.16       0.15999958
 0.15999907 0.16       0.15999995 0.15999986]"
279,279,"[0.15999996 0.15999959 0.16       0.15999909 0.16       0.15999959
 0.15999909 0.16       0.15999996 0.15999987]"
280,280,"[0.15999996 0.1599996  0.16       0.15999911 0.16       0.1599996
 0.15999911 0.16       0.15999996 0.15999987]"
281,281,"[0.15999996 0.15999961 0.16       0.15999913 0.16       0.15999961
 0.15999913 0.16       0.15999996 0.15999988]"
282,282,"[0.15999996 0.15999962 0.16       0.15999916 0.16       0.15999962
 0.15999916 0.16       0.15999996 0.15999988]"
283,283,"[0.15999996 0.15999963 0.16       0.15999918 0.16       0.15999963
 0.15999918 0.16       0.15999996 0.15999988]"
284,284,"[0.15999996 0.15999964 0.16       0.1599992  0.16       0.15999964
 0.1599992  0.16       0.15999996 0.15999989]"
285,285,"[0.15999996 0.15999966 0.16       0.15999922 0.16       0.15999966
 0.15999922 0.16       0.15999996 0.15999989]"
286,286,"[0.15999996 0.15999967 0.16       0.15999924 0.16       0.15999967
 0.15999924 0.16       0.15999996 0.15999989]"
287,287,"[0.15999996 0.15999968 0.16       0.15999927 0.16       0.15999968
 0.15999927 0.16       0.15999996 0.1599999 ]"
288,288,"[0.15999997 0.15999969 0.16       0.15999929 0.16       0.15999969
 0.15999929 0.16       0.15999997 0.1599999 ]"
289,289,"[0.15999997 0.15999969 0.16       0.15999931 0.16       0.15999969
 0.15999931 0.16       0.15999997 0.1599999 ]"
290,290,"[0.15999997 0.1599997  0.16       0.15999933 0.16       0.1599997
 0.15999933 0.16       0.15999997 0.15999991]"
291,291,"[0.15999997 0.15999971 0.16       0.15999935 0.16       0.15999971
 0.15999935 0.16       0.15999997 0.15999991]"
292,292,"[0.15999997 0.15999972 0.16       0.15999937 0.16       0.15999972
 0.15999937 0.16       0.15999997 0.15999991]"
293,293,"[0.15999997 0.15999973 0.16       0.15999939 0.16       0.15999973
 0.15999939 0.16       0.15999997 0.15999991]"
294,294,"[0.15999997 0.15999974 0.16       0.15999941 0.16       0.15999974
 0.15999941 0.16       0.15999997 0.15999992]"
295,295,"[0.15999997 0.15999975 0.16       0.15999942 0.16       0.15999975
 0.15999942 0.16       0.15999997 0.15999992]"
296,296,"[0.15999997 0.15999976 0.16       0.15999944 0.16       0.15999976
 0.15999944 0.16       0.15999997 0.15999992]"
297,297,"[0.15999997 0.15999976 0.16       0.15999946 0.16       0.15999976
 0.15999946 0.16       0.15999997 0.15999992]"
298,298,"[0.15999997 0.15999977 0.16       0.15999948 0.16       0.15999977
 0.15999948 0.16       0.15999997 0.15999993]"
299,299,"[0.15999998 0.15999978 0.16       0.15999949 0.16       0.15999978
 0.15999949 0.16       0.15999998 0.15999993]"
300,300,"[0.15999998 0.15999979 0.16       0.15999951 0.16       0.15999979
 0.15999951 0.16       0.15999998 0.15999993]"
301,301,"[0.15999998 0.15999979 0.16       0.15999953 0.16       0.15999979
 0.15999953 0.16       0.15999998 0.15999993]"
302,302,"[0.15999998 0.1599998  0.16       0.15999954 0.16       0.1599998
 0.15999954 0.16       0.15999998 0.15999994]"
303,303,"[0.15999998 0.15999981 0.16       0.15999956 0.16       0.15999981
 0.15999956 0.16       0.15999998 0.15999994]"
304,304,"[0.15999998 0.15999981 0.16       0.15999957 0.16       0.15999981
 0.15999957 0.16       0.15999998 0.15999994]"
305,305,"[0.15999998 0.15999982 0.16       0.15999959 0.16       0.15999982
 0.15999959 0.16       0.15999998 0.15999994]"
306,306,"[0.15999998 0.15999983 0.16       0.1599996  0.16       0.15999983
 0.1599996  0.16       0.15999998 0.15999995]"
307,307,"[0.15999998 0.15999983 0.16       0.15999961 0.16       0.15999983
 0.15999961 0.16       0.15999998 0.15999995]"
308,308,"[0.15999998 0.15999984 0.16       0.15999963 0.16       0.15999984
 0.15999963 0.16       0.15999998 0.15999995]"
309,309,"[0.15999998 0.15999984 0.16       0.15999964 0.16       0.15999984
 0.15999964 0.16       0.15999998 0.15999995]"
310,310,"[0.15999998 0.15999985 0.16       0.15999965 0.16       0.15999985
 0.15999965 0.16       0.15999998 0.15999995]"
311,311,"[0.15999998 0.15999986 0.16       0.15999966 0.16       0.15999986
 0.15999966 0.16       0.15999998 0.15999995]"
312,312,"[0.15999998 0.15999986 0.16       0.15999968 0.16       0.15999986
 0.15999968 0.16       0.15999998 0.15999996]"
313,313,"[0.15999999 0.15999987 0.16       0.15999969 0.16       0.15999987
 0.15999969 0.16       0.15999999 0.15999996]"
314,314,"[0.15999999 0.15999987 0.16       0.1599997  0.16       0.15999987
 0.1599997  0.16       0.15999999 0.15999996]"
315,315,"[0.15999999 0.15999987 0.16       0.15999971 0.16       0.15999987
 0.15999971 0.16       0.15999999 0.15999996]"
316,316,"[0.15999999 0.15999988 0.16       0.15999972 0.16       0.15999988
 0.15999972 0.16       0.15999999 0.15999996]"
317,317,"[0.15999999 0.15999988 0.16       0.15999973 0.16       0.15999988
 0.15999973 0.16       0.15999999 0.15999996]"
318,318,"[0.15999999 0.15999989 0.16       0.15999974 0.16       0.15999989
 0.15999974 0.16       0.15999999 0.15999996]"
319,319,"[0.15999999 0.15999989 0.16       0.15999975 0.16       0.15999989
 0.15999975 0.16       0.15999999 0.15999997]"
320,320,"[0.15999999 0.1599999  0.16       0.15999976 0.16       0.1599999
 0.15999976 0.16       0.15999999 0.15999997]"
321,321,"[0.15999999 0.1599999  0.16       0.15999977 0.16       0.1599999
 0.15999977 0.16       0.15999999 0.15999997]"
322,322,"[0.15999999 0.1599999  0.16       0.15999977 0.16       0.1599999
 0.15999977 0.16       0.15999999 0.15999997]"
323,323,"[0.15999999 0.15999991 0.16       0.15999978 0.16       0.15999991
 0.15999978 0.16       0.15999999 0.15999997]"
324,324,"[0.15999999 0.15999991 0.16       0.15999979 0.16       0.15999991
 0.15999979 0.16       0.15999999 0.15999997]"
325,325,"[0.15999999 0.15999991 0.16       0.1599998  0.16       0.15999991
 0.1599998  0.16       0.15999999 0.15999997]"
326,326,"[0.15999999 0.15999992 0.16       0.15999981 0.16       0.15999992
 0.15999981 0.16       0.15999999 0.15999997]"
327,327,"[0.15999999 0.15999992 0.16       0.15999981 0.16       0.15999992
 0.15999981 0.16       0.15999999 0.15999997]"
328,328,"[0.15999999 0.15999992 0.16       0.15999982 0.16       0.15999992
 0.15999982 0.16       0.15999999 0.15999998]"
329,329,"[0.15999999 0.15999993 0.16       0.15999983 0.16       0.15999993
 0.15999983 0.16       0.15999999 0.15999998]"
330,330,"[0.15999999 0.15999993 0.16       0.15999983 0.16       0.15999993
 0.15999983 0.16       0.15999999 0.15999998]"
331,331,"[0.15999999 0.15999993 0.16       0.15999984 0.16       0.15999993
 0.15999984 0.16       0.15999999 0.15999998]"
332,332,"[0.15999999 0.15999993 0.16       0.15999985 0.16       0.15999993
 0.15999985 0.16       0.15999999 0.15999998]"
333,333,"[0.15999999 0.15999994 0.16       0.15999985 0.16       0.15999994
 0.15999985 0.16       0.15999999 0.15999998]"
334,334,"[0.15999999 0.15999994 0.16       0.15999986 0.16       0.15999994
 0.15999986 0.16       0.15999999 0.15999998]"
335,335,"[0.15999999 0.15999994 0.16       0.15999986 0.16       0.15999994
 0.15999986 0.16       0.15999999 0.15999998]"
336,336,"[0.15999999 0.15999994 0.16       0.15999987 0.16       0.15999994
 0.15999987 0.16       0.15999999 0.15999998]"
337,337,"[0.15999999 0.15999995 0.16       0.15999987 0.16       0.15999995
 0.15999987 0.16       0.15999999 0.15999998]"
338,338,"[0.15999999 0.15999995 0.16       0.15999988 0.16       0.15999995
 0.15999988 0.16       0.15999999 0.15999998]"
339,339,"[0.15999999 0.15999995 0.16       0.15999988 0.16       0.15999995
 0.15999988 0.16       0.15999999 0.15999998]"
340,340,"[0.15999999 0.15999995 0.16       0.15999989 0.16       0.15999995
 0.15999989 0.16       0.15999999 0.15999998]"
341,341,"[0.15999999 0.15999995 0.16       0.15999989 0.16       0.15999995
 0.15999989 0.16       0.15999999 0.15999999]"
342,342,"[0.16       0.15999996 0.16       0.1599999  0.16       0.15999996
 0.1599999  0.16       0.16       0.15999999]"
343,343,"[0.16       0.15999996 0.16       0.1599999  0.16       0.15999996
 0.1599999  0.16       0.16       0.15999999]"
344,344,"[0.16       0.15999996 0.16       0.1599999  0.16       0.15999996
 0.1599999  0.16       0.16       0.15999999]"
345,345,"[0.16       0.15999996 0.16       0.15999991 0.16       0.15999996
 0.15999991 0.16       0.16       0.15999999]"
346,346,"[0.16       0.15999996 0.16       0.15999991 0.16       0.15999996
 0.15999991 0.16       0.16       0.15999999]"
347,347,"[0.16       0.15999996 0.16       0.15999991 0.16       0.15999996
 0.15999991 0.16       0.16       0.15999999]"
348,348,"[0.16       0.15999996 0.16       0.15999992 0.16       0.15999996
 0.15999992 0.16       0.16       0.15999999]"
349,349,"[0.16       0.15999997 0.16       0.15999992 0.16       0.15999997
 0.15999992 0.16       0.16       0.15999999]"
350,350,"[0.16       0.15999997 0.16       0.15999992 0.16       0.15999997
 0.15999992 0.16       0.16       0.15999999]"
351,351,"[0.16       0.15999997 0.16       0.15999993 0.16       0.15999997
 0.15999993 0.16       0.16       0.15999999]"
352,352,"[0.16       0.15999997 0.16       0.15999993 0.16       0.15999997
 0.15999993 0.16       0.16       0.15999999]"
353,353,"[0.16       0.15999997 0.16       0.15999993 0.16       0.15999997
 0.15999993 0.16       0.16       0.15999999]"
354,354,"[0.16       0.15999997 0.16       0.15999993 0.16       0.15999997
 0.15999993 0.16       0.16       0.15999999]"
355,355,"[0.16       0.15999997 0.16       0.15999994 0.16       0.15999997
 0.15999994 0.16       0.16       0.15999999]"
356,356,"[0.16       0.15999997 0.16       0.15999994 0.16       0.15999997
 0.15999994 0.16       0.16       0.15999999]"
357,357,"[0.16       0.15999998 0.16       0.15999994 0.16       0.15999998
 0.15999994 0.16       0.16       0.15999999]"
358,358,"[0.16       0.15999998 0.16       0.15999994 0.16       0.15999998
 0.15999994 0.16       0.16       0.15999999]"
359,359,"[0.16       0.15999998 0.16       0.15999995 0.16       0.15999998
 0.15999995 0.16       0.16       0.15999999]"
360,360,"[0.16       0.15999998 0.16       0.15999995 0.16       0.15999998
 0.15999995 0.16       0.16       0.15999999]"
361,361,"[0.16       0.15999998 0.16       0.15999995 0.16       0.15999998
 0.15999995 0.16       0.16       0.15999999]"
362,362,"[0.16       0.15999998 0.16       0.15999995 0.16       0.15999998
 0.15999995 0.16       0.16       0.15999999]"
363,363,"[0.16       0.15999998 0.16       0.15999995 0.16       0.15999998
 0.15999995 0.16       0.16       0.15999999]"
364,364,"[0.16       0.15999998 0.16       0.15999996 0.16       0.15999998
 0.15999996 0.16       0.16       0.15999999]"
365,365,"[0.16       0.15999998 0.16       0.15999996 0.16       0.15999998
 0.15999996 0.16       0.16       0.15999999]"
366,366,"[0.16       0.15999998 0.16       0.15999996 0.16       0.15999998
 0.15999996 0.16       0.16       0.15999999]"
367,367,"[0.16       0.15999998 0.16       0.15999996 0.16       0.15999998
 0.15999996 0.16       0.16       0.15999999]"
368,368,"[0.16       0.15999998 0.16       0.15999996 0.16       0.15999998
 0.15999996 0.16       0.16       0.15999999]"
369,369,"[0.16       0.15999998 0.16       0.15999996 0.16       0.15999998
 0.15999996 0.16       0.16       0.16      ]"
370,370,"[0.16       0.15999999 0.16       0.15999997 0.16       0.15999999
 0.15999997 0.16       0.16       0.16      ]"
371,371,"[0.16       0.15999999 0.16       0.15999997 0.16       0.15999999
 0.15999997 0.16       0.16       0.16      ]"
372,372,"[0.16       0.15999999 0.16       0.15999997 0.16       0.15999999
 0.15999997 0.16       0.16       0.16      ]"
373,373,"[0.16       0.15999999 0.16       0.15999997 0.16       0.15999999
 0.15999997 0.16       0.16       0.16      ]"
374,374,"[0.16       0.15999999 0.16       0.15999997 0.16       0.15999999
 0.15999997 0.16       0.16       0.16      ]"
375,375,"[0.16       0.15999999 0.16       0.15999997 0.16       0.15999999
 0.15999997 0.16       0.16       0.16      ]"
376,376,"[0.16       0.15999999 0.16       0.15999997 0.16       0.15999999
 0.15999997 0.16       0.16       0.16      ]"
377,377,"[0.16       0.15999999 0.16       0.15999997 0.16       0.15999999
 0.15999997 0.16       0.16       0.16      ]"
378,378,"[0.16       0.15999999 0.16       0.15999997 0.16       0.15999999
 0.15999997 0.16       0.16       0.16      ]"
379,379,"[0.16       0.15999999 0.16       0.15999998 0.16       0.15999999
 0.15999998 0.16       0.16       0.16      ]"
380,380,"[0.16       0.15999999 0.16       0.15999998 0.16       0.15999999
 0.15999998 0.16       0.16       0.16      ]"
381,381,"[0.16       0.15999999 0.16       0.15999998 0.16       0.15999999
 0.15999998 0.16       0.16       0.16      ]"
382,382,"[0.16       0.15999999 0.16       0.15999998 0.16       0.15999999
 0.15999998 0.16       0.16       0.16      ]"
383,383,"[0.16       0.15999999 0.16       0.15999998 0.16       0.15999999
 0.15999998 0.16       0.16       0.16      ]"
384,384,"[0.16       0.15999999 0.16       0.15999998 0.16       0.15999999
 0.15999998 0.16       0.16       0.16      ]"
385,385,"[0.16       0.15999999 0.16       0.15999998 0.16       0.15999999
 0.15999998 0.16       0.16       0.16      ]"
386,386,"[0.16       0.15999999 0.16       0.15999998 0.16       0.15999999
 0.15999998 0.16       0.16       0.16      ]"
387,387,"[0.16       0.15999999 0.16       0.15999998 0.16       0.15999999
 0.15999998 0.16       0.16       0.16      ]"
388,388,"[0.16       0.15999999 0.16       0.15999998 0.16       0.15999999
 0.15999998 0.16       0.16       0.16      ]"
389,389,"[0.16       0.15999999 0.16       0.15999998 0.16       0.15999999
 0.15999998 0.16       0.16       0.16      ]"
390,390,"[0.16       0.15999999 0.16       0.15999998 0.16       0.15999999
 0.15999998 0.16       0.16       0.16      ]"
391,391,"[0.16       0.15999999 0.16       0.15999999 0.16       0.15999999
 0.15999999 0.16       0.16       0.16      ]"
392,392,"[0.16       0.15999999 0.16       0.15999999 0.16       0.15999999
 0.15999999 0.16       0.16       0.16      ]"
393,393,"[0.16       0.15999999 0.16       0.15999999 0.16       0.15999999
 0.15999999 0.16       0.16       0.16      ]"
394,394,"[0.16       0.15999999 0.16       0.15999999 0.16       0.15999999
 0.15999999 0.16       0.16       0.16      ]"
395,395,"[0.16       0.15999999 0.16       0.15999999 0.16       0.15999999
 0.15999999 0.16       0.16       0.16      ]"
396,396,"[0.16       0.15999999 0.16       0.15999999 0.16       0.15999999
 0.15999999 0.16       0.16       0.16      ]"
397,397,"[0.16       0.16       0.16       0.15999999 0.16       0.16
 0.15999999 0.16       0.16       0.16      ]"
398,398,"[0.16       0.16       0.16       0.15999999 0.16       0.16
 0.15999999 0.16       0.16       0.16      ]"
399,399,"[0.16       0.16       0.16       0.15999999 0.16       0.16
 0.15999999 0.16       0.16       0.16      ]"
400,400,"[0.16       0.16       0.16       0.15999999 0.16       0.16
 0.15999999 0.16       0.16       0.16      ]"
401,401,"[0.16       0.16       0.16       0.15999999 0.16       0.16
 0.15999999 0.16       0.16       0.16      ]"
402,402,"[0.16       0.16       0.16       0.15999999 0.16       0.16
 0.15999999 0.16       0.16       0.16      ]"
403,403,"[0.16       0.16       0.16       0.15999999 0.16       0.16
 0.15999999 0.16       0.16       0.16      ]"
404,404,"[0.16       0.16       0.16       0.15999999 0.16       0.16
 0.15999999 0.16       0.16       0.16      ]"
405,405,"[0.16       0.16       0.16       0.15999999 0.16       0.16
 0.15999999 0.16       0.16       0.16      ]"
406,406,"[0.16       0.16       0.16       0.15999999 0.16       0.16
 0.15999999 0.16       0.16       0.16      ]"
407,407,"[0.16       0.16       0.16       0.15999999 0.16       0.16
 0.15999999 0.16       0.16       0.16      ]"
408,408,"[0.16       0.16       0.16       0.15999999 0.16       0.16
 0.15999999 0.16       0.16       0.16      ]"
409,409,"[0.16       0.16       0.16       0.15999999 0.16       0.16
 0.15999999 0.16       0.16       0.16      ]"
410,410,"[0.16       0.16       0.16       0.15999999 0.16       0.16
 0.15999999 0.16       0.16       0.16      ]"
411,411,"[0.16       0.16       0.16       0.15999999 0.16       0.16
 0.15999999 0.16       0.16       0.16      ]"
412,412,"[0.16       0.16       0.16       0.15999999 0.16       0.16
 0.15999999 0.16       0.16       0.16      ]"
413,413,"[0.16       0.16       0.16       0.15999999 0.16       0.16
 0.15999999 0.16       0.16       0.16      ]"
414,414,"[0.16       0.16       0.16       0.15999999 0.16       0.16
 0.15999999 0.16       0.16       0.16      ]"
415,415,"[0.16       0.16       0.16       0.15999999 0.16       0.16
 0.15999999 0.16       0.16       0.16      ]"
416,416,"[0.16       0.16       0.16       0.15999999 0.16       0.16
 0.15999999 0.16       0.16       0.16      ]"
417,417,"[0.16       0.16       0.16       0.15999999 0.16       0.16
 0.15999999 0.16       0.16       0.16      ]"
418,418,"[0.16       0.16       0.16       0.15999999 0.16       0.16
 0.15999999 0.16       0.16       0.16      ]"
419,419,[0.16 0.16 0.16 0.16 0.16 0.16 0.16 0.16 0.16 0.16]
420,420,[0.16 0.16 0.16 0.16 0.16 0.16 0.16 0.16 0.16 0.16]
421,421,[0.16 0.16 0.16 0.16 0.16 0.16 0.16 0.16 0.16 0.16]
422,422,[0.16 0.16 0.16 0.16 0.16 0.16 0.16 0.16 0.16 0.16]
423,423,[0.16 0.16 0.16 0.16 0.16 0.16 0.16 0.16 0.16 0.16]
424,424,[0.16 0.16 0.16 0.16 0.16 0.16 0.16 0.16 0.16 0.16]
425,425,[0.16 0.16 0.16 0.16 0.16 0.16 0.16 0.16 0.16 0.16]
426,426,[0.16 0.16 0.16 0.16 0.16 0.16 0.16 0.16 0.16 0.16]
427,427,[0.16 0.16 0.16 0.16 0.16 0.16 0.16 0.16 0.16 0.16]
428,428,[0.16 0.16 0.16 0.16 0.16 0.16 0.16 0.16 0.16 0.16]
429,429,[0.16 0.16 0.16 0.16 0.16 0.16 0.16 0.16 0.16 0.16]
430,430,[0.16 0.16 0.16 0.16 0.16 0.16 0.16 0.16 0.16 0.16]
431,431,[0.16 0.16 0.16 0.16 0.16 0.16 0.16 0.16 0.16 0.16]
432,432,[0.16 0.16 0.16 0.16 0.16 0.16 0.16 0.16 0.16 0.16]
433,433,[0.16 0.16 0.16 0.16 0.16 0.16 0.16 0.16 0.16 0.16]
434,434,[0.16 0.16 0.16 0.16 0.16 0.16 0.16 0.16 0.16 0.16]
435,435,[0.16 0.16 0.16 0.16 0.16 0.16 0.16 0.16 0.16 0.16]
436,436,[0.16 0.16 0.16 0.16 0.16 0.16 0.16 0.16 0.16 0.16]
437,437,[0.16 0.16 0.16 0.16 0.16 0.16 0.16 0.16 0.16 0.16]
438,438,[0.16 0.16 0.16 0.16 0.16 0.16 0.16 0.16 0.16 0.16]
439,439,[0.16 0.16 0.16 0.16 0.16 0.16 0.16 0.16 0.16 0.16]
440,440,[0.16 0.16 0.16 0.16 0.16 0.16 0.16 0.16 0.16 0.16]
441,441,[0.16 0.16 0.16 0.16 0.16 0.16 0.16 0.16 0.16 0.16]
442,442,[0.16 0.16 0.16 0.16 0.16 0.16 0.16 0.16 0.16 0.16]
443,443,[0.16 0.16 0.16 0.16 0.16 0.16 0.16 0.16 0.16 0.16]
444,444,[0.16 0.16 0.16 0.16 0.16 0.16 0.16 0.16 0.16 0.16]
445,445,[0.16 0.16 0.16 0.16 0.16 0.16 0.16 0.16 0.16 0.16]
446,446,[0.16 0.16 0.16 0.16 0.16 0.16 0.16 0.16 0.16 0.16]
447,447,[0.16 0.16 0.16 0.16 0.16 0.16 0.16 0.16 0.16 0.16]
448,448,[0.16 0.16 0.16 0.16 0.16 0.16 0.16 0.16 0.16 0.16]
449,449,[0.16 0.16 0.16 0.16 0.16 0.16 0.16 0.16 0.16 0.16]
450,450,[0.16 0.16 0.16 0.16 0.16 0.16 0.16 0.16 0.16 0.16]
451,451,[0.16 0.16 0.16 0.16 0.16 0.16 0.16 0.16 0.16 0.16]
452,452,[0.16 0.16 0.16 0.16 0.16 0.16 0.16 0.16 0.16 0.16]
453,453,[0.16 0.16 0.16 0.16 0.16 0.16 0.16 0.16 0.16 0.16]
454,454,[0.16 0.16 0.16 0.16 0.16 0.16 0.16 0.16 0.16 0.16]
455,455,[0.16 0.16 0.16 0.16 0.16 0.16 0.16 0.16 0.16 0.16]
456,456,[0.16 0.16 0.16 0.16 0.16 0.16 0.16 0.16 0.16 0.16]
457,457,[0.16 0.16 0.16 0.16 0.16 0.16 0.16 0.16 0.16 0.16]
458,458,[0.16 0.16 0.16 0.16 0.16 0.16 0.16 0.16 0.16 0.16]
459,459,[0.16 0.16 0.16 0.16 0.16 0.16 0.16 0.16 0.16 0.16]
460,460,[0.16 0.16 0.16 0.16 0.16 0.16 0.16 0.16 0.16 0.16]
461,461,[0.16 0.16 0.16 0.16 0.16 0.16 0.16 0.16 0.16 0.16]
462,462,[0.16 0.16 0.16 0.16 0.16 0.16 0.16 0.16 0.16 0.16]
463,463,[0.16 0.16 0.16 0.16 0.16 0.16 0.16 0.16 0.16 0.16]
464,464,[0.16 0.16 0.16 0.16 0.16 0.16 0.16 0.16 0.16 0.16]
465,465,[0.16 0.16 0.16 0.16 0.16 0.16 0.16 0.16 0.16 0.16]
466,466,[0.16 0.16 0.16 0.16 0.16 0.16 0.16 0.16 0.16 0.16]
467,467,[0.16 0.16 0.16 0.16 0.16 0.16 0.16 0.16 0.16 0.16]
468,468,[0.16 0.16 0.16 0.16 0.16 0.16 0.16 0.16 0.16 0.16]
469,469,[0.16 0.16 0.16 0.16 0.16 0.16 0.16 0.16 0.16 0.16]
470,470,[0.16 0.16 0.16 0.16 0.16 0.16 0.16 0.16 0.16 0.16]
471,471,[0.16 0.16 0.16 0.16 0.16 0.16 0.16 0.16 0.16 0.16]
472,472,[0.16 0.16 0.16 0.16 0.16 0.16 0.16 0.16 0.16 0.16]
473,473,[0.16 0.16 0.16 0.16 0.16 0.16 0.16 0.16 0.16 0.16]
474,474,[0.16 0.16 0.16 0.16 0.16 0.16 0.16 0.16 0.16 0.16]
475,475,[0.16 0.16 0.16 0.16 0.16 0.16 0.16 0.16 0.16 0.16]
476,476,[0.16 0.16 0.16 0.16 0.16 0.16 0.16 0.16 0.16 0.16]
477,477,[0.16 0.16 0.16 0.16 0.16 0.16 0.16 0.16 0.16 0.16]
478,478,[0.16 0.16 0.16 0.16 0.16 0.16 0.16 0.16 0.16 0.16]
479,479,[0.16 0.16 0.16 0.16 0.16 0.16 0.16 0.16 0.16 0.16]
480,480,[0.16 0.16 0.16 0.16 0.16 0.16 0.16 0.16 0.16 0.16]
481,481,[0.16 0.16 0.16 0.16 0.16 0.16 0.16 0.16 0.16 0.16]
482,482,[0.16 0.16 0.16 0.16 0.16 0.16 0.16 0.16 0.16 0.16]
483,483,[0.16 0.16 0.16 0.16 0.16 0.16 0.16 0.16 0.16 0.16]
484,484,[0.16 0.16 0.16 0.16 0.16 0.16 0.16 0.16 0.16 0.16]
485,485,[0.16 0.16 0.16 0.16 0.16 0.16 0.16 0.16 0.16 0.16]
486,486,[0.16 0.16 0.16 0.16 0.16 0.16 0.16 0.16 0.16 0.16]
487,487,[0.16 0.16 0.16 0.16 0.16 0.16 0.16 0.16 0.16 0.16]
488,488,[0.16 0.16 0.16 0.16 0.16 0.16 0.16 0.16 0.16 0.16]
489,489,[0.16 0.16 0.16 0.16 0.16 0.16 0.16 0.16 0.16 0.16]
490,490,[0.16 0.16 0.16 0.16 0.16 0.16 0.16 0.16 0.16 0.16]
491,491,[0.16 0.16 0.16 0.16 0.16 0.16 0.16 0.16 0.16 0.16]
492,492,[0.16 0.16 0.16 0.16 0.16 0.16 0.16 0.16 0.16 0.16]
493,493,[0.16 0.16 0.16 0.16 0.16 0.16 0.16 0.16 0.16 0.16]
494,494,[0.16 0.16 0.16 0.16 0.16 0.16 0.16 0.16 0.16 0.16]
495,495,[0.16 0.16 0.16 0.16 0.16 0.16 0.16 0.16 0.16 0.16]
496,496,[0.16 0.16 0.16 0.16 0.16 0.16 0.16 0.16 0.16 0.16]
497,497,[0.16 0.16 0.16 0.16 0.16 0.16 0.16 0.16 0.16 0.16]
498,498,[0.16 0.16 0.16 0.16 0.16 0.16 0.16 0.16 0.16 0.16]
499,499,[0.16 0.16 0.16 0.16 0.16 0.16 0.16 0.16 0.16 0.16]
500,500,[0.16 0.16 0.16 0.16 0.16 0.16 0.16 0.16 0.16 0.16]
501,501,[0.16 0.16 0.16 0.16 0.16 0.16 0.16 0.16 0.16 0.16]
502,502,[0.16 0.16 0.16 0.16 0.16 0.16 0.16 0.16 0.16 0.16]
503,503,[0.16 0.16 0.16 0.16 0.16 0.16 0.16 0.16 0.16 0.16]
504,504,[0.16 0.16 0.16 0.16 0.16 0.16 0.16 0.16 0.16 0.16]
505,505,[0.16 0.16 0.16 0.16 0.16 0.16 0.16 0.16 0.16 0.16]
506,506,[0.16 0.16 0.16 0.16 0.16 0.16 0.16 0.16 0.16 0.16]
507,507,[0.16 0.16 0.16 0.16 0.16 0.16 0.16 0.16 0.16 0.16]
508,508,[0.16 0.16 0.16 0.16 0.16 0.16 0.16 0.16 0.16 0.16]
509,509,[0.16 0.16 0.16 0.16 0.16 0.16 0.16 0.16 0.16 0.16]
510,510,[0.16 0.16 0.16 0.16 0.16 0.16 0.16 0.16 0.16 0.16]
511,511,[0.16 0.16 0.16 0.16 0.16 0.16 0.16 0.16 0.16 0.16]
512,512,[0.16 0.16 0.16 0.16 0.16 0.16 0.16 0.16 0.16 0.16]
513,513,[0.16 0.16 0.16 0.16 0.16 0.16 0.16 0.16 0.16 0.16]
514,514,[0.16 0.16 0.16 0.16 0.16 0.16 0.16 0.16 0.16 0.16]
515,515,[0.16 0.16 0.16 0.16 0.16 0.16 0.16 0.16 0.16 0.16]
516,516,[0.16 0.16 0.16 0.16 0.16 0.16 0.16 0.16 0.16 0.16]
517,517,[0.16 0.16 0.16 0.16 0.16 0.16 0.16 0.16 0.16 0.16]
518,518,[0.16 0.16 0.16 0.16 0.16 0.16 0.16 0.16 0.16 0.16]
519,519,[0.16 0.16 0.16 0.16 0.16 0.16 0.16 0.16 0.16 0.16]
520,520,[0.16 0.16 0.16 0.16 0.16 0.16 0.16 0.16 0.16 0.16]
521,521,[0.16 0.16 0.16 0.16 0.16 0.16 0.16 0.16 0.16 0.16]
522,522,[0.16 0.16 0.16 0.16 0.16 0.16 0.16 0.16 0.16 0.16]
523,523,[0.16 0.16 0.16 0.16 0.16 0.16 0.16 0.16 0.16 0.16]
524,524,[0.16 0.16 0.16 0.16 0.16 0.16 0.16 0.16 0.16 0.16]
525,525,[0.16 0.16 0.16 0.16 0.16 0.16 0.16 0.16 0.16 0.16]
526,526,[0.16 0.16 0.16 0.16 0.16 0.16 0.16 0.16 0.16 0.16]
527,527,[0.16 0.16 0.16 0.16 0.16 0.16 0.16 0.16 0.16 0.16]
528,528,[0.16 0.16 0.16 0.16 0.16 0.16 0.16 0.16 0.16 0.16]
529,529,[0.16 0.16 0.16 0.16 0.16 0.16 0.16 0.16 0.16 0.16]
530,530,[0.16 0.16 0.16 0.16 0.16 0.16 0.16 0.16 0.16 0.16]
531,531,[0.16 0.16 0.16 0.16 0.16 0.16 0.16 0.16 0.16 0.16]
532,532,[0.16 0.16 0.16 0.16 0.16 0.16 0.16 0.16 0.16 0.16]
533,533,[0.16 0.16 0.16 0.16 0.16 0.16 0.16 0.16 0.16 0.16]
534,534,[0.16 0.16 0.16 0.16 0.16 0.16 0.16 0.16 0.16 0.16]
535,535,[0.16 0.16 0.16 0.16 0.16 0.16 0.16 0.16 0.16 0.16]
536,536,[0.16 0.16 0.16 0.16 0.16 0.16 0.16 0.16 0.16 0.16]
537,537,[0.16 0.16 0.16 0.16 0.16 0.16 0.16 0.16 0.16 0.16]
538,538,[0.16 0.16 0.16 0.16 0.16 0.16 0.16 0.16 0.16 0.16]
539,539,[0.16 0.16 0.16 0.16 0.16 0.16 0.16 0.16 0.16 0.16]
540,540,[0.16 0.16 0.16 0.16 0.16 0.16 0.16 0.16 0.16 0.16]
541,541,[0.16 0.16 0.16 0.16 0.16 0.16 0.16 0.16 0.16 0.16]
542,542,[0.16 0.16 0.16 0.16 0.16 0.16 0.16 0.16 0.16 0.16]
543,543,[0.16 0.16 0.16 0.16 0.16 0.16 0.16 0.16 0.16 0.16]
544,544,[0.16 0.16 0.16 0.16 0.16 0.16 0.16 0.16 0.16 0.16]
545,545,[0.16 0.16 0.16 0.16 0.16 0.16 0.16 0.16 0.16 0.16]
546,546,[0.16 0.16 0.16 0.16 0.16 0.16 0.16 0.16 0.16 0.16]
547,547,[0.16 0.16 0.16 0.16 0.16 0.16 0.16 0.16 0.16 0.16]
548,548,[0.16 0.16 0.16 0.16 0.16 0.16 0.16 0.16 0.16 0.16]
549,549,[0.16 0.16 0.16 0.16 0.16 0.16 0.16 0.16 0.16 0.16]
550,550,[0.16 0.16 0.16 0.16 0.16 0.16 0.16 0.16 0.16 0.16]
551,551,[0.16 0.16 0.16 0.16 0.16 0.16 0.16 0.16 0.16 0.16]
552,552,[0.16 0.16 0.16 0.16 0.16 0.16 0.16 0.16 0.16 0.16]
553,553,[0.16 0.16 0.16 0.16 0.16 0.16 0.16 0.16 0.16 0.16]
554,554,[0.16 0.16 0.16 0.16 0.16 0.16 0.16 0.16 0.16 0.16]
555,555,[0.16 0.16 0.16 0.16 0.16 0.16 0.16 0.16 0.16 0.16]
556,556,[0.16 0.16 0.16 0.16 0.16 0.16 0.16 0.16 0.16 0.16]
557,557,[0.16 0.16 0.16 0.16 0.16 0.16 0.16 0.16 0.16 0.16]
558,558,[0.16 0.16 0.16 0.16 0.16 0.16 0.16 0.16 0.16 0.16]
559,559,[0.16 0.16 0.16 0.16 0.16 0.16 0.16 0.16 0.16 0.16]
560,560,[0.16 0.16 0.16 0.16 0.16 0.16 0.16 0.16 0.16 0.16]
561,561,[0.16 0.16 0.16 0.16 0.16 0.16 0.16 0.16 0.16 0.16]
562,562,[0.16 0.16 0.16 0.16 0.16 0.16 0.16 0.16 0.16 0.16]
563,563,[0.16 0.16 0.16 0.16 0.16 0.16 0.16 0.16 0.16 0.16]
564,564,[0.16 0.16 0.16 0.16 0.16 0.16 0.16 0.16 0.16 0.16]
565,565,[0.16 0.16 0.16 0.16 0.16 0.16 0.16 0.16 0.16 0.16]
566,566,[0.16 0.16 0.16 0.16 0.16 0.16 0.16 0.16 0.16 0.16]
567,567,[0.16 0.16 0.16 0.16 0.16 0.16 0.16 0.16 0.16 0.16]
568,568,[0.16 0.16 0.16 0.16 0.16 0.16 0.16 0.16 0.16 0.16]
569,569,[0.16 0.16 0.16 0.16 0.16 0.16 0.16 0.16 0.16 0.16]
570,570,[0.16 0.16 0.16 0.16 0.16 0.16 0.16 0.16 0.16 0.16]
571,571,[0.16 0.16 0.16 0.16 0.16 0.16 0.16 0.16 0.16 0.16]
572,572,[0.16 0.16 0.16 0.16 0.16 0.16 0.16 0.16 0.16 0.16]
573,573,[0.16 0.16 0.16 0.16 0.16 0.16 0.16 0.16 0.16 0.16]
574,574,[0.16 0.16 0.16 0.16 0.16 0.16 0.16 0.16 0.16 0.16]
575,575,[0.16 0.16 0.16 0.16 0.16 0.16 0.16 0.16 0.16 0.16]
576,576,[0.16 0.16 0.16 0.16 0.16 0.16 0.16 0.16 0.16 0.16]
577,577,[0.16 0.16 0.16 0.16 0.16 0.16 0.16 0.16 0.16 0.16]
578,578,[0.16 0.16 0.16 0.16 0.16 0.16 0.16 0.16 0.16 0.16]
579,579,[0.16 0.16 0.16 0.16 0.16 0.16 0.16 0.16 0.16 0.16]
580,580,[0.16 0.16 0.16 0.16 0.16 0.16 0.16 0.16 0.16 0.16]
581,581,[0.16 0.16 0.16 0.16 0.16 0.16 0.16 0.16 0.16 0.16]
582,582,[0.16 0.16 0.16 0.16 0.16 0.16 0.16 0.16 0.16 0.16]
583,583,[0.16 0.16 0.16 0.16 0.16 0.16 0.16 0.16 0.16 0.16]
584,584,[0.16 0.16 0.16 0.16 0.16 0.16 0.16 0.16 0.16 0.16]
585,585,[0.16 0.16 0.16 0.16 0.16 0.16 0.16 0.16 0.16 0.16]
586,586,[0.16 0.16 0.16 0.16 0.16 0.16 0.16 0.16 0.16 0.16]
587,587,[0.16 0.16 0.16 0.16 0.16 0.16 0.16 0.16 0.16 0.16]
588,588,[0.16 0.16 0.16 0.16 0.16 0.16 0.16 0.16 0.16 0.16]
589,589,[0.16 0.16 0.16 0.16 0.16 0.16 0.16 0.16 0.16 0.16]
590,590,[0.16 0.16 0.16 0.16 0.16 0.16 0.16 0.16 0.16 0.16]
591,591,[0.16 0.16 0.16 0.16 0.16 0.16 0.16 0.16 0.16 0.16]
592,592,[0.16 0.16 0.16 0.16 0.16 0.16 0.16 0.16 0.16 0.16]
593,593,[0.16 0.16 0.16 0.16 0.16 0.16 0.16 0.16 0.16 0.16]
594,594,[0.16 0.16 0.16 0.16 0.16 0.16 0.16 0.16 0.16 0.16]
595,595,[0.16 0.16 0.16 0.16 0.16 0.16 0.16 0.16 0.16 0.16]
596,596,[0.16 0.16 0.16 0.16 0.16 0.16 0.16 0.16 0.16 0.16]
597,597,[0.16 0.16 0.16 0.16 0.16 0.16 0.16 0.16 0.16 0.16]
598,598,[0.16 0.16 0.16 0.16 0.16 0.16 0.16 0.16 0.16 0.16]
599,599,[0.16 0.16 0.16 0.16 0.16 0.16 0.16 0.16 0.16 0.16]
600,600,[0.16 0.16 0.16 0.16 0.16 0.16 0.16 0.16 0.16 0.16]
601,601,[0.16 0.16 0.16 0.16 0.16 0.16 0.16 0.16 0.16 0.16]
602,602,[0.16 0.16 0.16 0.16 0.16 0.16 0.16 0.16 0.16 0.16]
603,603,[0.16 0.16 0.16 0.16 0.16 0.16 0.16 0.16 0.16 0.16]
604,604,[0.16 0.16 0.16 0.16 0.16 0.16 0.16 0.16 0.16 0.16]
605,605,[0.16 0.16 0.16 0.16 0.16 0.16 0.16 0.16 0.16 0.16]
606,606,[0.16 0.16 0.16 0.16 0.16 0.16 0.16 0.16 0.16 0.16]
607,607,[0.16 0.16 0.16 0.16 0.16 0.16 0.16 0.16 0.16 0.16]
608,608,[0.16 0.16 0.16 0.16 0.16 0.16 0.16 0.16 0.16 0.16]
609,609,[0.16 0.16 0.16 0.16 0.16 0.16 0.16 0.16 0.16 0.16]
610,610,[0.16 0.16 0.16 0.16 0.16 0.16 0.16 0.16 0.16 0.16]
611,611,[0.16 0.16 0.16 0.16 0.16 0.16 0.16 0.16 0.16 0.16]
612,612,[0.16 0.16 0.16 0.16 0.16 0.16 0.16 0.16 0.16 0.16]
613,613,[0.16 0.16 0.16 0.16 0.16 0.16 0.16 0.16 0.16 0.16]
614,614,[0.16 0.16 0.16 0.16 0.16 0.16 0.16 0.16 0.16 0.16]
615,615,[0.16 0.16 0.16 0.16 0.16 0.16 0.16 0.16 0.16 0.16]
616,616,[0.16 0.16 0.16 0.16 0.16 0.16 0.16 0.16 0.16 0.16]
617,617,[0.16 0.16 0.16 0.16 0.16 0.16 0.16 0.16 0.16 0.16]
618,618,[0.16 0.16 0.16 0.16 0.16 0.16 0.16 0.16 0.16 0.16]
619,619,[0.16 0.16 0.16 0.16 0.16 0.16 0.16 0.16 0.16 0.16]
620,620,[0.16 0.16 0.16 0.16 0.16 0.16 0.16 0.16 0.16 0.16]
621,621,[0.16 0.16 0.16 0.16 0.16 0.16 0.16 0.16 0.16 0.16]
622,622,[0.16 0.16 0.16 0.16 0.16 0.16 0.16 0.16 0.16 0.16]
623,623,[0.16 0.16 0.16 0.16 0.16 0.16 0.16 0.16 0.16 0.16]
624,624,[0.16 0.16 0.16 0.16 0.16 0.16 0.16 0.16 0.16 0.16]
625,625,[0.16 0.16 0.16 0.16 0.16 0.16 0.16 0.16 0.16 0.16]
626,626,[0.16 0.16 0.16 0.16 0.16 0.16 0.16 0.16 0.16 0.16]
627,627,[0.16 0.16 0.16 0.16 0.16 0.16 0.16 0.16 0.16 0.16]
628,628,[0.16 0.16 0.16 0.16 0.16 0.16 0.16 0.16 0.16 0.16]
629,629,[0.16 0.16 0.16 0.16 0.16 0.16 0.16 0.16 0.16 0.16]
630,630,[0.16 0.16 0.16 0.16 0.16 0.16 0.16 0.16 0.16 0.16]
631,631,[0.16 0.16 0.16 0.16 0.16 0.16 0.16 0.16 0.16 0.16]
632,632,[0.16 0.16 0.16 0.16 0.16 0.16 0.16 0.16 0.16 0.16]
633,633,[0.16 0.16 0.16 0.16 0.16 0.16 0.16 0.16 0.16 0.16]
634,634,[0.16 0.16 0.16 0.16 0.16 0.16 0.16 0.16 0.16 0.16]
635,635,[0.16 0.16 0.16 0.16 0.16 0.16 0.16 0.16 0.16 0.16]
636,636,[0.16 0.16 0.16 0.16 0.16 0.16 0.16 0.16 0.16 0.16]
637,637,[0.16 0.16 0.16 0.16 0.16 0.16 0.16 0.16 0.16 0.16]
638,638,[0.16 0.16 0.16 0.16 0.16 0.16 0.16 0.16 0.16 0.16]
639,639,[0.16 0.16 0.16 0.16 0.16 0.16 0.16 0.16 0.16 0.16]
640,640,[0.16 0.16 0.16 0.16 0.16 0.16 0.16 0.16 0.16 0.16]
641,641,[0.16 0.16 0.16 0.16 0.16 0.16 0.16 0.16 0.16 0.16]
642,642,[0.16 0.16 0.16 0.16 0.16 0.16 0.16 0.16 0.16 0.16]
643,643,[0.16 0.16 0.16 0.16 0.16 0.16 0.16 0.16 0.16 0.16]
644,644,[0.16 0.16 0.16 0.16 0.16 0.16 0.16 0.16 0.16 0.16]
645,645,[0.16 0.16 0.16 0.16 0.16 0.16 0.16 0.16 0.16 0.16]
646,646,[0.16 0.16 0.16 0.16 0.16 0.16 0.16 0.16 0.16 0.16]
647,647,[0.16 0.16 0.16 0.16 0.16 0.16 0.16 0.16 0.16 0.16]
648,648,[0.16 0.16 0.16 0.16 0.16 0.16 0.16 0.16 0.16 0.16]
649,649,[0.16 0.16 0.16 0.16 0.16 0.16 0.16 0.16 0.16 0.16]
650,650,[0.16 0.16 0.16 0.16 0.16 0.16 0.16 0.16 0.16 0.16]
651,651,[0.16 0.16 0.16 0.16 0.16 0.16 0.16 0.16 0.16 0.16]
652,652,[0.16 0.16 0.16 0.16 0.16 0.16 0.16 0.16 0.16 0.16]
653,653,[0.16 0.16 0.16 0.16 0.16 0.16 0.16 0.16 0.16 0.16]
654,654,[0.16 0.16 0.16 0.16 0.16 0.16 0.16 0.16 0.16 0.16]
655,655,[0.16 0.16 0.16 0.16 0.16 0.16 0.16 0.16 0.16 0.16]
656,656,[0.16 0.16 0.16 0.16 0.16 0.16 0.16 0.16 0.16 0.16]
657,657,[0.16 0.16 0.16 0.16 0.16 0.16 0.16 0.16 0.16 0.16]
658,658,[0.16 0.16 0.16 0.16 0.16 0.16 0.16 0.16 0.16 0.16]
659,659,[0.16 0.16 0.16 0.16 0.16 0.16 0.16 0.16 0.16 0.16]
660,660,[0.16 0.16 0.16 0.16 0.16 0.16 0.16 0.16 0.16 0.16]
661,661,[0.16 0.16 0.16 0.16 0.16 0.16 0.16 0.16 0.16 0.16]
662,662,[0.16 0.16 0.16 0.16 0.16 0.16 0.16 0.16 0.16 0.16]
663,663,[0.16 0.16 0.16 0.16 0.16 0.16 0.16 0.16 0.16 0.16]
664,664,[0.16 0.16 0.16 0.16 0.16 0.16 0.16 0.16 0.16 0.16]
665,665,[0.16 0.16 0.16 0.16 0.16 0.16 0.16 0.16 0.16 0.16]
666,666,[0.16 0.16 0.16 0.16 0.16 0.16 0.16 0.16 0.16 0.16]
667,667,[0.16 0.16 0.16 0.16 0.16 0.16 0.16 0.16 0.16 0.16]
668,668,[0.16 0.16 0.16 0.16 0.16 0.16 0.16 0.16 0.16 0.16]
669,669,[0.16 0.16 0.16 0.16 0.16 0.16 0.16 0.16 0.16 0.16]
670,670,[0.16 0.16 0.16 0.16 0.16 0.16 0.16 0.16 0.16 0.16]
671,671,[0.16 0.16 0.16 0.16 0.16 0.16 0.16 0.16 0.16 0.16]
672,672,[0.16 0.16 0.16 0.16 0.16 0.16 0.16 0.16 0.16 0.16]
673,673,[0.16 0.16 0.16 0.16 0.16 0.16 0.16 0.16 0.16 0.16]
674,674,[0.16 0.16 0.16 0.16 0.16 0.16 0.16 0.16 0.16 0.16]
675,675,[0.16 0.16 0.16 0.16 0.16 0.16 0.16 0.16 0.16 0.16]
676,676,[0.16 0.16 0.16 0.16 0.16 0.16 0.16 0.16 0.16 0.16]
677,677,[0.16 0.16 0.16 0.16 0.16 0.16 0.16 0.16 0.16 0.16]
678,678,[0.16 0.16 0.16 0.16 0.16 0.16 0.16 0.16 0.16 0.16]
679,679,[0.16 0.16 0.16 0.16 0.16 0.16 0.16 0.16 0.16 0.16]
680,680,[0.16 0.16 0.16 0.16 0.16 0.16 0.16 0.16 0.16 0.16]
681,681,[0.16 0.16 0.16 0.16 0.16 0.16 0.16 0.16 0.16 0.16]
682,682,[0.16 0.16 0.16 0.16 0.16 0.16 0.16 0.16 0.16 0.16]
683,683,[0.16 0.16 0.16 0.16 0.16 0.16 0.16 0.16 0.16 0.16]
684,684,[0.16 0.16 0.16 0.16 0.16 0.16 0.16 0.16 0.16 0.16]
685,685,[0.16 0.16 0.16 0.16 0.16 0.16 0.16 0.16 0.16 0.16]
686,686,[0.16 0.16 0.16 0.16 0.16 0.16 0.16 0.16 0.16 0.16]
687,687,[0.16 0.16 0.16 0.16 0.16 0.16 0.16 0.16 0.16 0.16]
688,688,[0.16 0.16 0.16 0.16 0.16 0.16 0.16 0.16 0.16 0.16]
689,689,[0.16 0.16 0.16 0.16 0.16 0.16 0.16 0.16 0.16 0.16]
690,690,[0.16 0.16 0.16 0.16 0.16 0.16 0.16 0.16 0.16 0.16]
691,691,[0.16 0.16 0.16 0.16 0.16 0.16 0.16 0.16 0.16 0.16]
692,692,[0.16 0.16 0.16 0.16 0.16 0.16 0.16 0.16 0.16 0.16]
693,693,[0.16 0.16 0.16 0.16 0.16 0.16 0.16 0.16 0.16 0.16]
694,694,[0.16 0.16 0.16 0.16 0.16 0.16 0.16 0.16 0.16 0.16]
695,695,[0.16 0.16 0.16 0.16 0.16 0.16 0.16 0.16 0.16 0.16]
696,696,[0.16 0.16 0.16 0.16 0.16 0.16 0.16 0.16 0.16 0.16]
697,697,[0.16 0.16 0.16 0.16 0.16 0.16 0.16 0.16 0.16 0.16]
698,698,[0.16 0.16 0.16 0.16 0.16 0.16 0.16 0.16 0.16 0.16]
699,699,[0.16 0.16 0.16 0.16 0.16 0.16 0.16 0.16 0.16 0.16]
700,700,[0.16 0.16 0.16 0.16 0.16 0.16 0.16 0.16 0.16 0.16]
701,701,[0.16 0.16 0.16 0.16 0.16 0.16 0.16 0.16 0.16 0.16]
702,702,[0.16 0.16 0.16 0.16 0.16 0.16 0.16 0.16 0.16 0.16]
703,703,[0.16 0.16 0.16 0.16 0.16 0.16 0.16 0.16 0.16 0.16]
704,704,[0.16 0.16 0.16 0.16 0.16 0.16 0.16 0.16 0.16 0.16]
705,705,[0.16 0.16 0.16 0.16 0.16 0.16 0.16 0.16 0.16 0.16]
706,706,[0.16 0.16 0.16 0.16 0.16 0.16 0.16 0.16 0.16 0.16]
707,707,[0.16 0.16 0.16 0.16 0.16 0.16 0.16 0.16 0.16 0.16]
708,708,[0.16 0.16 0.16 0.16 0.16 0.16 0.16 0.16 0.16 0.16]
709,709,[0.16 0.16 0.16 0.16 0.16 0.16 0.16 0.16 0.16 0.16]
710,710,[0.16 0.16 0.16 0.16 0.16 0.16 0.16 0.16 0.16 0.16]
711,711,[0.16 0.16 0.16 0.16 0.16 0.16 0.16 0.16 0.16 0.16]
712,712,[0.16 0.16 0.16 0.16 0.16 0.16 0.16 0.16 0.16 0.16]
713,713,[0.16 0.16 0.16 0.16 0.16 0.16 0.16 0.16 0.16 0.16]
714,714,[0.16 0.16 0.16 0.16 0.16 0.16 0.16 0.16 0.16 0.16]
715,715,[0.16 0.16 0.16 0.16 0.16 0.16 0.16 0.16 0.16 0.16]
716,716,[0.16 0.16 0.16 0.16 0.16 0.16 0.16 0.16 0.16 0.16]
717,717,[0.16 0.16 0.16 0.16 0.16 0.16 0.16 0.16 0.16 0.16]
718,718,[0.16 0.16 0.16 0.16 0.16 0.16 0.16 0.16 0.16 0.16]
719,719,[0.16 0.16 0.16 0.16 0.16 0.16 0.16 0.16 0.16 0.16]
720,720,[0.16 0.16 0.16 0.16 0.16 0.16 0.16 0.16 0.16 0.16]
721,721,[0.16 0.16 0.16 0.16 0.16 0.16 0.16 0.16 0.16 0.16]
722,722,[0.16 0.16 0.16 0.16 0.16 0.16 0.16 0.16 0.16 0.16]
723,723,[0.16 0.16 0.16 0.16 0.16 0.16 0.16 0.16 0.16 0.16]
724,724,[0.16 0.16 0.16 0.16 0.16 0.16 0.16 0.16 0.16 0.16]
725,725,[0.16 0.16 0.16 0.16 0.16 0.16 0.16 0.16 0.16 0.16]
726,726,[0.16 0.16 0.16 0.16 0.16 0.16 0.16 0.16 0.16 0.16]
727,727,[0.16 0.16 0.16 0.16 0.16 0.16 0.16 0.16 0.16 0.16]
728,728,[0.16 0.16 0.16 0.16 0.16 0.16 0.16 0.16 0.16 0.16]
729,729,[0.16 0.16 0.16 0.16 0.16 0.16 0.16 0.16 0.16 0.16]
730,730,[0.16 0.16 0.16 0.16 0.16 0.16 0.16 0.16 0.16 0.16]
731,731,[0.16 0.16 0.16 0.16 0.16 0.16 0.16 0.16 0.16 0.16]
732,732,[0.16 0.16 0.16 0.16 0.16 0.16 0.16 0.16 0.16 0.16]
733,733,[0.16 0.16 0.16 0.16 0.16 0.16 0.16 0.16 0.16 0.16]
734,734,[0.16 0.16 0.16 0.16 0.16 0.16 0.16 0.16 0.16 0.16]
735,735,[0.16 0.16 0.16 0.16 0.16 0.16 0.16 0.16 0.16 0.16]
736,736,[0.16 0.16 0.16 0.16 0.16 0.16 0.16 0.16 0.16 0.16]
737,737,[0.16 0.16 0.16 0.16 0.16 0.16 0.16 0.16 0.16 0.16]
738,738,[0.16 0.16 0.16 0.16 0.16 0.16 0.16 0.16 0.16 0.16]
739,739,[0.16 0.16 0.16 0.16 0.16 0.16 0.16 0.16 0.16 0.16]
740,740,[0.16 0.16 0.16 0.16 0.16 0.16 0.16 0.16 0.16 0.16]
741,741,[0.16 0.16 0.16 0.16 0.16 0.16 0.16 0.16 0.16 0.16]
742,742,[0.16 0.16 0.16 0.16 0.16 0.16 0.16 0.16 0.16 0.16]
743,743,[0.16 0.16 0.16 0.16 0.16 0.16 0.16 0.16 0.16 0.16]
744,744,[0.16 0.16 0.16 0.16 0.16 0.16 0.16 0.16 0.16 0.16]
745,745,[0.16 0.16 0.16 0.16 0.16 0.16 0.16 0.16 0.16 0.16]
746,746,[0.16 0.16 0.16 0.16 0.16 0.16 0.16 0.16 0.16 0.16]
747,747,[0.16 0.16 0.16 0.16 0.16 0.16 0.16 0.16 0.16 0.16]
748,748,[0.16 0.16 0.16 0.16 0.16 0.16 0.16 0.16 0.16 0.16]
749,749,[0.16 0.16 0.16 0.16 0.16 0.16 0.16 0.16 0.16 0.16]
750,750,[0.16 0.16 0.16 0.16 0.16 0.16 0.16 0.16 0.16 0.16]
751,751,[0.16 0.16 0.16 0.16 0.16 0.16 0.16 0.16 0.16 0.16]
752,752,[0.16 0.16 0.16 0.16 0.16 0.16 0.16 0.16 0.16 0.16]
753,753,[0.16 0.16 0.16 0.16 0.16 0.16 0.16 0.16 0.16 0.16]
754,754,[0.16 0.16 0.16 0.16 0.16 0.16 0.16 0.16 0.16 0.16]
755,755,[0.16 0.16 0.16 0.16 0.16 0.16 0.16 0.16 0.16 0.16]
756,756,[0.16 0.16 0.16 0.16 0.16 0.16 0.16 0.16 0.16 0.16]
757,757,[0.16 0.16 0.16 0.16 0.16 0.16 0.16 0.16 0.16 0.16]
758,758,[0.16 0.16 0.16 0.16 0.16 0.16 0.16 0.16 0.16 0.16]
759,759,[0.16 0.16 0.16 0.16 0.16 0.16 0.16 0.16 0.16 0.16]
760,760,[0.16 0.16 0.16 0.16 0.16 0.16 0.16 0.16 0.16 0.16]
761,761,[0.16 0.16 0.16 0.16 0.16 0.16 0.16 0.16 0.16 0.16]
762,762,[0.16 0.16 0.16 0.16 0.16 0.16 0.16 0.16 0.16 0.16]
763,763,[0.16 0.16 0.16 0.16 0.16 0.16 0.16 0.16 0.16 0.16]
764,764,[0.16 0.16 0.16 0.16 0.16 0.16 0.16 0.16 0.16 0.16]
765,765,[0.16 0.16 0.16 0.16 0.16 0.16 0.16 0.16 0.16 0.16]
766,766,[0.16 0.16 0.16 0.16 0.16 0.16 0.16 0.16 0.16 0.16]
767,767,[0.16 0.16 0.16 0.16 0.16 0.16 0.16 0.16 0.16 0.16]
768,768,[0.16 0.16 0.16 0.16 0.16 0.16 0.16 0.16 0.16 0.16]
769,769,[0.16 0.16 0.16 0.16 0.16 0.16 0.16 0.16 0.16 0.16]
770,770,[0.16 0.16 0.16 0.16 0.16 0.16 0.16 0.16 0.16 0.16]
771,771,[0.16 0.16 0.16 0.16 0.16 0.16 0.16 0.16 0.16 0.16]
772,772,[0.16 0.16 0.16 0.16 0.16 0.16 0.16 0.16 0.16 0.16]
773,773,[0.16 0.16 0.16 0.16 0.16 0.16 0.16 0.16 0.16 0.16]
774,774,[0.16 0.16 0.16 0.16 0.16 0.16 0.16 0.16 0.16 0.16]
775,775,[0.16 0.16 0.16 0.16 0.16 0.16 0.16 0.16 0.16 0.16]
776,776,[0.16 0.16 0.16 0.16 0.16 0.16 0.16 0.16 0.16 0.16]
777,777,[0.16 0.16 0.16 0.16 0.16 0.16 0.16 0.16 0.16 0.16]
778,778,[0.16 0.16 0.16 0.16 0.16 0.16 0.16 0.16 0.16 0.16]
779,779,[0.16 0.16 0.16 0.16 0.16 0.16 0.16 0.16 0.16 0.16]
780,780,[0.16 0.16 0.16 0.16 0.16 0.16 0.16 0.16 0.16 0.16]
781,781,[0.16 0.16 0.16 0.16 0.16 0.16 0.16 0.16 0.16 0.16]
782,782,[0.16 0.16 0.16 0.16 0.16 0.16 0.16 0.16 0.16 0.16]
783,783,[0.16 0.16 0.16 0.16 0.16 0.16 0.16 0.16 0.16 0.16]
784,784,[0.16 0.16 0.16 0.16 0.16 0.16 0.16 0.16 0.16 0.16]
785,785,[0.16 0.16 0.16 0.16 0.16 0.16 0.16 0.16 0.16 0.16]
786,786,[0.16 0.16 0.16 0.16 0.16 0.16 0.16 0.16 0.16 0.16]
787,787,[0.16 0.16 0.16 0.16 0.16 0.16 0.16 0.16 0.16 0.16]
788,788,[0.16 0.16 0.16 0.16 0.16 0.16 0.16 0.16 0.16 0.16]
789,789,[0.16 0.16 0.16 0.16 0.16 0.16 0.16 0.16 0.16 0.16]
790,790,[0.16 0.16 0.16 0.16 0.16 0.16 0.16 0.16 0.16 0.16]
791,791,[0.16 0.16 0.16 0.16 0.16 0.16 0.16 0.16 0.16 0.16]
792,792,[0.16 0.16 0.16 0.16 0.16 0.16 0.16 0.16 0.16 0.16]
793,793,[0.16 0.16 0.16 0.16 0.16 0.16 0.16 0.16 0.16 0.16]
794,794,[0.16 0.16 0.16 0.16 0.16 0.16 0.16 0.16 0.16 0.16]
795,795,[0.16 0.16 0.16 0.16 0.16 0.16 0.16 0.16 0.16 0.16]
796,796,[0.16 0.16 0.16 0.16 0.16 0.16 0.16 0.16 0.16 0.16]
797,797,[0.16 0.16 0.16 0.16 0.16 0.16 0.16 0.16 0.16 0.16]
798,798,[0.16 0.16 0.16 0.16 0.16 0.16 0.16 0.16 0.16 0.16]
799,799,[0.16 0.16 0.16 0.16 0.16 0.16 0.16 0.16 0.16 0.16]
800,800,[0.16 0.16 0.16 0.16 0.16 0.16 0.16 0.16 0.16 0.16]
801,801,[0.16 0.16 0.16 0.16 0.16 0.16 0.16 0.16 0.16 0.16]
802,802,[0.16 0.16 0.16 0.16 0.16 0.16 0.16 0.16 0.16 0.16]
803,803,[0.16 0.16 0.16 0.16 0.16 0.16 0.16 0.16 0.16 0.16]
804,804,[0.16 0.16 0.16 0.16 0.16 0.16 0.16 0.16 0.16 0.16]
805,805,[0.16 0.16 0.16 0.16 0.16 0.16 0.16 0.16 0.16 0.16]
806,806,[0.16 0.16 0.16 0.16 0.16 0.16 0.16 0.16 0.16 0.16]
807,807,[0.16 0.16 0.16 0.16 0.16 0.16 0.16 0.16 0.16 0.16]
808,808,[0.16 0.16 0.16 0.16 0.16 0.16 0.16 0.16 0.16 0.16]
809,809,[0.16 0.16 0.16 0.16 0.16 0.16 0.16 0.16 0.16 0.16]
810,810,[0.16 0.16 0.16 0.16 0.16 0.16 0.16 0.16 0.16 0.16]
811,811,[0.16 0.16 0.16 0.16 0.16 0.16 0.16 0.16 0.16 0.16]
812,812,[0.16 0.16 0.16 0.16 0.16 0.16 0.16 0.16 0.16 0.16]
813,813,[0.16 0.16 0.16 0.16 0.16 0.16 0.16 0.16 0.16 0.16]
814,814,[0.16 0.16 0.16 0.16 0.16 0.16 0.16 0.16 0.16 0.16]
815,815,[0.16 0.16 0.16 0.16 0.16 0.16 0.16 0.16 0.16 0.16]
816,816,[0.16 0.16 0.16 0.16 0.16 0.16 0.16 0.16 0.16 0.16]
817,817,[0.16 0.16 0.16 0.16 0.16 0.16 0.16 0.16 0.16 0.16]
818,818,[0.16 0.16 0.16 0.16 0.16 0.16 0.16 0.16 0.16 0.16]
819,819,[0.16 0.16 0.16 0.16 0.16 0.16 0.16 0.16 0.16 0.16]
820,820,[0.16 0.16 0.16 0.16 0.16 0.16 0.16 0.16 0.16 0.16]
821,821,[0.16 0.16 0.16 0.16 0.16 0.16 0.16 0.16 0.16 0.16]
822,822,[0.16 0.16 0.16 0.16 0.16 0.16 0.16 0.16 0.16 0.16]
823,823,[0.16 0.16 0.16 0.16 0.16 0.16 0.16 0.16 0.16 0.16]
824,824,[0.16 0.16 0.16 0.16 0.16 0.16 0.16 0.16 0.16 0.16]
825,825,[0.16 0.16 0.16 0.16 0.16 0.16 0.16 0.16 0.16 0.16]
826,826,[0.16 0.16 0.16 0.16 0.16 0.16 0.16 0.16 0.16 0.16]
827,827,[0.16 0.16 0.16 0.16 0.16 0.16 0.16 0.16 0.16 0.16]
828,828,[0.16 0.16 0.16 0.16 0.16 0.16 0.16 0.16 0.16 0.16]
829,829,[0.16 0.16 0.16 0.16 0.16 0.16 0.16 0.16 0.16 0.16]
830,830,[0.16 0.16 0.16 0.16 0.16 0.16 0.16 0.16 0.16 0.16]
831,831,[0.16 0.16 0.16 0.16 0.16 0.16 0.16 0.16 0.16 0.16]
832,832,[0.16 0.16 0.16 0.16 0.16 0.16 0.16 0.16 0.16 0.16]
833,833,[0.16 0.16 0.16 0.16 0.16 0.16 0.16 0.16 0.16 0.16]
834,834,[0.16 0.16 0.16 0.16 0.16 0.16 0.16 0.16 0.16 0.16]
835,835,[0.16 0.16 0.16 0.16 0.16 0.16 0.16 0.16 0.16 0.16]
836,836,[0.16 0.16 0.16 0.16 0.16 0.16 0.16 0.16 0.16 0.16]
837,837,[0.16 0.16 0.16 0.16 0.16 0.16 0.16 0.16 0.16 0.16]
838,838,[0.16 0.16 0.16 0.16 0.16 0.16 0.16 0.16 0.16 0.16]
839,839,[0.16 0.16 0.16 0.16 0.16 0.16 0.16 0.16 0.16 0.16]
840,840,[0.16 0.16 0.16 0.16 0.16 0.16 0.16 0.16 0.16 0.16]
841,841,[0.16 0.16 0.16 0.16 0.16 0.16 0.16 0.16 0.16 0.16]
842,842,[0.16 0.16 0.16 0.16 0.16 0.16 0.16 0.16 0.16 0.16]
843,843,[0.16 0.16 0.16 0.16 0.16 0.16 0.16 0.16 0.16 0.16]
844,844,[0.16 0.16 0.16 0.16 0.16 0.16 0.16 0.16 0.16 0.16]
845,845,[0.16 0.16 0.16 0.16 0.16 0.16 0.16 0.16 0.16 0.16]
846,846,[0.16 0.16 0.16 0.16 0.16 0.16 0.16 0.16 0.16 0.16]
847,847,[0.16 0.16 0.16 0.16 0.16 0.16 0.16 0.16 0.16 0.16]
848,848,[0.16 0.16 0.16 0.16 0.16 0.16 0.16 0.16 0.16 0.16]
849,849,[0.16 0.16 0.16 0.16 0.16 0.16 0.16 0.16 0.16 0.16]
850,850,[0.16 0.16 0.16 0.16 0.16 0.16 0.16 0.16 0.16 0.16]
851,851,[0.16 0.16 0.16 0.16 0.16 0.16 0.16 0.16 0.16 0.16]
852,852,[0.16 0.16 0.16 0.16 0.16 0.16 0.16 0.16 0.16 0.16]
853,853,[0.16 0.16 0.16 0.16 0.16 0.16 0.16 0.16 0.16 0.16]
854,854,[0.16 0.16 0.16 0.16 0.16 0.16 0.16 0.16 0.16 0.16]
855,855,[0.16 0.16 0.16 0.16 0.16 0.16 0.16 0.16 0.16 0.16]
856,856,[0.16 0.16 0.16 0.16 0.16 0.16 0.16 0.16 0.16 0.16]
857,857,[0.16 0.16 0.16 0.16 0.16 0.16 0.16 0.16 0.16 0.16]
858,858,[0.16 0.16 0.16 0.16 0.16 0.16 0.16 0.16 0.16 0.16]
859,859,[0.16 0.16 0.16 0.16 0.16 0.16 0.16 0.16 0.16 0.16]
860,860,[0.16 0.16 0.16 0.16 0.16 0.16 0.16 0.16 0.16 0.16]
861,861,[0.16 0.16 0.16 0.16 0.16 0.16 0.16 0.16 0.16 0.16]
862,862,[0.16 0.16 0.16 0.16 0.16 0.16 0.16 0.16 0.16 0.16]
863,863,[0.16 0.16 0.16 0.16 0.16 0.16 0.16 0.16 0.16 0.16]
864,864,[0.16 0.16 0.16 0.16 0.16 0.16 0.16 0.16 0.16 0.16]
865,865,[0.16 0.16 0.16 0.16 0.16 0.16 0.16 0.16 0.16 0.16]
866,866,[0.16 0.16 0.16 0.16 0.16 0.16 0.16 0.16 0.16 0.16]
867,867,[0.16 0.16 0.16 0.16 0.16 0.16 0.16 0.16 0.16 0.16]
868,868,[0.16 0.16 0.16 0.16 0.16 0.16 0.16 0.16 0.16 0.16]
869,869,[0.16 0.16 0.16 0.16 0.16 0.16 0.16 0.16 0.16 0.16]
870,870,[0.16 0.16 0.16 0.16 0.16 0.16 0.16 0.16 0.16 0.16]
871,871,[0.16 0.16 0.16 0.16 0.16 0.16 0.16 0.16 0.16 0.16]
872,872,[0.16 0.16 0.16 0.16 0.16 0.16 0.16 0.16 0.16 0.16]
873,873,[0.16 0.16 0.16 0.16 0.16 0.16 0.16 0.16 0.16 0.16]
874,874,[0.16 0.16 0.16 0.16 0.16 0.16 0.16 0.16 0.16 0.16]
875,875,[0.16 0.16 0.16 0.16 0.16 0.16 0.16 0.16 0.16 0.16]
876,876,[0.16 0.16 0.16 0.16 0.16 0.16 0.16 0.16 0.16 0.16]
877,877,[0.16 0.16 0.16 0.16 0.16 0.16 0.16 0.16 0.16 0.16]
878,878,[0.16 0.16 0.16 0.16 0.16 0.16 0.16 0.16 0.16 0.16]
879,879,[0.16 0.16 0.16 0.16 0.16 0.16 0.16 0.16 0.16 0.16]
880,880,[0.16 0.16 0.16 0.16 0.16 0.16 0.16 0.16 0.16 0.16]
881,881,[0.16 0.16 0.16 0.16 0.16 0.16 0.16 0.16 0.16 0.16]
882,882,[0.16 0.16 0.16 0.16 0.16 0.16 0.16 0.16 0.16 0.16]
883,883,[0.16 0.16 0.16 0.16 0.16 0.16 0.16 0.16 0.16 0.16]
884,884,[0.16 0.16 0.16 0.16 0.16 0.16 0.16 0.16 0.16 0.16]
885,885,[0.16 0.16 0.16 0.16 0.16 0.16 0.16 0.16 0.16 0.16]
886,886,[0.16 0.16 0.16 0.16 0.16 0.16 0.16 0.16 0.16 0.16]
887,887,[0.16 0.16 0.16 0.16 0.16 0.16 0.16 0.16 0.16 0.16]
888,888,[0.16 0.16 0.16 0.16 0.16 0.16 0.16 0.16 0.16 0.16]
889,889,[0.16 0.16 0.16 0.16 0.16 0.16 0.16 0.16 0.16 0.16]
890,890,[0.16 0.16 0.16 0.16 0.16 0.16 0.16 0.16 0.16 0.16]
891,891,[0.16 0.16 0.16 0.16 0.16 0.16 0.16 0.16 0.16 0.16]
892,892,[0.16 0.16 0.16 0.16 0.16 0.16 0.16 0.16 0.16 0.16]
893,893,[0.16 0.16 0.16 0.16 0.16 0.16 0.16 0.16 0.16 0.16]
894,894,[0.16 0.16 0.16 0.16 0.16 0.16 0.16 0.16 0.16 0.16]
895,895,[0.16 0.16 0.16 0.16 0.16 0.16 0.16 0.16 0.16 0.16]
896,896,[0.16 0.16 0.16 0.16 0.16 0.16 0.16 0.16 0.16 0.16]
897,897,[0.16 0.16 0.16 0.16 0.16 0.16 0.16 0.16 0.16 0.16]
898,898,[0.16 0.16 0.16 0.16 0.16 0.16 0.16 0.16 0.16 0.16]
899,899,[0.16 0.16 0.16 0.16 0.16 0.16 0.16 0.16 0.16 0.16]
900,900,[0.16 0.16 0.16 0.16 0.16 0.16 0.16 0.16 0.16 0.16]
901,901,[0.16 0.16 0.16 0.16 0.16 0.16 0.16 0.16 0.16 0.16]
902,902,[0.16 0.16 0.16 0.16 0.16 0.16 0.16 0.16 0.16 0.16]
903,903,[0.16 0.16 0.16 0.16 0.16 0.16 0.16 0.16 0.16 0.16]
904,904,[0.16 0.16 0.16 0.16 0.16 0.16 0.16 0.16 0.16 0.16]
905,905,[0.16 0.16 0.16 0.16 0.16 0.16 0.16 0.16 0.16 0.16]
906,906,[0.16 0.16 0.16 0.16 0.16 0.16 0.16 0.16 0.16 0.16]
907,907,[0.16 0.16 0.16 0.16 0.16 0.16 0.16 0.16 0.16 0.16]
908,908,[0.16 0.16 0.16 0.16 0.16 0.16 0.16 0.16 0.16 0.16]
909,909,[0.16 0.16 0.16 0.16 0.16 0.16 0.16 0.16 0.16 0.16]
910,910,[0.16 0.16 0.16 0.16 0.16 0.16 0.16 0.16 0.16 0.16]
911,911,[0.16 0.16 0.16 0.16 0.16 0.16 0.16 0.16 0.16 0.16]
912,912,[0.16 0.16 0.16 0.16 0.16 0.16 0.16 0.16 0.16 0.16]
913,913,[0.16 0.16 0.16 0.16 0.16 0.16 0.16 0.16 0.16 0.16]
914,914,[0.16 0.16 0.16 0.16 0.16 0.16 0.16 0.16 0.16 0.16]
915,915,[0.16 0.16 0.16 0.16 0.16 0.16 0.16 0.16 0.16 0.16]
916,916,[0.16 0.16 0.16 0.16 0.16 0.16 0.16 0.16 0.16 0.16]
917,917,[0.16 0.16 0.16 0.16 0.16 0.16 0.16 0.16 0.16 0.16]
918,918,[0.16 0.16 0.16 0.16 0.16 0.16 0.16 0.16 0.16 0.16]
919,919,[0.16 0.16 0.16 0.16 0.16 0.16 0.16 0.16 0.16 0.16]
920,920,[0.16 0.16 0.16 0.16 0.16 0.16 0.16 0.16 0.16 0.16]
921,921,[0.16 0.16 0.16 0.16 0.16 0.16 0.16 0.16 0.16 0.16]
922,922,[0.16 0.16 0.16 0.16 0.16 0.16 0.16 0.16 0.16 0.16]
923,923,[0.16 0.16 0.16 0.16 0.16 0.16 0.16 0.16 0.16 0.16]
924,924,[0.16 0.16 0.16 0.16 0.16 0.16 0.16 0.16 0.16 0.16]
925,925,[0.16 0.16 0.16 0.16 0.16 0.16 0.16 0.16 0.16 0.16]
926,926,[0.16 0.16 0.16 0.16 0.16 0.16 0.16 0.16 0.16 0.16]
927,927,[0.16 0.16 0.16 0.16 0.16 0.16 0.16 0.16 0.16 0.16]
928,928,[0.16 0.16 0.16 0.16 0.16 0.16 0.16 0.16 0.16 0.16]
929,929,[0.16 0.16 0.16 0.16 0.16 0.16 0.16 0.16 0.16 0.16]
930,930,[0.16 0.16 0.16 0.16 0.16 0.16 0.16 0.16 0.16 0.16]
931,931,[0.16 0.16 0.16 0.16 0.16 0.16 0.16 0.16 0.16 0.16]
932,932,[0.16 0.16 0.16 0.16 0.16 0.16 0.16 0.16 0.16 0.16]
933,933,[0.16 0.16 0.16 0.16 0.16 0.16 0.16 0.16 0.16 0.16]
934,934,[0.16 0.16 0.16 0.16 0.16 0.16 0.16 0.16 0.16 0.16]
935,935,[0.16 0.16 0.16 0.16 0.16 0.16 0.16 0.16 0.16 0.16]
936,936,[0.16 0.16 0.16 0.16 0.16 0.16 0.16 0.16 0.16 0.16]
937,937,[0.16 0.16 0.16 0.16 0.16 0.16 0.16 0.16 0.16 0.16]
938,938,[0.16 0.16 0.16 0.16 0.16 0.16 0.16 0.16 0.16 0.16]
939,939,[0.16 0.16 0.16 0.16 0.16 0.16 0.16 0.16 0.16 0.16]
940,940,[0.16 0.16 0.16 0.16 0.16 0.16 0.16 0.16 0.16 0.16]
941,941,[0.16 0.16 0.16 0.16 0.16 0.16 0.16 0.16 0.16 0.16]
942,942,[0.16 0.16 0.16 0.16 0.16 0.16 0.16 0.16 0.16 0.16]
943,943,[0.16 0.16 0.16 0.16 0.16 0.16 0.16 0.16 0.16 0.16]
944,944,[0.16 0.16 0.16 0.16 0.16 0.16 0.16 0.16 0.16 0.16]
945,945,[0.16 0.16 0.16 0.16 0.16 0.16 0.16 0.16 0.16 0.16]
946,946,[0.16 0.16 0.16 0.16 0.16 0.16 0.16 0.16 0.16 0.16]
947,947,[0.16 0.16 0.16 0.16 0.16 0.16 0.16 0.16 0.16 0.16]
948,948,[0.16 0.16 0.16 0.16 0.16 0.16 0.16 0.16 0.16 0.16]
949,949,[0.16 0.16 0.16 0.16 0.16 0.16 0.16 0.16 0.16 0.16]
950,950,[0.16 0.16 0.16 0.16 0.16 0.16 0.16 0.16 0.16 0.16]
951,951,[0.16 0.16 0.16 0.16 0.16 0.16 0.16 0.16 0.16 0.16]
952,952,[0.16 0.16 0.16 0.16 0.16 0.16 0.16 0.16 0.16 0.16]
953,953,[0.16 0.16 0.16 0.16 0.16 0.16 0.16 0.16 0.16 0.16]
954,954,[0.16 0.16 0.16 0.16 0.16 0.16 0.16 0.16 0.16 0.16]
955,955,[0.16 0.16 0.16 0.16 0.16 0.16 0.16 0.16 0.16 0.16]
956,956,[0.16 0.16 0.16 0.16 0.16 0.16 0.16 0.16 0.16 0.16]
957,957,[0.16 0.16 0.16 0.16 0.16 0.16 0.16 0.16 0.16 0.16]
958,958,[0.16 0.16 0.16 0.16 0.16 0.16 0.16 0.16 0.16 0.16]
959,959,[0.16 0.16 0.16 0.16 0.16 0.16 0.16 0.16 0.16 0.16]
960,960,[0.16 0.16 0.16 0.16 0.16 0.16 0.16 0.16 0.16 0.16]
961,961,[0.16 0.16 0.16 0.16 0.16 0.16 0.16 0.16 0.16 0.16]
962,962,[0.16 0.16 0.16 0.16 0.16 0.16 0.16 0.16 0.16 0.16]
963,963,[0.16 0.16 0.16 0.16 0.16 0.16 0.16 0.16 0.16 0.16]
964,964,[0.16 0.16 0.16 0.16 0.16 0.16 0.16 0.16 0.16 0.16]
965,965,[0.16 0.16 0.16 0.16 0.16 0.16 0.16 0.16 0.16 0.16]
966,966,[0.16 0.16 0.16 0.16 0.16 0.16 0.16 0.16 0.16 0.16]
967,967,[0.16 0.16 0.16 0.16 0.16 0.16 0.16 0.16 0.16 0.16]
968,968,[0.16 0.16 0.16 0.16 0.16 0.16 0.16 0.16 0.16 0.16]
969,969,[0.16 0.16 0.16 0.16 0.16 0.16 0.16 0.16 0.16 0.16]
970,970,[0.16 0.16 0.16 0.16 0.16 0.16 0.16 0.16 0.16 0.16]
971,971,[0.16 0.16 0.16 0.16 0.16 0.16 0.16 0.16 0.16 0.16]
972,972,[0.16 0.16 0.16 0.16 0.16 0.16 0.16 0.16 0.16 0.16]
973,973,[0.16 0.16 0.16 0.16 0.16 0.16 0.16 0.16 0.16 0.16]
974,974,[0.16 0.16 0.16 0.16 0.16 0.16 0.16 0.16 0.16 0.16]
975,975,[0.16 0.16 0.16 0.16 0.16 0.16 0.16 0.16 0.16 0.16]
976,976,[0.16 0.16 0.16 0.16 0.16 0.16 0.16 0.16 0.16 0.16]
977,977,[0.16 0.16 0.16 0.16 0.16 0.16 0.16 0.16 0.16 0.16]
978,978,[0.16 0.16 0.16 0.16 0.16 0.16 0.16 0.16 0.16 0.16]
979,979,[0.16 0.16 0.16 0.16 0.16 0.16 0.16 0.16 0.16 0.16]
980,980,[0.16 0.16 0.16 0.16 0.16 0.16 0.16 0.16 0.16 0.16]
981,981,[0.16 0.16 0.16 0.16 0.16 0.16 0.16 0.16 0.16 0.16]
982,982,[0.16 0.16 0.16 0.16 0.16 0.16 0.16 0.16 0.16 0.16]
983,983,[0.16 0.16 0.16 0.16 0.16 0.16 0.16 0.16 0.16 0.16]
984,984,[0.16 0.16 0.16 0.16 0.16 0.16 0.16 0.16 0.16 0.16]
985,985,[0.16 0.16 0.16 0.16 0.16 0.16 0.16 0.16 0.16 0.16]
986,986,[0.16 0.16 0.16 0.16 0.16 0.16 0.16 0.16 0.16 0.16]
987,987,[0.16 0.16 0.16 0.16 0.16 0.16 0.16 0.16 0.16 0.16]
988,988,[0.16 0.16 0.16 0.16 0.16 0.16 0.16 0.16 0.16 0.16]
989,989,[0.16 0.16 0.16 0.16 0.16 0.16 0.16 0.16 0.16 0.16]
990,990,[0.16 0.16 0.16 0.16 0.16 0.16 0.16 0.16 0.16 0.16]
991,991,[0.16 0.16 0.16 0.16 0.16 0.16 0.16 0.16 0.16 0.16]
992,992,[0.16 0.16 0.16 0.16 0.16 0.16 0.16 0.16 0.16 0.16]
993,993,[0.16 0.16 0.16 0.16 0.16 0.16 0.16 0.16 0.16 0.16]
994,994,[0.16 0.16 0.16 0.16 0.16 0.16 0.16 0.16 0.16 0.16]
995,995,[0.16 0.16 0.16 0.16 0.16 0.16 0.16 0.16 0.16 0.16]
996,996,[0.16 0.16 0.16 0.16 0.16 0.16 0.16 0.16 0.16 0.16]
997,997,[0.16 0.16 0.16 0.16 0.16 0.16 0.16 0.16 0.16 0.16]
998,998,[0.16 0.16 0.16 0.16 0.16 0.16 0.16 0.16 0.16 0.16]
999,999,[0.16 0.16 0.16 0.16 0.16 0.16 0.16 0.16 0.16 0.16]
1000,1000,[0.16 0.16 0.16 0.16 0.16 0.16 0.16 0.16 0.16 0.16]
1001,1001,[0.16 0.16 0.16 0.16 0.16 0.16 0.16 0.16 0.16 0.16]
1002,1002,[0.16 0.16 0.16 0.16 0.16 0.16 0.16 0.16 0.16 0.16]
1003,1003,[0.16 0.16 0.16 0.16 0.16 0.16 0.16 0.16 0.16 0.16]
1004,1004,[0.16 0.16 0.16 0.16 0.16 0.16 0.16 0.16 0.16 0.16]
1005,1005,[0.16 0.16 0.16 0.16 0.16 0.16 0.16 0.16 0.16 0.16]
1006,1006,[0.16 0.16 0.16 0.16 0.16 0.16 0.16 0.16 0.16 0.16]
1007,1007,[0.16 0.16 0.16 0.16 0.16 0.16 0.16 0.16 0.16 0.16]
1008,1008,[0.16 0.16 0.16 0.16 0.16 0.16 0.16 0.16 0.16 0.16]
1009,1009,[0.16 0.16 0.16 0.16 0.16 0.16 0.16 0.16 0.16 0.16]
1010,1010,[0.16 0.16 0.16 0.16 0.16 0.16 0.16 0.16 0.16 0.16]
1011,1011,[0.16 0.16 0.16 0.16 0.16 0.16 0.16 0.16 0.16 0.16]
1012,1012,[0.16 0.16 0.16 0.16 0.16 0.16 0.16 0.16 0.16 0.16]
1013,1013,[0.16 0.16 0.16 0.16 0.16 0.16 0.16 0.16 0.16 0.16]
1014,1014,[0.16 0.16 0.16 0.16 0.16 0.16 0.16 0.16 0.16 0.16]
1015,1015,[0.16 0.16 0.16 0.16 0.16 0.16 0.16 0.16 0.16 0.16]
1016,1016,[0.16 0.16 0.16 0.16 0.16 0.16 0.16 0.16 0.16 0.16]
1017,1017,[0.16 0.16 0.16 0.16 0.16 0.16 0.16 0.16 0.16 0.16]
1018,1018,[0.16 0.16 0.16 0.16 0.16 0.16 0.16 0.16 0.16 0.16]
1019,1019,[0.16 0.16 0.16 0.16 0.16 0.16 0.16 0.16 0.16 0.16]
1020,1020,[0.16 0.16 0.16 0.16 0.16 0.16 0.16 0.16 0.16 0.16]
1021,1021,[0.16 0.16 0.16 0.16 0.16 0.16 0.16 0.16 0.16 0.16]
1022,1022,[0.16 0.16 0.16 0.16 0.16 0.16 0.16 0.16 0.16 0.16]
1023,1023,[0.16 0.16 0.16 0.16 0.16 0.16 0.16 0.16 0.16 0.16]
1024,1024,[0.16 0.16 0.16 0.16 0.16 0.16 0.16 0.16 0.16 0.16]
1025,1025,[0.16 0.16 0.16 0.16 0.16 0.16 0.16 0.16 0.16 0.16]
1026,1026,[0.16 0.16 0.16 0.16 0.16 0.16 0.16 0.16 0.16 0.16]
1027,1027,[0.16 0.16 0.16 0.16 0.16 0.16 0.16 0.16 0.16 0.16]
1028,1028,[0.16 0.16 0.16 0.16 0.16 0.16 0.16 0.16 0.16 0.16]
1029,1029,[0.16 0.16 0.16 0.16 0.16 0.16 0.16 0.16 0.16 0.16]
1030,1030,[0.16 0.16 0.16 0.16 0.16 0.16 0.16 0.16 0.16 0.16]
1031,1031,[0.16 0.16 0.16 0.16 0.16 0.16 0.16 0.16 0.16 0.16]
1032,1032,[0.16 0.16 0.16 0.16 0.16 0.16 0.16 0.16 0.16 0.16]
1033,1033,[0.16 0.16 0.16 0.16 0.16 0.16 0.16 0.16 0.16 0.16]
1034,1034,[0.16 0.16 0.16 0.16 0.16 0.16 0.16 0.16 0.16 0.16]
1035,1035,[0.16 0.16 0.16 0.16 0.16 0.16 0.16 0.16 0.16 0.16]
1036,1036,[0.16 0.16 0.16 0.16 0.16 0.16 0.16 0.16 0.16 0.16]
1037,1037,[0.16 0.16 0.16 0.16 0.16 0.16 0.16 0.16 0.16 0.16]
1038,1038,[0.16 0.16 0.16 0.16 0.16 0.16 0.16 0.16 0.16 0.16]
1039,1039,[0.16 0.16 0.16 0.16 0.16 0.16 0.16 0.16 0.16 0.16]
1040,1040,[0.16 0.16 0.16 0.16 0.16 0.16 0.16 0.16 0.16 0.16]
1041,1041,[0.16 0.16 0.16 0.16 0.16 0.16 0.16 0.16 0.16 0.16]
1042,1042,[0.16 0.16 0.16 0.16 0.16 0.16 0.16 0.16 0.16 0.16]
1043,1043,[0.16 0.16 0.16 0.16 0.16 0.16 0.16 0.16 0.16 0.16]
1044,1044,[0.16 0.16 0.16 0.16 0.16 0.16 0.16 0.16 0.16 0.16]
1045,1045,[0.16 0.16 0.16 0.16 0.16 0.16 0.16 0.16 0.16 0.16]
1046,1046,[0.16 0.16 0.16 0.16 0.16 0.16 0.16 0.16 0.16 0.16]
1047,1047,[0.16 0.16 0.16 0.16 0.16 0.16 0.16 0.16 0.16 0.16]
1048,1048,[0.16 0.16 0.16 0.16 0.16 0.16 0.16 0.16 0.16 0.16]
1049,1049,[0.16 0.16 0.16 0.16 0.16 0.16 0.16 0.16 0.16 0.16]
1050,1050,[0.16 0.16 0.16 0.16 0.16 0.16 0.16 0.16 0.16 0.16]
1051,1051,[0.16 0.16 0.16 0.16 0.16 0.16 0.16 0.16 0.16 0.16]
1052,1052,[0.16 0.16 0.16 0.16 0.16 0.16 0.16 0.16 0.16 0.16]
1053,1053,[0.16 0.16 0.16 0.16 0.16 0.16 0.16 0.16 0.16 0.16]
1054,1054,[0.16 0.16 0.16 0.16 0.16 0.16 0.16 0.16 0.16 0.16]
1055,1055,[0.16 0.16 0.16 0.16 0.16 0.16 0.16 0.16 0.16 0.16]
1056,1056,[0.16 0.16 0.16 0.16 0.16 0.16 0.16 0.16 0.16 0.16]
1057,1057,[0.16 0.16 0.16 0.16 0.16 0.16 0.16 0.16 0.16 0.16]
1058,1058,[0.16 0.16 0.16 0.16 0.16 0.16 0.16 0.16 0.16 0.16]
1059,1059,[0.16 0.16 0.16 0.16 0.16 0.16 0.16 0.16 0.16 0.16]
1060,1060,[0.16 0.16 0.16 0.16 0.16 0.16 0.16 0.16 0.16 0.16]
1061,1061,[0.16 0.16 0.16 0.16 0.16 0.16 0.16 0.16 0.16 0.16]
1062,1062,[0.16 0.16 0.16 0.16 0.16 0.16 0.16 0.16 0.16 0.16]
1063,1063,[0.16 0.16 0.16 0.16 0.16 0.16 0.16 0.16 0.16 0.16]
1064,1064,[0.16 0.16 0.16 0.16 0.16 0.16 0.16 0.16 0.16 0.16]
1065,1065,[0.16 0.16 0.16 0.16 0.16 0.16 0.16 0.16 0.16 0.16]
1066,1066,[0.16 0.16 0.16 0.16 0.16 0.16 0.16 0.16 0.16 0.16]
1067,1067,[0.16 0.16 0.16 0.16 0.16 0.16 0.16 0.16 0.16 0.16]
1068,1068,[0.16 0.16 0.16 0.16 0.16 0.16 0.16 0.16 0.16 0.16]
1069,1069,[0.16 0.16 0.16 0.16 0.16 0.16 0.16 0.16 0.16 0.16]
1070,1070,[0.16 0.16 0.16 0.16 0.16 0.16 0.16 0.16 0.16 0.16]
1071,1071,[0.16 0.16 0.16 0.16 0.16 0.16 0.16 0.16 0.16 0.16]
1072,1072,[0.16 0.16 0.16 0.16 0.16 0.16 0.16 0.16 0.16 0.16]
1073,1073,[0.16 0.16 0.16 0.16 0.16 0.16 0.16 0.16 0.16 0.16]
1074,1074,[0.16 0.16 0.16 0.16 0.16 0.16 0.16 0.16 0.16 0.16]
1075,1075,[0.16 0.16 0.16 0.16 0.16 0.16 0.16 0.16 0.16 0.16]
1076,1076,[0.16 0.16 0.16 0.16 0.16 0.16 0.16 0.16 0.16 0.16]
1077,1077,[0.16 0.16 0.16 0.16 0.16 0.16 0.16 0.16 0.16 0.16]
1078,1078,[0.16 0.16 0.16 0.16 0.16 0.16 0.16 0.16 0.16 0.16]
1079,1079,[0.16 0.16 0.16 0.16 0.16 0.16 0.16 0.16 0.16 0.16]
1080,1080,[0.16 0.16 0.16 0.16 0.16 0.16 0.16 0.16 0.16 0.16]
1081,1081,[0.16 0.16 0.16 0.16 0.16 0.16 0.16 0.16 0.16 0.16]
1082,1082,[0.16 0.16 0.16 0.16 0.16 0.16 0.16 0.16 0.16 0.16]
1083,1083,[0.16 0.16 0.16 0.16 0.16 0.16 0.16 0.16 0.16 0.16]
1084,1084,[0.16 0.16 0.16 0.16 0.16 0.16 0.16 0.16 0.16 0.16]
1085,1085,[0.16 0.16 0.16 0.16 0.16 0.16 0.16 0.16 0.16 0.16]
1086,1086,[0.16 0.16 0.16 0.16 0.16 0.16 0.16 0.16 0.16 0.16]
1087,1087,[0.16 0.16 0.16 0.16 0.16 0.16 0.16 0.16 0.16 0.16]
1088,1088,[0.16 0.16 0.16 0.16 0.16 0.16 0.16 0.16 0.16 0.16]
1089,1089,[0.16 0.16 0.16 0.16 0.16 0.16 0.16 0.16 0.16 0.16]
1090,1090,[0.16 0.16 0.16 0.16 0.16 0.16 0.16 0.16 0.16 0.16]
1091,1091,[0.16 0.16 0.16 0.16 0.16 0.16 0.16 0.16 0.16 0.16]
1092,1092,[0.16 0.16 0.16 0.16 0.16 0.16 0.16 0.16 0.16 0.16]
1093,1093,[0.16 0.16 0.16 0.16 0.16 0.16 0.16 0.16 0.16 0.16]
1094,1094,[0.16 0.16 0.16 0.16 0.16 0.16 0.16 0.16 0.16 0.16]
1095,1095,[0.16 0.16 0.16 0.16 0.16 0.16 0.16 0.16 0.16 0.16]
1096,1096,[0.16 0.16 0.16 0.16 0.16 0.16 0.16 0.16 0.16 0.16]
1097,1097,[0.16 0.16 0.16 0.16 0.16 0.16 0.16 0.16 0.16 0.16]
1098,1098,[0.16 0.16 0.16 0.16 0.16 0.16 0.16 0.16 0.16 0.16]
1099,1099,[0.16 0.16 0.16 0.16 0.16 0.16 0.16 0.16 0.16 0.16]
1100,1100,[0.16 0.16 0.16 0.16 0.16 0.16 0.16 0.16 0.16 0.16]
1101,1101,[0.16 0.16 0.16 0.16 0.16 0.16 0.16 0.16 0.16 0.16]
1102,1102,[0.16 0.16 0.16 0.16 0.16 0.16 0.16 0.16 0.16 0.16]
1103,1103,[0.16 0.16 0.16 0.16 0.16 0.16 0.16 0.16 0.16 0.16]
1104,1104,[0.16 0.16 0.16 0.16 0.16 0.16 0.16 0.16 0.16 0.16]
1105,1105,[0.16 0.16 0.16 0.16 0.16 0.16 0.16 0.16 0.16 0.16]
1106,1106,[0.16 0.16 0.16 0.16 0.16 0.16 0.16 0.16 0.16 0.16]
1107,1107,[0.16 0.16 0.16 0.16 0.16 0.16 0.16 0.16 0.16 0.16]
1108,1108,[0.16 0.16 0.16 0.16 0.16 0.16 0.16 0.16 0.16 0.16]
1109,1109,[0.16 0.16 0.16 0.16 0.16 0.16 0.16 0.16 0.16 0.16]
1110,1110,[0.16 0.16 0.16 0.16 0.16 0.16 0.16 0.16 0.16 0.16]
1111,1111,[0.16 0.16 0.16 0.16 0.16 0.16 0.16 0.16 0.16 0.16]
1112,1112,[0.16 0.16 0.16 0.16 0.16 0.16 0.16 0.16 0.16 0.16]
1113,1113,[0.16 0.16 0.16 0.16 0.16 0.16 0.16 0.16 0.16 0.16]
1114,1114,[0.16 0.16 0.16 0.16 0.16 0.16 0.16 0.16 0.16 0.16]
1115,1115,[0.16 0.16 0.16 0.16 0.16 0.16 0.16 0.16 0.16 0.16]
1116,1116,[0.16 0.16 0.16 0.16 0.16 0.16 0.16 0.16 0.16 0.16]
1117,1117,[0.16 0.16 0.16 0.16 0.16 0.16 0.16 0.16 0.16 0.16]
1118,1118,[0.16 0.16 0.16 0.16 0.16 0.16 0.16 0.16 0.16 0.16]
1119,1119,[0.16 0.16 0.16 0.16 0.16 0.16 0.16 0.16 0.16 0.16]
1120,1120,[0.16 0.16 0.16 0.16 0.16 0.16 0.16 0.16 0.16 0.16]
1121,1121,[0.16 0.16 0.16 0.16 0.16 0.16 0.16 0.16 0.16 0.16]
1122,1122,[0.16 0.16 0.16 0.16 0.16 0.16 0.16 0.16 0.16 0.16]
1123,1123,[0.16 0.16 0.16 0.16 0.16 0.16 0.16 0.16 0.16 0.16]
1124,1124,[0.16 0.16 0.16 0.16 0.16 0.16 0.16 0.16 0.16 0.16]
1125,1125,[0.16 0.16 0.16 0.16 0.16 0.16 0.16 0.16 0.16 0.16]
1126,1126,[0.16 0.16 0.16 0.16 0.16 0.16 0.16 0.16 0.16 0.16]
1127,1127,[0.16 0.16 0.16 0.16 0.16 0.16 0.16 0.16 0.16 0.16]
1128,1128,[0.16 0.16 0.16 0.16 0.16 0.16 0.16 0.16 0.16 0.16]
1129,1129,[0.16 0.16 0.16 0.16 0.16 0.16 0.16 0.16 0.16 0.16]
1130,1130,[0.16 0.16 0.16 0.16 0.16 0.16 0.16 0.16 0.16 0.16]
1131,1131,[0.16 0.16 0.16 0.16 0.16 0.16 0.16 0.16 0.16 0.16]
1132,1132,[0.16 0.16 0.16 0.16 0.16 0.16 0.16 0.16 0.16 0.16]
1133,1133,[0.16 0.16 0.16 0.16 0.16 0.16 0.16 0.16 0.16 0.16]
1134,1134,[0.16 0.16 0.16 0.16 0.16 0.16 0.16 0.16 0.16 0.16]
1135,1135,[0.16 0.16 0.16 0.16 0.16 0.16 0.16 0.16 0.16 0.16]
1136,1136,[0.16 0.16 0.16 0.16 0.16 0.16 0.16 0.16 0.16 0.16]
1137,1137,[0.16 0.16 0.16 0.16 0.16 0.16 0.16 0.16 0.16 0.16]
1138,1138,[0.16 0.16 0.16 0.16 0.16 0.16 0.16 0.16 0.16 0.16]
1139,1139,[0.16 0.16 0.16 0.16 0.16 0.16 0.16 0.16 0.16 0.16]
1140,1140,[0.16 0.16 0.16 0.16 0.16 0.16 0.16 0.16 0.16 0.16]
1141,1141,[0.16 0.16 0.16 0.16 0.16 0.16 0.16 0.16 0.16 0.16]
1142,1142,[0.16 0.16 0.16 0.16 0.16 0.16 0.16 0.16 0.16 0.16]
1143,1143,[0.16 0.16 0.16 0.16 0.16 0.16 0.16 0.16 0.16 0.16]
1144,1144,[0.16 0.16 0.16 0.16 0.16 0.16 0.16 0.16 0.16 0.16]
1145,1145,[0.16 0.16 0.16 0.16 0.16 0.16 0.16 0.16 0.16 0.16]
1146,1146,[0.16 0.16 0.16 0.16 0.16 0.16 0.16 0.16 0.16 0.16]
1147,1147,[0.16 0.16 0.16 0.16 0.16 0.16 0.16 0.16 0.16 0.16]
1148,1148,[0.16 0.16 0.16 0.16 0.16 0.16 0.16 0.16 0.16 0.16]
1149,1149,[0.16 0.16 0.16 0.16 0.16 0.16 0.16 0.16 0.16 0.16]
1150,1150,[0.16 0.16 0.16 0.16 0.16 0.16 0.16 0.16 0.16 0.16]
1151,1151,[0.16 0.16 0.16 0.16 0.16 0.16 0.16 0.16 0.16 0.16]
1152,1152,[0.16 0.16 0.16 0.16 0.16 0.16 0.16 0.16 0.16 0.16]
1153,1153,[0.16 0.16 0.16 0.16 0.16 0.16 0.16 0.16 0.16 0.16]
1154,1154,[0.16 0.16 0.16 0.16 0.16 0.16 0.16 0.16 0.16 0.16]
1155,1155,[0.16 0.16 0.16 0.16 0.16 0.16 0.16 0.16 0.16 0.16]
1156,1156,[0.16 0.16 0.16 0.16 0.16 0.16 0.16 0.16 0.16 0.16]
1157,1157,[0.16 0.16 0.16 0.16 0.16 0.16 0.16 0.16 0.16 0.16]
1158,1158,[0.16 0.16 0.16 0.16 0.16 0.16 0.16 0.16 0.16 0.16]
1159,1159,[0.16 0.16 0.16 0.16 0.16 0.16 0.16 0.16 0.16 0.16]
1160,1160,[0.16 0.16 0.16 0.16 0.16 0.16 0.16 0.16 0.16 0.16]
1161,1161,[0.16 0.16 0.16 0.16 0.16 0.16 0.16 0.16 0.16 0.16]
1162,1162,[0.16 0.16 0.16 0.16 0.16 0.16 0.16 0.16 0.16 0.16]
1163,1163,[0.16 0.16 0.16 0.16 0.16 0.16 0.16 0.16 0.16 0.16]
1164,1164,[0.16 0.16 0.16 0.16 0.16 0.16 0.16 0.16 0.16 0.16]
1165,1165,[0.16 0.16 0.16 0.16 0.16 0.16 0.16 0.16 0.16 0.16]
1166,1166,[0.16 0.16 0.16 0.16 0.16 0.16 0.16 0.16 0.16 0.16]
1167,1167,[0.16 0.16 0.16 0.16 0.16 0.16 0.16 0.16 0.16 0.16]
1168,1168,[0.16 0.16 0.16 0.16 0.16 0.16 0.16 0.16 0.16 0.16]
1169,1169,[0.16 0.16 0.16 0.16 0.16 0.16 0.16 0.16 0.16 0.16]
1170,1170,[0.16 0.16 0.16 0.16 0.16 0.16 0.16 0.16 0.16 0.16]
1171,1171,[0.16 0.16 0.16 0.16 0.16 0.16 0.16 0.16 0.16 0.16]
1172,1172,[0.16 0.16 0.16 0.16 0.16 0.16 0.16 0.16 0.16 0.16]
1173,1173,[0.16 0.16 0.16 0.16 0.16 0.16 0.16 0.16 0.16 0.16]
1174,1174,[0.16 0.16 0.16 0.16 0.16 0.16 0.16 0.16 0.16 0.16]
1175,1175,[0.16 0.16 0.16 0.16 0.16 0.16 0.16 0.16 0.16 0.16]
1176,1176,[0.16 0.16 0.16 0.16 0.16 0.16 0.16 0.16 0.16 0.16]
1177,1177,[0.16 0.16 0.16 0.16 0.16 0.16 0.16 0.16 0.16 0.16]
1178,1178,[0.16 0.16 0.16 0.16 0.16 0.16 0.16 0.16 0.16 0.16]
1179,1179,[0.16 0.16 0.16 0.16 0.16 0.16 0.16 0.16 0.16 0.16]
1180,1180,[0.16 0.16 0.16 0.16 0.16 0.16 0.16 0.16 0.16 0.16]
1181,1181,[0.16 0.16 0.16 0.16 0.16 0.16 0.16 0.16 0.16 0.16]
1182,1182,[0.16 0.16 0.16 0.16 0.16 0.16 0.16 0.16 0.16 0.16]
1183,1183,[0.16 0.16 0.16 0.16 0.16 0.16 0.16 0.16 0.16 0.16]
1184,1184,[0.16 0.16 0.16 0.16 0.16 0.16 0.16 0.16 0.16 0.16]
1185,1185,[0.16 0.16 0.16 0.16 0.16 0.16 0.16 0.16 0.16 0.16]
1186,1186,[0.16 0.16 0.16 0.16 0.16 0.16 0.16 0.16 0.16 0.16]
1187,1187,[0.16 0.16 0.16 0.16 0.16 0.16 0.16 0.16 0.16 0.16]
1188,1188,[0.16 0.16 0.16 0.16 0.16 0.16 0.16 0.16 0.16 0.16]
1189,1189,[0.16 0.16 0.16 0.16 0.16 0.16 0.16 0.16 0.16 0.16]
1190,1190,[0.16 0.16 0.16 0.16 0.16 0.16 0.16 0.16 0.16 0.16]
1191,1191,[0.16 0.16 0.16 0.16 0.16 0.16 0.16 0.16 0.16 0.16]
1192,1192,[0.16 0.16 0.16 0.16 0.16 0.16 0.16 0.16 0.16 0.16]
1193,1193,[0.16 0.16 0.16 0.16 0.16 0.16 0.16 0.16 0.16 0.16]
1194,1194,[0.16 0.16 0.16 0.16 0.16 0.16 0.16 0.16 0.16 0.16]
1195,1195,[0.16 0.16 0.16 0.16 0.16 0.16 0.16 0.16 0.16 0.16]
1196,1196,[0.16 0.16 0.16 0.16 0.16 0.16 0.16 0.16 0.16 0.16]
1197,1197,[0.16 0.16 0.16 0.16 0.16 0.16 0.16 0.16 0.16 0.16]
1198,1198,[0.16 0.16 0.16 0.16 0.16 0.16 0.16 0.16 0.16 0.16]
1199,1199,[0.16 0.16 0.16 0.16 0.16 0.16 0.16 0.16 0.16 0.16]
1200,1200,[0.16 0.16 0.16 0.16 0.16 0.16 0.16 0.16 0.16 0.16]
1201,1201,[0.16 0.16 0.16 0.16 0.16 0.16 0.16 0.16 0.16 0.16]
1202,1202,[0.16 0.16 0.16 0.16 0.16 0.16 0.16 0.16 0.16 0.16]
1203,1203,[0.16 0.16 0.16 0.16 0.16 0.16 0.16 0.16 0.16 0.16]
1204,1204,[0.16 0.16 0.16 0.16 0.16 0.16 0.16 0.16 0.16 0.16]
1205,1205,[0.16 0.16 0.16 0.16 0.16 0.16 0.16 0.16 0.16 0.16]
1206,1206,[0.16 0.16 0.16 0.16 0.16 0.16 0.16 0.16 0.16 0.16]
1207,1207,[0.16 0.16 0.16 0.16 0.16 0.16 0.16 0.16 0.16 0.16]
1208,1208,[0.16 0.16 0.16 0.16 0.16 0.16 0.16 0.16 0.16 0.16]
1209,1209,[0.16 0.16 0.16 0.16 0.16 0.16 0.16 0.16 0.16 0.16]
1210,1210,[0.16 0.16 0.16 0.16 0.16 0.16 0.16 0.16 0.16 0.16]
1211,1211,[0.16 0.16 0.16 0.16 0.16 0.16 0.16 0.16 0.16 0.16]
1212,1212,[0.16 0.16 0.16 0.16 0.16 0.16 0.16 0.16 0.16 0.16]
1213,1213,[0.16 0.16 0.16 0.16 0.16 0.16 0.16 0.16 0.16 0.16]
1214,1214,[0.16 0.16 0.16 0.16 0.16 0.16 0.16 0.16 0.16 0.16]
1215,1215,[0.16 0.16 0.16 0.16 0.16 0.16 0.16 0.16 0.16 0.16]
1216,1216,[0.16 0.16 0.16 0.16 0.16 0.16 0.16 0.16 0.16 0.16]
1217,1217,[0.16 0.16 0.16 0.16 0.16 0.16 0.16 0.16 0.16 0.16]
1218,1218,[0.16 0.16 0.16 0.16 0.16 0.16 0.16 0.16 0.16 0.16]
1219,1219,[0.16 0.16 0.16 0.16 0.16 0.16 0.16 0.16 0.16 0.16]
1220,1220,[0.16 0.16 0.16 0.16 0.16 0.16 0.16 0.16 0.16 0.16]
1221,1221,[0.16 0.16 0.16 0.16 0.16 0.16 0.16 0.16 0.16 0.16]
1222,1222,[0.16 0.16 0.16 0.16 0.16 0.16 0.16 0.16 0.16 0.16]
1223,1223,[0.16 0.16 0.16 0.16 0.16 0.16 0.16 0.16 0.16 0.16]
1224,1224,[0.16 0.16 0.16 0.16 0.16 0.16 0.16 0.16 0.16 0.16]
1225,1225,[0.16 0.16 0.16 0.16 0.16 0.16 0.16 0.16 0.16 0.16]
1226,1226,[0.16 0.16 0.16 0.16 0.16 0.16 0.16 0.16 0.16 0.16]
1227,1227,[0.16 0.16 0.16 0.16 0.16 0.16 0.16 0.16 0.16 0.16]
1228,1228,[0.16 0.16 0.16 0.16 0.16 0.16 0.16 0.16 0.16 0.16]
1229,1229,[0.16 0.16 0.16 0.16 0.16 0.16 0.16 0.16 0.16 0.16]
1230,1230,[0.16 0.16 0.16 0.16 0.16 0.16 0.16 0.16 0.16 0.16]
1231,1231,[0.16 0.16 0.16 0.16 0.16 0.16 0.16 0.16 0.16 0.16]
1232,1232,[0.16 0.16 0.16 0.16 0.16 0.16 0.16 0.16 0.16 0.16]
1233,1233,[0.16 0.16 0.16 0.16 0.16 0.16 0.16 0.16 0.16 0.16]
1234,1234,[0.16 0.16 0.16 0.16 0.16 0.16 0.16 0.16 0.16 0.16]
1235,1235,[0.16 0.16 0.16 0.16 0.16 0.16 0.16 0.16 0.16 0.16]
1236,1236,[0.16 0.16 0.16 0.16 0.16 0.16 0.16 0.16 0.16 0.16]
1237,1237,[0.16 0.16 0.16 0.16 0.16 0.16 0.16 0.16 0.16 0.16]
1238,1238,[0.16 0.16 0.16 0.16 0.16 0.16 0.16 0.16 0.16 0.16]
1239,1239,[0.16 0.16 0.16 0.16 0.16 0.16 0.16 0.16 0.16 0.16]
1240,1240,[0.16 0.16 0.16 0.16 0.16 0.16 0.16 0.16 0.16 0.16]
1241,1241,[0.16 0.16 0.16 0.16 0.16 0.16 0.16 0.16 0.16 0.16]
1242,1242,[0.16 0.16 0.16 0.16 0.16 0.16 0.16 0.16 0.16 0.16]
1243,1243,[0.16 0.16 0.16 0.16 0.16 0.16 0.16 0.16 0.16 0.16]
1244,1244,[0.16 0.16 0.16 0.16 0.16 0.16 0.16 0.16 0.16 0.16]
1245,1245,[0.16 0.16 0.16 0.16 0.16 0.16 0.16 0.16 0.16 0.16]
1246,1246,[0.16 0.16 0.16 0.16 0.16 0.16 0.16 0.16 0.16 0.16]
1247,1247,[0.16 0.16 0.16 0.16 0.16 0.16 0.16 0.16 0.16 0.16]
1248,1248,[0.16 0.16 0.16 0.16 0.16 0.16 0.16 0.16 0.16 0.16]
1249,1249,[0.16 0.16 0.16 0.16 0.16 0.16 0.16 0.16 0.16 0.16]
1250,1250,[0.16 0.16 0.16 0.16 0.16 0.16 0.16 0.16 0.16 0.16]
1251,1251,[0.16 0.16 0.16 0.16 0.16 0.16 0.16 0.16 0.16 0.16]
1252,1252,[0.16 0.16 0.16 0.16 0.16 0.16 0.16 0.16 0.16 0.16]
1253,1253,[0.16 0.16 0.16 0.16 0.16 0.16 0.16 0.16 0.16 0.16]
1254,1254,[0.16 0.16 0.16 0.16 0.16 0.16 0.16 0.16 0.16 0.16]
1255,1255,[0.16 0.16 0.16 0.16 0.16 0.16 0.16 0.16 0.16 0.16]
1256,1256,[0.16 0.16 0.16 0.16 0.16 0.16 0.16 0.16 0.16 0.16]
1257,1257,[0.16 0.16 0.16 0.16 0.16 0.16 0.16 0.16 0.16 0.16]
1258,1258,[0.16 0.16 0.16 0.16 0.16 0.16 0.16 0.16 0.16 0.16]
1259,1259,[0.16 0.16 0.16 0.16 0.16 0.16 0.16 0.16 0.16 0.16]
1260,1260,[0.16 0.16 0.16 0.16 0.16 0.16 0.16 0.16 0.16 0.16]
1261,1261,[0.16 0.16 0.16 0.16 0.16 0.16 0.16 0.16 0.16 0.16]
1262,1262,[0.16 0.16 0.16 0.16 0.16 0.16 0.16 0.16 0.16 0.16]
1263,1263,[0.16 0.16 0.16 0.16 0.16 0.16 0.16 0.16 0.16 0.16]
1264,1264,[0.16 0.16 0.16 0.16 0.16 0.16 0.16 0.16 0.16 0.16]
1265,1265,[0.16 0.16 0.16 0.16 0.16 0.16 0.16 0.16 0.16 0.16]
1266,1266,[0.16 0.16 0.16 0.16 0.16 0.16 0.16 0.16 0.16 0.16]
1267,1267,[0.16 0.16 0.16 0.16 0.16 0.16 0.16 0.16 0.16 0.16]
1268,1268,[0.16 0.16 0.16 0.16 0.16 0.16 0.16 0.16 0.16 0.16]
1269,1269,[0.16 0.16 0.16 0.16 0.16 0.16 0.16 0.16 0.16 0.16]
1270,1270,[0.16 0.16 0.16 0.16 0.16 0.16 0.16 0.16 0.16 0.16]
1271,1271,[0.16 0.16 0.16 0.16 0.16 0.16 0.16 0.16 0.16 0.16]
1272,1272,[0.16 0.16 0.16 0.16 0.16 0.16 0.16 0.16 0.16 0.16]
1273,1273,[0.16 0.16 0.16 0.16 0.16 0.16 0.16 0.16 0.16 0.16]
1274,1274,[0.16 0.16 0.16 0.16 0.16 0.16 0.16 0.16 0.16 0.16]
1275,1275,[0.16 0.16 0.16 0.16 0.16 0.16 0.16 0.16 0.16 0.16]
1276,1276,[0.16 0.16 0.16 0.16 0.16 0.16 0.16 0.16 0.16 0.16]
1277,1277,[0.16 0.16 0.16 0.16 0.16 0.16 0.16 0.16 0.16 0.16]
1278,1278,[0.16 0.16 0.16 0.16 0.16 0.16 0.16 0.16 0.16 0.16]
1279,1279,[0.16 0.16 0.16 0.16 0.16 0.16 0.16 0.16 0.16 0.16]
1280,1280,[0.16 0.16 0.16 0.16 0.16 0.16 0.16 0.16 0.16 0.16]
1281,1281,[0.16 0.16 0.16 0.16 0.16 0.16 0.16 0.16 0.16 0.16]
1282,1282,[0.16 0.16 0.16 0.16 0.16 0.16 0.16 0.16 0.16 0.16]
1283,1283,[0.16 0.16 0.16 0.16 0.16 0.16 0.16 0.16 0.16 0.16]
1284,1284,[0.16 0.16 0.16 0.16 0.16 0.16 0.16 0.16 0.16 0.16]
1285,1285,[0.16 0.16 0.16 0.16 0.16 0.16 0.16 0.16 0.16 0.16]
1286,1286,[0.16 0.16 0.16 0.16 0.16 0.16 0.16 0.16 0.16 0.16]
1287,1287,[0.16 0.16 0.16 0.16 0.16 0.16 0.16 0.16 0.16 0.16]
1288,1288,[0.16 0.16 0.16 0.16 0.16 0.16 0.16 0.16 0.16 0.16]
1289,1289,[0.16 0.16 0.16 0.16 0.16 0.16 0.16 0.16 0.16 0.16]
1290,1290,[0.16 0.16 0.16 0.16 0.16 0.16 0.16 0.16 0.16 0.16]
1291,1291,[0.16 0.16 0.16 0.16 0.16 0.16 0.16 0.16 0.16 0.16]
1292,1292,[0.16 0.16 0.16 0.16 0.16 0.16 0.16 0.16 0.16 0.16]
1293,1293,[0.16 0.16 0.16 0.16 0.16 0.16 0.16 0.16 0.16 0.16]
1294,1294,[0.16 0.16 0.16 0.16 0.16 0.16 0.16 0.16 0.16 0.16]
1295,1295,[0.16 0.16 0.16 0.16 0.16 0.16 0.16 0.16 0.16 0.16]
1296,1296,[0.16 0.16 0.16 0.16 0.16 0.16 0.16 0.16 0.16 0.16]
1297,1297,[0.16 0.16 0.16 0.16 0.16 0.16 0.16 0.16 0.16 0.16]
1298,1298,[0.16 0.16 0.16 0.16 0.16 0.16 0.16 0.16 0.16 0.16]
1299,1299,[0.16 0.16 0.16 0.16 0.16 0.16 0.16 0.16 0.16 0.16]
1300,1300,[0.16 0.16 0.16 0.16 0.16 0.16 0.16 0.16 0.16 0.16]
1301,1301,[0.16 0.16 0.16 0.16 0.16 0.16 0.16 0.16 0.16 0.16]
1302,1302,[0.16 0.16 0.16 0.16 0.16 0.16 0.16 0.16 0.16 0.16]
1303,1303,[0.16 0.16 0.16 0.16 0.16 0.16 0.16 0.16 0.16 0.16]
1304,1304,[0.16 0.16 0.16 0.16 0.16 0.16 0.16 0.16 0.16 0.16]
1305,1305,[0.16 0.16 0.16 0.16 0.16 0.16 0.16 0.16 0.16 0.16]
1306,1306,[0.16 0.16 0.16 0.16 0.16 0.16 0.16 0.16 0.16 0.16]
1307,1307,[0.16 0.16 0.16 0.16 0.16 0.16 0.16 0.16 0.16 0.16]
1308,1308,[0.16 0.16 0.16 0.16 0.16 0.16 0.16 0.16 0.16 0.16]
1309,1309,[0.16 0.16 0.16 0.16 0.16 0.16 0.16 0.16 0.16 0.16]
1310,1310,[0.16 0.16 0.16 0.16 0.16 0.16 0.16 0.16 0.16 0.16]
1311,1311,[0.16 0.16 0.16 0.16 0.16 0.16 0.16 0.16 0.16 0.16]
1312,1312,[0.16 0.16 0.16 0.16 0.16 0.16 0.16 0.16 0.16 0.16]
1313,1313,[0.16 0.16 0.16 0.16 0.16 0.16 0.16 0.16 0.16 0.16]
1314,1314,[0.16 0.16 0.16 0.16 0.16 0.16 0.16 0.16 0.16 0.16]
1315,1315,[0.16 0.16 0.16 0.16 0.16 0.16 0.16 0.16 0.16 0.16]
1316,1316,[0.16 0.16 0.16 0.16 0.16 0.16 0.16 0.16 0.16 0.16]
1317,1317,[0.16 0.16 0.16 0.16 0.16 0.16 0.16 0.16 0.16 0.16]
1318,1318,[0.16 0.16 0.16 0.16 0.16 0.16 0.16 0.16 0.16 0.16]
1319,1319,[0.16 0.16 0.16 0.16 0.16 0.16 0.16 0.16 0.16 0.16]
1320,1320,[0.16 0.16 0.16 0.16 0.16 0.16 0.16 0.16 0.16 0.16]
1321,1321,[0.16 0.16 0.16 0.16 0.16 0.16 0.16 0.16 0.16 0.16]
1322,1322,[0.16 0.16 0.16 0.16 0.16 0.16 0.16 0.16 0.16 0.16]
1323,1323,[0.16 0.16 0.16 0.16 0.16 0.16 0.16 0.16 0.16 0.16]
1324,1324,[0.16 0.16 0.16 0.16 0.16 0.16 0.16 0.16 0.16 0.16]
1325,1325,[0.16 0.16 0.16 0.16 0.16 0.16 0.16 0.16 0.16 0.16]
1326,1326,[0.16 0.16 0.16 0.16 0.16 0.16 0.16 0.16 0.16 0.16]
1327,1327,[0.16 0.16 0.16 0.16 0.16 0.16 0.16 0.16 0.16 0.16]
1328,1328,[0.16 0.16 0.16 0.16 0.16 0.16 0.16 0.16 0.16 0.16]
1329,1329,[0.16 0.16 0.16 0.16 0.16 0.16 0.16 0.16 0.16 0.16]
1330,1330,[0.16 0.16 0.16 0.16 0.16 0.16 0.16 0.16 0.16 0.16]
1331,1331,[0.16 0.16 0.16 0.16 0.16 0.16 0.16 0.16 0.16 0.16]
1332,1332,[0.16 0.16 0.16 0.16 0.16 0.16 0.16 0.16 0.16 0.16]
1333,1333,[0.16 0.16 0.16 0.16 0.16 0.16 0.16 0.16 0.16 0.16]
1334,1334,[0.16 0.16 0.16 0.16 0.16 0.16 0.16 0.16 0.16 0.16]
1335,1335,[0.16 0.16 0.16 0.16 0.16 0.16 0.16 0.16 0.16 0.16]
1336,1336,[0.16 0.16 0.16 0.16 0.16 0.16 0.16 0.16 0.16 0.16]
1337,1337,[0.16 0.16 0.16 0.16 0.16 0.16 0.16 0.16 0.16 0.16]
1338,1338,[0.16 0.16 0.16 0.16 0.16 0.16 0.16 0.16 0.16 0.16]
1339,1339,[0.16 0.16 0.16 0.16 0.16 0.16 0.16 0.16 0.16 0.16]
1340,1340,[0.16 0.16 0.16 0.16 0.16 0.16 0.16 0.16 0.16 0.16]
1341,1341,[0.16 0.16 0.16 0.16 0.16 0.16 0.16 0.16 0.16 0.16]
1342,1342,[0.16 0.16 0.16 0.16 0.16 0.16 0.16 0.16 0.16 0.16]
1343,1343,[0.16 0.16 0.16 0.16 0.16 0.16 0.16 0.16 0.16 0.16]
1344,1344,[0.16 0.16 0.16 0.16 0.16 0.16 0.16 0.16 0.16 0.16]
1345,1345,[0.16 0.16 0.16 0.16 0.16 0.16 0.16 0.16 0.16 0.16]
1346,1346,[0.16 0.16 0.16 0.16 0.16 0.16 0.16 0.16 0.16 0.16]
1347,1347,[0.16 0.16 0.16 0.16 0.16 0.16 0.16 0.16 0.16 0.16]
1348,1348,[0.16 0.16 0.16 0.16 0.16 0.16 0.16 0.16 0.16 0.16]
1349,1349,[0.16 0.16 0.16 0.16 0.16 0.16 0.16 0.16 0.16 0.16]
1350,1350,[0.16 0.16 0.16 0.16 0.16 0.16 0.16 0.16 0.16 0.16]
1351,1351,[0.16 0.16 0.16 0.16 0.16 0.16 0.16 0.16 0.16 0.16]
1352,1352,[0.16 0.16 0.16 0.16 0.16 0.16 0.16 0.16 0.16 0.16]
1353,1353,[0.16 0.16 0.16 0.16 0.16 0.16 0.16 0.16 0.16 0.16]
1354,1354,[0.16 0.16 0.16 0.16 0.16 0.16 0.16 0.16 0.16 0.16]
1355,1355,[0.16 0.16 0.16 0.16 0.16 0.16 0.16 0.16 0.16 0.16]
1356,1356,[0.16 0.16 0.16 0.16 0.16 0.16 0.16 0.16 0.16 0.16]
1357,1357,[0.16 0.16 0.16 0.16 0.16 0.16 0.16 0.16 0.16 0.16]
1358,1358,[0.16 0.16 0.16 0.16 0.16 0.16 0.16 0.16 0.16 0.16]
1359,1359,[0.16 0.16 0.16 0.16 0.16 0.16 0.16 0.16 0.16 0.16]
1360,1360,[0.16 0.16 0.16 0.16 0.16 0.16 0.16 0.16 0.16 0.16]
1361,1361,[0.16 0.16 0.16 0.16 0.16 0.16 0.16 0.16 0.16 0.16]
1362,1362,[0.16 0.16 0.16 0.16 0.16 0.16 0.16 0.16 0.16 0.16]
1363,1363,[0.16 0.16 0.16 0.16 0.16 0.16 0.16 0.16 0.16 0.16]
1364,1364,[0.16 0.16 0.16 0.16 0.16 0.16 0.16 0.16 0.16 0.16]
1365,1365,[0.16 0.16 0.16 0.16 0.16 0.16 0.16 0.16 0.16 0.16]
1366,1366,[0.16 0.16 0.16 0.16 0.16 0.16 0.16 0.16 0.16 0.16]
1367,1367,[0.16 0.16 0.16 0.16 0.16 0.16 0.16 0.16 0.16 0.16]
1368,1368,[0.16 0.16 0.16 0.16 0.16 0.16 0.16 0.16 0.16 0.16]
1369,1369,[0.16 0.16 0.16 0.16 0.16 0.16 0.16 0.16 0.16 0.16]
1370,1370,[0.16 0.16 0.16 0.16 0.16 0.16 0.16 0.16 0.16 0.16]
1371,1371,[0.16 0.16 0.16 0.16 0.16 0.16 0.16 0.16 0.16 0.16]
1372,1372,[0.16 0.16 0.16 0.16 0.16 0.16 0.16 0.16 0.16 0.16]
1373,1373,[0.16 0.16 0.16 0.16 0.16 0.16 0.16 0.16 0.16 0.16]
1374,1374,[0.16 0.16 0.16 0.16 0.16 0.16 0.16 0.16 0.16 0.16]
1375,1375,[0.16 0.16 0.16 0.16 0.16 0.16 0.16 0.16 0.16 0.16]
1376,1376,[0.16 0.16 0.16 0.16 0.16 0.16 0.16 0.16 0.16 0.16]
1377,1377,[0.16 0.16 0.16 0.16 0.16 0.16 0.16 0.16 0.16 0.16]
1378,1378,[0.16 0.16 0.16 0.16 0.16 0.16 0.16 0.16 0.16 0.16]
1379,1379,[0.16 0.16 0.16 0.16 0.16 0.16 0.16 0.16 0.16 0.16]
1380,1380,[0.16 0.16 0.16 0.16 0.16 0.16 0.16 0.16 0.16 0.16]
1381,1381,[0.16 0.16 0.16 0.16 0.16 0.16 0.16 0.16 0.16 0.16]
1382,1382,[0.16 0.16 0.16 0.16 0.16 0.16 0.16 0.16 0.16 0.16]
1383,1383,[0.16 0.16 0.16 0.16 0.16 0.16 0.16 0.16 0.16 0.16]
1384,1384,[0.16 0.16 0.16 0.16 0.16 0.16 0.16 0.16 0.16 0.16]
1385,1385,[0.16 0.16 0.16 0.16 0.16 0.16 0.16 0.16 0.16 0.16]
1386,1386,[0.16 0.16 0.16 0.16 0.16 0.16 0.16 0.16 0.16 0.16]
1387,1387,[0.16 0.16 0.16 0.16 0.16 0.16 0.16 0.16 0.16 0.16]
1388,1388,[0.16 0.16 0.16 0.16 0.16 0.16 0.16 0.16 0.16 0.16]
1389,1389,[0.16 0.16 0.16 0.16 0.16 0.16 0.16 0.16 0.16 0.16]
1390,1390,[0.16 0.16 0.16 0.16 0.16 0.16 0.16 0.16 0.16 0.16]
1391,1391,[0.16 0.16 0.16 0.16 0.16 0.16 0.16 0.16 0.16 0.16]
1392,1392,[0.16 0.16 0.16 0.16 0.16 0.16 0.16 0.16 0.16 0.16]
1393,1393,[0.16 0.16 0.16 0.16 0.16 0.16 0.16 0.16 0.16 0.16]
1394,1394,[0.16 0.16 0.16 0.16 0.16 0.16 0.16 0.16 0.16 0.16]
1395,1395,[0.16 0.16 0.16 0.16 0.16 0.16 0.16 0.16 0.16 0.16]
1396,1396,[0.16 0.16 0.16 0.16 0.16 0.16 0.16 0.16 0.16 0.16]
1397,1397,[0.16 0.16 0.16 0.16 0.16 0.16 0.16 0.16 0.16 0.16]
1398,1398,[0.16 0.16 0.16 0.16 0.16 0.16 0.16 0.16 0.16 0.16]
1399,1399,[0.16 0.16 0.16 0.16 0.16 0.16 0.16 0.16 0.16 0.16]
1400,1400,[0.16 0.16 0.16 0.16 0.16 0.16 0.16 0.16 0.16 0.16]
1401,1401,[0.16 0.16 0.16 0.16 0.16 0.16 0.16 0.16 0.16 0.16]
1402,1402,[0.16 0.16 0.16 0.16 0.16 0.16 0.16 0.16 0.16 0.16]
1403,1403,[0.16 0.16 0.16 0.16 0.16 0.16 0.16 0.16 0.16 0.16]
1404,1404,[0.16 0.16 0.16 0.16 0.16 0.16 0.16 0.16 0.16 0.16]
1405,1405,[0.16 0.16 0.16 0.16 0.16 0.16 0.16 0.16 0.16 0.16]
1406,1406,[0.16 0.16 0.16 0.16 0.16 0.16 0.16 0.16 0.16 0.16]
1407,1407,[0.16 0.16 0.16 0.16 0.16 0.16 0.16 0.16 0.16 0.16]
1408,1408,[0.16 0.16 0.16 0.16 0.16 0.16 0.16 0.16 0.16 0.16]
1409,1409,[0.16 0.16 0.16 0.16 0.16 0.16 0.16 0.16 0.16 0.16]
1410,1410,[0.16 0.16 0.16 0.16 0.16 0.16 0.16 0.16 0.16 0.16]
1411,1411,[0.16 0.16 0.16 0.16 0.16 0.16 0.16 0.16 0.16 0.16]
1412,1412,[0.16 0.16 0.16 0.16 0.16 0.16 0.16 0.16 0.16 0.16]
1413,1413,[0.16 0.16 0.16 0.16 0.16 0.16 0.16 0.16 0.16 0.16]
1414,1414,[0.16 0.16 0.16 0.16 0.16 0.16 0.16 0.16 0.16 0.16]
1415,1415,[0.16 0.16 0.16 0.16 0.16 0.16 0.16 0.16 0.16 0.16]
1416,1416,[0.16 0.16 0.16 0.16 0.16 0.16 0.16 0.16 0.16 0.16]
1417,1417,[0.16 0.16 0.16 0.16 0.16 0.16 0.16 0.16 0.16 0.16]
1418,1418,[0.16 0.16 0.16 0.16 0.16 0.16 0.16 0.16 0.16 0.16]
1419,1419,[0.16 0.16 0.16 0.16 0.16 0.16 0.16 0.16 0.16 0.16]
1420,1420,[0.16 0.16 0.16 0.16 0.16 0.16 0.16 0.16 0.16 0.16]
1421,1421,[0.16 0.16 0.16 0.16 0.16 0.16 0.16 0.16 0.16 0.16]
1422,1422,[0.16 0.16 0.16 0.16 0.16 0.16 0.16 0.16 0.16 0.16]
1423,1423,[0.16 0.16 0.16 0.16 0.16 0.16 0.16 0.16 0.16 0.16]
1424,1424,[0.16 0.16 0.16 0.16 0.16 0.16 0.16 0.16 0.16 0.16]
1425,1425,[0.16 0.16 0.16 0.16 0.16 0.16 0.16 0.16 0.16 0.16]
1426,1426,[0.16 0.16 0.16 0.16 0.16 0.16 0.16 0.16 0.16 0.16]
1427,1427,[0.16 0.16 0.16 0.16 0.16 0.16 0.16 0.16 0.16 0.16]
1428,1428,[0.16 0.16 0.16 0.16 0.16 0.16 0.16 0.16 0.16 0.16]
1429,1429,[0.16 0.16 0.16 0.16 0.16 0.16 0.16 0.16 0.16 0.16]
1430,1430,[0.16 0.16 0.16 0.16 0.16 0.16 0.16 0.16 0.16 0.16]
1431,1431,[0.16 0.16 0.16 0.16 0.16 0.16 0.16 0.16 0.16 0.16]
1432,1432,[0.16 0.16 0.16 0.16 0.16 0.16 0.16 0.16 0.16 0.16]
1433,1433,[0.16 0.16 0.16 0.16 0.16 0.16 0.16 0.16 0.16 0.16]
1434,1434,[0.16 0.16 0.16 0.16 0.16 0.16 0.16 0.16 0.16 0.16]
1435,1435,[0.16 0.16 0.16 0.16 0.16 0.16 0.16 0.16 0.16 0.16]
1436,1436,[0.16 0.16 0.16 0.16 0.16 0.16 0.16 0.16 0.16 0.16]
1437,1437,[0.16 0.16 0.16 0.16 0.16 0.16 0.16 0.16 0.16 0.16]
1438,1438,[0.16 0.16 0.16 0.16 0.16 0.16 0.16 0.16 0.16 0.16]
1439,1439,[0.16 0.16 0.16 0.16 0.16 0.16 0.16 0.16 0.16 0.16]
1440,1440,[0.16 0.16 0.16 0.16 0.16 0.16 0.16 0.16 0.16 0.16]
1441,1441,[0.16 0.16 0.16 0.16 0.16 0.16 0.16 0.16 0.16 0.16]
1442,1442,[0.16 0.16 0.16 0.16 0.16 0.16 0.16 0.16 0.16 0.16]
1443,1443,[0.16 0.16 0.16 0.16 0.16 0.16 0.16 0.16 0.16 0.16]
1444,1444,[0.16 0.16 0.16 0.16 0.16 0.16 0.16 0.16 0.16 0.16]
1445,1445,[0.16 0.16 0.16 0.16 0.16 0.16 0.16 0.16 0.16 0.16]
1446,1446,[0.16 0.16 0.16 0.16 0.16 0.16 0.16 0.16 0.16 0.16]
1447,1447,[0.16 0.16 0.16 0.16 0.16 0.16 0.16 0.16 0.16 0.16]
1448,1448,[0.16 0.16 0.16 0.16 0.16 0.16 0.16 0.16 0.16 0.16]
1449,1449,[0.16 0.16 0.16 0.16 0.16 0.16 0.16 0.16 0.16 0.16]
1450,1450,[0.16 0.16 0.16 0.16 0.16 0.16 0.16 0.16 0.16 0.16]
1451,1451,[0.16 0.16 0.16 0.16 0.16 0.16 0.16 0.16 0.16 0.16]
1452,1452,[0.16 0.16 0.16 0.16 0.16 0.16 0.16 0.16 0.16 0.16]
1453,1453,[0.16 0.16 0.16 0.16 0.16 0.16 0.16 0.16 0.16 0.16]
1454,1454,[0.16 0.16 0.16 0.16 0.16 0.16 0.16 0.16 0.16 0.16]
1455,1455,[0.16 0.16 0.16 0.16 0.16 0.16 0.16 0.16 0.16 0.16]
1456,1456,[0.16 0.16 0.16 0.16 0.16 0.16 0.16 0.16 0.16 0.16]
1457,1457,[0.16 0.16 0.16 0.16 0.16 0.16 0.16 0.16 0.16 0.16]
1458,1458,[0.16 0.16 0.16 0.16 0.16 0.16 0.16 0.16 0.16 0.16]
1459,1459,[0.16 0.16 0.16 0.16 0.16 0.16 0.16 0.16 0.16 0.16]
1460,1460,[0.16 0.16 0.16 0.16 0.16 0.16 0.16 0.16 0.16 0.16]
1461,1461,[0.16 0.16 0.16 0.16 0.16 0.16 0.16 0.16 0.16 0.16]
1462,1462,[0.16 0.16 0.16 0.16 0.16 0.16 0.16 0.16 0.16 0.16]
1463,1463,[0.16 0.16 0.16 0.16 0.16 0.16 0.16 0.16 0.16 0.16]
1464,1464,[0.16 0.16 0.16 0.16 0.16 0.16 0.16 0.16 0.16 0.16]
1465,1465,[0.16 0.16 0.16 0.16 0.16 0.16 0.16 0.16 0.16 0.16]
1466,1466,[0.16 0.16 0.16 0.16 0.16 0.16 0.16 0.16 0.16 0.16]
1467,1467,[0.16 0.16 0.16 0.16 0.16 0.16 0.16 0.16 0.16 0.16]
1468,1468,[0.16 0.16 0.16 0.16 0.16 0.16 0.16 0.16 0.16 0.16]
1469,1469,[0.16 0.16 0.16 0.16 0.16 0.16 0.16 0.16 0.16 0.16]
1470,1470,[0.16 0.16 0.16 0.16 0.16 0.16 0.16 0.16 0.16 0.16]
1471,1471,[0.16 0.16 0.16 0.16 0.16 0.16 0.16 0.16 0.16 0.16]
1472,1472,[0.16 0.16 0.16 0.16 0.16 0.16 0.16 0.16 0.16 0.16]
1473,1473,[0.16 0.16 0.16 0.16 0.16 0.16 0.16 0.16 0.16 0.16]
1474,1474,[0.16 0.16 0.16 0.16 0.16 0.16 0.16 0.16 0.16 0.16]
1475,1475,[0.16 0.16 0.16 0.16 0.16 0.16 0.16 0.16 0.16 0.16]
1476,1476,[0.16 0.16 0.16 0.16 0.16 0.16 0.16 0.16 0.16 0.16]
1477,1477,[0.16 0.16 0.16 0.16 0.16 0.16 0.16 0.16 0.16 0.16]
1478,1478,[0.16 0.16 0.16 0.16 0.16 0.16 0.16 0.16 0.16 0.16]
1479,1479,[0.16 0.16 0.16 0.16 0.16 0.16 0.16 0.16 0.16 0.16]
1480,1480,[0.16 0.16 0.16 0.16 0.16 0.16 0.16 0.16 0.16 0.16]
1481,1481,[0.16 0.16 0.16 0.16 0.16 0.16 0.16 0.16 0.16 0.16]
1482,1482,[0.16 0.16 0.16 0.16 0.16 0.16 0.16 0.16 0.16 0.16]
1483,1483,[0.16 0.16 0.16 0.16 0.16 0.16 0.16 0.16 0.16 0.16]
1484,1484,[0.16 0.16 0.16 0.16 0.16 0.16 0.16 0.16 0.16 0.16]
1485,1485,[0.16 0.16 0.16 0.16 0.16 0.16 0.16 0.16 0.16 0.16]
1486,1486,[0.16 0.16 0.16 0.16 0.16 0.16 0.16 0.16 0.16 0.16]
1487,1487,[0.16 0.16 0.16 0.16 0.16 0.16 0.16 0.16 0.16 0.16]
1488,1488,[0.16 0.16 0.16 0.16 0.16 0.16 0.16 0.16 0.16 0.16]
1489,1489,[0.16 0.16 0.16 0.16 0.16 0.16 0.16 0.16 0.16 0.16]
1490,1490,[0.16 0.16 0.16 0.16 0.16 0.16 0.16 0.16 0.16 0.16]
1491,1491,[0.16 0.16 0.16 0.16 0.16 0.16 0.16 0.16 0.16 0.16]
1492,1492,[0.16 0.16 0.16 0.16 0.16 0.16 0.16 0.16 0.16 0.16]
1493,1493,[0.16 0.16 0.16 0.16 0.16 0.16 0.16 0.16 0.16 0.16]
1494,1494,[0.16 0.16 0.16 0.16 0.16 0.16 0.16 0.16 0.16 0.16]
1495,1495,[0.16 0.16 0.16 0.16 0.16 0.16 0.16 0.16 0.16 0.16]
1496,1496,[0.16 0.16 0.16 0.16 0.16 0.16 0.16 0.16 0.16 0.16]
1497,1497,[0.16 0.16 0.16 0.16 0.16 0.16 0.16 0.16 0.16 0.16]
1498,1498,[0.16 0.16 0.16 0.16 0.16 0.16 0.16 0.16 0.16 0.16]
1499,1499,[0.16 0.16 0.16 0.16 0.16 0.16 0.16 0.16 0.16 0.16]
1500,1500,[0.16 0.16 0.16 0.16 0.16 0.16 0.16 0.16 0.16 0.16]
1501,1501,[0.16 0.16 0.16 0.16 0.16 0.16 0.16 0.16 0.16 0.16]
1502,1502,[0.16 0.16 0.16 0.16 0.16 0.16 0.16 0.16 0.16 0.16]
1503,1503,[0.16 0.16 0.16 0.16 0.16 0.16 0.16 0.16 0.16 0.16]
1504,1504,[0.16 0.16 0.16 0.16 0.16 0.16 0.16 0.16 0.16 0.16]
1505,1505,[0.16 0.16 0.16 0.16 0.16 0.16 0.16 0.16 0.16 0.16]
1506,1506,[0.16 0.16 0.16 0.16 0.16 0.16 0.16 0.16 0.16 0.16]
1507,1507,[0.16 0.16 0.16 0.16 0.16 0.16 0.16 0.16 0.16 0.16]
1508,1508,[0.16 0.16 0.16 0.16 0.16 0.16 0.16 0.16 0.16 0.16]
1509,1509,[0.16 0.16 0.16 0.16 0.16 0.16 0.16 0.16 0.16 0.16]
1510,1510,[0.16 0.16 0.16 0.16 0.16 0.16 0.16 0.16 0.16 0.16]
1511,1511,[0.16 0.16 0.16 0.16 0.16 0.16 0.16 0.16 0.16 0.16]
1512,1512,[0.16 0.16 0.16 0.16 0.16 0.16 0.16 0.16 0.16 0.16]
1513,1513,[0.16 0.16 0.16 0.16 0.16 0.16 0.16 0.16 0.16 0.16]
1514,1514,[0.16 0.16 0.16 0.16 0.16 0.16 0.16 0.16 0.16 0.16]
1515,1515,[0.16 0.16 0.16 0.16 0.16 0.16 0.16 0.16 0.16 0.16]
1516,1516,[0.16 0.16 0.16 0.16 0.16 0.16 0.16 0.16 0.16 0.16]
1517,1517,[0.16 0.16 0.16 0.16 0.16 0.16 0.16 0.16 0.16 0.16]
1518,1518,[0.16 0.16 0.16 0.16 0.16 0.16 0.16 0.16 0.16 0.16]
1519,1519,[0.16 0.16 0.16 0.16 0.16 0.16 0.16 0.16 0.16 0.16]
1520,1520,[0.16 0.16 0.16 0.16 0.16 0.16 0.16 0.16 0.16 0.16]
1521,1521,[0.16 0.16 0.16 0.16 0.16 0.16 0.16 0.16 0.16 0.16]
1522,1522,[0.16 0.16 0.16 0.16 0.16 0.16 0.16 0.16 0.16 0.16]
1523,1523,[0.16 0.16 0.16 0.16 0.16 0.16 0.16 0.16 0.16 0.16]
1524,1524,[0.16 0.16 0.16 0.16 0.16 0.16 0.16 0.16 0.16 0.16]
1525,1525,[0.16 0.16 0.16 0.16 0.16 0.16 0.16 0.16 0.16 0.16]
1526,1526,[0.16 0.16 0.16 0.16 0.16 0.16 0.16 0.16 0.16 0.16]
1527,1527,[0.16 0.16 0.16 0.16 0.16 0.16 0.16 0.16 0.16 0.16]
1528,1528,[0.16 0.16 0.16 0.16 0.16 0.16 0.16 0.16 0.16 0.16]
1529,1529,[0.16 0.16 0.16 0.16 0.16 0.16 0.16 0.16 0.16 0.16]
1530,1530,[0.16 0.16 0.16 0.16 0.16 0.16 0.16 0.16 0.16 0.16]
1531,1531,[0.16 0.16 0.16 0.16 0.16 0.16 0.16 0.16 0.16 0.16]
1532,1532,[0.16 0.16 0.16 0.16 0.16 0.16 0.16 0.16 0.16 0.16]
1533,1533,[0.16 0.16 0.16 0.16 0.16 0.16 0.16 0.16 0.16 0.16]
1534,1534,[0.16 0.16 0.16 0.16 0.16 0.16 0.16 0.16 0.16 0.16]
1535,1535,[0.16 0.16 0.16 0.16 0.16 0.16 0.16 0.16 0.16 0.16]
1536,1536,[0.16 0.16 0.16 0.16 0.16 0.16 0.16 0.16 0.16 0.16]
1537,1537,[0.16 0.16 0.16 0.16 0.16 0.16 0.16 0.16 0.16 0.16]
1538,1538,[0.16 0.16 0.16 0.16 0.16 0.16 0.16 0.16 0.16 0.16]
1539,1539,[0.16 0.16 0.16 0.16 0.16 0.16 0.16 0.16 0.16 0.16]
1540,1540,[0.16 0.16 0.16 0.16 0.16 0.16 0.16 0.16 0.16 0.16]
1541,1541,[0.16 0.16 0.16 0.16 0.16 0.16 0.16 0.16 0.16 0.16]
1542,1542,[0.16 0.16 0.16 0.16 0.16 0.16 0.16 0.16 0.16 0.16]
1543,1543,[0.16 0.16 0.16 0.16 0.16 0.16 0.16 0.16 0.16 0.16]
1544,1544,[0.16 0.16 0.16 0.16 0.16 0.16 0.16 0.16 0.16 0.16]
1545,1545,[0.16 0.16 0.16 0.16 0.16 0.16 0.16 0.16 0.16 0.16]
1546,1546,[0.16 0.16 0.16 0.16 0.16 0.16 0.16 0.16 0.16 0.16]
1547,1547,[0.16 0.16 0.16 0.16 0.16 0.16 0.16 0.16 0.16 0.16]
1548,1548,[0.16 0.16 0.16 0.16 0.16 0.16 0.16 0.16 0.16 0.16]
1549,1549,[0.16 0.16 0.16 0.16 0.16 0.16 0.16 0.16 0.16 0.16]
1550,1550,[0.16 0.16 0.16 0.16 0.16 0.16 0.16 0.16 0.16 0.16]
1551,1551,[0.16 0.16 0.16 0.16 0.16 0.16 0.16 0.16 0.16 0.16]
1552,1552,[0.16 0.16 0.16 0.16 0.16 0.16 0.16 0.16 0.16 0.16]
1553,1553,[0.16 0.16 0.16 0.16 0.16 0.16 0.16 0.16 0.16 0.16]
1554,1554,[0.16 0.16 0.16 0.16 0.16 0.16 0.16 0.16 0.16 0.16]
1555,1555,[0.16 0.16 0.16 0.16 0.16 0.16 0.16 0.16 0.16 0.16]
1556,1556,[0.16 0.16 0.16 0.16 0.16 0.16 0.16 0.16 0.16 0.16]
1557,1557,[0.16 0.16 0.16 0.16 0.16 0.16 0.16 0.16 0.16 0.16]
1558,1558,[0.16 0.16 0.16 0.16 0.16 0.16 0.16 0.16 0.16 0.16]
1559,1559,[0.16 0.16 0.16 0.16 0.16 0.16 0.16 0.16 0.16 0.16]
1560,1560,[0.16 0.16 0.16 0.16 0.16 0.16 0.16 0.16 0.16 0.16]
1561,1561,[0.16 0.16 0.16 0.16 0.16 0.16 0.16 0.16 0.16 0.16]
1562,1562,[0.16 0.16 0.16 0.16 0.16 0.16 0.16 0.16 0.16 0.16]
1563,1563,[0.16 0.16 0.16 0.16 0.16 0.16 0.16 0.16 0.16 0.16]
1564,1564,[0.16 0.16 0.16 0.16 0.16 0.16 0.16 0.16 0.16 0.16]
1565,1565,[0.16 0.16 0.16 0.16 0.16 0.16 0.16 0.16 0.16 0.16]
1566,1566,[0.16 0.16 0.16 0.16 0.16 0.16 0.16 0.16 0.16 0.16]
1567,1567,[0.16 0.16 0.16 0.16 0.16 0.16 0.16 0.16 0.16 0.16]
1568,1568,[0.16 0.16 0.16 0.16 0.16 0.16 0.16 0.16 0.16 0.16]
1569,1569,[0.16 0.16 0.16 0.16 0.16 0.16 0.16 0.16 0.16 0.16]
1570,1570,[0.16 0.16 0.16 0.16 0.16 0.16 0.16 0.16 0.16 0.16]
1571,1571,[0.16 0.16 0.16 0.16 0.16 0.16 0.16 0.16 0.16 0.16]
1572,1572,[0.16 0.16 0.16 0.16 0.16 0.16 0.16 0.16 0.16 0.16]
1573,1573,[0.16 0.16 0.16 0.16 0.16 0.16 0.16 0.16 0.16 0.16]
1574,1574,[0.16 0.16 0.16 0.16 0.16 0.16 0.16 0.16 0.16 0.16]
1575,1575,[0.16 0.16 0.16 0.16 0.16 0.16 0.16 0.16 0.16 0.16]
1576,1576,[0.16 0.16 0.16 0.16 0.16 0.16 0.16 0.16 0.16 0.16]
1577,1577,[0.16 0.16 0.16 0.16 0.16 0.16 0.16 0.16 0.16 0.16]
1578,1578,[0.16 0.16 0.16 0.16 0.16 0.16 0.16 0.16 0.16 0.16]
1579,1579,[0.16 0.16 0.16 0.16 0.16 0.16 0.16 0.16 0.16 0.16]
1580,1580,[0.16 0.16 0.16 0.16 0.16 0.16 0.16 0.16 0.16 0.16]
1581,1581,[0.16 0.16 0.16 0.16 0.16 0.16 0.16 0.16 0.16 0.16]
1582,1582,[0.16 0.16 0.16 0.16 0.16 0.16 0.16 0.16 0.16 0.16]
1583,1583,[0.16 0.16 0.16 0.16 0.16 0.16 0.16 0.16 0.16 0.16]
1584,1584,[0.16 0.16 0.16 0.16 0.16 0.16 0.16 0.16 0.16 0.16]
1585,1585,[0.16 0.16 0.16 0.16 0.16 0.16 0.16 0.16 0.16 0.16]
1586,1586,[0.16 0.16 0.16 0.16 0.16 0.16 0.16 0.16 0.16 0.16]
1587,1587,[0.16 0.16 0.16 0.16 0.16 0.16 0.16 0.16 0.16 0.16]
1588,1588,[0.16 0.16 0.16 0.16 0.16 0.16 0.16 0.16 0.16 0.16]
1589,1589,[0.16 0.16 0.16 0.16 0.16 0.16 0.16 0.16 0.16 0.16]
1590,1590,[0.16 0.16 0.16 0.16 0.16 0.16 0.16 0.16 0.16 0.16]
1591,1591,[0.16 0.16 0.16 0.16 0.16 0.16 0.16 0.16 0.16 0.16]
1592,1592,[0.16 0.16 0.16 0.16 0.16 0.16 0.16 0.16 0.16 0.16]
1593,1593,[0.16 0.16 0.16 0.16 0.16 0.16 0.16 0.16 0.16 0.16]
1594,1594,[0.16 0.16 0.16 0.16 0.16 0.16 0.16 0.16 0.16 0.16]
1595,1595,[0.16 0.16 0.16 0.16 0.16 0.16 0.16 0.16 0.16 0.16]
1596,1596,[0.16 0.16 0.16 0.16 0.16 0.16 0.16 0.16 0.16 0.16]
1597,1597,[0.16 0.16 0.16 0.16 0.16 0.16 0.16 0.16 0.16 0.16]
1598,1598,[0.16 0.16 0.16 0.16 0.16 0.16 0.16 0.16 0.16 0.16]
1599,1599,[0.16 0.16 0.16 0.16 0.16 0.16 0.16 0.16 0.16 0.16]
1600,1600,[0.16 0.16 0.16 0.16 0.16 0.16 0.16 0.16 0.16 0.16]
1601,1601,[0.16 0.16 0.16 0.16 0.16 0.16 0.16 0.16 0.16 0.16]
1602,1602,[0.16 0.16 0.16 0.16 0.16 0.16 0.16 0.16 0.16 0.16]
1603,1603,[0.16 0.16 0.16 0.16 0.16 0.16 0.16 0.16 0.16 0.16]
1604,1604,[0.16 0.16 0.16 0.16 0.16 0.16 0.16 0.16 0.16 0.16]
1605,1605,[0.16 0.16 0.16 0.16 0.16 0.16 0.16 0.16 0.16 0.16]
1606,1606,[0.16 0.16 0.16 0.16 0.16 0.16 0.16 0.16 0.16 0.16]
1607,1607,[0.16 0.16 0.16 0.16 0.16 0.16 0.16 0.16 0.16 0.16]
1608,1608,[0.16 0.16 0.16 0.16 0.16 0.16 0.16 0.16 0.16 0.16]
1609,1609,[0.16 0.16 0.16 0.16 0.16 0.16 0.16 0.16 0.16 0.16]
1610,1610,[0.16 0.16 0.16 0.16 0.16 0.16 0.16 0.16 0.16 0.16]
1611,1611,[0.16 0.16 0.16 0.16 0.16 0.16 0.16 0.16 0.16 0.16]
1612,1612,[0.16 0.16 0.16 0.16 0.16 0.16 0.16 0.16 0.16 0.16]
1613,1613,[0.16 0.16 0.16 0.16 0.16 0.16 0.16 0.16 0.16 0.16]
1614,1614,[0.16 0.16 0.16 0.16 0.16 0.16 0.16 0.16 0.16 0.16]
1615,1615,[0.16 0.16 0.16 0.16 0.16 0.16 0.16 0.16 0.16 0.16]
1616,1616,[0.16 0.16 0.16 0.16 0.16 0.16 0.16 0.16 0.16 0.16]
1617,1617,[0.16 0.16 0.16 0.16 0.16 0.16 0.16 0.16 0.16 0.16]
1618,1618,[0.16 0.16 0.16 0.16 0.16 0.16 0.16 0.16 0.16 0.16]
1619,1619,[0.16 0.16 0.16 0.16 0.16 0.16 0.16 0.16 0.16 0.16]
1620,1620,[0.16 0.16 0.16 0.16 0.16 0.16 0.16 0.16 0.16 0.16]
1621,1621,[0.16 0.16 0.16 0.16 0.16 0.16 0.16 0.16 0.16 0.16]
1622,1622,[0.16 0.16 0.16 0.16 0.16 0.16 0.16 0.16 0.16 0.16]
1623,1623,[0.16 0.16 0.16 0.16 0.16 0.16 0.16 0.16 0.16 0.16]
1624,1624,[0.16 0.16 0.16 0.16 0.16 0.16 0.16 0.16 0.16 0.16]
1625,1625,[0.16 0.16 0.16 0.16 0.16 0.16 0.16 0.16 0.16 0.16]
1626,1626,[0.16 0.16 0.16 0.16 0.16 0.16 0.16 0.16 0.16 0.16]
1627,1627,[0.16 0.16 0.16 0.16 0.16 0.16 0.16 0.16 0.16 0.16]
1628,1628,[0.16 0.16 0.16 0.16 0.16 0.16 0.16 0.16 0.16 0.16]
1629,1629,[0.16 0.16 0.16 0.16 0.16 0.16 0.16 0.16 0.16 0.16]
1630,1630,[0.16 0.16 0.16 0.16 0.16 0.16 0.16 0.16 0.16 0.16]
1631,1631,[0.16 0.16 0.16 0.16 0.16 0.16 0.16 0.16 0.16 0.16]
1632,1632,[0.16 0.16 0.16 0.16 0.16 0.16 0.16 0.16 0.16 0.16]
1633,1633,[0.16 0.16 0.16 0.16 0.16 0.16 0.16 0.16 0.16 0.16]
1634,1634,[0.16 0.16 0.16 0.16 0.16 0.16 0.16 0.16 0.16 0.16]
1635,1635,[0.16 0.16 0.16 0.16 0.16 0.16 0.16 0.16 0.16 0.16]
1636,1636,[0.16 0.16 0.16 0.16 0.16 0.16 0.16 0.16 0.16 0.16]
1637,1637,[0.16 0.16 0.16 0.16 0.16 0.16 0.16 0.16 0.16 0.16]
1638,1638,[0.16 0.16 0.16 0.16 0.16 0.16 0.16 0.16 0.16 0.16]
1639,1639,[0.16 0.16 0.16 0.16 0.16 0.16 0.16 0.16 0.16 0.16]
1640,1640,[0.16 0.16 0.16 0.16 0.16 0.16 0.16 0.16 0.16 0.16]
1641,1641,[0.16 0.16 0.16 0.16 0.16 0.16 0.16 0.16 0.16 0.16]
1642,1642,[0.16 0.16 0.16 0.16 0.16 0.16 0.16 0.16 0.16 0.16]
1643,1643,[0.16 0.16 0.16 0.16 0.16 0.16 0.16 0.16 0.16 0.16]
1644,1644,[0.16 0.16 0.16 0.16 0.16 0.16 0.16 0.16 0.16 0.16]
1645,1645,[0.16 0.16 0.16 0.16 0.16 0.16 0.16 0.16 0.16 0.16]
1646,1646,[0.16 0.16 0.16 0.16 0.16 0.16 0.16 0.16 0.16 0.16]
1647,1647,[0.16 0.16 0.16 0.16 0.16 0.16 0.16 0.16 0.16 0.16]
1648,1648,[0.16 0.16 0.16 0.16 0.16 0.16 0.16 0.16 0.16 0.16]
1649,1649,[0.16 0.16 0.16 0.16 0.16 0.16 0.16 0.16 0.16 0.16]
1650,1650,[0.16 0.16 0.16 0.16 0.16 0.16 0.16 0.16 0.16 0.16]
1651,1651,[0.16 0.16 0.16 0.16 0.16 0.16 0.16 0.16 0.16 0.16]
1652,1652,[0.16 0.16 0.16 0.16 0.16 0.16 0.16 0.16 0.16 0.16]
1653,1653,[0.16 0.16 0.16 0.16 0.16 0.16 0.16 0.16 0.16 0.16]
1654,1654,[0.16 0.16 0.16 0.16 0.16 0.16 0.16 0.16 0.16 0.16]
1655,1655,[0.16 0.16 0.16 0.16 0.16 0.16 0.16 0.16 0.16 0.16]
1656,1656,[0.16 0.16 0.16 0.16 0.16 0.16 0.16 0.16 0.16 0.16]
1657,1657,[0.16 0.16 0.16 0.16 0.16 0.16 0.16 0.16 0.16 0.16]
1658,1658,[0.16 0.16 0.16 0.16 0.16 0.16 0.16 0.16 0.16 0.16]
1659,1659,[0.16 0.16 0.16 0.16 0.16 0.16 0.16 0.16 0.16 0.16]
1660,1660,[0.16 0.16 0.16 0.16 0.16 0.16 0.16 0.16 0.16 0.16]
1661,1661,[0.16 0.16 0.16 0.16 0.16 0.16 0.16 0.16 0.16 0.16]
1662,1662,[0.16 0.16 0.16 0.16 0.16 0.16 0.16 0.16 0.16 0.16]
1663,1663,[0.16 0.16 0.16 0.16 0.16 0.16 0.16 0.16 0.16 0.16]
1664,1664,[0.16 0.16 0.16 0.16 0.16 0.16 0.16 0.16 0.16 0.16]
1665,1665,[0.16 0.16 0.16 0.16 0.16 0.16 0.16 0.16 0.16 0.16]
1666,1666,[0.16 0.16 0.16 0.16 0.16 0.16 0.16 0.16 0.16 0.16]
1667,1667,[0.16 0.16 0.16 0.16 0.16 0.16 0.16 0.16 0.16 0.16]
1668,1668,[0.16 0.16 0.16 0.16 0.16 0.16 0.16 0.16 0.16 0.16]
1669,1669,[0.16 0.16 0.16 0.16 0.16 0.16 0.16 0.16 0.16 0.16]
1670,1670,[0.16 0.16 0.16 0.16 0.16 0.16 0.16 0.16 0.16 0.16]
1671,1671,[0.16 0.16 0.16 0.16 0.16 0.16 0.16 0.16 0.16 0.16]
1672,1672,[0.16 0.16 0.16 0.16 0.16 0.16 0.16 0.16 0.16 0.16]
1673,1673,[0.16 0.16 0.16 0.16 0.16 0.16 0.16 0.16 0.16 0.16]
1674,1674,[0.16 0.16 0.16 0.16 0.16 0.16 0.16 0.16 0.16 0.16]
1675,1675,[0.16 0.16 0.16 0.16 0.16 0.16 0.16 0.16 0.16 0.16]
1676,1676,[0.16 0.16 0.16 0.16 0.16 0.16 0.16 0.16 0.16 0.16]
1677,1677,[0.16 0.16 0.16 0.16 0.16 0.16 0.16 0.16 0.16 0.16]
1678,1678,[0.16 0.16 0.16 0.16 0.16 0.16 0.16 0.16 0.16 0.16]
1679,1679,[0.16 0.16 0.16 0.16 0.16 0.16 0.16 0.16 0.16 0.16]
1680,1680,[0.16 0.16 0.16 0.16 0.16 0.16 0.16 0.16 0.16 0.16]
1681,1681,[0.16 0.16 0.16 0.16 0.16 0.16 0.16 0.16 0.16 0.16]
1682,1682,[0.16 0.16 0.16 0.16 0.16 0.16 0.16 0.16 0.16 0.16]
1683,1683,[0.16 0.16 0.16 0.16 0.16 0.16 0.16 0.16 0.16 0.16]
1684,1684,[0.16 0.16 0.16 0.16 0.16 0.16 0.16 0.16 0.16 0.16]
1685,1685,[0.16 0.16 0.16 0.16 0.16 0.16 0.16 0.16 0.16 0.16]
1686,1686,[0.16 0.16 0.16 0.16 0.16 0.16 0.16 0.16 0.16 0.16]
1687,1687,[0.16 0.16 0.16 0.16 0.16 0.16 0.16 0.16 0.16 0.16]
1688,1688,[0.16 0.16 0.16 0.16 0.16 0.16 0.16 0.16 0.16 0.16]
1689,1689,[0.16 0.16 0.16 0.16 0.16 0.16 0.16 0.16 0.16 0.16]
1690,1690,[0.16 0.16 0.16 0.16 0.16 0.16 0.16 0.16 0.16 0.16]
1691,1691,[0.16 0.16 0.16 0.16 0.16 0.16 0.16 0.16 0.16 0.16]
1692,1692,[0.16 0.16 0.16 0.16 0.16 0.16 0.16 0.16 0.16 0.16]
1693,1693,[0.16 0.16 0.16 0.16 0.16 0.16 0.16 0.16 0.16 0.16]
1694,1694,[0.16 0.16 0.16 0.16 0.16 0.16 0.16 0.16 0.16 0.16]
1695,1695,[0.16 0.16 0.16 0.16 0.16 0.16 0.16 0.16 0.16 0.16]
1696,1696,[0.16 0.16 0.16 0.16 0.16 0.16 0.16 0.16 0.16 0.16]
1697,1697,[0.16 0.16 0.16 0.16 0.16 0.16 0.16 0.16 0.16 0.16]
1698,1698,[0.16 0.16 0.16 0.16 0.16 0.16 0.16 0.16 0.16 0.16]
1699,1699,[0.16 0.16 0.16 0.16 0.16 0.16 0.16 0.16 0.16 0.16]
1700,1700,[0.16 0.16 0.16 0.16 0.16 0.16 0.16 0.16 0.16 0.16]
1701,1701,[0.16 0.16 0.16 0.16 0.16 0.16 0.16 0.16 0.16 0.16]
1702,1702,[0.16 0.16 0.16 0.16 0.16 0.16 0.16 0.16 0.16 0.16]
1703,1703,[0.16 0.16 0.16 0.16 0.16 0.16 0.16 0.16 0.16 0.16]
1704,1704,[0.16 0.16 0.16 0.16 0.16 0.16 0.16 0.16 0.16 0.16]
1705,1705,[0.16 0.16 0.16 0.16 0.16 0.16 0.16 0.16 0.16 0.16]
1706,1706,[0.16 0.16 0.16 0.16 0.16 0.16 0.16 0.16 0.16 0.16]
1707,1707,[0.16 0.16 0.16 0.16 0.16 0.16 0.16 0.16 0.16 0.16]
1708,1708,[0.16 0.16 0.16 0.16 0.16 0.16 0.16 0.16 0.16 0.16]
1709,1709,[0.16 0.16 0.16 0.16 0.16 0.16 0.16 0.16 0.16 0.16]
1710,1710,[0.16 0.16 0.16 0.16 0.16 0.16 0.16 0.16 0.16 0.16]
1711,1711,[0.16 0.16 0.16 0.16 0.16 0.16 0.16 0.16 0.16 0.16]
1712,1712,[0.16 0.16 0.16 0.16 0.16 0.16 0.16 0.16 0.16 0.16]
1713,1713,[0.16 0.16 0.16 0.16 0.16 0.16 0.16 0.16 0.16 0.16]
1714,1714,[0.16 0.16 0.16 0.16 0.16 0.16 0.16 0.16 0.16 0.16]
1715,1715,[0.16 0.16 0.16 0.16 0.16 0.16 0.16 0.16 0.16 0.16]
1716,1716,[0.16 0.16 0.16 0.16 0.16 0.16 0.16 0.16 0.16 0.16]
1717,1717,[0.16 0.16 0.16 0.16 0.16 0.16 0.16 0.16 0.16 0.16]
1718,1718,[0.16 0.16 0.16 0.16 0.16 0.16 0.16 0.16 0.16 0.16]
1719,1719,[0.16 0.16 0.16 0.16 0.16 0.16 0.16 0.16 0.16 0.16]
1720,1720,[0.16 0.16 0.16 0.16 0.16 0.16 0.16 0.16 0.16 0.16]
1721,1721,[0.16 0.16 0.16 0.16 0.16 0.16 0.16 0.16 0.16 0.16]
1722,1722,[0.16 0.16 0.16 0.16 0.16 0.16 0.16 0.16 0.16 0.16]
1723,1723,[0.16 0.16 0.16 0.16 0.16 0.16 0.16 0.16 0.16 0.16]
1724,1724,[0.16 0.16 0.16 0.16 0.16 0.16 0.16 0.16 0.16 0.16]
1725,1725,[0.16 0.16 0.16 0.16 0.16 0.16 0.16 0.16 0.16 0.16]
1726,1726,[0.16 0.16 0.16 0.16 0.16 0.16 0.16 0.16 0.16 0.16]
1727,1727,[0.16 0.16 0.16 0.16 0.16 0.16 0.16 0.16 0.16 0.16]
1728,1728,[0.16 0.16 0.16 0.16 0.16 0.16 0.16 0.16 0.16 0.16]
1729,1729,[0.16 0.16 0.16 0.16 0.16 0.16 0.16 0.16 0.16 0.16]
1730,1730,[0.16 0.16 0.16 0.16 0.16 0.16 0.16 0.16 0.16 0.16]
1731,1731,[0.16 0.16 0.16 0.16 0.16 0.16 0.16 0.16 0.16 0.16]
1732,1732,[0.16 0.16 0.16 0.16 0.16 0.16 0.16 0.16 0.16 0.16]
1733,1733,[0.16 0.16 0.16 0.16 0.16 0.16 0.16 0.16 0.16 0.16]
1734,1734,[0.16 0.16 0.16 0.16 0.16 0.16 0.16 0.16 0.16 0.16]
1735,1735,[0.16 0.16 0.16 0.16 0.16 0.16 0.16 0.16 0.16 0.16]
1736,1736,[0.16 0.16 0.16 0.16 0.16 0.16 0.16 0.16 0.16 0.16]
1737,1737,[0.16 0.16 0.16 0.16 0.16 0.16 0.16 0.16 0.16 0.16]
1738,1738,[0.16 0.16 0.16 0.16 0.16 0.16 0.16 0.16 0.16 0.16]
1739,1739,[0.16 0.16 0.16 0.16 0.16 0.16 0.16 0.16 0.16 0.16]
1740,1740,[0.16 0.16 0.16 0.16 0.16 0.16 0.16 0.16 0.16 0.16]
1741,1741,[0.16 0.16 0.16 0.16 0.16 0.16 0.16 0.16 0.16 0.16]
1742,1742,[0.16 0.16 0.16 0.16 0.16 0.16 0.16 0.16 0.16 0.16]
1743,1743,[0.16 0.16 0.16 0.16 0.16 0.16 0.16 0.16 0.16 0.16]
1744,1744,[0.16 0.16 0.16 0.16 0.16 0.16 0.16 0.16 0.16 0.16]
1745,1745,[0.16 0.16 0.16 0.16 0.16 0.16 0.16 0.16 0.16 0.16]
1746,1746,[0.16 0.16 0.16 0.16 0.16 0.16 0.16 0.16 0.16 0.16]
1747,1747,[0.16 0.16 0.16 0.16 0.16 0.16 0.16 0.16 0.16 0.16]
1748,1748,[0.16 0.16 0.16 0.16 0.16 0.16 0.16 0.16 0.16 0.16]
1749,1749,[0.16 0.16 0.16 0.16 0.16 0.16 0.16 0.16 0.16 0.16]
1750,1750,[0.16 0.16 0.16 0.16 0.16 0.16 0.16 0.16 0.16 0.16]
1751,1751,[0.16 0.16 0.16 0.16 0.16 0.16 0.16 0.16 0.16 0.16]
1752,1752,[0.16 0.16 0.16 0.16 0.16 0.16 0.16 0.16 0.16 0.16]
1753,1753,[0.16 0.16 0.16 0.16 0.16 0.16 0.16 0.16 0.16 0.16]
1754,1754,[0.16 0.16 0.16 0.16 0.16 0.16 0.16 0.16 0.16 0.16]
1755,1755,[0.16 0.16 0.16 0.16 0.16 0.16 0.16 0.16 0.16 0.16]
1756,1756,[0.16 0.16 0.16 0.16 0.16 0.16 0.16 0.16 0.16 0.16]
1757,1757,[0.16 0.16 0.16 0.16 0.16 0.16 0.16 0.16 0.16 0.16]
1758,1758,[0.16 0.16 0.16 0.16 0.16 0.16 0.16 0.16 0.16 0.16]
1759,1759,[0.16 0.16 0.16 0.16 0.16 0.16 0.16 0.16 0.16 0.16]
1760,1760,[0.16 0.16 0.16 0.16 0.16 0.16 0.16 0.16 0.16 0.16]
1761,1761,[0.16 0.16 0.16 0.16 0.16 0.16 0.16 0.16 0.16 0.16]
1762,1762,[0.16 0.16 0.16 0.16 0.16 0.16 0.16 0.16 0.16 0.16]
1763,1763,[0.16 0.16 0.16 0.16 0.16 0.16 0.16 0.16 0.16 0.16]
1764,1764,[0.16 0.16 0.16 0.16 0.16 0.16 0.16 0.16 0.16 0.16]
1765,1765,[0.16 0.16 0.16 0.16 0.16 0.16 0.16 0.16 0.16 0.16]
1766,1766,[0.16 0.16 0.16 0.16 0.16 0.16 0.16 0.16 0.16 0.16]
1767,1767,[0.16 0.16 0.16 0.16 0.16 0.16 0.16 0.16 0.16 0.16]
1768,1768,[0.16 0.16 0.16 0.16 0.16 0.16 0.16 0.16 0.16 0.16]
1769,1769,[0.16 0.16 0.16 0.16 0.16 0.16 0.16 0.16 0.16 0.16]
1770,1770,[0.16 0.16 0.16 0.16 0.16 0.16 0.16 0.16 0.16 0.16]
1771,1771,[0.16 0.16 0.16 0.16 0.16 0.16 0.16 0.16 0.16 0.16]
1772,1772,[0.16 0.16 0.16 0.16 0.16 0.16 0.16 0.16 0.16 0.16]
1773,1773,[0.16 0.16 0.16 0.16 0.16 0.16 0.16 0.16 0.16 0.16]
1774,1774,[0.16 0.16 0.16 0.16 0.16 0.16 0.16 0.16 0.16 0.16]
1775,1775,[0.16 0.16 0.16 0.16 0.16 0.16 0.16 0.16 0.16 0.16]
1776,1776,[0.16 0.16 0.16 0.16 0.16 0.16 0.16 0.16 0.16 0.16]
1777,1777,[0.16 0.16 0.16 0.16 0.16 0.16 0.16 0.16 0.16 0.16]
1778,1778,[0.16 0.16 0.16 0.16 0.16 0.16 0.16 0.16 0.16 0.16]
1779,1779,[0.16 0.16 0.16 0.16 0.16 0.16 0.16 0.16 0.16 0.16]
1780,1780,[0.16 0.16 0.16 0.16 0.16 0.16 0.16 0.16 0.16 0.16]
1781,1781,[0.16 0.16 0.16 0.16 0.16 0.16 0.16 0.16 0.16 0.16]
1782,1782,[0.16 0.16 0.16 0.16 0.16 0.16 0.16 0.16 0.16 0.16]
1783,1783,[0.16 0.16 0.16 0.16 0.16 0.16 0.16 0.16 0.16 0.16]
1784,1784,[0.16 0.16 0.16 0.16 0.16 0.16 0.16 0.16 0.16 0.16]
1785,1785,[0.16 0.16 0.16 0.16 0.16 0.16 0.16 0.16 0.16 0.16]
1786,1786,[0.16 0.16 0.16 0.16 0.16 0.16 0.16 0.16 0.16 0.16]
1787,1787,[0.16 0.16 0.16 0.16 0.16 0.16 0.16 0.16 0.16 0.16]
1788,1788,[0.16 0.16 0.16 0.16 0.16 0.16 0.16 0.16 0.16 0.16]
1789,1789,[0.16 0.16 0.16 0.16 0.16 0.16 0.16 0.16 0.16 0.16]
1790,1790,[0.16 0.16 0.16 0.16 0.16 0.16 0.16 0.16 0.16 0.16]
1791,1791,[0.16 0.16 0.16 0.16 0.16 0.16 0.16 0.16 0.16 0.16]
1792,1792,[0.16 0.16 0.16 0.16 0.16 0.16 0.16 0.16 0.16 0.16]
1793,1793,[0.16 0.16 0.16 0.16 0.16 0.16 0.16 0.16 0.16 0.16]
1794,1794,[0.16 0.16 0.16 0.16 0.16 0.16 0.16 0.16 0.16 0.16]
1795,1795,[0.16 0.16 0.16 0.16 0.16 0.16 0.16 0.16 0.16 0.16]
1796,1796,[0.16 0.16 0.16 0.16 0.16 0.16 0.16 0.16 0.16 0.16]
1797,1797,[0.16 0.16 0.16 0.16 0.16 0.16 0.16 0.16 0.16 0.16]
1798,1798,[0.16 0.16 0.16 0.16 0.16 0.16 0.16 0.16 0.16 0.16]
1799,1799,[0.16 0.16 0.16 0.16 0.16 0.16 0.16 0.16 0.16 0.16]
1800,1800,[0.16 0.16 0.16 0.16 0.16 0.16 0.16 0.16 0.16 0.16]
1801,1801,[0.16 0.16 0.16 0.16 0.16 0.16 0.16 0.16 0.16 0.16]
1802,1802,[0.16 0.16 0.16 0.16 0.16 0.16 0.16 0.16 0.16 0.16]
1803,1803,[0.16 0.16 0.16 0.16 0.16 0.16 0.16 0.16 0.16 0.16]
1804,1804,[0.16 0.16 0.16 0.16 0.16 0.16 0.16 0.16 0.16 0.16]
1805,1805,[0.16 0.16 0.16 0.16 0.16 0.16 0.16 0.16 0.16 0.16]
1806,1806,[0.16 0.16 0.16 0.16 0.16 0.16 0.16 0.16 0.16 0.16]
1807,1807,[0.16 0.16 0.16 0.16 0.16 0.16 0.16 0.16 0.16 0.16]
1808,1808,[0.16 0.16 0.16 0.16 0.16 0.16 0.16 0.16 0.16 0.16]
1809,1809,[0.16 0.16 0.16 0.16 0.16 0.16 0.16 0.16 0.16 0.16]
1810,1810,[0.16 0.16 0.16 0.16 0.16 0.16 0.16 0.16 0.16 0.16]
1811,1811,[0.16 0.16 0.16 0.16 0.16 0.16 0.16 0.16 0.16 0.16]
1812,1812,[0.16 0.16 0.16 0.16 0.16 0.16 0.16 0.16 0.16 0.16]
1813,1813,[0.16 0.16 0.16 0.16 0.16 0.16 0.16 0.16 0.16 0.16]
1814,1814,[0.16 0.16 0.16 0.16 0.16 0.16 0.16 0.16 0.16 0.16]
1815,1815,[0.16 0.16 0.16 0.16 0.16 0.16 0.16 0.16 0.16 0.16]
1816,1816,[0.16 0.16 0.16 0.16 0.16 0.16 0.16 0.16 0.16 0.16]
1817,1817,[0.16 0.16 0.16 0.16 0.16 0.16 0.16 0.16 0.16 0.16]
1818,1818,[0.16 0.16 0.16 0.16 0.16 0.16 0.16 0.16 0.16 0.16]
1819,1819,[0.16 0.16 0.16 0.16 0.16 0.16 0.16 0.16 0.16 0.16]
1820,1820,[0.16 0.16 0.16 0.16 0.16 0.16 0.16 0.16 0.16 0.16]
1821,1821,[0.16 0.16 0.16 0.16 0.16 0.16 0.16 0.16 0.16 0.16]
1822,1822,[0.16 0.16 0.16 0.16 0.16 0.16 0.16 0.16 0.16 0.16]
1823,1823,[0.16 0.16 0.16 0.16 0.16 0.16 0.16 0.16 0.16 0.16]
1824,1824,[0.16 0.16 0.16 0.16 0.16 0.16 0.16 0.16 0.16 0.16]
1825,1825,[0.16 0.16 0.16 0.16 0.16 0.16 0.16 0.16 0.16 0.16]
1826,1826,[0.16 0.16 0.16 0.16 0.16 0.16 0.16 0.16 0.16 0.16]
1827,1827,[0.16 0.16 0.16 0.16 0.16 0.16 0.16 0.16 0.16 0.16]
1828,1828,[0.16 0.16 0.16 0.16 0.16 0.16 0.16 0.16 0.16 0.16]
1829,1829,[0.16 0.16 0.16 0.16 0.16 0.16 0.16 0.16 0.16 0.16]
1830,1830,[0.16 0.16 0.16 0.16 0.16 0.16 0.16 0.16 0.16 0.16]
1831,1831,[0.16 0.16 0.16 0.16 0.16 0.16 0.16 0.16 0.16 0.16]
1832,1832,[0.16 0.16 0.16 0.16 0.16 0.16 0.16 0.16 0.16 0.16]
1833,1833,[0.16 0.16 0.16 0.16 0.16 0.16 0.16 0.16 0.16 0.16]
1834,1834,[0.16 0.16 0.16 0.16 0.16 0.16 0.16 0.16 0.16 0.16]
1835,1835,[0.16 0.16 0.16 0.16 0.16 0.16 0.16 0.16 0.16 0.16]
1836,1836,[0.16 0.16 0.16 0.16 0.16 0.16 0.16 0.16 0.16 0.16]
1837,1837,[0.16 0.16 0.16 0.16 0.16 0.16 0.16 0.16 0.16 0.16]
1838,1838,[0.16 0.16 0.16 0.16 0.16 0.16 0.16 0.16 0.16 0.16]
1839,1839,[0.16 0.16 0.16 0.16 0.16 0.16 0.16 0.16 0.16 0.16]
1840,1840,[0.16 0.16 0.16 0.16 0.16 0.16 0.16 0.16 0.16 0.16]
1841,1841,[0.16 0.16 0.16 0.16 0.16 0.16 0.16 0.16 0.16 0.16]
1842,1842,[0.16 0.16 0.16 0.16 0.16 0.16 0.16 0.16 0.16 0.16]
1843,1843,[0.16 0.16 0.16 0.16 0.16 0.16 0.16 0.16 0.16 0.16]
1844,1844,[0.16 0.16 0.16 0.16 0.16 0.16 0.16 0.16 0.16 0.16]
1845,1845,[0.16 0.16 0.16 0.16 0.16 0.16 0.16 0.16 0.16 0.16]
1846,1846,[0.16 0.16 0.16 0.16 0.16 0.16 0.16 0.16 0.16 0.16]
1847,1847,[0.16 0.16 0.16 0.16 0.16 0.16 0.16 0.16 0.16 0.16]
1848,1848,[0.16 0.16 0.16 0.16 0.16 0.16 0.16 0.16 0.16 0.16]
1849,1849,[0.16 0.16 0.16 0.16 0.16 0.16 0.16 0.16 0.16 0.16]
1850,1850,[0.16 0.16 0.16 0.16 0.16 0.16 0.16 0.16 0.16 0.16]
1851,1851,[0.16 0.16 0.16 0.16 0.16 0.16 0.16 0.16 0.16 0.16]
1852,1852,[0.16 0.16 0.16 0.16 0.16 0.16 0.16 0.16 0.16 0.16]
1853,1853,[0.16 0.16 0.16 0.16 0.16 0.16 0.16 0.16 0.16 0.16]
1854,1854,[0.16 0.16 0.16 0.16 0.16 0.16 0.16 0.16 0.16 0.16]
1855,1855,[0.16 0.16 0.16 0.16 0.16 0.16 0.16 0.16 0.16 0.16]
1856,1856,[0.16 0.16 0.16 0.16 0.16 0.16 0.16 0.16 0.16 0.16]
1857,1857,[0.16 0.16 0.16 0.16 0.16 0.16 0.16 0.16 0.16 0.16]
1858,1858,[0.16 0.16 0.16 0.16 0.16 0.16 0.16 0.16 0.16 0.16]
1859,1859,[0.16 0.16 0.16 0.16 0.16 0.16 0.16 0.16 0.16 0.16]
1860,1860,[0.16 0.16 0.16 0.16 0.16 0.16 0.16 0.16 0.16 0.16]
1861,1861,[0.16 0.16 0.16 0.16 0.16 0.16 0.16 0.16 0.16 0.16]
1862,1862,[0.16 0.16 0.16 0.16 0.16 0.16 0.16 0.16 0.16 0.16]
1863,1863,[0.16 0.16 0.16 0.16 0.16 0.16 0.16 0.16 0.16 0.16]
1864,1864,[0.16 0.16 0.16 0.16 0.16 0.16 0.16 0.16 0.16 0.16]
1865,1865,[0.16 0.16 0.16 0.16 0.16 0.16 0.16 0.16 0.16 0.16]
1866,1866,[0.16 0.16 0.16 0.16 0.16 0.16 0.16 0.16 0.16 0.16]
1867,1867,[0.16 0.16 0.16 0.16 0.16 0.16 0.16 0.16 0.16 0.16]
1868,1868,[0.16 0.16 0.16 0.16 0.16 0.16 0.16 0.16 0.16 0.16]
1869,1869,[0.16 0.16 0.16 0.16 0.16 0.16 0.16 0.16 0.16 0.16]
1870,1870,[0.16 0.16 0.16 0.16 0.16 0.16 0.16 0.16 0.16 0.16]
1871,1871,[0.16 0.16 0.16 0.16 0.16 0.16 0.16 0.16 0.16 0.16]
1872,1872,[0.16 0.16 0.16 0.16 0.16 0.16 0.16 0.16 0.16 0.16]
1873,1873,[0.16 0.16 0.16 0.16 0.16 0.16 0.16 0.16 0.16 0.16]
1874,1874,[0.16 0.16 0.16 0.16 0.16 0.16 0.16 0.16 0.16 0.16]
1875,1875,[0.16 0.16 0.16 0.16 0.16 0.16 0.16 0.16 0.16 0.16]
1876,1876,[0.16 0.16 0.16 0.16 0.16 0.16 0.16 0.16 0.16 0.16]
1877,1877,[0.16 0.16 0.16 0.16 0.16 0.16 0.16 0.16 0.16 0.16]
1878,1878,[0.16 0.16 0.16 0.16 0.16 0.16 0.16 0.16 0.16 0.16]
1879,1879,[0.16 0.16 0.16 0.16 0.16 0.16 0.16 0.16 0.16 0.16]
1880,1880,[0.16 0.16 0.16 0.16 0.16 0.16 0.16 0.16 0.16 0.16]
1881,1881,[0.16 0.16 0.16 0.16 0.16 0.16 0.16 0.16 0.16 0.16]
1882,1882,[0.16 0.16 0.16 0.16 0.16 0.16 0.16 0.16 0.16 0.16]
1883,1883,[0.16 0.16 0.16 0.16 0.16 0.16 0.16 0.16 0.16 0.16]
1884,1884,[0.16 0.16 0.16 0.16 0.16 0.16 0.16 0.16 0.16 0.16]
1885,1885,[0.16 0.16 0.16 0.16 0.16 0.16 0.16 0.16 0.16 0.16]
1886,1886,[0.16 0.16 0.16 0.16 0.16 0.16 0.16 0.16 0.16 0.16]
1887,1887,[0.16 0.16 0.16 0.16 0.16 0.16 0.16 0.16 0.16 0.16]
1888,1888,[0.16 0.16 0.16 0.16 0.16 0.16 0.16 0.16 0.16 0.16]
1889,1889,[0.16 0.16 0.16 0.16 0.16 0.16 0.16 0.16 0.16 0.16]
1890,1890,[0.16 0.16 0.16 0.16 0.16 0.16 0.16 0.16 0.16 0.16]
1891,1891,[0.16 0.16 0.16 0.16 0.16 0.16 0.16 0.16 0.16 0.16]
1892,1892,[0.16 0.16 0.16 0.16 0.16 0.16 0.16 0.16 0.16 0.16]
1893,1893,[0.16 0.16 0.16 0.16 0.16 0.16 0.16 0.16 0.16 0.16]
1894,1894,[0.16 0.16 0.16 0.16 0.16 0.16 0.16 0.16 0.16 0.16]
1895,1895,[0.16 0.16 0.16 0.16 0.16 0.16 0.16 0.16 0.16 0.16]
1896,1896,[0.16 0.16 0.16 0.16 0.16 0.16 0.16 0.16 0.16 0.16]
1897,1897,[0.16 0.16 0.16 0.16 0.16 0.16 0.16 0.16 0.16 0.16]
1898,1898,[0.16 0.16 0.16 0.16 0.16 0.16 0.16 0.16 0.16 0.16]
1899,1899,[0.16 0.16 0.16 0.16 0.16 0.16 0.16 0.16 0.16 0.16]
1900,1900,[0.16 0.16 0.16 0.16 0.16 0.16 0.16 0.16 0.16 0.16]
1901,1901,[0.16 0.16 0.16 0.16 0.16 0.16 0.16 0.16 0.16 0.16]
1902,1902,[0.16 0.16 0.16 0.16 0.16 0.16 0.16 0.16 0.16 0.16]
1903,1903,[0.16 0.16 0.16 0.16 0.16 0.16 0.16 0.16 0.16 0.16]
1904,1904,[0.16 0.16 0.16 0.16 0.16 0.16 0.16 0.16 0.16 0.16]
1905,1905,[0.16 0.16 0.16 0.16 0.16 0.16 0.16 0.16 0.16 0.16]
1906,1906,[0.16 0.16 0.16 0.16 0.16 0.16 0.16 0.16 0.16 0.16]
1907,1907,[0.16 0.16 0.16 0.16 0.16 0.16 0.16 0.16 0.16 0.16]
1908,1908,[0.16 0.16 0.16 0.16 0.16 0.16 0.16 0.16 0.16 0.16]
1909,1909,[0.16 0.16 0.16 0.16 0.16 0.16 0.16 0.16 0.16 0.16]
1910,1910,[0.16 0.16 0.16 0.16 0.16 0.16 0.16 0.16 0.16 0.16]
1911,1911,[0.16 0.16 0.16 0.16 0.16 0.16 0.16 0.16 0.16 0.16]
1912,1912,[0.16 0.16 0.16 0.16 0.16 0.16 0.16 0.16 0.16 0.16]
1913,1913,[0.16 0.16 0.16 0.16 0.16 0.16 0.16 0.16 0.16 0.16]
1914,1914,[0.16 0.16 0.16 0.16 0.16 0.16 0.16 0.16 0.16 0.16]
1915,1915,[0.16 0.16 0.16 0.16 0.16 0.16 0.16 0.16 0.16 0.16]
1916,1916,[0.16 0.16 0.16 0.16 0.16 0.16 0.16 0.16 0.16 0.16]
1917,1917,[0.16 0.16 0.16 0.16 0.16 0.16 0.16 0.16 0.16 0.16]
1918,1918,[0.16 0.16 0.16 0.16 0.16 0.16 0.16 0.16 0.16 0.16]
1919,1919,[0.16 0.16 0.16 0.16 0.16 0.16 0.16 0.16 0.16 0.16]
1920,1920,[0.16 0.16 0.16 0.16 0.16 0.16 0.16 0.16 0.16 0.16]
1921,1921,[0.16 0.16 0.16 0.16 0.16 0.16 0.16 0.16 0.16 0.16]
1922,1922,[0.16 0.16 0.16 0.16 0.16 0.16 0.16 0.16 0.16 0.16]
1923,1923,[0.16 0.16 0.16 0.16 0.16 0.16 0.16 0.16 0.16 0.16]
1924,1924,[0.16 0.16 0.16 0.16 0.16 0.16 0.16 0.16 0.16 0.16]
1925,1925,[0.16 0.16 0.16 0.16 0.16 0.16 0.16 0.16 0.16 0.16]
1926,1926,[0.16 0.16 0.16 0.16 0.16 0.16 0.16 0.16 0.16 0.16]
1927,1927,[0.16 0.16 0.16 0.16 0.16 0.16 0.16 0.16 0.16 0.16]
1928,1928,[0.16 0.16 0.16 0.16 0.16 0.16 0.16 0.16 0.16 0.16]
1929,1929,[0.16 0.16 0.16 0.16 0.16 0.16 0.16 0.16 0.16 0.16]
1930,1930,[0.16 0.16 0.16 0.16 0.16 0.16 0.16 0.16 0.16 0.16]
1931,1931,[0.16 0.16 0.16 0.16 0.16 0.16 0.16 0.16 0.16 0.16]
1932,1932,[0.16 0.16 0.16 0.16 0.16 0.16 0.16 0.16 0.16 0.16]
1933,1933,[0.16 0.16 0.16 0.16 0.16 0.16 0.16 0.16 0.16 0.16]
1934,1934,[0.16 0.16 0.16 0.16 0.16 0.16 0.16 0.16 0.16 0.16]
1935,1935,[0.16 0.16 0.16 0.16 0.16 0.16 0.16 0.16 0.16 0.16]
1936,1936,[0.16 0.16 0.16 0.16 0.16 0.16 0.16 0.16 0.16 0.16]
1937,1937,[0.16 0.16 0.16 0.16 0.16 0.16 0.16 0.16 0.16 0.16]
1938,1938,[0.16 0.16 0.16 0.16 0.16 0.16 0.16 0.16 0.16 0.16]
1939,1939,[0.16 0.16 0.16 0.16 0.16 0.16 0.16 0.16 0.16 0.16]
1940,1940,[0.16 0.16 0.16 0.16 0.16 0.16 0.16 0.16 0.16 0.16]
1941,1941,[0.16 0.16 0.16 0.16 0.16 0.16 0.16 0.16 0.16 0.16]
1942,1942,[0.16 0.16 0.16 0.16 0.16 0.16 0.16 0.16 0.16 0.16]
1943,1943,[0.16 0.16 0.16 0.16 0.16 0.16 0.16 0.16 0.16 0.16]
1944,1944,[0.16 0.16 0.16 0.16 0.16 0.16 0.16 0.16 0.16 0.16]
1945,1945,[0.16 0.16 0.16 0.16 0.16 0.16 0.16 0.16 0.16 0.16]
1946,1946,[0.16 0.16 0.16 0.16 0.16 0.16 0.16 0.16 0.16 0.16]
1947,1947,[0.16 0.16 0.16 0.16 0.16 0.16 0.16 0.16 0.16 0.16]
1948,1948,[0.16 0.16 0.16 0.16 0.16 0.16 0.16 0.16 0.16 0.16]
1949,1949,[0.16 0.16 0.16 0.16 0.16 0.16 0.16 0.16 0.16 0.16]
1950,1950,[0.16 0.16 0.16 0.16 0.16 0.16 0.16 0.16 0.16 0.16]
1951,1951,[0.16 0.16 0.16 0.16 0.16 0.16 0.16 0.16 0.16 0.16]
1952,1952,[0.16 0.16 0.16 0.16 0.16 0.16 0.16 0.16 0.16 0.16]
1953,1953,[0.16 0.16 0.16 0.16 0.16 0.16 0.16 0.16 0.16 0.16]
1954,1954,[0.16 0.16 0.16 0.16 0.16 0.16 0.16 0.16 0.16 0.16]
1955,1955,[0.16 0.16 0.16 0.16 0.16 0.16 0.16 0.16 0.16 0.16]
1956,1956,[0.16 0.16 0.16 0.16 0.16 0.16 0.16 0.16 0.16 0.16]
1957,1957,[0.16 0.16 0.16 0.16 0.16 0.16 0.16 0.16 0.16 0.16]
1958,1958,[0.16 0.16 0.16 0.16 0.16 0.16 0.16 0.16 0.16 0.16]
1959,1959,[0.16 0.16 0.16 0.16 0.16 0.16 0.16 0.16 0.16 0.16]
1960,1960,[0.16 0.16 0.16 0.16 0.16 0.16 0.16 0.16 0.16 0.16]
1961,1961,[0.16 0.16 0.16 0.16 0.16 0.16 0.16 0.16 0.16 0.16]
1962,1962,[0.16 0.16 0.16 0.16 0.16 0.16 0.16 0.16 0.16 0.16]
1963,1963,[0.16 0.16 0.16 0.16 0.16 0.16 0.16 0.16 0.16 0.16]
1964,1964,[0.16 0.16 0.16 0.16 0.16 0.16 0.16 0.16 0.16 0.16]
1965,1965,[0.16 0.16 0.16 0.16 0.16 0.16 0.16 0.16 0.16 0.16]
1966,1966,[0.16 0.16 0.16 0.16 0.16 0.16 0.16 0.16 0.16 0.16]
1967,1967,[0.16 0.16 0.16 0.16 0.16 0.16 0.16 0.16 0.16 0.16]
1968,1968,[0.16 0.16 0.16 0.16 0.16 0.16 0.16 0.16 0.16 0.16]
1969,1969,[0.16 0.16 0.16 0.16 0.16 0.16 0.16 0.16 0.16 0.16]
1970,1970,[0.16 0.16 0.16 0.16 0.16 0.16 0.16 0.16 0.16 0.16]
1971,1971,[0.16 0.16 0.16 0.16 0.16 0.16 0.16 0.16 0.16 0.16]
1972,1972,[0.16 0.16 0.16 0.16 0.16 0.16 0.16 0.16 0.16 0.16]
1973,1973,[0.16 0.16 0.16 0.16 0.16 0.16 0.16 0.16 0.16 0.16]
1974,1974,[0.16 0.16 0.16 0.16 0.16 0.16 0.16 0.16 0.16 0.16]
1975,1975,[0.16 0.16 0.16 0.16 0.16 0.16 0.16 0.16 0.16 0.16]
1976,1976,[0.16 0.16 0.16 0.16 0.16 0.16 0.16 0.16 0.16 0.16]
1977,1977,[0.16 0.16 0.16 0.16 0.16 0.16 0.16 0.16 0.16 0.16]
1978,1978,[0.16 0.16 0.16 0.16 0.16 0.16 0.16 0.16 0.16 0.16]
1979,1979,[0.16 0.16 0.16 0.16 0.16 0.16 0.16 0.16 0.16 0.16]
1980,1980,[0.16 0.16 0.16 0.16 0.16 0.16 0.16 0.16 0.16 0.16]
1981,1981,[0.16 0.16 0.16 0.16 0.16 0.16 0.16 0.16 0.16 0.16]
1982,1982,[0.16 0.16 0.16 0.16 0.16 0.16 0.16 0.16 0.16 0.16]
1983,1983,[0.16 0.16 0.16 0.16 0.16 0.16 0.16 0.16 0.16 0.16]
1984,1984,[0.16 0.16 0.16 0.16 0.16 0.16 0.16 0.16 0.16 0.16]
1985,1985,[0.16 0.16 0.16 0.16 0.16 0.16 0.16 0.16 0.16 0.16]
1986,1986,[0.16 0.16 0.16 0.16 0.16 0.16 0.16 0.16 0.16 0.16]
1987,1987,[0.16 0.16 0.16 0.16 0.16 0.16 0.16 0.16 0.16 0.16]
1988,1988,[0.16 0.16 0.16 0.16 0.16 0.16 0.16 0.16 0.16 0.16]
1989,1989,[0.16 0.16 0.16 0.16 0.16 0.16 0.16 0.16 0.16 0.16]
1990,1990,[0.16 0.16 0.16 0.16 0.16 0.16 0.16 0.16 0.16 0.16]
1991,1991,[0.16 0.16 0.16 0.16 0.16 0.16 0.16 0.16 0.16 0.16]
1992,1992,[0.16 0.16 0.16 0.16 0.16 0.16 0.16 0.16 0.16 0.16]
1993,1993,[0.16 0.16 0.16 0.16 0.16 0.16 0.16 0.16 0.16 0.16]
1994,1994,[0.16 0.16 0.16 0.16 0.16 0.16 0.16 0.16 0.16 0.16]
1995,1995,[0.16 0.16 0.16 0.16 0.16 0.16 0.16 0.16 0.16 0.16]
1996,1996,[0.16 0.16 0.16 0.16 0.16 0.16 0.16 0.16 0.16 0.16]
1997,1997,[0.16 0.16 0.16 0.16 0.16 0.16 0.16 0.16 0.16 0.16]
1998,1998,[0.16 0.16 0.16 0.16 0.16 0.16 0.16 0.16 0.16 0.16]
1999,1999,[0.16 0.16 0.16 0.16 0.16 0.16 0.16 0.16 0.16 0.16]
2000,2000,[0.16 0.16 0.16 0.16 0.16 0.16 0.16 0.16 0.16 0.16]
2001,2001,[0.16 0.16 0.16 0.16 0.16 0.16 0.16 0.16 0.16 0.16]
2002,2002,[0.16 0.16 0.16 0.16 0.16 0.16 0.16 0.16 0.16 0.16]
2003,2003,[0.16 0.16 0.16 0.16 0.16 0.16 0.16 0.16 0.16 0.16]
2004,2004,[0.16 0.16 0.16 0.16 0.16 0.16 0.16 0.16 0.16 0.16]
2005,2005,[0.16 0.16 0.16 0.16 0.16 0.16 0.16 0.16 0.16 0.16]
2006,2006,[0.16 0.16 0.16 0.16 0.16 0.16 0.16 0.16 0.16 0.16]
2007,2007,[0.16 0.16 0.16 0.16 0.16 0.16 0.16 0.16 0.16 0.16]
2008,2008,[0.16 0.16 0.16 0.16 0.16 0.16 0.16 0.16 0.16 0.16]
2009,2009,[0.16 0.16 0.16 0.16 0.16 0.16 0.16 0.16 0.16 0.16]
2010,2010,[0.16 0.16 0.16 0.16 0.16 0.16 0.16 0.16 0.16 0.16]
2011,2011,[0.16 0.16 0.16 0.16 0.16 0.16 0.16 0.16 0.16 0.16]
2012,2012,[0.16 0.16 0.16 0.16 0.16 0.16 0.16 0.16 0.16 0.16]
2013,2013,[0.16 0.16 0.16 0.16 0.16 0.16 0.16 0.16 0.16 0.16]
2014,2014,[0.16 0.16 0.16 0.16 0.16 0.16 0.16 0.16 0.16 0.16]
2015,2015,[0.16 0.16 0.16 0.16 0.16 0.16 0.16 0.16 0.16 0.16]
2016,2016,[0.16 0.16 0.16 0.16 0.16 0.16 0.16 0.16 0.16 0.16]
2017,2017,[0.16 0.16 0.16 0.16 0.16 0.16 0.16 0.16 0.16 0.16]
2018,2018,[0.16 0.16 0.16 0.16 0.16 0.16 0.16 0.16 0.16 0.16]
2019,2019,[0.16 0.16 0.16 0.16 0.16 0.16 0.16 0.16 0.16 0.16]
2020,2020,[0.16 0.16 0.16 0.16 0.16 0.16 0.16 0.16 0.16 0.16]
2021,2021,[0.16 0.16 0.16 0.16 0.16 0.16 0.16 0.16 0.16 0.16]
2022,2022,[0.16 0.16 0.16 0.16 0.16 0.16 0.16 0.16 0.16 0.16]
2023,2023,[0.16 0.16 0.16 0.16 0.16 0.16 0.16 0.16 0.16 0.16]
2024,2024,[0.16 0.16 0.16 0.16 0.16 0.16 0.16 0.16 0.16 0.16]
2025,2025,[0.16 0.16 0.16 0.16 0.16 0.16 0.16 0.16 0.16 0.16]
2026,2026,[0.16 0.16 0.16 0.16 0.16 0.16 0.16 0.16 0.16 0.16]
2027,2027,[0.16 0.16 0.16 0.16 0.16 0.16 0.16 0.16 0.16 0.16]
2028,2028,[0.16 0.16 0.16 0.16 0.16 0.16 0.16 0.16 0.16 0.16]
2029,2029,[0.16 0.16 0.16 0.16 0.16 0.16 0.16 0.16 0.16 0.16]
2030,2030,[0.16 0.16 0.16 0.16 0.16 0.16 0.16 0.16 0.16 0.16]
2031,2031,[0.16 0.16 0.16 0.16 0.16 0.16 0.16 0.16 0.16 0.16]
2032,2032,[0.16 0.16 0.16 0.16 0.16 0.16 0.16 0.16 0.16 0.16]
2033,2033,[0.16 0.16 0.16 0.16 0.16 0.16 0.16 0.16 0.16 0.16]
2034,2034,[0.16 0.16 0.16 0.16 0.16 0.16 0.16 0.16 0.16 0.16]
2035,2035,[0.16 0.16 0.16 0.16 0.16 0.16 0.16 0.16 0.16 0.16]
2036,2036,[0.16 0.16 0.16 0.16 0.16 0.16 0.16 0.16 0.16 0.16]
2037,2037,[0.16 0.16 0.16 0.16 0.16 0.16 0.16 0.16 0.16 0.16]
2038,2038,[0.16 0.16 0.16 0.16 0.16 0.16 0.16 0.16 0.16 0.16]
2039,2039,[0.16 0.16 0.16 0.16 0.16 0.16 0.16 0.16 0.16 0.16]
2040,2040,[0.16 0.16 0.16 0.16 0.16 0.16 0.16 0.16 0.16 0.16]
2041,2041,[0.16 0.16 0.16 0.16 0.16 0.16 0.16 0.16 0.16 0.16]
2042,2042,[0.16 0.16 0.16 0.16 0.16 0.16 0.16 0.16 0.16 0.16]
2043,2043,[0.16 0.16 0.16 0.16 0.16 0.16 0.16 0.16 0.16 0.16]
2044,2044,[0.16 0.16 0.16 0.16 0.16 0.16 0.16 0.16 0.16 0.16]
2045,2045,[0.16 0.16 0.16 0.16 0.16 0.16 0.16 0.16 0.16 0.16]
2046,2046,[0.16 0.16 0.16 0.16 0.16 0.16 0.16 0.16 0.16 0.16]
2047,2047,[0.16 0.16 0.16 0.16 0.16 0.16 0.16 0.16 0.16 0.16]
2048,2048,[0.16 0.16 0.16 0.16 0.16 0.16 0.16 0.16 0.16 0.16]
2049,2049,[0.16 0.16 0.16 0.16 0.16 0.16 0.16 0.16 0.16 0.16]
2050,2050,[0.16 0.16 0.16 0.16 0.16 0.16 0.16 0.16 0.16 0.16]
2051,2051,[0.16 0.16 0.16 0.16 0.16 0.16 0.16 0.16 0.16 0.16]
2052,2052,[0.16 0.16 0.16 0.16 0.16 0.16 0.16 0.16 0.16 0.16]
2053,2053,[0.16 0.16 0.16 0.16 0.16 0.16 0.16 0.16 0.16 0.16]
2054,2054,[0.16 0.16 0.16 0.16 0.16 0.16 0.16 0.16 0.16 0.16]
2055,2055,[0.16 0.16 0.16 0.16 0.16 0.16 0.16 0.16 0.16 0.16]
2056,2056,[0.16 0.16 0.16 0.16 0.16 0.16 0.16 0.16 0.16 0.16]
2057,2057,[0.16 0.16 0.16 0.16 0.16 0.16 0.16 0.16 0.16 0.16]
2058,2058,[0.16 0.16 0.16 0.16 0.16 0.16 0.16 0.16 0.16 0.16]
2059,2059,[0.16 0.16 0.16 0.16 0.16 0.16 0.16 0.16 0.16 0.16]
2060,2060,[0.16 0.16 0.16 0.16 0.16 0.16 0.16 0.16 0.16 0.16]
2061,2061,[0.16 0.16 0.16 0.16 0.16 0.16 0.16 0.16 0.16 0.16]
2062,2062,[0.16 0.16 0.16 0.16 0.16 0.16 0.16 0.16 0.16 0.16]
2063,2063,[0.16 0.16 0.16 0.16 0.16 0.16 0.16 0.16 0.16 0.16]
2064,2064,[0.16 0.16 0.16 0.16 0.16 0.16 0.16 0.16 0.16 0.16]
2065,2065,[0.16 0.16 0.16 0.16 0.16 0.16 0.16 0.16 0.16 0.16]
2066,2066,[0.16 0.16 0.16 0.16 0.16 0.16 0.16 0.16 0.16 0.16]
2067,2067,[0.16 0.16 0.16 0.16 0.16 0.16 0.16 0.16 0.16 0.16]
2068,2068,[0.16 0.16 0.16 0.16 0.16 0.16 0.16 0.16 0.16 0.16]
2069,2069,[0.16 0.16 0.16 0.16 0.16 0.16 0.16 0.16 0.16 0.16]
2070,2070,[0.16 0.16 0.16 0.16 0.16 0.16 0.16 0.16 0.16 0.16]
2071,2071,[0.16 0.16 0.16 0.16 0.16 0.16 0.16 0.16 0.16 0.16]
2072,2072,[0.16 0.16 0.16 0.16 0.16 0.16 0.16 0.16 0.16 0.16]
2073,2073,[0.16 0.16 0.16 0.16 0.16 0.16 0.16 0.16 0.16 0.16]
2074,2074,[0.16 0.16 0.16 0.16 0.16 0.16 0.16 0.16 0.16 0.16]
2075,2075,[0.16 0.16 0.16 0.16 0.16 0.16 0.16 0.16 0.16 0.16]
2076,2076,[0.16 0.16 0.16 0.16 0.16 0.16 0.16 0.16 0.16 0.16]
2077,2077,[0.16 0.16 0.16 0.16 0.16 0.16 0.16 0.16 0.16 0.16]
2078,2078,[0.16 0.16 0.16 0.16 0.16 0.16 0.16 0.16 0.16 0.16]
2079,2079,[0.16 0.16 0.16 0.16 0.16 0.16 0.16 0.16 0.16 0.16]
2080,2080,[0.16 0.16 0.16 0.16 0.16 0.16 0.16 0.16 0.16 0.16]
2081,2081,[0.16 0.16 0.16 0.16 0.16 0.16 0.16 0.16 0.16 0.16]
2082,2082,[0.16 0.16 0.16 0.16 0.16 0.16 0.16 0.16 0.16 0.16]
2083,2083,[0.16 0.16 0.16 0.16 0.16 0.16 0.16 0.16 0.16 0.16]
2084,2084,[0.16 0.16 0.16 0.16 0.16 0.16 0.16 0.16 0.16 0.16]
2085,2085,[0.16 0.16 0.16 0.16 0.16 0.16 0.16 0.16 0.16 0.16]
2086,2086,[0.16 0.16 0.16 0.16 0.16 0.16 0.16 0.16 0.16 0.16]
2087,2087,[0.16 0.16 0.16 0.16 0.16 0.16 0.16 0.16 0.16 0.16]
2088,2088,[0.16 0.16 0.16 0.16 0.16 0.16 0.16 0.16 0.16 0.16]
2089,2089,[0.16 0.16 0.16 0.16 0.16 0.16 0.16 0.16 0.16 0.16]
2090,2090,[0.16 0.16 0.16 0.16 0.16 0.16 0.16 0.16 0.16 0.16]
2091,2091,[0.16 0.16 0.16 0.16 0.16 0.16 0.16 0.16 0.16 0.16]
2092,2092,[0.16 0.16 0.16 0.16 0.16 0.16 0.16 0.16 0.16 0.16]
2093,2093,[0.16 0.16 0.16 0.16 0.16 0.16 0.16 0.16 0.16 0.16]
2094,2094,[0.16 0.16 0.16 0.16 0.16 0.16 0.16 0.16 0.16 0.16]
2095,2095,[0.16 0.16 0.16 0.16 0.16 0.16 0.16 0.16 0.16 0.16]
2096,2096,[0.16 0.16 0.16 0.16 0.16 0.16 0.16 0.16 0.16 0.16]
2097,2097,[0.16 0.16 0.16 0.16 0.16 0.16 0.16 0.16 0.16 0.16]
2098,2098,[0.16 0.16 0.16 0.16 0.16 0.16 0.16 0.16 0.16 0.16]
2099,2099,[0.16 0.16 0.16 0.16 0.16 0.16 0.16 0.16 0.16 0.16]
2100,2100,[0.16 0.16 0.16 0.16 0.16 0.16 0.16 0.16 0.16 0.16]
2101,2101,[0.16 0.16 0.16 0.16 0.16 0.16 0.16 0.16 0.16 0.16]
2102,2102,[0.16 0.16 0.16 0.16 0.16 0.16 0.16 0.16 0.16 0.16]
2103,2103,[0.16 0.16 0.16 0.16 0.16 0.16 0.16 0.16 0.16 0.16]
2104,2104,[0.16 0.16 0.16 0.16 0.16 0.16 0.16 0.16 0.16 0.16]
2105,2105,[0.16 0.16 0.16 0.16 0.16 0.16 0.16 0.16 0.16 0.16]
2106,2106,[0.16 0.16 0.16 0.16 0.16 0.16 0.16 0.16 0.16 0.16]
2107,2107,[0.16 0.16 0.16 0.16 0.16 0.16 0.16 0.16 0.16 0.16]
2108,2108,[0.16 0.16 0.16 0.16 0.16 0.16 0.16 0.16 0.16 0.16]
2109,2109,[0.16 0.16 0.16 0.16 0.16 0.16 0.16 0.16 0.16 0.16]
2110,2110,[0.16 0.16 0.16 0.16 0.16 0.16 0.16 0.16 0.16 0.16]
2111,2111,[0.16 0.16 0.16 0.16 0.16 0.16 0.16 0.16 0.16 0.16]
2112,2112,[0.16 0.16 0.16 0.16 0.16 0.16 0.16 0.16 0.16 0.16]
2113,2113,[0.16 0.16 0.16 0.16 0.16 0.16 0.16 0.16 0.16 0.16]
2114,2114,[0.16 0.16 0.16 0.16 0.16 0.16 0.16 0.16 0.16 0.16]
2115,2115,[0.16 0.16 0.16 0.16 0.16 0.16 0.16 0.16 0.16 0.16]
2116,2116,[0.16 0.16 0.16 0.16 0.16 0.16 0.16 0.16 0.16 0.16]
2117,2117,[0.16 0.16 0.16 0.16 0.16 0.16 0.16 0.16 0.16 0.16]
2118,2118,[0.16 0.16 0.16 0.16 0.16 0.16 0.16 0.16 0.16 0.16]
2119,2119,[0.16 0.16 0.16 0.16 0.16 0.16 0.16 0.16 0.16 0.16]
2120,2120,[0.16 0.16 0.16 0.16 0.16 0.16 0.16 0.16 0.16 0.16]
2121,2121,[0.16 0.16 0.16 0.16 0.16 0.16 0.16 0.16 0.16 0.16]
2122,2122,[0.16 0.16 0.16 0.16 0.16 0.16 0.16 0.16 0.16 0.16]
2123,2123,[0.16 0.16 0.16 0.16 0.16 0.16 0.16 0.16 0.16 0.16]
2124,2124,[0.16 0.16 0.16 0.16 0.16 0.16 0.16 0.16 0.16 0.16]
2125,2125,[0.16 0.16 0.16 0.16 0.16 0.16 0.16 0.16 0.16 0.16]
2126,2126,[0.16 0.16 0.16 0.16 0.16 0.16 0.16 0.16 0.16 0.16]
2127,2127,[0.16 0.16 0.16 0.16 0.16 0.16 0.16 0.16 0.16 0.16]
2128,2128,[0.16 0.16 0.16 0.16 0.16 0.16 0.16 0.16 0.16 0.16]
2129,2129,[0.16 0.16 0.16 0.16 0.16 0.16 0.16 0.16 0.16 0.16]
2130,2130,[0.16 0.16 0.16 0.16 0.16 0.16 0.16 0.16 0.16 0.16]
2131,2131,[0.16 0.16 0.16 0.16 0.16 0.16 0.16 0.16 0.16 0.16]
2132,2132,[0.16 0.16 0.16 0.16 0.16 0.16 0.16 0.16 0.16 0.16]
2133,2133,[0.16 0.16 0.16 0.16 0.16 0.16 0.16 0.16 0.16 0.16]
2134,2134,[0.16 0.16 0.16 0.16 0.16 0.16 0.16 0.16 0.16 0.16]
2135,2135,[0.16 0.16 0.16 0.16 0.16 0.16 0.16 0.16 0.16 0.16]
2136,2136,[0.16 0.16 0.16 0.16 0.16 0.16 0.16 0.16 0.16 0.16]
2137,2137,[0.16 0.16 0.16 0.16 0.16 0.16 0.16 0.16 0.16 0.16]
2138,2138,[0.16 0.16 0.16 0.16 0.16 0.16 0.16 0.16 0.16 0.16]
2139,2139,[0.16 0.16 0.16 0.16 0.16 0.16 0.16 0.16 0.16 0.16]
2140,2140,[0.16 0.16 0.16 0.16 0.16 0.16 0.16 0.16 0.16 0.16]
2141,2141,[0.16 0.16 0.16 0.16 0.16 0.16 0.16 0.16 0.16 0.16]
2142,2142,[0.16 0.16 0.16 0.16 0.16 0.16 0.16 0.16 0.16 0.16]
2143,2143,[0.16 0.16 0.16 0.16 0.16 0.16 0.16 0.16 0.16 0.16]
2144,2144,[0.16 0.16 0.16 0.16 0.16 0.16 0.16 0.16 0.16 0.16]
2145,2145,[0.16 0.16 0.16 0.16 0.16 0.16 0.16 0.16 0.16 0.16]
2146,2146,[0.16 0.16 0.16 0.16 0.16 0.16 0.16 0.16 0.16 0.16]
2147,2147,[0.16 0.16 0.16 0.16 0.16 0.16 0.16 0.16 0.16 0.16]
2148,2148,[0.16 0.16 0.16 0.16 0.16 0.16 0.16 0.16 0.16 0.16]
2149,2149,[0.16 0.16 0.16 0.16 0.16 0.16 0.16 0.16 0.16 0.16]
2150,2150,[0.16 0.16 0.16 0.16 0.16 0.16 0.16 0.16 0.16 0.16]
2151,2151,[0.16 0.16 0.16 0.16 0.16 0.16 0.16 0.16 0.16 0.16]
2152,2152,[0.16 0.16 0.16 0.16 0.16 0.16 0.16 0.16 0.16 0.16]
2153,2153,[0.16 0.16 0.16 0.16 0.16 0.16 0.16 0.16 0.16 0.16]
2154,2154,[0.16 0.16 0.16 0.16 0.16 0.16 0.16 0.16 0.16 0.16]
2155,2155,[0.16 0.16 0.16 0.16 0.16 0.16 0.16 0.16 0.16 0.16]
2156,2156,[0.16 0.16 0.16 0.16 0.16 0.16 0.16 0.16 0.16 0.16]
2157,2157,[0.16 0.16 0.16 0.16 0.16 0.16 0.16 0.16 0.16 0.16]
2158,2158,[0.16 0.16 0.16 0.16 0.16 0.16 0.16 0.16 0.16 0.16]
2159,2159,[0.16 0.16 0.16 0.16 0.16 0.16 0.16 0.16 0.16 0.16]
2160,2160,[0.16 0.16 0.16 0.16 0.16 0.16 0.16 0.16 0.16 0.16]
2161,2161,[0.16 0.16 0.16 0.16 0.16 0.16 0.16 0.16 0.16 0.16]
2162,2162,[0.16 0.16 0.16 0.16 0.16 0.16 0.16 0.16 0.16 0.16]
2163,2163,[0.16 0.16 0.16 0.16 0.16 0.16 0.16 0.16 0.16 0.16]
2164,2164,[0.16 0.16 0.16 0.16 0.16 0.16 0.16 0.16 0.16 0.16]
2165,2165,[0.16 0.16 0.16 0.16 0.16 0.16 0.16 0.16 0.16 0.16]
2166,2166,[0.16 0.16 0.16 0.16 0.16 0.16 0.16 0.16 0.16 0.16]
2167,2167,[0.16 0.16 0.16 0.16 0.16 0.16 0.16 0.16 0.16 0.16]
2168,2168,[0.16 0.16 0.16 0.16 0.16 0.16 0.16 0.16 0.16 0.16]
2169,2169,[0.16 0.16 0.16 0.16 0.16 0.16 0.16 0.16 0.16 0.16]
2170,2170,[0.16 0.16 0.16 0.16 0.16 0.16 0.16 0.16 0.16 0.16]
2171,2171,[0.16 0.16 0.16 0.16 0.16 0.16 0.16 0.16 0.16 0.16]
2172,2172,[0.16 0.16 0.16 0.16 0.16 0.16 0.16 0.16 0.16 0.16]
2173,2173,[0.16 0.16 0.16 0.16 0.16 0.16 0.16 0.16 0.16 0.16]
2174,2174,[0.16 0.16 0.16 0.16 0.16 0.16 0.16 0.16 0.16 0.16]
2175,2175,[0.16 0.16 0.16 0.16 0.16 0.16 0.16 0.16 0.16 0.16]
2176,2176,[0.16 0.16 0.16 0.16 0.16 0.16 0.16 0.16 0.16 0.16]
2177,2177,[0.16 0.16 0.16 0.16 0.16 0.16 0.16 0.16 0.16 0.16]
2178,2178,[0.16 0.16 0.16 0.16 0.16 0.16 0.16 0.16 0.16 0.16]
2179,2179,[0.16 0.16 0.16 0.16 0.16 0.16 0.16 0.16 0.16 0.16]
2180,2180,[0.16 0.16 0.16 0.16 0.16 0.16 0.16 0.16 0.16 0.16]
2181,2181,[0.16 0.16 0.16 0.16 0.16 0.16 0.16 0.16 0.16 0.16]
2182,2182,[0.16 0.16 0.16 0.16 0.16 0.16 0.16 0.16 0.16 0.16]
2183,2183,[0.16 0.16 0.16 0.16 0.16 0.16 0.16 0.16 0.16 0.16]
2184,2184,[0.16 0.16 0.16 0.16 0.16 0.16 0.16 0.16 0.16 0.16]
2185,2185,[0.16 0.16 0.16 0.16 0.16 0.16 0.16 0.16 0.16 0.16]
2186,2186,[0.16 0.16 0.16 0.16 0.16 0.16 0.16 0.16 0.16 0.16]
2187,2187,[0.16 0.16 0.16 0.16 0.16 0.16 0.16 0.16 0.16 0.16]
2188,2188,[0.16 0.16 0.16 0.16 0.16 0.16 0.16 0.16 0.16 0.16]
2189,2189,[0.16 0.16 0.16 0.16 0.16 0.16 0.16 0.16 0.16 0.16]
2190,2190,[0.16 0.16 0.16 0.16 0.16 0.16 0.16 0.16 0.16 0.16]
2191,2191,[0.16 0.16 0.16 0.16 0.16 0.16 0.16 0.16 0.16 0.16]
2192,2192,[0.16 0.16 0.16 0.16 0.16 0.16 0.16 0.16 0.16 0.16]
2193,2193,[0.16 0.16 0.16 0.16 0.16 0.16 0.16 0.16 0.16 0.16]
2194,2194,[0.16 0.16 0.16 0.16 0.16 0.16 0.16 0.16 0.16 0.16]
2195,2195,[0.16 0.16 0.16 0.16 0.16 0.16 0.16 0.16 0.16 0.16]
2196,2196,[0.16 0.16 0.16 0.16 0.16 0.16 0.16 0.16 0.16 0.16]
2197,2197,[0.16 0.16 0.16 0.16 0.16 0.16 0.16 0.16 0.16 0.16]
2198,2198,[0.16 0.16 0.16 0.16 0.16 0.16 0.16 0.16 0.16 0.16]
2199,2199,[0.16 0.16 0.16 0.16 0.16 0.16 0.16 0.16 0.16 0.16]
2200,2200,[0.16 0.16 0.16 0.16 0.16 0.16 0.16 0.16 0.16 0.16]
2201,2201,[0.16 0.16 0.16 0.16 0.16 0.16 0.16 0.16 0.16 0.16]
2202,2202,[0.16 0.16 0.16 0.16 0.16 0.16 0.16 0.16 0.16 0.16]
2203,2203,[0.16 0.16 0.16 0.16 0.16 0.16 0.16 0.16 0.16 0.16]
2204,2204,[0.16 0.16 0.16 0.16 0.16 0.16 0.16 0.16 0.16 0.16]
2205,2205,[0.16 0.16 0.16 0.16 0.16 0.16 0.16 0.16 0.16 0.16]
2206,2206,[0.16 0.16 0.16 0.16 0.16 0.16 0.16 0.16 0.16 0.16]
2207,2207,[0.16 0.16 0.16 0.16 0.16 0.16 0.16 0.16 0.16 0.16]
2208,2208,[0.16 0.16 0.16 0.16 0.16 0.16 0.16 0.16 0.16 0.16]
2209,2209,[0.16 0.16 0.16 0.16 0.16 0.16 0.16 0.16 0.16 0.16]
2210,2210,[0.16 0.16 0.16 0.16 0.16 0.16 0.16 0.16 0.16 0.16]
2211,2211,[0.16 0.16 0.16 0.16 0.16 0.16 0.16 0.16 0.16 0.16]
2212,2212,[0.16 0.16 0.16 0.16 0.16 0.16 0.16 0.16 0.16 0.16]
2213,2213,[0.16 0.16 0.16 0.16 0.16 0.16 0.16 0.16 0.16 0.16]
2214,2214,[0.16 0.16 0.16 0.16 0.16 0.16 0.16 0.16 0.16 0.16]
2215,2215,[0.16 0.16 0.16 0.16 0.16 0.16 0.16 0.16 0.16 0.16]
2216,2216,[0.16 0.16 0.16 0.16 0.16 0.16 0.16 0.16 0.16 0.16]
2217,2217,[0.16 0.16 0.16 0.16 0.16 0.16 0.16 0.16 0.16 0.16]
2218,2218,[0.16 0.16 0.16 0.16 0.16 0.16 0.16 0.16 0.16 0.16]
2219,2219,[0.16 0.16 0.16 0.16 0.16 0.16 0.16 0.16 0.16 0.16]
2220,2220,[0.16 0.16 0.16 0.16 0.16 0.16 0.16 0.16 0.16 0.16]
2221,2221,[0.16 0.16 0.16 0.16 0.16 0.16 0.16 0.16 0.16 0.16]
2222,2222,[0.16 0.16 0.16 0.16 0.16 0.16 0.16 0.16 0.16 0.16]
2223,2223,[0.16 0.16 0.16 0.16 0.16 0.16 0.16 0.16 0.16 0.16]
2224,2224,[0.16 0.16 0.16 0.16 0.16 0.16 0.16 0.16 0.16 0.16]
2225,2225,[0.16 0.16 0.16 0.16 0.16 0.16 0.16 0.16 0.16 0.16]
2226,2226,[0.16 0.16 0.16 0.16 0.16 0.16 0.16 0.16 0.16 0.16]
2227,2227,[0.16 0.16 0.16 0.16 0.16 0.16 0.16 0.16 0.16 0.16]
2228,2228,[0.16 0.16 0.16 0.16 0.16 0.16 0.16 0.16 0.16 0.16]
2229,2229,[0.16 0.16 0.16 0.16 0.16 0.16 0.16 0.16 0.16 0.16]
2230,2230,[0.16 0.16 0.16 0.16 0.16 0.16 0.16 0.16 0.16 0.16]
2231,2231,[0.16 0.16 0.16 0.16 0.16 0.16 0.16 0.16 0.16 0.16]
2232,2232,[0.16 0.16 0.16 0.16 0.16 0.16 0.16 0.16 0.16 0.16]
2233,2233,[0.16 0.16 0.16 0.16 0.16 0.16 0.16 0.16 0.16 0.16]
2234,2234,[0.16 0.16 0.16 0.16 0.16 0.16 0.16 0.16 0.16 0.16]
2235,2235,[0.16 0.16 0.16 0.16 0.16 0.16 0.16 0.16 0.16 0.16]
2236,2236,[0.16 0.16 0.16 0.16 0.16 0.16 0.16 0.16 0.16 0.16]
2237,2237,[0.16 0.16 0.16 0.16 0.16 0.16 0.16 0.16 0.16 0.16]
2238,2238,[0.16 0.16 0.16 0.16 0.16 0.16 0.16 0.16 0.16 0.16]
2239,2239,[0.16 0.16 0.16 0.16 0.16 0.16 0.16 0.16 0.16 0.16]
2240,2240,[0.16 0.16 0.16 0.16 0.16 0.16 0.16 0.16 0.16 0.16]
2241,2241,[0.16 0.16 0.16 0.16 0.16 0.16 0.16 0.16 0.16 0.16]
2242,2242,[0.16 0.16 0.16 0.16 0.16 0.16 0.16 0.16 0.16 0.16]
2243,2243,[0.16 0.16 0.16 0.16 0.16 0.16 0.16 0.16 0.16 0.16]
2244,2244,[0.16 0.16 0.16 0.16 0.16 0.16 0.16 0.16 0.16 0.16]
2245,2245,[0.16 0.16 0.16 0.16 0.16 0.16 0.16 0.16 0.16 0.16]
2246,2246,[0.16 0.16 0.16 0.16 0.16 0.16 0.16 0.16 0.16 0.16]
2247,2247,[0.16 0.16 0.16 0.16 0.16 0.16 0.16 0.16 0.16 0.16]
2248,2248,[0.16 0.16 0.16 0.16 0.16 0.16 0.16 0.16 0.16 0.16]
2249,2249,[0.16 0.16 0.16 0.16 0.16 0.16 0.16 0.16 0.16 0.16]
2250,2250,[0.16 0.16 0.16 0.16 0.16 0.16 0.16 0.16 0.16 0.16]
2251,2251,[0.16 0.16 0.16 0.16 0.16 0.16 0.16 0.16 0.16 0.16]
2252,2252,[0.16 0.16 0.16 0.16 0.16 0.16 0.16 0.16 0.16 0.16]
2253,2253,[0.16 0.16 0.16 0.16 0.16 0.16 0.16 0.16 0.16 0.16]
2254,2254,[0.16 0.16 0.16 0.16 0.16 0.16 0.16 0.16 0.16 0.16]
2255,2255,[0.16 0.16 0.16 0.16 0.16 0.16 0.16 0.16 0.16 0.16]
2256,2256,[0.16 0.16 0.16 0.16 0.16 0.16 0.16 0.16 0.16 0.16]
2257,2257,[0.16 0.16 0.16 0.16 0.16 0.16 0.16 0.16 0.16 0.16]
2258,2258,[0.16 0.16 0.16 0.16 0.16 0.16 0.16 0.16 0.16 0.16]
2259,2259,[0.16 0.16 0.16 0.16 0.16 0.16 0.16 0.16 0.16 0.16]
2260,2260,[0.16 0.16 0.16 0.16 0.16 0.16 0.16 0.16 0.16 0.16]
2261,2261,[0.16 0.16 0.16 0.16 0.16 0.16 0.16 0.16 0.16 0.16]
2262,2262,[0.16 0.16 0.16 0.16 0.16 0.16 0.16 0.16 0.16 0.16]
2263,2263,[0.16 0.16 0.16 0.16 0.16 0.16 0.16 0.16 0.16 0.16]
2264,2264,[0.16 0.16 0.16 0.16 0.16 0.16 0.16 0.16 0.16 0.16]
2265,2265,[0.16 0.16 0.16 0.16 0.16 0.16 0.16 0.16 0.16 0.16]
2266,2266,[0.16 0.16 0.16 0.16 0.16 0.16 0.16 0.16 0.16 0.16]
2267,2267,[0.16 0.16 0.16 0.16 0.16 0.16 0.16 0.16 0.16 0.16]
2268,2268,[0.16 0.16 0.16 0.16 0.16 0.16 0.16 0.16 0.16 0.16]
2269,2269,[0.16 0.16 0.16 0.16 0.16 0.16 0.16 0.16 0.16 0.16]
2270,2270,[0.16 0.16 0.16 0.16 0.16 0.16 0.16 0.16 0.16 0.16]
2271,2271,[0.16 0.16 0.16 0.16 0.16 0.16 0.16 0.16 0.16 0.16]
2272,2272,[0.16 0.16 0.16 0.16 0.16 0.16 0.16 0.16 0.16 0.16]
2273,2273,[0.16 0.16 0.16 0.16 0.16 0.16 0.16 0.16 0.16 0.16]
2274,2274,[0.16 0.16 0.16 0.16 0.16 0.16 0.16 0.16 0.16 0.16]
2275,2275,[0.16 0.16 0.16 0.16 0.16 0.16 0.16 0.16 0.16 0.16]
2276,2276,[0.16 0.16 0.16 0.16 0.16 0.16 0.16 0.16 0.16 0.16]
2277,2277,[0.16 0.16 0.16 0.16 0.16 0.16 0.16 0.16 0.16 0.16]
2278,2278,[0.16 0.16 0.16 0.16 0.16 0.16 0.16 0.16 0.16 0.16]
2279,2279,[0.16 0.16 0.16 0.16 0.16 0.16 0.16 0.16 0.16 0.16]
2280,2280,[0.16 0.16 0.16 0.16 0.16 0.16 0.16 0.16 0.16 0.16]
2281,2281,[0.16 0.16 0.16 0.16 0.16 0.16 0.16 0.16 0.16 0.16]
2282,2282,[0.16 0.16 0.16 0.16 0.16 0.16 0.16 0.16 0.16 0.16]
2283,2283,[0.16 0.16 0.16 0.16 0.16 0.16 0.16 0.16 0.16 0.16]
2284,2284,[0.16 0.16 0.16 0.16 0.16 0.16 0.16 0.16 0.16 0.16]
2285,2285,[0.16 0.16 0.16 0.16 0.16 0.16 0.16 0.16 0.16 0.16]
2286,2286,[0.16 0.16 0.16 0.16 0.16 0.16 0.16 0.16 0.16 0.16]
2287,2287,[0.16 0.16 0.16 0.16 0.16 0.16 0.16 0.16 0.16 0.16]
2288,2288,[0.16 0.16 0.16 0.16 0.16 0.16 0.16 0.16 0.16 0.16]
2289,2289,[0.16 0.16 0.16 0.16 0.16 0.16 0.16 0.16 0.16 0.16]
2290,2290,[0.16 0.16 0.16 0.16 0.16 0.16 0.16 0.16 0.16 0.16]
2291,2291,[0.16 0.16 0.16 0.16 0.16 0.16 0.16 0.16 0.16 0.16]
2292,2292,[0.16 0.16 0.16 0.16 0.16 0.16 0.16 0.16 0.16 0.16]
2293,2293,[0.16 0.16 0.16 0.16 0.16 0.16 0.16 0.16 0.16 0.16]
2294,2294,[0.16 0.16 0.16 0.16 0.16 0.16 0.16 0.16 0.16 0.16]
2295,2295,[0.16 0.16 0.16 0.16 0.16 0.16 0.16 0.16 0.16 0.16]
2296,2296,[0.16 0.16 0.16 0.16 0.16 0.16 0.16 0.16 0.16 0.16]
2297,2297,[0.16 0.16 0.16 0.16 0.16 0.16 0.16 0.16 0.16 0.16]
2298,2298,[0.16 0.16 0.16 0.16 0.16 0.16 0.16 0.16 0.16 0.16]
2299,2299,[0.16 0.16 0.16 0.16 0.16 0.16 0.16 0.16 0.16 0.16]
2300,2300,[0.16 0.16 0.16 0.16 0.16 0.16 0.16 0.16 0.16 0.16]
2301,2301,[0.16 0.16 0.16 0.16 0.16 0.16 0.16 0.16 0.16 0.16]
2302,2302,[0.16 0.16 0.16 0.16 0.16 0.16 0.16 0.16 0.16 0.16]
2303,2303,[0.16 0.16 0.16 0.16 0.16 0.16 0.16 0.16 0.16 0.16]
2304,2304,[0.16 0.16 0.16 0.16 0.16 0.16 0.16 0.16 0.16 0.16]
2305,2305,[0.16 0.16 0.16 0.16 0.16 0.16 0.16 0.16 0.16 0.16]
2306,2306,[0.16 0.16 0.16 0.16 0.16 0.16 0.16 0.16 0.16 0.16]
2307,2307,[0.16 0.16 0.16 0.16 0.16 0.16 0.16 0.16 0.16 0.16]
2308,2308,[0.16 0.16 0.16 0.16 0.16 0.16 0.16 0.16 0.16 0.16]
2309,2309,[0.16 0.16 0.16 0.16 0.16 0.16 0.16 0.16 0.16 0.16]
2310,2310,[0.16 0.16 0.16 0.16 0.16 0.16 0.16 0.16 0.16 0.16]
2311,2311,[0.16 0.16 0.16 0.16 0.16 0.16 0.16 0.16 0.16 0.16]
2312,2312,[0.16 0.16 0.16 0.16 0.16 0.16 0.16 0.16 0.16 0.16]
2313,2313,[0.16 0.16 0.16 0.16 0.16 0.16 0.16 0.16 0.16 0.16]
2314,2314,[0.16 0.16 0.16 0.16 0.16 0.16 0.16 0.16 0.16 0.16]
2315,2315,[0.16 0.16 0.16 0.16 0.16 0.16 0.16 0.16 0.16 0.16]
2316,2316,[0.16 0.16 0.16 0.16 0.16 0.16 0.16 0.16 0.16 0.16]
2317,2317,[0.16 0.16 0.16 0.16 0.16 0.16 0.16 0.16 0.16 0.16]
2318,2318,[0.16 0.16 0.16 0.16 0.16 0.16 0.16 0.16 0.16 0.16]
2319,2319,[0.16 0.16 0.16 0.16 0.16 0.16 0.16 0.16 0.16 0.16]
2320,2320,[0.16 0.16 0.16 0.16 0.16 0.16 0.16 0.16 0.16 0.16]
2321,2321,[0.16 0.16 0.16 0.16 0.16 0.16 0.16 0.16 0.16 0.16]
2322,2322,[0.16 0.16 0.16 0.16 0.16 0.16 0.16 0.16 0.16 0.16]
2323,2323,[0.16 0.16 0.16 0.16 0.16 0.16 0.16 0.16 0.16 0.16]
2324,2324,[0.16 0.16 0.16 0.16 0.16 0.16 0.16 0.16 0.16 0.16]
2325,2325,[0.16 0.16 0.16 0.16 0.16 0.16 0.16 0.16 0.16 0.16]
2326,2326,[0.16 0.16 0.16 0.16 0.16 0.16 0.16 0.16 0.16 0.16]
2327,2327,[0.16 0.16 0.16 0.16 0.16 0.16 0.16 0.16 0.16 0.16]
2328,2328,[0.16 0.16 0.16 0.16 0.16 0.16 0.16 0.16 0.16 0.16]
2329,2329,[0.16 0.16 0.16 0.16 0.16 0.16 0.16 0.16 0.16 0.16]
2330,2330,[0.16 0.16 0.16 0.16 0.16 0.16 0.16 0.16 0.16 0.16]
2331,2331,[0.16 0.16 0.16 0.16 0.16 0.16 0.16 0.16 0.16 0.16]
2332,2332,[0.16 0.16 0.16 0.16 0.16 0.16 0.16 0.16 0.16 0.16]
2333,2333,[0.16 0.16 0.16 0.16 0.16 0.16 0.16 0.16 0.16 0.16]
2334,2334,[0.16 0.16 0.16 0.16 0.16 0.16 0.16 0.16 0.16 0.16]
2335,2335,[0.16 0.16 0.16 0.16 0.16 0.16 0.16 0.16 0.16 0.16]
2336,2336,[0.16 0.16 0.16 0.16 0.16 0.16 0.16 0.16 0.16 0.16]
2337,2337,[0.16 0.16 0.16 0.16 0.16 0.16 0.16 0.16 0.16 0.16]
2338,2338,[0.16 0.16 0.16 0.16 0.16 0.16 0.16 0.16 0.16 0.16]
2339,2339,[0.16 0.16 0.16 0.16 0.16 0.16 0.16 0.16 0.16 0.16]
2340,2340,[0.16 0.16 0.16 0.16 0.16 0.16 0.16 0.16 0.16 0.16]
2341,2341,[0.16 0.16 0.16 0.16 0.16 0.16 0.16 0.16 0.16 0.16]
2342,2342,[0.16 0.16 0.16 0.16 0.16 0.16 0.16 0.16 0.16 0.16]
2343,2343,[0.16 0.16 0.16 0.16 0.16 0.16 0.16 0.16 0.16 0.16]
2344,2344,[0.16 0.16 0.16 0.16 0.16 0.16 0.16 0.16 0.16 0.16]
2345,2345,[0.16 0.16 0.16 0.16 0.16 0.16 0.16 0.16 0.16 0.16]
2346,2346,[0.16 0.16 0.16 0.16 0.16 0.16 0.16 0.16 0.16 0.16]
2347,2347,[0.16 0.16 0.16 0.16 0.16 0.16 0.16 0.16 0.16 0.16]
2348,2348,[0.16 0.16 0.16 0.16 0.16 0.16 0.16 0.16 0.16 0.16]
2349,2349,[0.16 0.16 0.16 0.16 0.16 0.16 0.16 0.16 0.16 0.16]
2350,2350,[0.16 0.16 0.16 0.16 0.16 0.16 0.16 0.16 0.16 0.16]
2351,2351,[0.16 0.16 0.16 0.16 0.16 0.16 0.16 0.16 0.16 0.16]
2352,2352,[0.16 0.16 0.16 0.16 0.16 0.16 0.16 0.16 0.16 0.16]
2353,2353,[0.16 0.16 0.16 0.16 0.16 0.16 0.16 0.16 0.16 0.16]
2354,2354,[0.16 0.16 0.16 0.16 0.16 0.16 0.16 0.16 0.16 0.16]
2355,2355,[0.16 0.16 0.16 0.16 0.16 0.16 0.16 0.16 0.16 0.16]
2356,2356,[0.16 0.16 0.16 0.16 0.16 0.16 0.16 0.16 0.16 0.16]
2357,2357,[0.16 0.16 0.16 0.16 0.16 0.16 0.16 0.16 0.16 0.16]
2358,2358,[0.16 0.16 0.16 0.16 0.16 0.16 0.16 0.16 0.16 0.16]
2359,2359,[0.16 0.16 0.16 0.16 0.16 0.16 0.16 0.16 0.16 0.16]
2360,2360,[0.16 0.16 0.16 0.16 0.16 0.16 0.16 0.16 0.16 0.16]
2361,2361,[0.16 0.16 0.16 0.16 0.16 0.16 0.16 0.16 0.16 0.16]
2362,2362,[0.16 0.16 0.16 0.16 0.16 0.16 0.16 0.16 0.16 0.16]
2363,2363,[0.16 0.16 0.16 0.16 0.16 0.16 0.16 0.16 0.16 0.16]
2364,2364,[0.16 0.16 0.16 0.16 0.16 0.16 0.16 0.16 0.16 0.16]
2365,2365,[0.16 0.16 0.16 0.16 0.16 0.16 0.16 0.16 0.16 0.16]
2366,2366,[0.16 0.16 0.16 0.16 0.16 0.16 0.16 0.16 0.16 0.16]
2367,2367,[0.16 0.16 0.16 0.16 0.16 0.16 0.16 0.16 0.16 0.16]
2368,2368,[0.16 0.16 0.16 0.16 0.16 0.16 0.16 0.16 0.16 0.16]
2369,2369,[0.16 0.16 0.16 0.16 0.16 0.16 0.16 0.16 0.16 0.16]
2370,2370,[0.16 0.16 0.16 0.16 0.16 0.16 0.16 0.16 0.16 0.16]
2371,2371,[0.16 0.16 0.16 0.16 0.16 0.16 0.16 0.16 0.16 0.16]
2372,2372,[0.16 0.16 0.16 0.16 0.16 0.16 0.16 0.16 0.16 0.16]
2373,2373,[0.16 0.16 0.16 0.16 0.16 0.16 0.16 0.16 0.16 0.16]
2374,2374,[0.16 0.16 0.16 0.16 0.16 0.16 0.16 0.16 0.16 0.16]
2375,2375,[0.16 0.16 0.16 0.16 0.16 0.16 0.16 0.16 0.16 0.16]
2376,2376,[0.16 0.16 0.16 0.16 0.16 0.16 0.16 0.16 0.16 0.16]
2377,2377,[0.16 0.16 0.16 0.16 0.16 0.16 0.16 0.16 0.16 0.16]
2378,2378,[0.16 0.16 0.16 0.16 0.16 0.16 0.16 0.16 0.16 0.16]
2379,2379,[0.16 0.16 0.16 0.16 0.16 0.16 0.16 0.16 0.16 0.16]
2380,2380,[0.16 0.16 0.16 0.16 0.16 0.16 0.16 0.16 0.16 0.16]
2381,2381,[0.16 0.16 0.16 0.16 0.16 0.16 0.16 0.16 0.16 0.16]
2382,2382,[0.16 0.16 0.16 0.16 0.16 0.16 0.16 0.16 0.16 0.16]
2383,2383,[0.16 0.16 0.16 0.16 0.16 0.16 0.16 0.16 0.16 0.16]
2384,2384,[0.16 0.16 0.16 0.16 0.16 0.16 0.16 0.16 0.16 0.16]
2385,2385,[0.16 0.16 0.16 0.16 0.16 0.16 0.16 0.16 0.16 0.16]
2386,2386,[0.16 0.16 0.16 0.16 0.16 0.16 0.16 0.16 0.16 0.16]
2387,2387,[0.16 0.16 0.16 0.16 0.16 0.16 0.16 0.16 0.16 0.16]
2388,2388,[0.16 0.16 0.16 0.16 0.16 0.16 0.16 0.16 0.16 0.16]
2389,2389,[0.16 0.16 0.16 0.16 0.16 0.16 0.16 0.16 0.16 0.16]
2390,2390,[0.16 0.16 0.16 0.16 0.16 0.16 0.16 0.16 0.16 0.16]
2391,2391,[0.16 0.16 0.16 0.16 0.16 0.16 0.16 0.16 0.16 0.16]
2392,2392,[0.16 0.16 0.16 0.16 0.16 0.16 0.16 0.16 0.16 0.16]
2393,2393,[0.16 0.16 0.16 0.16 0.16 0.16 0.16 0.16 0.16 0.16]
2394,2394,[0.16 0.16 0.16 0.16 0.16 0.16 0.16 0.16 0.16 0.16]
2395,2395,[0.16 0.16 0.16 0.16 0.16 0.16 0.16 0.16 0.16 0.16]
2396,2396,[0.16 0.16 0.16 0.16 0.16 0.16 0.16 0.16 0.16 0.16]
2397,2397,[0.16 0.16 0.16 0.16 0.16 0.16 0.16 0.16 0.16 0.16]
2398,2398,[0.16 0.16 0.16 0.16 0.16 0.16 0.16 0.16 0.16 0.16]
2399,2399,[0.16 0.16 0.16 0.16 0.16 0.16 0.16 0.16 0.16 0.16]
2400,2400,[0.16 0.16 0.16 0.16 0.16 0.16 0.16 0.16 0.16 0.16]
2401,2401,[0.16 0.16 0.16 0.16 0.16 0.16 0.16 0.16 0.16 0.16]
2402,2402,[0.16 0.16 0.16 0.16 0.16 0.16 0.16 0.16 0.16 0.16]
2403,2403,[0.16 0.16 0.16 0.16 0.16 0.16 0.16 0.16 0.16 0.16]
2404,2404,[0.16 0.16 0.16 0.16 0.16 0.16 0.16 0.16 0.16 0.16]
2405,2405,[0.16 0.16 0.16 0.16 0.16 0.16 0.16 0.16 0.16 0.16]
2406,2406,[0.16 0.16 0.16 0.16 0.16 0.16 0.16 0.16 0.16 0.16]
2407,2407,[0.16 0.16 0.16 0.16 0.16 0.16 0.16 0.16 0.16 0.16]
2408,2408,[0.16 0.16 0.16 0.16 0.16 0.16 0.16 0.16 0.16 0.16]
2409,2409,[0.16 0.16 0.16 0.16 0.16 0.16 0.16 0.16 0.16 0.16]
2410,2410,[0.16 0.16 0.16 0.16 0.16 0.16 0.16 0.16 0.16 0.16]
2411,2411,[0.16 0.16 0.16 0.16 0.16 0.16 0.16 0.16 0.16 0.16]
2412,2412,[0.16 0.16 0.16 0.16 0.16 0.16 0.16 0.16 0.16 0.16]
2413,2413,[0.16 0.16 0.16 0.16 0.16 0.16 0.16 0.16 0.16 0.16]
2414,2414,[0.16 0.16 0.16 0.16 0.16 0.16 0.16 0.16 0.16 0.16]
2415,2415,[0.16 0.16 0.16 0.16 0.16 0.16 0.16 0.16 0.16 0.16]
2416,2416,[0.16 0.16 0.16 0.16 0.16 0.16 0.16 0.16 0.16 0.16]
2417,2417,[0.16 0.16 0.16 0.16 0.16 0.16 0.16 0.16 0.16 0.16]
2418,2418,[0.16 0.16 0.16 0.16 0.16 0.16 0.16 0.16 0.16 0.16]
2419,2419,[0.16 0.16 0.16 0.16 0.16 0.16 0.16 0.16 0.16 0.16]
2420,2420,[0.16 0.16 0.16 0.16 0.16 0.16 0.16 0.16 0.16 0.16]
2421,2421,[0.16 0.16 0.16 0.16 0.16 0.16 0.16 0.16 0.16 0.16]
2422,2422,[0.16 0.16 0.16 0.16 0.16 0.16 0.16 0.16 0.16 0.16]
2423,2423,[0.16 0.16 0.16 0.16 0.16 0.16 0.16 0.16 0.16 0.16]
2424,2424,[0.16 0.16 0.16 0.16 0.16 0.16 0.16 0.16 0.16 0.16]
2425,2425,[0.16 0.16 0.16 0.16 0.16 0.16 0.16 0.16 0.16 0.16]
2426,2426,[0.16 0.16 0.16 0.16 0.16 0.16 0.16 0.16 0.16 0.16]
2427,2427,[0.16 0.16 0.16 0.16 0.16 0.16 0.16 0.16 0.16 0.16]
2428,2428,[0.16 0.16 0.16 0.16 0.16 0.16 0.16 0.16 0.16 0.16]
2429,2429,[0.16 0.16 0.16 0.16 0.16 0.16 0.16 0.16 0.16 0.16]
2430,2430,[0.16 0.16 0.16 0.16 0.16 0.16 0.16 0.16 0.16 0.16]
2431,2431,[0.16 0.16 0.16 0.16 0.16 0.16 0.16 0.16 0.16 0.16]
2432,2432,[0.16 0.16 0.16 0.16 0.16 0.16 0.16 0.16 0.16 0.16]
2433,2433,[0.16 0.16 0.16 0.16 0.16 0.16 0.16 0.16 0.16 0.16]
2434,2434,[0.16 0.16 0.16 0.16 0.16 0.16 0.16 0.16 0.16 0.16]
2435,2435,[0.16 0.16 0.16 0.16 0.16 0.16 0.16 0.16 0.16 0.16]
2436,2436,[0.16 0.16 0.16 0.16 0.16 0.16 0.16 0.16 0.16 0.16]
2437,2437,[0.16 0.16 0.16 0.16 0.16 0.16 0.16 0.16 0.16 0.16]
2438,2438,[0.16 0.16 0.16 0.16 0.16 0.16 0.16 0.16 0.16 0.16]
2439,2439,[0.16 0.16 0.16 0.16 0.16 0.16 0.16 0.16 0.16 0.16]
2440,2440,[0.16 0.16 0.16 0.16 0.16 0.16 0.16 0.16 0.16 0.16]
2441,2441,[0.16 0.16 0.16 0.16 0.16 0.16 0.16 0.16 0.16 0.16]
2442,2442,[0.16 0.16 0.16 0.16 0.16 0.16 0.16 0.16 0.16 0.16]
2443,2443,[0.16 0.16 0.16 0.16 0.16 0.16 0.16 0.16 0.16 0.16]
2444,2444,[0.16 0.16 0.16 0.16 0.16 0.16 0.16 0.16 0.16 0.16]
2445,2445,[0.16 0.16 0.16 0.16 0.16 0.16 0.16 0.16 0.16 0.16]
2446,2446,[0.16 0.16 0.16 0.16 0.16 0.16 0.16 0.16 0.16 0.16]
2447,2447,[0.16 0.16 0.16 0.16 0.16 0.16 0.16 0.16 0.16 0.16]
2448,2448,[0.16 0.16 0.16 0.16 0.16 0.16 0.16 0.16 0.16 0.16]
2449,2449,[0.16 0.16 0.16 0.16 0.16 0.16 0.16 0.16 0.16 0.16]
2450,2450,[0.16 0.16 0.16 0.16 0.16 0.16 0.16 0.16 0.16 0.16]
2451,2451,[0.16 0.16 0.16 0.16 0.16 0.16 0.16 0.16 0.16 0.16]
2452,2452,[0.16 0.16 0.16 0.16 0.16 0.16 0.16 0.16 0.16 0.16]
2453,2453,[0.16 0.16 0.16 0.16 0.16 0.16 0.16 0.16 0.16 0.16]
2454,2454,[0.16 0.16 0.16 0.16 0.16 0.16 0.16 0.16 0.16 0.16]
2455,2455,[0.16 0.16 0.16 0.16 0.16 0.16 0.16 0.16 0.16 0.16]
2456,2456,[0.16 0.16 0.16 0.16 0.16 0.16 0.16 0.16 0.16 0.16]
2457,2457,[0.16 0.16 0.16 0.16 0.16 0.16 0.16 0.16 0.16 0.16]
2458,2458,[0.16 0.16 0.16 0.16 0.16 0.16 0.16 0.16 0.16 0.16]
2459,2459,[0.16 0.16 0.16 0.16 0.16 0.16 0.16 0.16 0.16 0.16]
2460,2460,[0.16 0.16 0.16 0.16 0.16 0.16 0.16 0.16 0.16 0.16]
2461,2461,[0.16 0.16 0.16 0.16 0.16 0.16 0.16 0.16 0.16 0.16]
2462,2462,[0.16 0.16 0.16 0.16 0.16 0.16 0.16 0.16 0.16 0.16]
2463,2463,[0.16 0.16 0.16 0.16 0.16 0.16 0.16 0.16 0.16 0.16]
2464,2464,[0.16 0.16 0.16 0.16 0.16 0.16 0.16 0.16 0.16 0.16]
2465,2465,[0.16 0.16 0.16 0.16 0.16 0.16 0.16 0.16 0.16 0.16]
2466,2466,[0.16 0.16 0.16 0.16 0.16 0.16 0.16 0.16 0.16 0.16]
2467,2467,[0.16 0.16 0.16 0.16 0.16 0.16 0.16 0.16 0.16 0.16]
2468,2468,[0.16 0.16 0.16 0.16 0.16 0.16 0.16 0.16 0.16 0.16]
2469,2469,[0.16 0.16 0.16 0.16 0.16 0.16 0.16 0.16 0.16 0.16]
2470,2470,[0.16 0.16 0.16 0.16 0.16 0.16 0.16 0.16 0.16 0.16]
2471,2471,[0.16 0.16 0.16 0.16 0.16 0.16 0.16 0.16 0.16 0.16]
2472,2472,[0.16 0.16 0.16 0.16 0.16 0.16 0.16 0.16 0.16 0.16]
2473,2473,[0.16 0.16 0.16 0.16 0.16 0.16 0.16 0.16 0.16 0.16]
2474,2474,[0.16 0.16 0.16 0.16 0.16 0.16 0.16 0.16 0.16 0.16]
2475,2475,[0.16 0.16 0.16 0.16 0.16 0.16 0.16 0.16 0.16 0.16]
2476,2476,[0.16 0.16 0.16 0.16 0.16 0.16 0.16 0.16 0.16 0.16]
2477,2477,[0.16 0.16 0.16 0.16 0.16 0.16 0.16 0.16 0.16 0.16]
2478,2478,[0.16 0.16 0.16 0.16 0.16 0.16 0.16 0.16 0.16 0.16]
2479,2479,[0.16 0.16 0.16 0.16 0.16 0.16 0.16 0.16 0.16 0.16]
2480,2480,[0.16 0.16 0.16 0.16 0.16 0.16 0.16 0.16 0.16 0.16]
2481,2481,[0.16 0.16 0.16 0.16 0.16 0.16 0.16 0.16 0.16 0.16]
2482,2482,[0.16 0.16 0.16 0.16 0.16 0.16 0.16 0.16 0.16 0.16]
2483,2483,[0.16 0.16 0.16 0.16 0.16 0.16 0.16 0.16 0.16 0.16]
2484,2484,[0.16 0.16 0.16 0.16 0.16 0.16 0.16 0.16 0.16 0.16]
2485,2485,[0.16 0.16 0.16 0.16 0.16 0.16 0.16 0.16 0.16 0.16]
2486,2486,[0.16 0.16 0.16 0.16 0.16 0.16 0.16 0.16 0.16 0.16]
2487,2487,[0.16 0.16 0.16 0.16 0.16 0.16 0.16 0.16 0.16 0.16]
2488,2488,[0.16 0.16 0.16 0.16 0.16 0.16 0.16 0.16 0.16 0.16]
2489,2489,[0.16 0.16 0.16 0.16 0.16 0.16 0.16 0.16 0.16 0.16]
2490,2490,[0.16 0.16 0.16 0.16 0.16 0.16 0.16 0.16 0.16 0.16]
2491,2491,[0.16 0.16 0.16 0.16 0.16 0.16 0.16 0.16 0.16 0.16]
2492,2492,[0.16 0.16 0.16 0.16 0.16 0.16 0.16 0.16 0.16 0.16]
2493,2493,[0.16 0.16 0.16 0.16 0.16 0.16 0.16 0.16 0.16 0.16]
2494,2494,[0.16 0.16 0.16 0.16 0.16 0.16 0.16 0.16 0.16 0.16]
2495,2495,[0.16 0.16 0.16 0.16 0.16 0.16 0.16 0.16 0.16 0.16]
2496,2496,[0.16 0.16 0.16 0.16 0.16 0.16 0.16 0.16 0.16 0.16]
2497,2497,[0.16 0.16 0.16 0.16 0.16 0.16 0.16 0.16 0.16 0.16]
2498,2498,[0.16 0.16 0.16 0.16 0.16 0.16 0.16 0.16 0.16 0.16]
2499,2499,[0.16 0.16 0.16 0.16 0.16 0.16 0.16 0.16 0.16 0.16]
2500,2500,[0.16 0.16 0.16 0.16 0.16 0.16 0.16 0.16 0.16 0.16]
2501,2501,[0.16 0.16 0.16 0.16 0.16 0.16 0.16 0.16 0.16 0.16]
2502,2502,[0.16 0.16 0.16 0.16 0.16 0.16 0.16 0.16 0.16 0.16]
2503,2503,[0.16 0.16 0.16 0.16 0.16 0.16 0.16 0.16 0.16 0.16]
2504,2504,[0.16 0.16 0.16 0.16 0.16 0.16 0.16 0.16 0.16 0.16]
2505,2505,[0.16 0.16 0.16 0.16 0.16 0.16 0.16 0.16 0.16 0.16]
2506,2506,[0.16 0.16 0.16 0.16 0.16 0.16 0.16 0.16 0.16 0.16]
2507,2507,[0.16 0.16 0.16 0.16 0.16 0.16 0.16 0.16 0.16 0.16]
2508,2508,[0.16 0.16 0.16 0.16 0.16 0.16 0.16 0.16 0.16 0.16]
2509,2509,[0.16 0.16 0.16 0.16 0.16 0.16 0.16 0.16 0.16 0.16]
2510,2510,[0.16 0.16 0.16 0.16 0.16 0.16 0.16 0.16 0.16 0.16]
2511,2511,[0.16 0.16 0.16 0.16 0.16 0.16 0.16 0.16 0.16 0.16]
2512,2512,[0.16 0.16 0.16 0.16 0.16 0.16 0.16 0.16 0.16 0.16]
2513,2513,[0.16 0.16 0.16 0.16 0.16 0.16 0.16 0.16 0.16 0.16]
2514,2514,[0.16 0.16 0.16 0.16 0.16 0.16 0.16 0.16 0.16 0.16]
2515,2515,[0.16 0.16 0.16 0.16 0.16 0.16 0.16 0.16 0.16 0.16]
2516,2516,[0.16 0.16 0.16 0.16 0.16 0.16 0.16 0.16 0.16 0.16]
2517,2517,[0.16 0.16 0.16 0.16 0.16 0.16 0.16 0.16 0.16 0.16]
2518,2518,[0.16 0.16 0.16 0.16 0.16 0.16 0.16 0.16 0.16 0.16]
2519,2519,[0.16 0.16 0.16 0.16 0.16 0.16 0.16 0.16 0.16 0.16]
2520,2520,[0.16 0.16 0.16 0.16 0.16 0.16 0.16 0.16 0.16 0.16]
2521,2521,[0.16 0.16 0.16 0.16 0.16 0.16 0.16 0.16 0.16 0.16]
2522,2522,[0.16 0.16 0.16 0.16 0.16 0.16 0.16 0.16 0.16 0.16]
2523,2523,[0.16 0.16 0.16 0.16 0.16 0.16 0.16 0.16 0.16 0.16]
2524,2524,[0.16 0.16 0.16 0.16 0.16 0.16 0.16 0.16 0.16 0.16]
2525,2525,[0.16 0.16 0.16 0.16 0.16 0.16 0.16 0.16 0.16 0.16]
2526,2526,[0.16 0.16 0.16 0.16 0.16 0.16 0.16 0.16 0.16 0.16]
2527,2527,[0.16 0.16 0.16 0.16 0.16 0.16 0.16 0.16 0.16 0.16]
2528,2528,[0.16 0.16 0.16 0.16 0.16 0.16 0.16 0.16 0.16 0.16]
2529,2529,[0.16 0.16 0.16 0.16 0.16 0.16 0.16 0.16 0.16 0.16]
2530,2530,[0.16 0.16 0.16 0.16 0.16 0.16 0.16 0.16 0.16 0.16]
2531,2531,[0.16 0.16 0.16 0.16 0.16 0.16 0.16 0.16 0.16 0.16]
2532,2532,[0.16 0.16 0.16 0.16 0.16 0.16 0.16 0.16 0.16 0.16]
2533,2533,[0.16 0.16 0.16 0.16 0.16 0.16 0.16 0.16 0.16 0.16]
2534,2534,[0.16 0.16 0.16 0.16 0.16 0.16 0.16 0.16 0.16 0.16]
2535,2535,[0.16 0.16 0.16 0.16 0.16 0.16 0.16 0.16 0.16 0.16]
2536,2536,[0.16 0.16 0.16 0.16 0.16 0.16 0.16 0.16 0.16 0.16]
2537,2537,[0.16 0.16 0.16 0.16 0.16 0.16 0.16 0.16 0.16 0.16]
2538,2538,[0.16 0.16 0.16 0.16 0.16 0.16 0.16 0.16 0.16 0.16]
2539,2539,[0.16 0.16 0.16 0.16 0.16 0.16 0.16 0.16 0.16 0.16]
2540,2540,[0.16 0.16 0.16 0.16 0.16 0.16 0.16 0.16 0.16 0.16]
2541,2541,[0.16 0.16 0.16 0.16 0.16 0.16 0.16 0.16 0.16 0.16]
2542,2542,[0.16 0.16 0.16 0.16 0.16 0.16 0.16 0.16 0.16 0.16]
2543,2543,[0.16 0.16 0.16 0.16 0.16 0.16 0.16 0.16 0.16 0.16]
2544,2544,[0.16 0.16 0.16 0.16 0.16 0.16 0.16 0.16 0.16 0.16]
2545,2545,[0.16 0.16 0.16 0.16 0.16 0.16 0.16 0.16 0.16 0.16]
2546,2546,[0.16 0.16 0.16 0.16 0.16 0.16 0.16 0.16 0.16 0.16]
2547,2547,[0.16 0.16 0.16 0.16 0.16 0.16 0.16 0.16 0.16 0.16]
2548,2548,[0.16 0.16 0.16 0.16 0.16 0.16 0.16 0.16 0.16 0.16]
2549,2549,[0.16 0.16 0.16 0.16 0.16 0.16 0.16 0.16 0.16 0.16]
2550,2550,[0.16 0.16 0.16 0.16 0.16 0.16 0.16 0.16 0.16 0.16]
2551,2551,[0.16 0.16 0.16 0.16 0.16 0.16 0.16 0.16 0.16 0.16]
2552,2552,[0.16 0.16 0.16 0.16 0.16 0.16 0.16 0.16 0.16 0.16]
2553,2553,[0.16 0.16 0.16 0.16 0.16 0.16 0.16 0.16 0.16 0.16]
2554,2554,[0.16 0.16 0.16 0.16 0.16 0.16 0.16 0.16 0.16 0.16]
2555,2555,[0.16 0.16 0.16 0.16 0.16 0.16 0.16 0.16 0.16 0.16]
2556,2556,[0.16 0.16 0.16 0.16 0.16 0.16 0.16 0.16 0.16 0.16]
2557,2557,[0.16 0.16 0.16 0.16 0.16 0.16 0.16 0.16 0.16 0.16]
2558,2558,[0.16 0.16 0.16 0.16 0.16 0.16 0.16 0.16 0.16 0.16]
2559,2559,[0.16 0.16 0.16 0.16 0.16 0.16 0.16 0.16 0.16 0.16]
2560,2560,[0.16 0.16 0.16 0.16 0.16 0.16 0.16 0.16 0.16 0.16]
2561,2561,[0.16 0.16 0.16 0.16 0.16 0.16 0.16 0.16 0.16 0.16]
2562,2562,[0.16 0.16 0.16 0.16 0.16 0.16 0.16 0.16 0.16 0.16]
2563,2563,[0.16 0.16 0.16 0.16 0.16 0.16 0.16 0.16 0.16 0.16]
2564,2564,[0.16 0.16 0.16 0.16 0.16 0.16 0.16 0.16 0.16 0.16]
2565,2565,[0.16 0.16 0.16 0.16 0.16 0.16 0.16 0.16 0.16 0.16]
2566,2566,[0.16 0.16 0.16 0.16 0.16 0.16 0.16 0.16 0.16 0.16]
2567,2567,[0.16 0.16 0.16 0.16 0.16 0.16 0.16 0.16 0.16 0.16]
2568,2568,[0.16 0.16 0.16 0.16 0.16 0.16 0.16 0.16 0.16 0.16]
2569,2569,[0.16 0.16 0.16 0.16 0.16 0.16 0.16 0.16 0.16 0.16]
2570,2570,[0.16 0.16 0.16 0.16 0.16 0.16 0.16 0.16 0.16 0.16]
2571,2571,[0.16 0.16 0.16 0.16 0.16 0.16 0.16 0.16 0.16 0.16]
2572,2572,[0.16 0.16 0.16 0.16 0.16 0.16 0.16 0.16 0.16 0.16]
2573,2573,[0.16 0.16 0.16 0.16 0.16 0.16 0.16 0.16 0.16 0.16]
2574,2574,[0.16 0.16 0.16 0.16 0.16 0.16 0.16 0.16 0.16 0.16]
2575,2575,[0.16 0.16 0.16 0.16 0.16 0.16 0.16 0.16 0.16 0.16]
2576,2576,[0.16 0.16 0.16 0.16 0.16 0.16 0.16 0.16 0.16 0.16]
2577,2577,[0.16 0.16 0.16 0.16 0.16 0.16 0.16 0.16 0.16 0.16]
2578,2578,[0.16 0.16 0.16 0.16 0.16 0.16 0.16 0.16 0.16 0.16]
2579,2579,[0.16 0.16 0.16 0.16 0.16 0.16 0.16 0.16 0.16 0.16]
2580,2580,[0.16 0.16 0.16 0.16 0.16 0.16 0.16 0.16 0.16 0.16]
2581,2581,[0.16 0.16 0.16 0.16 0.16 0.16 0.16 0.16 0.16 0.16]
2582,2582,[0.16 0.16 0.16 0.16 0.16 0.16 0.16 0.16 0.16 0.16]
2583,2583,[0.16 0.16 0.16 0.16 0.16 0.16 0.16 0.16 0.16 0.16]
2584,2584,[0.16 0.16 0.16 0.16 0.16 0.16 0.16 0.16 0.16 0.16]
2585,2585,[0.16 0.16 0.16 0.16 0.16 0.16 0.16 0.16 0.16 0.16]
2586,2586,[0.16 0.16 0.16 0.16 0.16 0.16 0.16 0.16 0.16 0.16]
2587,2587,[0.16 0.16 0.16 0.16 0.16 0.16 0.16 0.16 0.16 0.16]
2588,2588,[0.16 0.16 0.16 0.16 0.16 0.16 0.16 0.16 0.16 0.16]
2589,2589,[0.16 0.16 0.16 0.16 0.16 0.16 0.16 0.16 0.16 0.16]
2590,2590,[0.16 0.16 0.16 0.16 0.16 0.16 0.16 0.16 0.16 0.16]
2591,2591,[0.16 0.16 0.16 0.16 0.16 0.16 0.16 0.16 0.16 0.16]
2592,2592,[0.16 0.16 0.16 0.16 0.16 0.16 0.16 0.16 0.16 0.16]
2593,2593,[0.16 0.16 0.16 0.16 0.16 0.16 0.16 0.16 0.16 0.16]
2594,2594,[0.16 0.16 0.16 0.16 0.16 0.16 0.16 0.16 0.16 0.16]
2595,2595,[0.16 0.16 0.16 0.16 0.16 0.16 0.16 0.16 0.16 0.16]
2596,2596,[0.16 0.16 0.16 0.16 0.16 0.16 0.16 0.16 0.16 0.16]
2597,2597,[0.16 0.16 0.16 0.16 0.16 0.16 0.16 0.16 0.16 0.16]
2598,2598,[0.16 0.16 0.16 0.16 0.16 0.16 0.16 0.16 0.16 0.16]
2599,2599,[0.16 0.16 0.16 0.16 0.16 0.16 0.16 0.16 0.16 0.16]
2600,2600,[0.16 0.16 0.16 0.16 0.16 0.16 0.16 0.16 0.16 0.16]
2601,2601,[0.16 0.16 0.16 0.16 0.16 0.16 0.16 0.16 0.16 0.16]
2602,2602,[0.16 0.16 0.16 0.16 0.16 0.16 0.16 0.16 0.16 0.16]
2603,2603,[0.16 0.16 0.16 0.16 0.16 0.16 0.16 0.16 0.16 0.16]
2604,2604,[0.16 0.16 0.16 0.16 0.16 0.16 0.16 0.16 0.16 0.16]
2605,2605,[0.16 0.16 0.16 0.16 0.16 0.16 0.16 0.16 0.16 0.16]
2606,2606,[0.16 0.16 0.16 0.16 0.16 0.16 0.16 0.16 0.16 0.16]
2607,2607,[0.16 0.16 0.16 0.16 0.16 0.16 0.16 0.16 0.16 0.16]
2608,2608,[0.16 0.16 0.16 0.16 0.16 0.16 0.16 0.16 0.16 0.16]
2609,2609,[0.16 0.16 0.16 0.16 0.16 0.16 0.16 0.16 0.16 0.16]
2610,2610,[0.16 0.16 0.16 0.16 0.16 0.16 0.16 0.16 0.16 0.16]
2611,2611,[0.16 0.16 0.16 0.16 0.16 0.16 0.16 0.16 0.16 0.16]
2612,2612,[0.16 0.16 0.16 0.16 0.16 0.16 0.16 0.16 0.16 0.16]
2613,2613,[0.16 0.16 0.16 0.16 0.16 0.16 0.16 0.16 0.16 0.16]
2614,2614,[0.16 0.16 0.16 0.16 0.16 0.16 0.16 0.16 0.16 0.16]
2615,2615,[0.16 0.16 0.16 0.16 0.16 0.16 0.16 0.16 0.16 0.16]
2616,2616,[0.16 0.16 0.16 0.16 0.16 0.16 0.16 0.16 0.16 0.16]
2617,2617,[0.16 0.16 0.16 0.16 0.16 0.16 0.16 0.16 0.16 0.16]
2618,2618,[0.16 0.16 0.16 0.16 0.16 0.16 0.16 0.16 0.16 0.16]
2619,2619,[0.16 0.16 0.16 0.16 0.16 0.16 0.16 0.16 0.16 0.16]
2620,2620,[0.16 0.16 0.16 0.16 0.16 0.16 0.16 0.16 0.16 0.16]
2621,2621,[0.16 0.16 0.16 0.16 0.16 0.16 0.16 0.16 0.16 0.16]
2622,2622,[0.16 0.16 0.16 0.16 0.16 0.16 0.16 0.16 0.16 0.16]
2623,2623,[0.16 0.16 0.16 0.16 0.16 0.16 0.16 0.16 0.16 0.16]
2624,2624,[0.16 0.16 0.16 0.16 0.16 0.16 0.16 0.16 0.16 0.16]
2625,2625,[0.16 0.16 0.16 0.16 0.16 0.16 0.16 0.16 0.16 0.16]
2626,2626,[0.16 0.16 0.16 0.16 0.16 0.16 0.16 0.16 0.16 0.16]
2627,2627,[0.16 0.16 0.16 0.16 0.16 0.16 0.16 0.16 0.16 0.16]
2628,2628,[0.16 0.16 0.16 0.16 0.16 0.16 0.16 0.16 0.16 0.16]
2629,2629,[0.16 0.16 0.16 0.16 0.16 0.16 0.16 0.16 0.16 0.16]
2630,2630,[0.16 0.16 0.16 0.16 0.16 0.16 0.16 0.16 0.16 0.16]
2631,2631,[0.16 0.16 0.16 0.16 0.16 0.16 0.16 0.16 0.16 0.16]
2632,2632,[0.16 0.16 0.16 0.16 0.16 0.16 0.16 0.16 0.16 0.16]
2633,2633,[0.16 0.16 0.16 0.16 0.16 0.16 0.16 0.16 0.16 0.16]
2634,2634,[0.16 0.16 0.16 0.16 0.16 0.16 0.16 0.16 0.16 0.16]
2635,2635,[0.16 0.16 0.16 0.16 0.16 0.16 0.16 0.16 0.16 0.16]
2636,2636,[0.16 0.16 0.16 0.16 0.16 0.16 0.16 0.16 0.16 0.16]
2637,2637,[0.16 0.16 0.16 0.16 0.16 0.16 0.16 0.16 0.16 0.16]
2638,2638,[0.16 0.16 0.16 0.16 0.16 0.16 0.16 0.16 0.16 0.16]
2639,2639,[0.16 0.16 0.16 0.16 0.16 0.16 0.16 0.16 0.16 0.16]
2640,2640,[0.16 0.16 0.16 0.16 0.16 0.16 0.16 0.16 0.16 0.16]
2641,2641,[0.16 0.16 0.16 0.16 0.16 0.16 0.16 0.16 0.16 0.16]
2642,2642,[0.16 0.16 0.16 0.16 0.16 0.16 0.16 0.16 0.16 0.16]
2643,2643,[0.16 0.16 0.16 0.16 0.16 0.16 0.16 0.16 0.16 0.16]
2644,2644,[0.16 0.16 0.16 0.16 0.16 0.16 0.16 0.16 0.16 0.16]
2645,2645,[0.16 0.16 0.16 0.16 0.16 0.16 0.16 0.16 0.16 0.16]
2646,2646,[0.16 0.16 0.16 0.16 0.16 0.16 0.16 0.16 0.16 0.16]
2647,2647,[0.16 0.16 0.16 0.16 0.16 0.16 0.16 0.16 0.16 0.16]
2648,2648,[0.16 0.16 0.16 0.16 0.16 0.16 0.16 0.16 0.16 0.16]
2649,2649,[0.16 0.16 0.16 0.16 0.16 0.16 0.16 0.16 0.16 0.16]
2650,2650,[0.16 0.16 0.16 0.16 0.16 0.16 0.16 0.16 0.16 0.16]
2651,2651,[0.16 0.16 0.16 0.16 0.16 0.16 0.16 0.16 0.16 0.16]
2652,2652,[0.16 0.16 0.16 0.16 0.16 0.16 0.16 0.16 0.16 0.16]
2653,2653,[0.16 0.16 0.16 0.16 0.16 0.16 0.16 0.16 0.16 0.16]
2654,2654,[0.16 0.16 0.16 0.16 0.16 0.16 0.16 0.16 0.16 0.16]
2655,2655,[0.16 0.16 0.16 0.16 0.16 0.16 0.16 0.16 0.16 0.16]
2656,2656,[0.16 0.16 0.16 0.16 0.16 0.16 0.16 0.16 0.16 0.16]
2657,2657,[0.16 0.16 0.16 0.16 0.16 0.16 0.16 0.16 0.16 0.16]
2658,2658,[0.16 0.16 0.16 0.16 0.16 0.16 0.16 0.16 0.16 0.16]
2659,2659,[0.16 0.16 0.16 0.16 0.16 0.16 0.16 0.16 0.16 0.16]
2660,2660,[0.16 0.16 0.16 0.16 0.16 0.16 0.16 0.16 0.16 0.16]
2661,2661,[0.16 0.16 0.16 0.16 0.16 0.16 0.16 0.16 0.16 0.16]
2662,2662,[0.16 0.16 0.16 0.16 0.16 0.16 0.16 0.16 0.16 0.16]
2663,2663,[0.16 0.16 0.16 0.16 0.16 0.16 0.16 0.16 0.16 0.16]
2664,2664,[0.16 0.16 0.16 0.16 0.16 0.16 0.16 0.16 0.16 0.16]
2665,2665,[0.16 0.16 0.16 0.16 0.16 0.16 0.16 0.16 0.16 0.16]
2666,2666,[0.16 0.16 0.16 0.16 0.16 0.16 0.16 0.16 0.16 0.16]
2667,2667,[0.16 0.16 0.16 0.16 0.16 0.16 0.16 0.16 0.16 0.16]
2668,2668,[0.16 0.16 0.16 0.16 0.16 0.16 0.16 0.16 0.16 0.16]
2669,2669,[0.16 0.16 0.16 0.16 0.16 0.16 0.16 0.16 0.16 0.16]
2670,2670,[0.16 0.16 0.16 0.16 0.16 0.16 0.16 0.16 0.16 0.16]
2671,2671,[0.16 0.16 0.16 0.16 0.16 0.16 0.16 0.16 0.16 0.16]
2672,2672,[0.16 0.16 0.16 0.16 0.16 0.16 0.16 0.16 0.16 0.16]
2673,2673,[0.16 0.16 0.16 0.16 0.16 0.16 0.16 0.16 0.16 0.16]
2674,2674,[0.16 0.16 0.16 0.16 0.16 0.16 0.16 0.16 0.16 0.16]
2675,2675,[0.16 0.16 0.16 0.16 0.16 0.16 0.16 0.16 0.16 0.16]
2676,2676,[0.16 0.16 0.16 0.16 0.16 0.16 0.16 0.16 0.16 0.16]
2677,2677,[0.16 0.16 0.16 0.16 0.16 0.16 0.16 0.16 0.16 0.16]
2678,2678,[0.16 0.16 0.16 0.16 0.16 0.16 0.16 0.16 0.16 0.16]
2679,2679,[0.16 0.16 0.16 0.16 0.16 0.16 0.16 0.16 0.16 0.16]
2680,2680,[0.16 0.16 0.16 0.16 0.16 0.16 0.16 0.16 0.16 0.16]
2681,2681,[0.16 0.16 0.16 0.16 0.16 0.16 0.16 0.16 0.16 0.16]
2682,2682,[0.16 0.16 0.16 0.16 0.16 0.16 0.16 0.16 0.16 0.16]
2683,2683,[0.16 0.16 0.16 0.16 0.16 0.16 0.16 0.16 0.16 0.16]
2684,2684,[0.16 0.16 0.16 0.16 0.16 0.16 0.16 0.16 0.16 0.16]
2685,2685,[0.16 0.16 0.16 0.16 0.16 0.16 0.16 0.16 0.16 0.16]
2686,2686,[0.16 0.16 0.16 0.16 0.16 0.16 0.16 0.16 0.16 0.16]
2687,2687,[0.16 0.16 0.16 0.16 0.16 0.16 0.16 0.16 0.16 0.16]
2688,2688,[0.16 0.16 0.16 0.16 0.16 0.16 0.16 0.16 0.16 0.16]
2689,2689,[0.16 0.16 0.16 0.16 0.16 0.16 0.16 0.16 0.16 0.16]
2690,2690,[0.16 0.16 0.16 0.16 0.16 0.16 0.16 0.16 0.16 0.16]
2691,2691,[0.16 0.16 0.16 0.16 0.16 0.16 0.16 0.16 0.16 0.16]
2692,2692,[0.16 0.16 0.16 0.16 0.16 0.16 0.16 0.16 0.16 0.16]
2693,2693,[0.16 0.16 0.16 0.16 0.16 0.16 0.16 0.16 0.16 0.16]
2694,2694,[0.16 0.16 0.16 0.16 0.16 0.16 0.16 0.16 0.16 0.16]
2695,2695,[0.16 0.16 0.16 0.16 0.16 0.16 0.16 0.16 0.16 0.16]
2696,2696,[0.16 0.16 0.16 0.16 0.16 0.16 0.16 0.16 0.16 0.16]
2697,2697,[0.16 0.16 0.16 0.16 0.16 0.16 0.16 0.16 0.16 0.16]
2698,2698,[0.16 0.16 0.16 0.16 0.16 0.16 0.16 0.16 0.16 0.16]
2699,2699,[0.16 0.16 0.16 0.16 0.16 0.16 0.16 0.16 0.16 0.16]
2700,2700,[0.16 0.16 0.16 0.16 0.16 0.16 0.16 0.16 0.16 0.16]
2701,2701,[0.16 0.16 0.16 0.16 0.16 0.16 0.16 0.16 0.16 0.16]
2702,2702,[0.16 0.16 0.16 0.16 0.16 0.16 0.16 0.16 0.16 0.16]
2703,2703,[0.16 0.16 0.16 0.16 0.16 0.16 0.16 0.16 0.16 0.16]
2704,2704,[0.16 0.16 0.16 0.16 0.16 0.16 0.16 0.16 0.16 0.16]
2705,2705,[0.16 0.16 0.16 0.16 0.16 0.16 0.16 0.16 0.16 0.16]
2706,2706,[0.16 0.16 0.16 0.16 0.16 0.16 0.16 0.16 0.16 0.16]
2707,2707,[0.16 0.16 0.16 0.16 0.16 0.16 0.16 0.16 0.16 0.16]
2708,2708,[0.16 0.16 0.16 0.16 0.16 0.16 0.16 0.16 0.16 0.16]
2709,2709,[0.16 0.16 0.16 0.16 0.16 0.16 0.16 0.16 0.16 0.16]
2710,2710,[0.16 0.16 0.16 0.16 0.16 0.16 0.16 0.16 0.16 0.16]
2711,2711,[0.16 0.16 0.16 0.16 0.16 0.16 0.16 0.16 0.16 0.16]
2712,2712,[0.16 0.16 0.16 0.16 0.16 0.16 0.16 0.16 0.16 0.16]
2713,2713,[0.16 0.16 0.16 0.16 0.16 0.16 0.16 0.16 0.16 0.16]
2714,2714,[0.16 0.16 0.16 0.16 0.16 0.16 0.16 0.16 0.16 0.16]
2715,2715,[0.16 0.16 0.16 0.16 0.16 0.16 0.16 0.16 0.16 0.16]
2716,2716,[0.16 0.16 0.16 0.16 0.16 0.16 0.16 0.16 0.16 0.16]
2717,2717,[0.16 0.16 0.16 0.16 0.16 0.16 0.16 0.16 0.16 0.16]
2718,2718,[0.16 0.16 0.16 0.16 0.16 0.16 0.16 0.16 0.16 0.16]
2719,2719,[0.16 0.16 0.16 0.16 0.16 0.16 0.16 0.16 0.16 0.16]
2720,2720,[0.16 0.16 0.16 0.16 0.16 0.16 0.16 0.16 0.16 0.16]
2721,2721,[0.16 0.16 0.16 0.16 0.16 0.16 0.16 0.16 0.16 0.16]
2722,2722,[0.16 0.16 0.16 0.16 0.16 0.16 0.16 0.16 0.16 0.16]
2723,2723,[0.16 0.16 0.16 0.16 0.16 0.16 0.16 0.16 0.16 0.16]
2724,2724,[0.16 0.16 0.16 0.16 0.16 0.16 0.16 0.16 0.16 0.16]
2725,2725,[0.16 0.16 0.16 0.16 0.16 0.16 0.16 0.16 0.16 0.16]
2726,2726,[0.16 0.16 0.16 0.16 0.16 0.16 0.16 0.16 0.16 0.16]
2727,2727,[0.16 0.16 0.16 0.16 0.16 0.16 0.16 0.16 0.16 0.16]
2728,2728,[0.16 0.16 0.16 0.16 0.16 0.16 0.16 0.16 0.16 0.16]
2729,2729,[0.16 0.16 0.16 0.16 0.16 0.16 0.16 0.16 0.16 0.16]
2730,2730,[0.16 0.16 0.16 0.16 0.16 0.16 0.16 0.16 0.16 0.16]
2731,2731,[0.16 0.16 0.16 0.16 0.16 0.16 0.16 0.16 0.16 0.16]
2732,2732,[0.16 0.16 0.16 0.16 0.16 0.16 0.16 0.16 0.16 0.16]
2733,2733,[0.16 0.16 0.16 0.16 0.16 0.16 0.16 0.16 0.16 0.16]
2734,2734,[0.16 0.16 0.16 0.16 0.16 0.16 0.16 0.16 0.16 0.16]
2735,2735,[0.16 0.16 0.16 0.16 0.16 0.16 0.16 0.16 0.16 0.16]
2736,2736,[0.16 0.16 0.16 0.16 0.16 0.16 0.16 0.16 0.16 0.16]
2737,2737,[0.16 0.16 0.16 0.16 0.16 0.16 0.16 0.16 0.16 0.16]
2738,2738,[0.16 0.16 0.16 0.16 0.16 0.16 0.16 0.16 0.16 0.16]
2739,2739,[0.16 0.16 0.16 0.16 0.16 0.16 0.16 0.16 0.16 0.16]
2740,2740,[0.16 0.16 0.16 0.16 0.16 0.16 0.16 0.16 0.16 0.16]
2741,2741,[0.16 0.16 0.16 0.16 0.16 0.16 0.16 0.16 0.16 0.16]
2742,2742,[0.16 0.16 0.16 0.16 0.16 0.16 0.16 0.16 0.16 0.16]
2743,2743,[0.16 0.16 0.16 0.16 0.16 0.16 0.16 0.16 0.16 0.16]
2744,2744,[0.16 0.16 0.16 0.16 0.16 0.16 0.16 0.16 0.16 0.16]
2745,2745,[0.16 0.16 0.16 0.16 0.16 0.16 0.16 0.16 0.16 0.16]
2746,2746,[0.16 0.16 0.16 0.16 0.16 0.16 0.16 0.16 0.16 0.16]
2747,2747,[0.16 0.16 0.16 0.16 0.16 0.16 0.16 0.16 0.16 0.16]
2748,2748,[0.16 0.16 0.16 0.16 0.16 0.16 0.16 0.16 0.16 0.16]
2749,2749,[0.16 0.16 0.16 0.16 0.16 0.16 0.16 0.16 0.16 0.16]
2750,2750,[0.16 0.16 0.16 0.16 0.16 0.16 0.16 0.16 0.16 0.16]
2751,2751,[0.16 0.16 0.16 0.16 0.16 0.16 0.16 0.16 0.16 0.16]
2752,2752,[0.16 0.16 0.16 0.16 0.16 0.16 0.16 0.16 0.16 0.16]
2753,2753,[0.16 0.16 0.16 0.16 0.16 0.16 0.16 0.16 0.16 0.16]
2754,2754,[0.16 0.16 0.16 0.16 0.16 0.16 0.16 0.16 0.16 0.16]
2755,2755,[0.16 0.16 0.16 0.16 0.16 0.16 0.16 0.16 0.16 0.16]
2756,2756,[0.16 0.16 0.16 0.16 0.16 0.16 0.16 0.16 0.16 0.16]
2757,2757,[0.16 0.16 0.16 0.16 0.16 0.16 0.16 0.16 0.16 0.16]
2758,2758,[0.16 0.16 0.16 0.16 0.16 0.16 0.16 0.16 0.16 0.16]
2759,2759,[0.16 0.16 0.16 0.16 0.16 0.16 0.16 0.16 0.16 0.16]
2760,2760,[0.16 0.16 0.16 0.16 0.16 0.16 0.16 0.16 0.16 0.16]
2761,2761,[0.16 0.16 0.16 0.16 0.16 0.16 0.16 0.16 0.16 0.16]
2762,2762,[0.16 0.16 0.16 0.16 0.16 0.16 0.16 0.16 0.16 0.16]
2763,2763,[0.16 0.16 0.16 0.16 0.16 0.16 0.16 0.16 0.16 0.16]
2764,2764,[0.16 0.16 0.16 0.16 0.16 0.16 0.16 0.16 0.16 0.16]
2765,2765,[0.16 0.16 0.16 0.16 0.16 0.16 0.16 0.16 0.16 0.16]
2766,2766,[0.16 0.16 0.16 0.16 0.16 0.16 0.16 0.16 0.16 0.16]
2767,2767,[0.16 0.16 0.16 0.16 0.16 0.16 0.16 0.16 0.16 0.16]
2768,2768,[0.16 0.16 0.16 0.16 0.16 0.16 0.16 0.16 0.16 0.16]
2769,2769,[0.16 0.16 0.16 0.16 0.16 0.16 0.16 0.16 0.16 0.16]
2770,2770,[0.16 0.16 0.16 0.16 0.16 0.16 0.16 0.16 0.16 0.16]
2771,2771,[0.16 0.16 0.16 0.16 0.16 0.16 0.16 0.16 0.16 0.16]
2772,2772,[0.16 0.16 0.16 0.16 0.16 0.16 0.16 0.16 0.16 0.16]
2773,2773,[0.16 0.16 0.16 0.16 0.16 0.16 0.16 0.16 0.16 0.16]
2774,2774,[0.16 0.16 0.16 0.16 0.16 0.16 0.16 0.16 0.16 0.16]
2775,2775,[0.16 0.16 0.16 0.16 0.16 0.16 0.16 0.16 0.16 0.16]
2776,2776,[0.16 0.16 0.16 0.16 0.16 0.16 0.16 0.16 0.16 0.16]
2777,2777,[0.16 0.16 0.16 0.16 0.16 0.16 0.16 0.16 0.16 0.16]
2778,2778,[0.16 0.16 0.16 0.16 0.16 0.16 0.16 0.16 0.16 0.16]
2779,2779,[0.16 0.16 0.16 0.16 0.16 0.16 0.16 0.16 0.16 0.16]
2780,2780,[0.16 0.16 0.16 0.16 0.16 0.16 0.16 0.16 0.16 0.16]
2781,2781,[0.16 0.16 0.16 0.16 0.16 0.16 0.16 0.16 0.16 0.16]
2782,2782,[0.16 0.16 0.16 0.16 0.16 0.16 0.16 0.16 0.16 0.16]
2783,2783,[0.16 0.16 0.16 0.16 0.16 0.16 0.16 0.16 0.16 0.16]
2784,2784,[0.16 0.16 0.16 0.16 0.16 0.16 0.16 0.16 0.16 0.16]
2785,2785,[0.16 0.16 0.16 0.16 0.16 0.16 0.16 0.16 0.16 0.16]
2786,2786,[0.16 0.16 0.16 0.16 0.16 0.16 0.16 0.16 0.16 0.16]
2787,2787,[0.16 0.16 0.16 0.16 0.16 0.16 0.16 0.16 0.16 0.16]
2788,2788,[0.16 0.16 0.16 0.16 0.16 0.16 0.16 0.16 0.16 0.16]
2789,2789,[0.16 0.16 0.16 0.16 0.16 0.16 0.16 0.16 0.16 0.16]
2790,2790,[0.16 0.16 0.16 0.16 0.16 0.16 0.16 0.16 0.16 0.16]
2791,2791,[0.16 0.16 0.16 0.16 0.16 0.16 0.16 0.16 0.16 0.16]
2792,2792,[0.16 0.16 0.16 0.16 0.16 0.16 0.16 0.16 0.16 0.16]
2793,2793,[0.16 0.16 0.16 0.16 0.16 0.16 0.16 0.16 0.16 0.16]
2794,2794,[0.16 0.16 0.16 0.16 0.16 0.16 0.16 0.16 0.16 0.16]
2795,2795,[0.16 0.16 0.16 0.16 0.16 0.16 0.16 0.16 0.16 0.16]
2796,2796,[0.16 0.16 0.16 0.16 0.16 0.16 0.16 0.16 0.16 0.16]
2797,2797,[0.16 0.16 0.16 0.16 0.16 0.16 0.16 0.16 0.16 0.16]
2798,2798,[0.16 0.16 0.16 0.16 0.16 0.16 0.16 0.16 0.16 0.16]
2799,2799,[0.16 0.16 0.16 0.16 0.16 0.16 0.16 0.16 0.16 0.16]
2800,2800,[0.16 0.16 0.16 0.16 0.16 0.16 0.16 0.16 0.16 0.16]
2801,2801,[0.16 0.16 0.16 0.16 0.16 0.16 0.16 0.16 0.16 0.16]
2802,2802,[0.16 0.16 0.16 0.16 0.16 0.16 0.16 0.16 0.16 0.16]
2803,2803,[0.16 0.16 0.16 0.16 0.16 0.16 0.16 0.16 0.16 0.16]
2804,2804,[0.16 0.16 0.16 0.16 0.16 0.16 0.16 0.16 0.16 0.16]
2805,2805,[0.16 0.16 0.16 0.16 0.16 0.16 0.16 0.16 0.16 0.16]
2806,2806,[0.16 0.16 0.16 0.16 0.16 0.16 0.16 0.16 0.16 0.16]
2807,2807,[0.16 0.16 0.16 0.16 0.16 0.16 0.16 0.16 0.16 0.16]
2808,2808,[0.16 0.16 0.16 0.16 0.16 0.16 0.16 0.16 0.16 0.16]
2809,2809,[0.16 0.16 0.16 0.16 0.16 0.16 0.16 0.16 0.16 0.16]
2810,2810,[0.16 0.16 0.16 0.16 0.16 0.16 0.16 0.16 0.16 0.16]
2811,2811,[0.16 0.16 0.16 0.16 0.16 0.16 0.16 0.16 0.16 0.16]
2812,2812,[0.16 0.16 0.16 0.16 0.16 0.16 0.16 0.16 0.16 0.16]
2813,2813,[0.16 0.16 0.16 0.16 0.16 0.16 0.16 0.16 0.16 0.16]
2814,2814,[0.16 0.16 0.16 0.16 0.16 0.16 0.16 0.16 0.16 0.16]
2815,2815,[0.16 0.16 0.16 0.16 0.16 0.16 0.16 0.16 0.16 0.16]
2816,2816,[0.16 0.16 0.16 0.16 0.16 0.16 0.16 0.16 0.16 0.16]
2817,2817,[0.16 0.16 0.16 0.16 0.16 0.16 0.16 0.16 0.16 0.16]
2818,2818,[0.16 0.16 0.16 0.16 0.16 0.16 0.16 0.16 0.16 0.16]
2819,2819,[0.16 0.16 0.16 0.16 0.16 0.16 0.16 0.16 0.16 0.16]
2820,2820,[0.16 0.16 0.16 0.16 0.16 0.16 0.16 0.16 0.16 0.16]
2821,2821,[0.16 0.16 0.16 0.16 0.16 0.16 0.16 0.16 0.16 0.16]
2822,2822,[0.16 0.16 0.16 0.16 0.16 0.16 0.16 0.16 0.16 0.16]
2823,2823,[0.16 0.16 0.16 0.16 0.16 0.16 0.16 0.16 0.16 0.16]
2824,2824,[0.16 0.16 0.16 0.16 0.16 0.16 0.16 0.16 0.16 0.16]
2825,2825,[0.16 0.16 0.16 0.16 0.16 0.16 0.16 0.16 0.16 0.16]
2826,2826,[0.16 0.16 0.16 0.16 0.16 0.16 0.16 0.16 0.16 0.16]
2827,2827,[0.16 0.16 0.16 0.16 0.16 0.16 0.16 0.16 0.16 0.16]
2828,2828,[0.16 0.16 0.16 0.16 0.16 0.16 0.16 0.16 0.16 0.16]
2829,2829,[0.16 0.16 0.16 0.16 0.16 0.16 0.16 0.16 0.16 0.16]
2830,2830,[0.16 0.16 0.16 0.16 0.16 0.16 0.16 0.16 0.16 0.16]
2831,2831,[0.16 0.16 0.16 0.16 0.16 0.16 0.16 0.16 0.16 0.16]
2832,2832,[0.16 0.16 0.16 0.16 0.16 0.16 0.16 0.16 0.16 0.16]
2833,2833,[0.16 0.16 0.16 0.16 0.16 0.16 0.16 0.16 0.16 0.16]
2834,2834,[0.16 0.16 0.16 0.16 0.16 0.16 0.16 0.16 0.16 0.16]
2835,2835,[0.16 0.16 0.16 0.16 0.16 0.16 0.16 0.16 0.16 0.16]
2836,2836,[0.16 0.16 0.16 0.16 0.16 0.16 0.16 0.16 0.16 0.16]
2837,2837,[0.16 0.16 0.16 0.16 0.16 0.16 0.16 0.16 0.16 0.16]
2838,2838,[0.16 0.16 0.16 0.16 0.16 0.16 0.16 0.16 0.16 0.16]
2839,2839,[0.16 0.16 0.16 0.16 0.16 0.16 0.16 0.16 0.16 0.16]
2840,2840,[0.16 0.16 0.16 0.16 0.16 0.16 0.16 0.16 0.16 0.16]
2841,2841,[0.16 0.16 0.16 0.16 0.16 0.16 0.16 0.16 0.16 0.16]
2842,2842,[0.16 0.16 0.16 0.16 0.16 0.16 0.16 0.16 0.16 0.16]
2843,2843,[0.16 0.16 0.16 0.16 0.16 0.16 0.16 0.16 0.16 0.16]
2844,2844,[0.16 0.16 0.16 0.16 0.16 0.16 0.16 0.16 0.16 0.16]
2845,2845,[0.16 0.16 0.16 0.16 0.16 0.16 0.16 0.16 0.16 0.16]
2846,2846,[0.16 0.16 0.16 0.16 0.16 0.16 0.16 0.16 0.16 0.16]
2847,2847,[0.16 0.16 0.16 0.16 0.16 0.16 0.16 0.16 0.16 0.16]
2848,2848,[0.16 0.16 0.16 0.16 0.16 0.16 0.16 0.16 0.16 0.16]
2849,2849,[0.16 0.16 0.16 0.16 0.16 0.16 0.16 0.16 0.16 0.16]
2850,2850,[0.16 0.16 0.16 0.16 0.16 0.16 0.16 0.16 0.16 0.16]
2851,2851,[0.16 0.16 0.16 0.16 0.16 0.16 0.16 0.16 0.16 0.16]
2852,2852,[0.16 0.16 0.16 0.16 0.16 0.16 0.16 0.16 0.16 0.16]
2853,2853,[0.16 0.16 0.16 0.16 0.16 0.16 0.16 0.16 0.16 0.16]
2854,2854,[0.16 0.16 0.16 0.16 0.16 0.16 0.16 0.16 0.16 0.16]
2855,2855,[0.16 0.16 0.16 0.16 0.16 0.16 0.16 0.16 0.16 0.16]
2856,2856,[0.16 0.16 0.16 0.16 0.16 0.16 0.16 0.16 0.16 0.16]
2857,2857,[0.16 0.16 0.16 0.16 0.16 0.16 0.16 0.16 0.16 0.16]
2858,2858,[0.16 0.16 0.16 0.16 0.16 0.16 0.16 0.16 0.16 0.16]
2859,2859,[0.16 0.16 0.16 0.16 0.16 0.16 0.16 0.16 0.16 0.16]
2860,2860,[0.16 0.16 0.16 0.16 0.16 0.16 0.16 0.16 0.16 0.16]
2861,2861,[0.16 0.16 0.16 0.16 0.16 0.16 0.16 0.16 0.16 0.16]
2862,2862,[0.16 0.16 0.16 0.16 0.16 0.16 0.16 0.16 0.16 0.16]
2863,2863,[0.16 0.16 0.16 0.16 0.16 0.16 0.16 0.16 0.16 0.16]
2864,2864,[0.16 0.16 0.16 0.16 0.16 0.16 0.16 0.16 0.16 0.16]
2865,2865,[0.16 0.16 0.16 0.16 0.16 0.16 0.16 0.16 0.16 0.16]
2866,2866,[0.16 0.16 0.16 0.16 0.16 0.16 0.16 0.16 0.16 0.16]
2867,2867,[0.16 0.16 0.16 0.16 0.16 0.16 0.16 0.16 0.16 0.16]
2868,2868,[0.16 0.16 0.16 0.16 0.16 0.16 0.16 0.16 0.16 0.16]
2869,2869,[0.16 0.16 0.16 0.16 0.16 0.16 0.16 0.16 0.16 0.16]
2870,2870,[0.16 0.16 0.16 0.16 0.16 0.16 0.16 0.16 0.16 0.16]
2871,2871,[0.16 0.16 0.16 0.16 0.16 0.16 0.16 0.16 0.16 0.16]
2872,2872,[0.16 0.16 0.16 0.16 0.16 0.16 0.16 0.16 0.16 0.16]
2873,2873,[0.16 0.16 0.16 0.16 0.16 0.16 0.16 0.16 0.16 0.16]
2874,2874,[0.16 0.16 0.16 0.16 0.16 0.16 0.16 0.16 0.16 0.16]
2875,2875,[0.16 0.16 0.16 0.16 0.16 0.16 0.16 0.16 0.16 0.16]
2876,2876,[0.16 0.16 0.16 0.16 0.16 0.16 0.16 0.16 0.16 0.16]
2877,2877,[0.16 0.16 0.16 0.16 0.16 0.16 0.16 0.16 0.16 0.16]
2878,2878,[0.16 0.16 0.16 0.16 0.16 0.16 0.16 0.16 0.16 0.16]
2879,2879,[0.16 0.16 0.16 0.16 0.16 0.16 0.16 0.16 0.16 0.16]
2880,2880,[0.16 0.16 0.16 0.16 0.16 0.16 0.16 0.16 0.16 0.16]
2881,2881,[0.16 0.16 0.16 0.16 0.16 0.16 0.16 0.16 0.16 0.16]
2882,2882,[0.16 0.16 0.16 0.16 0.16 0.16 0.16 0.16 0.16 0.16]
2883,2883,[0.16 0.16 0.16 0.16 0.16 0.16 0.16 0.16 0.16 0.16]
2884,2884,[0.16 0.16 0.16 0.16 0.16 0.16 0.16 0.16 0.16 0.16]
2885,2885,[0.16 0.16 0.16 0.16 0.16 0.16 0.16 0.16 0.16 0.16]
2886,2886,[0.16 0.16 0.16 0.16 0.16 0.16 0.16 0.16 0.16 0.16]
2887,2887,[0.16 0.16 0.16 0.16 0.16 0.16 0.16 0.16 0.16 0.16]
2888,2888,[0.16 0.16 0.16 0.16 0.16 0.16 0.16 0.16 0.16 0.16]
2889,2889,[0.16 0.16 0.16 0.16 0.16 0.16 0.16 0.16 0.16 0.16]
2890,2890,[0.16 0.16 0.16 0.16 0.16 0.16 0.16 0.16 0.16 0.16]
2891,2891,[0.16 0.16 0.16 0.16 0.16 0.16 0.16 0.16 0.16 0.16]
2892,2892,[0.16 0.16 0.16 0.16 0.16 0.16 0.16 0.16 0.16 0.16]
2893,2893,[0.16 0.16 0.16 0.16 0.16 0.16 0.16 0.16 0.16 0.16]
2894,2894,[0.16 0.16 0.16 0.16 0.16 0.16 0.16 0.16 0.16 0.16]
2895,2895,[0.16 0.16 0.16 0.16 0.16 0.16 0.16 0.16 0.16 0.16]
2896,2896,[0.16 0.16 0.16 0.16 0.16 0.16 0.16 0.16 0.16 0.16]
2897,2897,[0.16 0.16 0.16 0.16 0.16 0.16 0.16 0.16 0.16 0.16]
2898,2898,[0.16 0.16 0.16 0.16 0.16 0.16 0.16 0.16 0.16 0.16]
2899,2899,[0.16 0.16 0.16 0.16 0.16 0.16 0.16 0.16 0.16 0.16]
2900,2900,[0.16 0.16 0.16 0.16 0.16 0.16 0.16 0.16 0.16 0.16]
2901,2901,[0.16 0.16 0.16 0.16 0.16 0.16 0.16 0.16 0.16 0.16]
2902,2902,[0.16 0.16 0.16 0.16 0.16 0.16 0.16 0.16 0.16 0.16]
2903,2903,[0.16 0.16 0.16 0.16 0.16 0.16 0.16 0.16 0.16 0.16]
2904,2904,[0.16 0.16 0.16 0.16 0.16 0.16 0.16 0.16 0.16 0.16]
2905,2905,[0.16 0.16 0.16 0.16 0.16 0.16 0.16 0.16 0.16 0.16]
2906,2906,[0.16 0.16 0.16 0.16 0.16 0.16 0.16 0.16 0.16 0.16]
2907,2907,[0.16 0.16 0.16 0.16 0.16 0.16 0.16 0.16 0.16 0.16]
2908,2908,[0.16 0.16 0.16 0.16 0.16 0.16 0.16 0.16 0.16 0.16]
2909,2909,[0.16 0.16 0.16 0.16 0.16 0.16 0.16 0.16 0.16 0.16]
2910,2910,[0.16 0.16 0.16 0.16 0.16 0.16 0.16 0.16 0.16 0.16]
2911,2911,[0.16 0.16 0.16 0.16 0.16 0.16 0.16 0.16 0.16 0.16]
2912,2912,[0.16 0.16 0.16 0.16 0.16 0.16 0.16 0.16 0.16 0.16]
2913,2913,[0.16 0.16 0.16 0.16 0.16 0.16 0.16 0.16 0.16 0.16]
2914,2914,[0.16 0.16 0.16 0.16 0.16 0.16 0.16 0.16 0.16 0.16]
2915,2915,[0.16 0.16 0.16 0.16 0.16 0.16 0.16 0.16 0.16 0.16]
2916,2916,[0.16 0.16 0.16 0.16 0.16 0.16 0.16 0.16 0.16 0.16]
2917,2917,[0.16 0.16 0.16 0.16 0.16 0.16 0.16 0.16 0.16 0.16]
2918,2918,[0.16 0.16 0.16 0.16 0.16 0.16 0.16 0.16 0.16 0.16]
2919,2919,[0.16 0.16 0.16 0.16 0.16 0.16 0.16 0.16 0.16 0.16]
2920,2920,[0.16 0.16 0.16 0.16 0.16 0.16 0.16 0.16 0.16 0.16]
2921,2921,[0.16 0.16 0.16 0.16 0.16 0.16 0.16 0.16 0.16 0.16]
2922,2922,[0.16 0.16 0.16 0.16 0.16 0.16 0.16 0.16 0.16 0.16]
2923,2923,[0.16 0.16 0.16 0.16 0.16 0.16 0.16 0.16 0.16 0.16]
2924,2924,[0.16 0.16 0.16 0.16 0.16 0.16 0.16 0.16 0.16 0.16]
2925,2925,[0.16 0.16 0.16 0.16 0.16 0.16 0.16 0.16 0.16 0.16]
2926,2926,[0.16 0.16 0.16 0.16 0.16 0.16 0.16 0.16 0.16 0.16]
2927,2927,[0.16 0.16 0.16 0.16 0.16 0.16 0.16 0.16 0.16 0.16]
2928,2928,[0.16 0.16 0.16 0.16 0.16 0.16 0.16 0.16 0.16 0.16]
2929,2929,[0.16 0.16 0.16 0.16 0.16 0.16 0.16 0.16 0.16 0.16]
2930,2930,[0.16 0.16 0.16 0.16 0.16 0.16 0.16 0.16 0.16 0.16]
2931,2931,[0.16 0.16 0.16 0.16 0.16 0.16 0.16 0.16 0.16 0.16]
2932,2932,[0.16 0.16 0.16 0.16 0.16 0.16 0.16 0.16 0.16 0.16]
2933,2933,[0.16 0.16 0.16 0.16 0.16 0.16 0.16 0.16 0.16 0.16]
2934,2934,[0.16 0.16 0.16 0.16 0.16 0.16 0.16 0.16 0.16 0.16]
2935,2935,[0.16 0.16 0.16 0.16 0.16 0.16 0.16 0.16 0.16 0.16]
2936,2936,[0.16 0.16 0.16 0.16 0.16 0.16 0.16 0.16 0.16 0.16]
2937,2937,[0.16 0.16 0.16 0.16 0.16 0.16 0.16 0.16 0.16 0.16]
2938,2938,[0.16 0.16 0.16 0.16 0.16 0.16 0.16 0.16 0.16 0.16]
2939,2939,[0.16 0.16 0.16 0.16 0.16 0.16 0.16 0.16 0.16 0.16]
2940,2940,[0.16 0.16 0.16 0.16 0.16 0.16 0.16 0.16 0.16 0.16]
2941,2941,[0.16 0.16 0.16 0.16 0.16 0.16 0.16 0.16 0.16 0.16]
2942,2942,[0.16 0.16 0.16 0.16 0.16 0.16 0.16 0.16 0.16 0.16]
2943,2943,[0.16 0.16 0.16 0.16 0.16 0.16 0.16 0.16 0.16 0.16]
2944,2944,[0.16 0.16 0.16 0.16 0.16 0.16 0.16 0.16 0.16 0.16]
2945,2945,[0.16 0.16 0.16 0.16 0.16 0.16 0.16 0.16 0.16 0.16]
2946,2946,[0.16 0.16 0.16 0.16 0.16 0.16 0.16 0.16 0.16 0.16]
2947,2947,[0.16 0.16 0.16 0.16 0.16 0.16 0.16 0.16 0.16 0.16]
2948,2948,[0.16 0.16 0.16 0.16 0.16 0.16 0.16 0.16 0.16 0.16]
2949,2949,[0.16 0.16 0.16 0.16 0.16 0.16 0.16 0.16 0.16 0.16]
2950,2950,[0.16 0.16 0.16 0.16 0.16 0.16 0.16 0.16 0.16 0.16]
2951,2951,[0.16 0.16 0.16 0.16 0.16 0.16 0.16 0.16 0.16 0.16]
2952,2952,[0.16 0.16 0.16 0.16 0.16 0.16 0.16 0.16 0.16 0.16]
2953,2953,[0.16 0.16 0.16 0.16 0.16 0.16 0.16 0.16 0.16 0.16]
2954,2954,[0.16 0.16 0.16 0.16 0.16 0.16 0.16 0.16 0.16 0.16]
2955,2955,[0.16 0.16 0.16 0.16 0.16 0.16 0.16 0.16 0.16 0.16]
2956,2956,[0.16 0.16 0.16 0.16 0.16 0.16 0.16 0.16 0.16 0.16]
2957,2957,[0.16 0.16 0.16 0.16 0.16 0.16 0.16 0.16 0.16 0.16]
2958,2958,[0.16 0.16 0.16 0.16 0.16 0.16 0.16 0.16 0.16 0.16]
2959,2959,[0.16 0.16 0.16 0.16 0.16 0.16 0.16 0.16 0.16 0.16]
2960,2960,[0.16 0.16 0.16 0.16 0.16 0.16 0.16 0.16 0.16 0.16]
2961,2961,[0.16 0.16 0.16 0.16 0.16 0.16 0.16 0.16 0.16 0.16]
2962,2962,[0.16 0.16 0.16 0.16 0.16 0.16 0.16 0.16 0.16 0.16]
2963,2963,[0.16 0.16 0.16 0.16 0.16 0.16 0.16 0.16 0.16 0.16]
2964,2964,[0.16 0.16 0.16 0.16 0.16 0.16 0.16 0.16 0.16 0.16]
2965,2965,[0.16 0.16 0.16 0.16 0.16 0.16 0.16 0.16 0.16 0.16]
2966,2966,[0.16 0.16 0.16 0.16 0.16 0.16 0.16 0.16 0.16 0.16]
2967,2967,[0.16 0.16 0.16 0.16 0.16 0.16 0.16 0.16 0.16 0.16]
2968,2968,[0.16 0.16 0.16 0.16 0.16 0.16 0.16 0.16 0.16 0.16]
2969,2969,[0.16 0.16 0.16 0.16 0.16 0.16 0.16 0.16 0.16 0.16]
2970,2970,[0.16 0.16 0.16 0.16 0.16 0.16 0.16 0.16 0.16 0.16]
2971,2971,[0.16 0.16 0.16 0.16 0.16 0.16 0.16 0.16 0.16 0.16]
2972,2972,[0.16 0.16 0.16 0.16 0.16 0.16 0.16 0.16 0.16 0.16]
2973,2973,[0.16 0.16 0.16 0.16 0.16 0.16 0.16 0.16 0.16 0.16]
2974,2974,[0.16 0.16 0.16 0.16 0.16 0.16 0.16 0.16 0.16 0.16]
2975,2975,[0.16 0.16 0.16 0.16 0.16 0.16 0.16 0.16 0.16 0.16]
2976,2976,[0.16 0.16 0.16 0.16 0.16 0.16 0.16 0.16 0.16 0.16]
2977,2977,[0.16 0.16 0.16 0.16 0.16 0.16 0.16 0.16 0.16 0.16]
2978,2978,[0.16 0.16 0.16 0.16 0.16 0.16 0.16 0.16 0.16 0.16]
2979,2979,[0.16 0.16 0.16 0.16 0.16 0.16 0.16 0.16 0.16 0.16]
2980,2980,[0.16 0.16 0.16 0.16 0.16 0.16 0.16 0.16 0.16 0.16]
2981,2981,[0.16 0.16 0.16 0.16 0.16 0.16 0.16 0.16 0.16 0.16]
2982,2982,[0.16 0.16 0.16 0.16 0.16 0.16 0.16 0.16 0.16 0.16]
2983,2983,[0.16 0.16 0.16 0.16 0.16 0.16 0.16 0.16 0.16 0.16]
2984,2984,[0.16 0.16 0.16 0.16 0.16 0.16 0.16 0.16 0.16 0.16]
2985,2985,[0.16 0.16 0.16 0.16 0.16 0.16 0.16 0.16 0.16 0.16]
2986,2986,[0.16 0.16 0.16 0.16 0.16 0.16 0.16 0.16 0.16 0.16]
2987,2987,[0.16 0.16 0.16 0.16 0.16 0.16 0.16 0.16 0.16 0.16]
2988,2988,[0.16 0.16 0.16 0.16 0.16 0.16 0.16 0.16 0.16 0.16]
2989,2989,[0.16 0.16 0.16 0.16 0.16 0.16 0.16 0.16 0.16 0.16]
2990,2990,[0.16 0.16 0.16 0.16 0.16 0.16 0.16 0.16 0.16 0.16]
2991,2991,[0.16 0.16 0.16 0.16 0.16 0.16 0.16 0.16 0.16 0.16]
2992,2992,[0.16 0.16 0.16 0.16 0.16 0.16 0.16 0.16 0.16 0.16]
2993,2993,[0.16 0.16 0.16 0.16 0.16 0.16 0.16 0.16 0.16 0.16]
2994,2994,[0.16 0.16 0.16 0.16 0.16 0.16 0.16 0.16 0.16 0.16]
2995,2995,[0.16 0.16 0.16 0.16 0.16 0.16 0.16 0.16 0.16 0.16]
2996,2996,[0.16 0.16 0.16 0.16 0.16 0.16 0.16 0.16 0.16 0.16]
2997,2997,[0.16 0.16 0.16 0.16 0.16 0.16 0.16 0.16 0.16 0.16]
2998,2998,[0.16 0.16 0.16 0.16 0.16 0.16 0.16 0.16 0.16 0.16]
2999,2999,[0.16 0.16 0.16 0.16 0.16 0.16 0.16 0.16 0.16 0.16]
